window_size,vehicle,ride,start,scale,scale x,scale y,offset,offset x,offset y,no scale,no scale x,no scale y,only offset,only offset x,only offset y,
20,Vehicle_15,8801123,0,0.01262161524336077,0.008879244851543334,0.007200785324049355,0.013362168863117857,0.009143513256299363,0.007942136618679464,0.0,0.0,0.0,0.0008300757953450538,0.0004995570098628021,0.00056434590181592,
20,Vehicle_15,8801123,20,0.01194682225265931,0.007341774143778313,0.007777756448525732,0.012329632820411534,0.007699206229571265,0.007860774298312018,5.894076080012287e-05,4.167741165006095e-05,4.1677411650061295e-05,0.0007324227302436008,0.0004713497486137183,0.00047134352729481246,
20,Vehicle_15,8801123,40,0.009916234072695386,0.005356700212071673,0.0073598766417482505,0.010364939862194682,0.0055393120111163945,0.007790329536534109,5.893828629026434e-05,4.1675661907359526e-05,4.167566190736056e-05,0.000756828935359836,0.0004957549580375462,0.0004713445229872208,
20,Vehicle_15,8801123,60,0.010252879900723415,0.007710196218198495,0.005340967651498946,0.01059427950511386,0.008011303794353905,0.005588470881833716,5.893751994408274e-05,4.167512001877829e-05,4.167512001877829e-05,0.0008300782608583098,0.0004903980301824692,0.0005671261281395377,
20,Vehicle_15,8801123,80,0.013477887951874377,0.008373623167420664,0.0088420855062945,0.013538707533652243,0.00845109665603711,0.008822232373533294,5.8935141723837145e-05,4.167343836311635e-05,4.167343836311461e-05,0.0007324117135051489,0.00047134110644011726,0.0004713411527299628,
20,Vehicle_15,8801123,100,0.00969402981450178,0.0052164228101735394,0.007213095084195228,0.010578379669927307,0.005836773207574374,0.00777278331817395,5.894076080012458e-05,4.167741165006233e-05,4.167741165006233e-05,0.000732425841417623,0.0004713530220027573,0.00047134336507979565,
20,Vehicle_15,8801123,120,0.011858804875247795,0.007747005643489316,0.007220638699507244,0.011750639248440057,0.007624862521792218,0.0071584523830662255,5.8940760800123606e-05,4.167741165006164e-05,4.167741165006164e-05,0.0007324218750000025,0.0004713461712699686,0.000471346249394964,
