window_size,vehicle,ride,start,scale,scale x,scale y,offset,offset x,offset y,no scale,no scale x,no scale y,only offset,only offset x,only offset y,
20,Vehicle_15,8801123,0,0.012191778065791473,0.008557257074946199,0.006746377384482518,0.013669055159545848,0.009311434718696885,0.008081101452526922,0.012191778065791473,0.008557257074946199,0.006746377384482518,0.013669055159545848,0.009311434718696885,0.008081101452526922,
20,Vehicle_15,8801123,20,0.012469214139292759,0.007606832401739788,0.008008940988708307,0.01267844044387296,0.007754000704854566,0.008154787446490175,0.012469214139292759,0.007606832401739788,0.008008940988708307,0.01267844044387296,0.007754000704854566,0.008154787446490175,
20,Vehicle_15,8801123,40,0.009325584006848159,0.004710068846780288,0.007062964685905245,0.010574359536367064,0.005597120864258766,0.00794194035755912,0.009325584006848159,0.004710068846780288,0.007062964685905245,0.010574359536367064,0.005597120864258766,0.00794194035755912,
20,Vehicle_15,8801123,60,0.010628035935184167,0.00799192962568964,0.005557205297886625,0.010817092898960158,0.008171060598932096,0.005651527470988587,0.010628035935184167,0.00799192962568964,0.005557205297886625,0.010817092898960158,0.008171060598932096,0.005651527470988587,
20,Vehicle_15,8801123,80,0.014295192462070954,0.008792543029213727,0.009296674351891254,0.01406720539749268,0.008641835063986605,0.00915999182942811,0.014295192462070954,0.008792543029213727,0.009296674351891254,0.01406720539749268,0.008641835063986605,0.00915999182942811,
20,Vehicle_15,8801123,100,0.010186976119314833,0.0053437653784725436,0.007578698820734367,0.010849418721553664,0.0059182271181071585,0.007962368459303279,0.010186976119314833,0.0053437653784725436,0.007578698820734367,0.010849418721553664,0.0059182271181071585,0.007962368459303279,
20,Vehicle_15,8801123,120,0.012258674433169773,0.007935558581388441,0.007431955319463559,0.012127732988226895,0.007798207126409229,0.007362201518218063,0.012258674433169773,0.007935558581388441,0.007431955319463559,0.012127732988226895,0.007798207126409229,0.007362201518218063,
