window_size,vehicle,ride,start,scale,scale x,scale y,offset,offset x,offset y,no scale,no scale x,no scale y,only offset,only offset x,only offset y,
20,Vehicle_15,8801123,0,0.007943178890873053,0.004671052631525263,0.005199055330712315,0.00794149198139158,0.0049271929824052626,0.004941228070350947,0.0,0.0,0.0,0.003289473684210526,0.001644734210526316,0.001644739473684105,
20,Vehicle_15,8801123,20,0.007943178890873053,0.004671052631525263,0.005199055330712315,0.00794149198139158,0.0049271929824052626,0.004941228070350947,0.0,0.0,0.0,0.003289473684210526,0.001644734210526316,0.001644739473684105,
20,Vehicle_15,8801123,40,0.007943178890873053,0.004671052631525263,0.005199055330712315,0.00794149198139158,0.0049271929824052626,0.004941228070350947,0.0,0.0,0.0,0.003289473684210526,0.001644734210526316,0.001644739473684105,
20,Vehicle_15,8801123,60,0.007943178890873053,0.004671052631525263,0.005199055330712315,0.00794149198139158,0.0049271929824052626,0.004941228070350947,0.0,0.0,0.0,0.003289473684210526,0.001644734210526316,0.001644739473684105,
20,Vehicle_15,8801123,80,0.007943178890873053,0.004671052631525263,0.005199055330712315,0.00794149198139158,0.0049271929824052626,0.004941228070350947,0.0,0.0,0.0,0.003289473684210526,0.001644734210526316,0.001644739473684105,
20,Vehicle_15,8801123,100,0.007943178890873053,0.004671052631525263,0.005199055330712315,0.00794149198139158,0.0049271929824052626,0.004941228070350947,0.0,0.0,0.0,0.003289473684210526,0.001644734210526316,0.001644739473684105,
20,Vehicle_15,8801123,120,0.007943178890873053,0.004671052631525263,0.005199055330712315,0.00794149198139158,0.0049271929824052626,0.004941228070350947,0.0,0.0,0.0,0.003289473684210526,0.001644734210526316,0.001644739473684105,
