window_size,vehicle,ride,start,scale,scale x,scale y,offset,offset x,offset y,no scale,no scale x,no scale y,only offset,only offset x,only offset y,
20,Vehicle_15,8801123,0,0.007136151253432557,0.0058417338710166355,0.0031250000000000006,0.011577777787363842,0.006511151713739956,0.007812500000000002,0.007136151253432557,0.0058417338710166355,0.0031250000000000006,0.011577777787363842,0.006511151713739956,0.007812500000000002,
20,Vehicle_15,8801123,20,0.010669417382415922,0.00625,0.00625,0.010669417382415922,0.00625,0.00625,0.010669417382415922,0.00625,0.00625,0.010669417382415922,0.00625,0.00625,
20,Vehicle_15,8801123,40,0.007544417382415923,0.003125,0.006250000000000001,0.013794417382415925,0.009375,0.006250000000000001,0.007544417382415923,0.003125,0.006250000000000001,0.013794417382415925,0.009375,0.006250000000000001,
20,Vehicle_15,8801123,60,0.007077756473083054,0.005783339090667132,0.003125,0.009116870606310487,0.004697453223894565,0.00625,0.007077756473083054,0.005783339090667132,0.003125,0.009116870606310487,0.004697453223894565,0.00625,
20,Vehicle_15,8801123,80,0.010055186367627332,0.00563576898521141,0.00625,0.010149192782799561,0.005729775400383638,0.00625,0.010055186367627332,0.00563576898521141,0.00625,0.010149192782799561,0.005729775400383638,0.00625,
20,Vehicle_15,8801123,100,0.007544417382415921,0.003125,0.00625,0.010669417382415922,0.00625,0.00625,0.007544417382415921,0.003125,0.00625,0.010669417382415922,0.00625,0.00625,
20,Vehicle_15,8801123,120,0.00935691738240023,0.004937499999984309,0.00625,0.009113584049093914,0.004694166666677992,0.00625,0.00935691738240023,0.004937499999984309,0.00625,0.009113584049093914,0.004694166666677992,0.00625,
