window_size,vehicle,ride,start,offset,offset x,offset y,scale,scale x,scale y,no scale,no scale x,no scale y,only offset,only offset x,only offset y,
20,Vehicle_17,8700334,0,0.010009995988965008,0.005334708691207959,0.00729107650845586,0.008801947548987764,0.0040954204676961715,0.0072821933754774575,0.0,0.0,0.0,0.003125,0.0018861043456039803,0.0018861043456039803,
20,Vehicle_17,8700334,20,0.013945127797834076,0.00845970869120796,0.009184703684705593,0.008765658691493483,0.004065553704606458,0.007256898094441706,0.0,0.0,0.0,0.00390625,0.0026673543456039806,0.0018861043456039803,
20,Vehicle_17,8700334,40,0.01155378733194434,0.006897208691207962,0.007272367851435194,0.010413151871686123,0.00545977088642644,0.008129451263063074,0.0018860931333783977,0.0013336692445612484,0.0013336692445612484,0.0046875,0.0034486043456039804,0.0018861043456039808,
20,Vehicle_17,8700334,60,0.01077067290478136,0.006115958691207962,0.007270503424272215,0.00884241056717875,0.004104373565305519,0.007323548784619384,0.0009430177777797885,0.0006668142654475572,0.0006668142654475571,0.003906249999999999,0.0026673543456039806,0.0018861043456039803,
