window_size,vehicle,ride,start,offset,offset x,offset y,scale,scale x,scale y,no scale,no scale x,no scale y,only offset,only offset x,only offset y,
20,Vehicle_9,9571672,0,0.01079089298146297,0.006115958691207963,0.007290723500953819,0.008812198259416395,0.004082823864263825,0.00729936943569139,0.0009430377943806838,0.0006668284193217867,0.0006668284193217867,0.00390625,0.0026673543456039806,0.0018861043456039803,
20,Vehicle_9,9571672,20,0.010384050064522279,0.006115958691207961,0.0068838805840131245,0.008017373800066938,0.003506328387812205,0.006749132659216689,0.0,0.0,0.0,0.00390625,0.0026673543456039806,0.0018861043456039803,
20,Vehicle_9,9571672,40,0.010022950076951987,0.00533470869120796,0.007304030596442841,0.009899518930964945,0.00523634657515638,0.007387221500080036,0.0,0.0,0.0,0.0031249999999999997,0.0018861043456039803,0.0018861043456039803,
20,Vehicle_9,9571672,60,0.011462421820458507,0.006585786120211799,0.00770892140496586,0.011058878714310232,0.0063286809442789005,0.007376098938173972,0.0,0.0,0.0,0.003125,0.0018861043456039803,0.0018861043456039803,
20,Vehicle_9,9571672,80,0.010741411485238477,0.00724124200472933,0.006115958691207961,0.00886447998317668,0.007335198885943907,0.004139238196335293,0.0009430493229473808,0.0006668365712494754,0.0006668365712494753,0.00390625,0.0018861043456039803,0.0026673543456039806,
20,Vehicle_9,9571672,100,0.010093963014828875,0.005334708691207962,0.007375043534319723,0.011389729697985199,0.006182407215066209,0.008563788685386705,0.002829120709099553,0.0020004904381995875,0.0020004904381995875,0.003125,0.0018861043456039803,0.0018861043456039808,
20,Vehicle_9,9571672,120,0.010053946450470998,0.00533470869120796,0.007335026969961851,0.00893472786248133,0.004579875690127718,0.006686907333899032,0.0,0.0,0.0,0.003125,0.0018861043456039803,0.0018861043456039803,
20,Vehicle_9,9571672,140,0.010015944818352671,0.005334708691207961,0.0072970253378435235,0.008477232212232356,0.004060418471238838,0.006784056519196629,0.0,0.0,0.0,0.003125,0.0018861043456039803,0.0018861043456039803,
