window_size,vehicle,ride,start,offset,offset x,offset y,scale,scale x,scale y,no scale,no scale x,no scale y,only offset,only offset x,only offset y,
20,Vehicle_9,9571672,0,0.010776373556914017,0.006101439266659014,0.007290723500953817,0.008812198259416395,0.004082823864263825,0.007299369435691388,0.008812198259416395,0.004082823864263825,0.007299369435691388,0.010776373556914017,0.006101439266659014,0.007290723500953817,
20,Vehicle_9,9571672,20,0.010768094896677675,0.006115958691207962,0.007267925416168525,0.008017373800066938,0.0035063283878122046,0.006749132659216689,0.008017373800066938,0.0035063283878122046,0.006749132659216689,0.010768094896677675,0.006115958691207962,0.007267925416168525,
20,Vehicle_9,9571672,40,0.010022950076951987,0.00533470869120796,0.007304030596442838,0.008956466758162956,0.004569507988755384,0.006720382913679041,0.008956466758162956,0.004569507988755384,0.006720382913679041,0.010022950076951987,0.00533470869120796,0.007304030596442838,
20,Vehicle_9,9571672,60,0.012111671641117473,0.007235035940870762,0.00770892140496586,0.01071299479603756,0.005982797026006229,0.007376098938173975,0.01071299479603756,0.005982797026006229,0.007376098938173975,0.012111671641117473,0.007235035940870762,0.00770892140496586,
20,Vehicle_9,9571672,80,0.010325789053023601,0.006825619572514453,0.006115958691207962,0.008864479983176682,0.007335198885943908,0.004139238196335292,0.008864479983176682,0.007335198885943908,0.004139238196335292,0.010325789053023601,0.006825619572514453,0.006115958691207962,
20,Vehicle_9,9571672,100,0.010093963014828872,0.005334708691207961,0.007375043534319723,0.011235169988373565,0.006027847505454575,0.008563788685386705,0.011235169988373565,0.006027847505454575,0.008563788685386705,0.010093963014828872,0.005334708691207961,0.007375043534319723,
20,Vehicle_9,9571672,120,0.010053946450471002,0.00533470869120796,0.007335026969961854,0.008934727862481328,0.004579875690127718,0.006686907333899032,0.008934727862481328,0.004579875690127718,0.006686907333899032,0.010053946450471002,0.00533470869120796,0.007335026969961854,
20,Vehicle_9,9571672,140,0.01001594481835267,0.005334708691207961,0.007297025337843524,0.008477232212232354,0.004060418471238839,0.006784056519196629,0.008477232212232354,0.004060418471238839,0.006784056519196629,0.01001594481835267,0.005334708691207961,0.007297025337843524,
