window_size,vehicle,ride,start,scale,scale x,scale y,offset,offset x,offset y,no scale,no scale x,no scale y,only offset,only offset x,only offset y,
20,Vehicle_11,9192824,0,0.0073173043839000005,0.005954759770830526,0.0032894736842283153,0.0073396816776201065,0.005178216519472316,0.004088394229288842,0.0,0.0,0.0,0.0032886842896348426,0.001645056904766421,0.001643627384868421,
20,Vehicle_11,9192824,20,0.0073173043839000005,0.005954759770830526,0.0032894736842283153,0.0073396816776201065,0.005178216519472316,0.004088394229288842,0.0,0.0,0.0,0.0032886842896348426,0.001645056904766421,0.001643627384868421,
20,Vehicle_11,9192824,40,0.0073173043839000005,0.005954759770830526,0.0032894736842283153,0.0073396816776201065,0.005178216519472316,0.004088394229288842,0.0,0.0,0.0,0.0032886842896348426,0.001645056904766421,0.001643627384868421,
20,Vehicle_11,9192824,60,0.0073173043839000005,0.005954759770830526,0.0032894736842283153,0.0073396816776201065,0.005178216519472316,0.004088394229288842,0.0,0.0,0.0,0.0032886842896348426,0.001645056904766421,0.001643627384868421,
20,Vehicle_11,9192824,80,0.0073173043839000005,0.005954759770830526,0.0032894736842283153,0.0073396816776201065,0.005178216519472316,0.004088394229288842,0.0,0.0,0.0,0.0032886842896348426,0.001645056904766421,0.001643627384868421,
20,Vehicle_11,9192824,100,0.0073173043839000005,0.005954759770830526,0.0032894736842283153,0.0073396816776201065,0.005178216519472316,0.004088394229288842,0.0,0.0,0.0,0.0032886842896348426,0.001645056904766421,0.001643627384868421,
20,Vehicle_11,9192824,120,0.0073173043839000005,0.005954759770830526,0.0032894736842283153,0.0073396816776201065,0.005178216519472316,0.004088394229288842,0.0,0.0,0.0,0.0032886842896348426,0.001645056904766421,0.001643627384868421,
20,Vehicle_11,9192824,140,0.0073173043839000005,0.005954759770830526,0.0032894736842283153,0.0073396816776201065,0.005178216519472316,0.004088394229288842,0.0,0.0,0.0,0.0032886842896348426,0.001645056904766421,0.001643627384868421,
20,Vehicle_11,9192824,160,0.0073173043839000005,0.005954759770830526,0.0032894736842283153,0.0073396816776201065,0.005178216519472316,0.004088394229288842,0.0,0.0,0.0,0.0032886842896348426,0.001645056904766421,0.001643627384868421,
20,Vehicle_11,9192824,180,0.0073173043839000005,0.005954759770830526,0.0032894736842283153,0.0073396816776201065,0.005178216519472316,0.004088394229288842,0.0,0.0,0.0,0.0032886842896348426,0.001645056904766421,0.001643627384868421,
