window_size,vehicle,ride,start,scale,scale x,scale y,offset,offset x,offset y,no scale,no scale x,no scale y,only offset,only offset x,only offset y,
20,Vehicle_11,9192824,0,0.007544417382415921,0.003125,0.00625,0.01066941738241592,0.0062499999999999995,0.0062499999999999995,0.0,0.0,0.0,0.00625,0.0031250000000000006,0.003125,
20,Vehicle_11,9192824,20,0.009956034472444097,0.005536617090028174,0.006250000000000001,0.01061951169393487,0.00620009431151895,0.00625,0.0,0.0,0.0,0.00625,0.003125,0.003125,
20,Vehicle_11,9192824,40,0.006606977526819959,0.005312560144404038,0.003125,0.008790842541485013,0.004371425159069092,0.006250000000000001,0.0,0.0,0.0,0.00625,0.003125,0.003125,
20,Vehicle_11,9192824,60,0.02224653427108554,0.012499999999999999,0.015238282123837777,0.02239348207089407,0.0125,0.015385229923646309,0.0,0.0,0.0,0.009375,0.003125,0.00625,
20,Vehicle_11,9192824,80,0.007544417382415921,0.003125,0.00625,0.01066941738241592,0.00625,0.00625,0.0,0.0,0.0,0.00625,0.003125,0.003125,
20,Vehicle_11,9192824,100,0.013794417382415923,0.009375,0.00625,0.010418673042454396,0.005999255660038473,0.006250000000000001,0.0,0.0,0.0,0.00625,0.003125,0.0031250000000000006,
20,Vehicle_11,9192824,120,0.014961326470372483,0.009297180418577734,0.009325311286962906,0.014464640961921254,0.00875144973891893,0.009374356458170481,0.0,0.0,0.0,0.00625,0.003125,0.003125,
20,Vehicle_11,9192824,140,0.00975190956164514,0.00625,0.0053324921792292194,0.010669417382415924,0.00625,0.00625,0.0,0.0,0.0,0.0062499999999999995,0.003125,0.003125,
20,Vehicle_11,9192824,160,0.007544417382415923,0.003125,0.00625,0.010002370281196183,0.005582952898780258,0.00625,0.0,0.0,0.0,0.00625,0.003125,0.003125,
20,Vehicle_11,9192824,180,0.006951439164711316,0.005657021782295393,0.003125,0.008875111688917161,0.004455694306501237,0.00625,0.0,0.0,0.0,0.00625,0.003125,0.003125,
