window_size,vehicle,ride,start,scale,scale x,scale y,offset,offset x,offset y,no scale,no scale x,no scale y,only offset,only offset x,only offset y,
20,Vehicle_11,9192824,0,0.007544417382415921,0.003125,0.00625,0.010669417382415922,0.00625,0.00625,0.0,0.0,0.0,0.00625,0.003125,0.003125,
20,Vehicle_11,9192824,20,0.009956034472444097,0.005536617090028175,0.00625,0.009841052734650057,0.006200094311518951,0.005471541040715188,0.002209708691207961,0.0015624999999999997,0.0015625000000000003,0.00625,0.003125,0.003125,
20,Vehicle_11,9192824,40,0.00660697752681996,0.005312560144404038,0.0031250000000000006,0.008790842541485013,0.004371425159069091,0.00625,0.004419417382415922,0.0031249999999999993,0.0031250000000000006,0.00625,0.003125,0.003125,
20,Vehicle_11,9192824,60,0.022501464237351023,0.0125,0.015493212090103256,0.022354516437542493,0.0125,0.015346264290294724,0.0,0.0,0.0,0.009375,0.0031250000000000006,0.00625,
20,Vehicle_11,9192824,80,0.007188922399320824,0.003125000000000001,0.005894505016904903,0.010669417382415922,0.00625,0.00625,0.002209708691207961,0.0015624999999999997,0.0015625000000000003,0.00625,0.003125,0.003125,
20,Vehicle_11,9192824,100,0.013794417382415922,0.009375,0.00625,0.009466094703204702,0.005999255660038474,0.005297421660750309,0.002209708691207961,0.0015624999999999997,0.0015625000000000003,0.00625,0.003125,0.0031250000000000006,
20,Vehicle_11,9192824,120,0.014961326470372485,0.009297180418577734,0.009325311286962906,0.014464640961921252,0.00875144973891893,0.009374356458170481,0.002209708691207961,0.0015624999999999997,0.0015625000000000003,0.00625,0.003125,0.003125,
20,Vehicle_11,9192824,140,0.010669417382415924,0.00625,0.006250000000000001,0.010669417382415919,0.00625,0.006250000000000001,0.0,0.0,0.0,0.00625,0.003125,0.003125,
20,Vehicle_11,9192824,160,0.007544417382415924,0.0031250000000000006,0.00625,0.010669417382415922,0.00625,0.00625,0.002209708691207961,0.0015624999999999997,0.0015625000000000003,0.00625,0.003125,0.0031250000000000006,
20,Vehicle_11,9192824,180,0.006951439164711316,0.005657021782295393,0.003125,0.008875111688917163,0.004455694306501238,0.00625,0.0,0.0,0.0,0.00625,0.003125,0.003125,
