window_size,vehicle,ride,start,scale,scale x,scale y,offset,offset x,offset y,no scale,no scale x,no scale y,only offset,only offset x,only offset y,
20,Vehicle_4,9477474,0,0.004455657754618452,0.0031249999999999997,0.0031612403722025293,0.006345681705864291,0.0035789224021944566,0.004597341921261556,0.0,0.0,0.0,0.004679478610359622,0.0031172405195783793,0.001562238090781265,
20,Vehicle_4,9477474,20,0.007296400086336906,0.003125000000023738,0.006001982703920984,0.008905897504744985,0.00448648012234441,0.00625,0.0,0.0,0.0,0.0031240742830406453,0.0015617478640256532,0.0015623264190149921,
20,Vehicle_4,9477474,40,0.005155395933201868,0.003125,0.0038609785507859465,0.007488861416156201,0.004543896370324917,0.0047755476634253335,0.0,0.0,0.0,0.003124938143987166,0.0015623401117187186,0.0015625980322684584,
20,Vehicle_4,9477474,60,0.007544417382415921,0.0031250000000141655,0.00625,0.007100105181438306,0.004381515649904427,0.0045491721491179565,0.0,0.0,0.0,0.0031236070812499573,0.0015615407390624724,0.0015620663421874847,
20,Vehicle_4,9477474,80,0.004559244146080544,0.0031249999999999997,0.0032648267636646213,0.0071302818570657825,0.004316684875440398,0.004644179599209463,0.0,0.0,0.0,0.0031233510779922645,0.0015610235625000523,0.0015623275154922124,
20,Vehicle_4,9477474,100,0.011048543456103198,0.007812500000070253,0.0078125,0.012754642347676311,0.009375000000046835,0.007040807582818208,0.0,0.0,0.0,0.0031257498437500253,0.0015639815625000165,0.0015617682812500088,
20,Vehicle_4,9477474,120,0.011292646564017338,0.007888748151775442,0.007980354956402527,0.014979827272051065,0.011203895731100024,0.008352388085172071,0.0,0.0,0.0,0.004686896236998616,0.0031252126903515533,0.0015616835466472079,
20,Vehicle_4,9477474,140,0.007666462462094581,0.004341252629111327,0.005155792450672654,0.007664171289005054,0.004352242492477188,0.005142511414217266,0.0,0.0,0.0,0.0031250289445192035,0.001562418968260415,0.0015626099762588107,
