window_size,vehicle,ride,start,scale,scale x,scale y,offset,offset x,offset y,no scale,no scale x,no scale y,only offset,only offset x,only offset y,
20,Vehicle_4,9477474,0,0.007544417382415923,0.003125,0.00625,0.013682971599275012,0.009263554216859092,0.00625,0.007544417382415923,0.003125,0.006250000000000001,0.009375,0.00625,0.003125,
20,Vehicle_4,9477474,20,0.007296400086343109,0.003125000000000001,0.006001982703927185,0.009060525201259597,0.00625,0.0046411078188436745,0.007544417382415921,0.003125,0.00625,0.00625,0.0031250000000000006,0.003125,
20,Vehicle_4,9477474,40,0.007544417382415922,0.0031250000000000006,0.006250000000000002,0.00919496504582452,0.00625,0.004775547663408599,0.0,0.0,0.0,0.00625,0.003125,0.003125,
20,Vehicle_4,9477474,60,0.007544417382415922,0.003125,0.00625,0.010669417382415924,0.00625,0.006250000000000001,0.005334708691207961,0.0015625,0.0046875,0.00625,0.003125,0.003125,
20,Vehicle_4,9477474,80,0.007317949817167168,0.003125000000000001,0.006023532434751246,0.010669417382415922,0.00625,0.006250000000000001,0.007544417382415921,0.003125,0.00625,0.00625,0.003125,0.003125,
20,Vehicle_4,9477474,100,0.014173543456039807,0.007812500000000002,0.0109375,0.015088834764831846,0.009375,0.009375,0.0,0.0,0.0,0.00625,0.003125,0.003125,
20,Vehicle_4,9477474,120,0.015196706310808999,0.010394792759723069,0.008463078786254088,0.01955852429844231,0.013737368927406686,0.010397611914995821,0.0,0.0,0.0,0.009375,0.00625,0.0031250000000000006,
20,Vehicle_4,9477474,140,0.010669417382415922,0.00625,0.006250000000000001,0.010669417382415922,0.00625,0.006250000000000001,0.0,0.0,0.0,0.00625,0.003125,0.003125,
