window_size,vehicle,ride,start,scale,scale x,scale y,offset,offset x,offset y,no scale,no scale x,no scale y,only offset,only offset x,only offset y,
20,Vehicle_4,9477474,0,0.007544417382415924,0.0031249999999999997,0.0062499999999999995,0.01221062967801857,0.009263554216859092,0.004777658078743559,0.0,0.0,0.0,0.009375,0.00625,0.003125,
20,Vehicle_4,9477474,20,0.007544417382415922,0.0031250000000000006,0.00625,0.010669417382415922,0.00625,0.00625,0.0,0.0,0.0,0.00625,0.003125,0.003125,
20,Vehicle_4,9477474,40,0.007544417382415923,0.003125,0.00625,0.01066941738241592,0.00625,0.006250000000000001,0.0,0.0,0.0,0.00625,0.003125,0.003125,
20,Vehicle_4,9477474,60,0.007544417382415922,0.0031250000000000006,0.006250000000000001,0.01066941738241592,0.00625,0.006250000000000001,0.0,0.0,0.0,0.00625,0.003125,0.003125,
20,Vehicle_4,9477474,80,0.007544417382415922,0.0031249999999999997,0.0062499999999999995,0.010669417382415924,0.0062499999999999995,0.0062499999999999995,0.0,0.0,0.0,0.00625,0.003125,0.003125,
20,Vehicle_4,9477474,100,0.014173543456039805,0.0078125,0.010937500000000001,0.015088834764831844,0.009375,0.009375,0.0,0.0,0.0,0.00625,0.003125,0.003125,
20,Vehicle_4,9477474,120,0.018211268794554508,0.012497434029722664,0.009375,0.02039417578523943,0.014033132329199626,0.0109375,0.0,0.0,0.0,0.009375,0.00625,0.0031250000000000006,
20,Vehicle_4,9477474,140,0.010669417382415922,0.00625,0.006250000000000001,0.010669417382415922,0.0062499999999999995,0.00625,0.0,0.0,0.0,0.00625,0.003125,0.003125,
