window_size,vehicle,ride,start,offset,offset x,offset y,scale,scale x,scale y,no scale,no scale x,no scale y,only offset,only offset x,only offset y,
20,Vehicle_4,9389871,0,0.0117880291076795,0.008562820790260026,0.00651549700867168,0.011031819062042593,0.007933928282032819,0.005993270816249322,0.002531466663550711,0.002026547062122768,0.0011027699896211374,0.002799059085996179,0.002017220088328343,0.001578561867117108,
20,Vehicle_4,9389871,20,0.010988126316482768,0.008113725265772951,0.005950072107611799,0.009757429702575135,0.007325403153057122,0.005050663130102549,0.0023602746863676384,0.0018777660481793651,0.0010438792313264545,0.0027577073102570872,0.00207191995155768,0.00145991800906061,
