window_size,vehicle,ride,start,scale,scale x,scale y,offset,offset x,offset y,no scale,no scale x,no scale y,only offset,only offset x,only offset y,
20,Vehicle_17,8700334,0,0.00794149198149042,0.003289473684210526,0.006578947368421052,0.014520439349911476,0.009868421052631578,0.006578947368421052,0.0,0.0,0.0,0.009868421052631578,0.006578947368421052,0.003289473684210526,
20,Vehicle_17,8700334,20,0.00794149198149042,0.003289473684210526,0.006578947368421052,0.014520439349911476,0.009868421052631578,0.006578947368421052,0.0,0.0,0.0,0.009868421052631578,0.006578947368421052,0.003289473684210526,
20,Vehicle_17,8700334,40,0.00794149198149042,0.003289473684210526,0.006578947368421052,0.014520439349911476,0.009868421052631578,0.006578947368421052,0.0,0.0,0.0,0.009868421052631578,0.006578947368421052,0.003289473684210526,
20,Vehicle_17,8700334,60,0.00794149198149042,0.003289473684210526,0.006578947368421052,0.014520439349911476,0.009868421052631578,0.006578947368421052,0.0,0.0,0.0,0.009868421052631578,0.006578947368421052,0.003289473684210526,
