window_size,vehicle,ride,start,scale,scale x,scale y,offset,offset x,offset y,no scale,no scale x,no scale y,only offset,only offset x,only offset y,
20,Vehicle_17,8700334,0,0.007544417382415922,0.003125,0.00625,0.01066941738241592,0.00625,0.00625,0.0,0.0,0.0,0.00625,0.003125,0.003125,
20,Vehicle_17,8700334,20,0.007544417382415923,0.0031250000000000006,0.00625,0.018213834764831842,0.0125,0.009375,0.0,0.0,0.0,0.009375,0.00625,0.003125,
20,Vehicle_17,8700334,40,0.007402252899695658,0.003125000000000001,0.006107835517279736,0.01691941738241592,0.012499999999999997,0.006250000000000002,0.0,0.0,0.0,0.0125,0.009375,0.0031250000000000006,
20,Vehicle_17,8700334,60,0.007544417382415923,0.003125,0.006250000000000001,0.013794417382415922,0.009375000000000001,0.00625,0.0,0.0,0.0,0.009375,0.00625,0.003125,
