window_size,vehicle,ride,start,scale,scale x,scale y,offset,offset x,offset y,no scale,no scale x,no scale y,only offset,only offset x,only offset y,
20,Vehicle_17,8700334,0,0.007544417382415924,0.003125,0.00625,0.010669417382415922,0.0062499999999999995,0.00625,0.0,0.0,0.0,0.00625,0.003125,0.003125,
20,Vehicle_17,8700334,20,0.007544417382415922,0.0031250000000000006,0.0062499999999999995,0.018213834764831842,0.0125,0.009375,0.0,0.0,0.0,0.009375,0.00625,0.003125,
20,Vehicle_17,8700334,40,0.007544417382415922,0.003125,0.00625,0.01691941738241592,0.012499999999999997,0.006250000000000001,0.0,0.0,0.0,0.0125,0.009375,0.0031250000000000006,
20,Vehicle_17,8700334,60,0.007544417382415922,0.0031250000000000006,0.0062499999999999995,0.01379441738241592,0.009375,0.0062499999999999995,0.0,0.0,0.0,0.009375,0.00625,0.003125,
