window_size,vehicle,ride,start,offset,offset x,offset y,scale,scale x,scale y,no scale,no scale x,no scale y,only offset,only offset x,only offset y,
20,Vehicle_16,9177298,0,0.010964119311757729,0.005936174218618369,0.008085023853274177,0.010630292901176296,0.005709566995023167,0.007767551500088651,0.010630292901176296,0.005709566995023167,0.007767551500088651,0.010964119311757729,0.005936174218618369,0.008085023853274177,
20,Vehicle_16,9177298,20,0.010250386049090449,0.005274301890291309,0.007869863523948207,0.009055537048956955,0.004392921597113465,0.007080892497776831,0.009055537048956955,0.004392921597113465,0.007080892497776831,0.010250386049090449,0.005274301890291309,0.007869863523948207,
20,Vehicle_16,9177298,40,0.01561600534548923,0.009431674380413025,0.01046172219588512,0.015339977300900516,0.00941211196376311,0.010088136674405727,0.015339977300900516,0.00941211196376311,0.010088136674405727,0.01561600534548923,0.009431674380413025,0.01046172219588512,
20,Vehicle_16,9177298,60,0.010918080561780386,0.005976550819324458,0.007953083520875301,0.009893659080076557,0.005117828841135965,0.007409938419946116,0.009893659080076557,0.005117828841135965,0.007409938419946116,0.010918080561780386,0.005976550819324458,0.007953083520875301,
