window_size,vehicle,ride,start,scale,scale x,scale y,offset,offset x,offset y,no scale,no scale x,no scale y,only offset,only offset x,only offset y,
20,Vehicle_11,8686476,0,0.014209413053532361,0.008870464351381942,0.008934745478677179,0.014658628448584503,0.009393546640490172,0.00909518932785306,0.001002695900396954,0.0007317082012376799,0.000496338460338861,0.0024305555555555547,0.0014694620859614159,0.0015965542400532351,
20,Vehicle_11,8686476,20,0.008985821084065305,0.007011116984797348,0.004343851814025383,0.009780589492191781,0.007365507747373288,0.005183403899401218,0.0006677979062086743,0.00040934591334814487,0.00040853614740697034,0.0020833333333333333,0.0012958509748503045,0.0012958509748503047,
20,Vehicle_11,8686476,40,0.015375446949793545,0.009810173068397557,0.009627126994302043,0.015208309481465792,0.009605970850206163,0.009602356430834385,0.0035198541140358886,0.002134263016218887,0.0019400570680541778,0.003954519666837838,0.002450542811769555,0.002591701949700609,
20,Vehicle_11,8686476,60,0.015565928816858077,0.008583516878952802,0.011237318483737602,0.01620239486830634,0.00917225600165641,0.011520189645443286,0.0013327173365460356,0.0006877505227134352,0.000843856924906804,0.0024305555555555556,0.0014694620859614154,0.0015965542400532347,
20,Vehicle_11,8686476,80,0.011090478267863692,0.006274028852722572,0.007577937726382815,0.012822178060857982,0.0077370275189034094,0.008420794919519557,0.0038222964248144945,0.002067173367342961,0.002602719246929883,0.005101851540486672,0.003089275804524296,0.0033264329926813176,
