subdir,file,cluster,size,36all_distances_scaled_to_max_trajs_distances_offset,36all_distances_scaled_to_max_trajs_distances_offset x,36all_distances_scaled_to_max_trajs_distances_offset y,36all_nums_scaled_to_max_trajs_num_intersections_offset
only_rays_heading_size_36_,filenames_in_cluster_train KMeans test nclus 9,1,290,0.05078444157474896,0.11479364685911667,0.06725790311866724,inf
only_rays_heading_size_36_,filenames_in_cluster_train KMeans test nclus 9,6,275,0.033890162406390215,0.027967485131162248,0.04020635255939467,0.061533884297520665
only_rays_heading_size_36_,filenames_in_cluster_train KMeans test nclus 9,8,47,0.056116068978404134,0.046271089669038964,0.05329584446247945,0.07869624264373024
only_rays_heading_size_36_,filenames_in_cluster_train KMeans test nclus 9,0,52,0.0555004027049205,0.037025089136180335,0.06771592500940955,0.03254437869822485
only_rays_heading_size_36_,filenames_in_cluster_train KMeans test nclus 9,3,75,0.0830108902972162,0.0656131974893906,0.08897645890510421,0.06980740740740732
only_rays_heading_size_36_,filenames_in_cluster_train KMeans test nclus 9,2,40,0.0783368104504868,0.04721858299055975,0.061321668402511686,0.07590000000000002
only_rays_heading_size_36_,filenames_in_cluster_train KMeans test nclus 9,7,37,0.042670629440573225,0.04268818956419391,0.04493507355110856,0.2268078889700512
only_rays_heading_size_36_,filenames_in_cluster_train KMeans test nclus 9,4,34,0.05195743107566816,0.050439928131781574,0.051368370608653305,0.07098721841677852
only_rays_heading_size_36_,filenames_in_cluster_train KMeans test nclus 9,5,10,0.07237321356078132,0.07126524883132015,0.07483932904681129,0.12049382716049381
