subdir,file,cluster,size,36all_distances_scaled_to_max_trajs_distances_offset,36all_distances_scaled_to_max_trajs_distances_offset x,36all_distances_scaled_to_max_trajs_distances_offset y,36all_nums_scaled_to_max_trajs_num_intersections_offset
only_rays_heading_size_36_,filenames_in_cluster_test KMeans test nclus 8,0,390,0.15695754642896936,0.20300399490403123,0.1897218540113058,0.30746786686070754
only_rays_heading_size_36_,filenames_in_cluster_test KMeans test nclus 8,2,57,0.2809714442403688,0.2572553074544029,0.26557458698728187,0.4021716977665842
only_rays_heading_size_36_,filenames_in_cluster_test KMeans test nclus 8,4,32,0.19784164954281444,0.1950645201508737,0.226696399219643,0.24550649176752948
only_rays_heading_size_36_,filenames_in_cluster_test KMeans test nclus 8,1,44,0.24439504270960874,0.22157662282075746,0.2444140194435718,0.4562468159064711
only_rays_heading_size_36_,filenames_in_cluster_test KMeans test nclus 8,7,20,0.23129065374654,0.24425160946303415,0.22069151084668548,0.37230513172814456
only_rays_heading_size_36_,filenames_in_cluster_test KMeans test nclus 8,6,41,0.28080308742699156,0.2228182897644942,0.2077699711874287,0.2248140218888373
only_rays_heading_size_36_,filenames_in_cluster_test KMeans test nclus 8,3,19,0.27203505470547973,0.263347690841833,0.2862132789155591,0.2758454643846925
only_rays_heading_size_36_,filenames_in_cluster_test KMeans test nclus 8,5,3,0.42216621582465474,0.418981047065006,0.4532779395736035,0.42491829279939886
