subdir,file,cluster,size,36all_distances_scaled_to_max_trajs_distances_offset,36all_distances_scaled_to_max_trajs_distances_offset x,36all_distances_scaled_to_max_trajs_distances_offset y,36all_nums_scaled_to_max_trajs_num_intersections_offset
only_rays_heading_size_36_,filenames_in_cluster_test KMeans test nclus 6,0,390,0.001495123555160428,0.0014294886169792277,0.0014211569368018275,0.002022814913557286
only_rays_heading_size_36_,filenames_in_cluster_test KMeans test nclus 6,1,75,0.0022509160139599373,0.0019894744406802668,0.0015666315214172217,0.003575032258300848
only_rays_heading_size_36_,filenames_in_cluster_test KMeans test nclus 6,5,68,0.004128221474018577,0.0027284614148408762,0.002856569098399352,0.004203862419195129
only_rays_heading_size_36_,filenames_in_cluster_test KMeans test nclus 6,3,50,0.0028159951354594223,0.001841410750532065,0.0021706841865498784,0.0015966659341462627
only_rays_heading_size_36_,filenames_in_cluster_test KMeans test nclus 6,4,4,0.0011789326501189718,0.0011355107367550365,0.0011400988540372918,0.006154041754562402
only_rays_heading_size_36_,filenames_in_cluster_test KMeans test nclus 6,2,19,0.004732524936545531,0.0030850700459138167,0.0032509640699193067,0.007083543125165783
