window_size,vehicle,ride,start,offset,offset x,offset y,scale,scale x,scale y,no scale,no scale x,no scale y,only offset,only offset x,only offset y,
20,Vehicle_11,8363277,0,0.012476290036292583,0.007658549902782639,0.007959549498188499,0.012366400153698057,0.007541675737605547,0.007918423533414896,0.012366400153698057,0.007541675737605547,0.007918423533414896,0.012476290036292583,0.007658549902782639,0.007959549498188499,
20,Vehicle_11,8363277,20,0.01254158880309187,0.007493752289432448,0.008409286715267732,0.011944321167038061,0.007025258513171825,0.00811745705576907,0.011944321167038061,0.007025258513171825,0.00811745705576907,0.01254158880309187,0.007493752289432448,0.008409286715267732,
20,Vehicle_11,8363277,40,0.021380275184733025,0.01211002243188253,0.015017907067810369,0.021213809242362918,0.012035800332055995,0.01488245774144804,0.021213809242362918,0.012035800332055995,0.01488245774144804,0.021380275184733025,0.01211002243188253,0.015017907067810369,
20,Vehicle_11,8363277,60,0.010053560006861766,0.005078938875148917,0.007852545473719476,0.008784365318790729,0.004032686473659904,0.007147577385849483,0.008784365318790729,0.004032686473659904,0.007147577385849483,0.010053560006861766,0.005078938875148917,0.007852545473719476,
20,Vehicle_11,8363277,80,0.013627193482858782,0.008460744840719778,0.008547495456920325,0.01366020834281577,0.008501642794672888,0.008558698586940066,0.01366020834281577,0.008501642794672888,0.008558698586940066,0.013627193482858782,0.008460744840719778,0.008547495456920325,
20,Vehicle_11,8363277,100,0.01247932069625854,0.007530414806795667,0.008259339271512981,0.012395651459861894,0.007313209467164651,0.008328856295295674,0.012395651459861894,0.007313209467164651,0.008328856295295674,0.01247932069625854,0.007530414806795667,0.008259339271512981,
20,Vehicle_11,8363277,120,0.014246193405308819,0.007741697221778263,0.010456025406549779,0.01395835098124604,0.007592271843272657,0.010222483542884684,0.01395835098124604,0.007592271843272657,0.010222483542884684,0.014246193405308819,0.007741697221778263,0.010456025406549779,
20,Vehicle_11,8363277,140,0.010240861916758881,0.005268120693948102,0.007869113242000413,0.009196455251051481,0.004374571878319931,0.007330907412643683,0.009196455251051481,0.004374571878319931,0.007330907412643683,0.010240861916758881,0.005268120693948102,0.007869113242000413,
