window_size,vehicle,ride,start,scale,scale x,scale y,offset,offset x,offset y,no scale,no scale x,no scale y,only offset,only offset x,only offset y,
20,Vehicle_17,8694095,0,0.007847939597565051,0.004162340367292523,0.006080121390225207,0.009598846055299032,0.005057554086722548,0.007363445063537495,0.00023576304320049537,0.00016670964660024656,0.00016670964660024795,0.001367220014154201,0.0008842800549843571,0.0008842444482815029,
20,Vehicle_17,8694095,20,0.010481288792673146,0.006317807866005647,0.007270905663961801,0.012261113233661764,0.007572192917787205,0.0080791017754146,0.00023572418225067102,0.00016668216775910237,0.00016668216775910378,0.001562394355033348,0.0010794734255222822,0.000884225418622725,
20,Vehicle_17,8694095,40,0.01296717682563493,0.008439522378212255,0.008242465628186122,0.012918861015742935,0.008292657372806843,0.008196406534716464,0.00023574193142631558,0.00016669471832156114,0.00016669471832156252,0.0016601600197074726,0.0011623621534256618,0.0009589779344708865,
20,Vehicle_17,8694095,60,0.011400982772907756,0.007008016868114359,0.007630817363780996,0.012248684846035078,0.007580360193680543,0.008211698876514344,0.00023575141347957173,0.00016670142314571812,0.0001667014231457195,0.0015624700601479607,0.001064669492492227,0.0009589806358448096,
20,Vehicle_17,8694095,80,0.008490512544431433,0.004613622788751164,0.006465252253481365,0.010066798580995942,0.005522451708201249,0.007433881296673201,0.0004715032696026255,0.00033340315928764364,0.0003334031592876471,0.0015623313726815427,0.001079398604162056,0.0008842372576311458,
20,Vehicle_17,8694095,100,0.008123928161034098,0.004268519044905389,0.00637677692214165,0.010019716216111687,0.005503794253733393,0.007405456386253647,0.0002357600478425825,0.00016670752856235427,0.00016670752856235566,0.0013672623197869623,0.0008843259152542478,0.0008842408936443738,
