window_size,vehicle,ride,start,scale,scale x,scale y,offset,offset x,offset y,no scale,no scale x,no scale y,only offset,only offset x,only offset y,
20,Vehicle_12,8478762,0,0.010952508137903041,0.006837894926990809,0.006963133532184054,0.01134975864306089,0.007158309655244381,0.007039383817463126,0.0003353909119059251,0.0003239627437125753,8.680555555555309e-05,0.00173611109606021,0.0011222416096437532,0.0011222381027837323,
20,Vehicle_12,8478762,20,0.011040397411259305,0.007410771260923991,0.006478356563104268,0.01125052581848971,0.007429967951104119,0.006669030798128389,0.0003353909119059257,0.0003239627437125753,8.680555555555556e-05,0.00173611111111111,0.0011222436311003072,0.0011222360963780782,
20,Vehicle_12,8478762,40,0.010387882195741993,0.006815836552012621,0.006248158250206747,0.011111515655023194,0.007649581487889189,0.006582106661778586,0.0006706799455084467,0.00041074193122292804,0.00041066989238373164,0.001909750711805554,0.0011222624331836382,0.001295856894989194,
20,Vehicle_12,8478762,60,0.0092375593752006,0.005253255186919568,0.006671005762351651,0.011096450322222956,0.006578545529927138,0.007752892762146807,0.0006703632795176396,0.00041048677371287654,0.0004105372148455978,0.0017361262542698356,0.001122249542005945,0.0011222453286311661,
