window_size,vehicle,ride,start,scale,scale x,scale y,offset,offset x,offset y,no scale,no scale x,no scale y,only offset,only offset x,only offset y,
20,Vehicle_10,8994547,0,0.012537803977402834,0.007353989656655241,0.008444741547532527,0.011802064857371272,0.006880216005147382,0.007927562563171934,0.012537803977402834,0.007353989656655241,0.008444741547532527,0.011802064857371272,0.006880216005147382,0.007927562563171934,
20,Vehicle_10,8994547,20,0.017235367685250615,0.010494840776987742,0.011084957568174285,0.01773548963496765,0.010771596610665398,0.011448961340472567,0.017235367685250615,0.010494840776987742,0.011084957568174285,0.01773548963496765,0.010771596610665398,0.011448961340472567,
20,Vehicle_10,8994547,40,0.013012363638748161,0.00811734931276198,0.008137151324418421,0.012827949043087159,0.007981150149172429,0.00801113946096353,0.013012363638748161,0.00811734931276198,0.008137151324418421,0.012827949043087159,0.007981150149172429,0.00801113946096353,
