window_size,vehicle,ride,start,scale,scale x,scale y,offset,offset x,offset y,no scale,no scale x,no scale y,only offset,only offset x,only offset y,
20,Vehicle_10,8994547,0,0.011624878232429766,0.007145723055823299,0.007623621150824784,0.011377049003200426,0.006816653441198415,0.00756610927294916,0.0002356080523655359,0.00016660005152982493,0.00016660005152982632,0.0013671691775650092,0.0008841971191446467,0.0008842765475320216,
20,Vehicle_10,8994547,20,0.016580155605060966,0.010794599967252096,0.010159948545975567,0.016817447374792006,0.010821348223936643,0.010481167467030044,0.0002357616569600263,0.00016670866638021019,0.00016670866638021225,0.001757816300770349,0.0011604613183587062,0.0011604616443252947,
20,Vehicle_10,8994547,40,0.012427782167955129,0.008067680446637306,0.007602238719736803,0.012157412741594221,0.007830198743711464,0.007491554564935356,0.00023551263968118772,0.00016653258457371075,0.00016653258457371284,0.0013671869768569086,0.0008842371011232114,0.0008842543648453563,
