subdir,file,cluster,size,20all_distances_scaled_to_max_trajs_distances_offset,20all_distances_scaled_to_max_trajs_distances_offset x,20all_distances_scaled_to_max_trajs_distances_offset y,20all_nums_scaled_to_max_trajs_num_intersections_offset
only_rays_acceler_heading_size_20_,filenames_in_cluster_train KMeans test nclus 7,2,305,0.000976893560008969,0.0012847901408621707,0.0011357498816902338,3.469446951953614e-18
only_rays_acceler_heading_size_20_,filenames_in_cluster_train KMeans test nclus 7,0,247,0.0015649405880071722,0.0010397120289226893,0.001508898652811622,0.0012473225520954715
only_rays_acceler_heading_size_20_,filenames_in_cluster_train KMeans test nclus 7,3,103,0.004720005829832893,0.0034643176554864214,0.002680718271127696,0.0032731548225137853
only_rays_acceler_heading_size_20_,filenames_in_cluster_train KMeans test nclus 7,4,80,0.0034130380511597047,0.0021143626044973045,0.0024515951214351883,0.0028189369245070076
only_rays_acceler_heading_size_20_,filenames_in_cluster_train KMeans test nclus 7,6,72,0.005386812146389398,0.003172211237336695,0.0038756565495067074,0.0052679068969163165
only_rays_acceler_heading_size_20_,filenames_in_cluster_train KMeans test nclus 7,1,37,0.00577090657835267,0.0034253223238273063,0.00407577232567632,0.005493418103049576
only_rays_acceler_heading_size_20_,filenames_in_cluster_train KMeans test nclus 7,5,16,0.010255550180513653,0.006143701824483715,0.006941783351873716,0.010714485378943569
