window_size,vehicle,ride,start,offset,offset x,offset y,scale,scale x,scale y,no scale,no scale x,no scale y,only offset,only offset x,only offset y,
20,Vehicle_9,8936382,0,0.010087136992693056,0.005334708691207962,0.007368217512183906,0.009657425475979944,0.0050264242567003,0.007371803631325441,0.0009414223129698919,0.0006656861014613349,0.0006656861014613347,0.003125,0.0018861043456039803,0.0018861043456039803,
20,Vehicle_9,8936382,20,0.013089576691538412,0.007954672277608958,0.00851371259634615,0.014244755125836788,0.007990036606011159,0.011104784211815348,0.007432740845906045,0.004983218422687335,0.005437835523436226,0.00390625,0.0026673543456039806,0.0018861043456039803,
20,Vehicle_9,8936382,40,0.00999305450672041,0.005334708691207961,0.007274135026211259,0.009310667372498683,0.004877733241672171,0.0068750300701968725,0.000838422268671493,0.00032085031154653246,0.0007746011736272714,0.003125,0.0018861043456039803,0.0018861043456039803,
20,Vehicle_9,8936382,60,0.009665738806936362,0.006946819326427213,0.005334708691207961,0.009788915983574514,0.007251636604795397,0.005257359156992733,0.0009423008718476204,0.0006663073364014482,0.0006663073364014482,0.003125,0.0018861043456039808,0.0018861043456039803,
20,Vehicle_9,8936382,80,0.01953361717457452,0.0129461467280199,0.012272270933119004,0.01823029446120727,0.012153918853498553,0.011107041732769113,0.0009372921988136027,0.0006627656697343482,0.0006627656697343481,0.00625,0.004324635864009951,0.003543385864009951,
20,Vehicle_9,8936382,100,0.010046185776525851,0.00533470869120796,0.007327266296016704,0.00974762416340411,0.005200057285676089,0.007257488822759825,0.002806588931219766,0.0011336143709545102,0.0024376119705070546,0.003125,0.0018861043456039803,0.0018861043456039803,
20,Vehicle_9,8936382,120,0.01643433654015792,0.00940276086400995,0.01171515051397287,0.01596633936888574,0.009478332469167095,0.01128020959055392,0.0009382810164526651,0.0006634648693922861,0.0006634648693922861,0.003125,0.0018861043456039803,0.0018861043456039803,
