window_size,vehicle,ride,start,scale,scale x,scale y,offset,offset x,offset y,no scale,no scale x,no scale y,only offset,only offset x,only offset y,
20,Vehicle_9,8936382,0,0.016806673019879682,0.009977192072807369,0.011873904832162,0.016477228019916315,0.009075569413444737,0.012331737383129265,0.016806673019879682,0.009977192072807369,0.011873904832162,0.016477228019916315,0.009075569413444737,0.012331737383129265,
20,Vehicle_9,8936382,20,0.016806673019879682,0.009977192072807369,0.011873904832162,0.016477228019916315,0.009075569413444737,0.012331737383129265,0.016806673019879682,0.009977192072807369,0.011873904832162,0.016477228019916315,0.009075569413444737,0.012331737383129265,
20,Vehicle_9,8936382,40,0.016806673019879682,0.009977192072807369,0.011873904832162,0.016477228019916315,0.009075569413444737,0.012331737383129265,0.016806673019879682,0.009977192072807369,0.011873904832162,0.016477228019916315,0.009075569413444737,0.012331737383129265,
20,Vehicle_9,8936382,60,0.016806673019879682,0.009977192072807369,0.011873904832162,0.016477228019916315,0.009075569413444737,0.012331737383129265,0.016806673019879682,0.009977192072807369,0.011873904832162,0.016477228019916315,0.009075569413444737,0.012331737383129265,
20,Vehicle_9,8936382,80,0.016806673019879682,0.009977192072807369,0.011873904832162,0.016477228019916315,0.009075569413444737,0.012331737383129265,0.016806673019879682,0.009977192072807369,0.011873904832162,0.016477228019916315,0.009075569413444737,0.012331737383129265,
20,Vehicle_9,8936382,100,0.016806673019879682,0.009977192072807369,0.011873904832162,0.016477228019916315,0.009075569413444737,0.012331737383129265,0.016806673019879682,0.009977192072807369,0.011873904832162,0.016477228019916315,0.009075569413444737,0.012331737383129265,
20,Vehicle_9,8936382,120,0.016806673019879682,0.009977192072807369,0.011873904832162,0.016477228019916315,0.009075569413444737,0.012331737383129265,0.016806673019879682,0.009977192072807369,0.011873904832162,0.016477228019916315,0.009075569413444737,0.012331737383129265,
