window_size,vehicle,ride,start,scale,scale x,scale y,offset,offset x,offset y,no scale,no scale x,no scale y,only offset,only offset x,only offset y,
20,Vehicle_16,9177298,0,0.010135872583226024,0.005780572912973601,0.007250769243886498,0.01086155495372558,0.005961011677730557,0.007971458335706299,0.00027245464009475605,0.0002360509885990992,0.00011748964128913377,0.001041665598718136,0.0006997971293906662,0.0006384182173172184,
20,Vehicle_16,9177298,20,0.009018020366753038,0.004808161439466956,0.006826566633236795,0.010149200794688604,0.005430970557613942,0.007620958282368326,0.00027236713641340626,0.00017670033921305425,0.00017672728888235505,0.0009982267483593754,0.0006593358187044398,0.0006159315742252745,
20,Vehicle_16,9177298,40,0.014541365118363367,0.008938767278482548,0.009651212254264416,0.01527999497249421,0.009445759965139846,0.010128856145488177,0.00035616400076071773,0.00025763499157067504,0.0001984256876135324,0.0011719857817831427,0.0008185157742558979,0.0006817927940399543,
20,Vehicle_16,9177298,60,0.009953651203697539,0.005452894602072799,0.007331600156888125,0.010088837750250268,0.005460276454347792,0.007450468891835666,0.0001886313027322497,0.0001550838621949127,9.579456515566391e-05,0.0009548634032727798,0.0006159550838517281,0.0006159489639913911,
