window_size,vehicle,ride,start,scale,scale x,scale y,offset,offset x,offset y,no scale,no scale x,no scale y,only offset,only offset x,only offset y,
20,Vehicle_16,9177298,0,0.010708880267411387,0.005804509561141074,0.007747038422359518,0.01115173694508113,0.006032985799502436,0.008189666205299017,0.0005803214429638642,0.00032416272167106006,0.00040444405085559345,0.0011284722222222221,0.0007432013835949841,0.0006818205866169853,
20,Vehicle_16,9177298,20,0.009111804903074063,0.004463299024736039,0.0070606580142533,0.010500095521283696,0.005523205919579788,0.00787961764699623,0.0064832362789956155,0.0031148187395600977,0.005052803970452717,0.006697618712207119,0.003412829300054224,0.005158084928859462,
20,Vehicle_16,9177298,40,0.015347893498328075,0.009304790357283292,0.010159175764425791,0.015695541822301762,0.009565597519147678,0.01042456544128262,0.004991333364412755,0.002993677171623593,0.0032680801550473704,0.005304951980725606,0.003288339684211959,0.003485716678749133,
20,Vehicle_16,9177298,60,0.010402672087488036,0.00554108620900153,0.007649026655972752,0.010366913196000322,0.005489441741200298,0.00769937905073055,0.0029287632323039274,0.0013765108817999324,0.0022544195997911986,0.0035969719982810256,0.001946287928332553,0.002624253799,
