window_size,vehicle,ride,start,scale,scale x,scale y,offset,offset x,offset y,no scale,no scale x,no scale y,only offset,only offset x,only offset y,
20,Vehicle_16,9177298,0,0.010713940827327857,0.005804509561141071,0.007752098982275985,0.011147618420108524,0.006032985799502433,0.00818554768032643,0.000356300687181078,0.0002577526205272557,0.00019847775570645744,0.0011284722222222225,0.0007432013835949843,0.0006818205866169853,
20,Vehicle_16,9177298,20,0.009100027948429712,0.0044632990247360374,0.007048881059608942,0.010462743977402891,0.005523205919579787,0.00784226610311543,0.00025139381608159795,0.00018353848248332441,0.00012435480446217298,0.0011284722222222221,0.0007461592111740583,0.0006593536556185026,
20,Vehicle_16,9177298,40,0.015329374502867563,0.009338429262042286,0.010107017864206274,0.01564744618917037,0.00956211305918239,0.010379954268116507,0.0005445728616156272,0.00035330086077655737,0.0003533464956762205,0.0013020833333333333,0.0009051827554512721,0.0007252233643947632,
20,Vehicle_16,9177298,60,0.010402593361575565,0.0055155075254062465,0.007674526613655575,0.01039929343349558,0.005521821978695554,0.007699379050730548,0.00016769545595296238,0.00010269207481703211,0.00010269207481703267,0.0010416666666666669,0.0006593536556185026,0.0006593536556185026,
