subdir,file,cluster,size,16all_distances_scaled_to_max_trajs_distances_offset,16all_distances_scaled_to_max_trajs_distances_offset x,16all_distances_scaled_to_max_trajs_distances_offset y,16all_nums_scaled_to_max_trajs_num_intersections_offset
only_rays_acceler_heading_size_16_,filenames_in_cluster_test KMeans test nclus 8,7,252,8.861562968657856e-07,1.8082083498842903e-06,1.3023750607242517e-06,4.12674808496806e-06
only_rays_acceler_heading_size_16_,filenames_in_cluster_test KMeans test nclus 8,0,159,1.5349537511475296e-06,1.0755549549047648e-06,1.7452815698564257e-06,1.386767306116371e-06
only_rays_acceler_heading_size_16_,filenames_in_cluster_test KMeans test nclus 8,1,42,1.2927027329365989e-05,5.961852553232196e-06,6.394622933434005e-06,1.3525796398891961e-05
only_rays_acceler_heading_size_16_,filenames_in_cluster_test KMeans test nclus 8,6,33,3.2425204278183752e-06,1.521692359102776e-06,1.9873820892276515e-06,7.710573374134188e-06
only_rays_acceler_heading_size_16_,filenames_in_cluster_test KMeans test nclus 8,5,57,2.204331230419131e-06,2.0112645741418943e-06,1.3540741371618102e-06,1.2129504582275048e-05
only_rays_acceler_heading_size_16_,filenames_in_cluster_test KMeans test nclus 8,4,41,4.861464547055403e-06,2.629307721362095e-06,2.9262345603664146e-06,1.0234867947287676e-05
only_rays_acceler_heading_size_16_,filenames_in_cluster_test KMeans test nclus 8,3,20,2.494123680894907e-05,1.05654892054109e-05,1.1415213422894603e-05,5.353510214681441e-05
only_rays_acceler_heading_size_16_,filenames_in_cluster_test KMeans test nclus 8,2,2,2.801124225925911e-07,4.726827000223784e-07,1.847071599736399e-06,2.4346433518005555e-05
