subdir,file,cluster,size,16all_distances_scaled_to_max_trajs_distances_offset,16all_distances_scaled_to_max_trajs_distances_offset x,16all_distances_scaled_to_max_trajs_distances_offset y,16all_nums_scaled_to_max_trajs_num_intersections_offset
only_rays_acceler_heading_size_16_,filenames_in_cluster_test KMeans test nclus 9,5,229,0.0036860847507244002,0.0048152524013406,0.0043836715560489,0.003289473684210526
only_rays_acceler_heading_size_16_,filenames_in_cluster_test KMeans test nclus 9,0,159,0.0050540947405972,0.004570302245116901,0.0044562389850091,0.003289473684210526
only_rays_acceler_heading_size_16_,filenames_in_cluster_test KMeans test nclus 9,7,67,0.0046388706054623,0.005129479907342,0.0048139383885579005,0.009868421052631582
only_rays_acceler_heading_size_16_,filenames_in_cluster_test KMeans test nclus 9,6,24,0.0136551885778077,0.009867387842922501,0.0095581655379737,0.016447368421052627
only_rays_acceler_heading_size_16_,filenames_in_cluster_test KMeans test nclus 9,4,35,0.008796040382839598,0.0062783491826505005,0.006750205868892101,0.013157894736842105
only_rays_acceler_heading_size_16_,filenames_in_cluster_test KMeans test nclus 9,2,34,0.0087666307882006,0.0073064320675827,0.0071797629202589985,0.009868421052631582
only_rays_acceler_heading_size_16_,filenames_in_cluster_test KMeans test nclus 9,8,42,0.009087999186452301,0.0077444415235566,0.0077572083044250995,0.009868421052631575
only_rays_acceler_heading_size_16_,filenames_in_cluster_test KMeans test nclus 9,1,14,0.0157118989946087,0.0104423564970485,0.010644136131438902,0.019736842105263157
only_rays_acceler_heading_size_16_,filenames_in_cluster_test KMeans test nclus 9,3,2,0.0010585129618338948,0.0013750384722216007,0.002718140246371698,0.009868421052631582
