subdir,file,cluster,size,16all_distances_scaled_to_max_trajs_distances_offset,16all_distances_scaled_to_max_trajs_distances_offset x,16all_distances_scaled_to_max_trajs_distances_offset y,16all_nums_scaled_to_max_trajs_num_intersections_offset
only_rays_acceler_heading_size_16_,filenames_in_cluster_test KMeans test nclus 10,5,229,0.0036860847507244002,0.0048152524013406,0.0043836715560489,0.003289473684210526
only_rays_acceler_heading_size_16_,filenames_in_cluster_test KMeans test nclus 10,8,159,0.0050540947405972,0.004570302245116901,0.0044562389850091,0.003289473684210526
only_rays_acceler_heading_size_16_,filenames_in_cluster_test KMeans test nclus 10,3,70,0.005101917223948699,0.005129479907342,0.0048139383885579005,0.009868421052631582
only_rays_acceler_heading_size_16_,filenames_in_cluster_test KMeans test nclus 10,4,25,0.0165808071798364,0.010989393607664901,0.0104742040651167,0.013157894736842105
only_rays_acceler_heading_size_16_,filenames_in_cluster_test KMeans test nclus 10,0,35,0.008796040382839598,0.0062783491826505005,0.006750205868892101,0.013157894736842105
only_rays_acceler_heading_size_16_,filenames_in_cluster_test KMeans test nclus 10,2,35,0.009655747162155198,0.008087959085392,0.0086872665843908,0.009868421052631582
only_rays_acceler_heading_size_16_,filenames_in_cluster_test KMeans test nclus 10,7,42,0.0108612374391173,0.0104651302360629,0.0077572083044250995,0.016447368421052627
only_rays_acceler_heading_size_16_,filenames_in_cluster_test KMeans test nclus 10,1,8,0.013738142856964699,0.006711459800540701,0.010644136131438902,0.016447368421052627
only_rays_acceler_heading_size_16_,filenames_in_cluster_test KMeans test nclus 10,6,3,0.002903896772902599,0.0020051700184875003,0.0031956411761101984,0.013157894736842105
