subdir,file,cluster,size,16all_distances_scaled_to_max_trajs_distances_offset,16all_distances_scaled_to_max_trajs_distances_offset x,16all_distances_scaled_to_max_trajs_distances_offset y,16all_nums_scaled_to_max_trajs_num_intersections_offset
only_rays_acceler_heading_size_16_,filenames_in_cluster_train KMeans test nclus 8,7,345,0.0035505005847450005,0.0043361843018295005,0.0048472816784136,0.006578947368421052
only_rays_acceler_heading_size_16_,filenames_in_cluster_train KMeans test nclus 8,0,237,0.0058195877688020006,0.0054424250607989,0.0049511078836277,0.003289473684210526
only_rays_acceler_heading_size_16_,filenames_in_cluster_train KMeans test nclus 8,4,62,0.0108115881510852,0.008493976777814001,0.008603533653738699,0.009868421052631582
only_rays_acceler_heading_size_16_,filenames_in_cluster_train KMeans test nclus 8,6,50,0.0088035694799183,0.0061292954119904,0.0065465567431190995,0.009868421052631578
only_rays_acceler_heading_size_16_,filenames_in_cluster_train KMeans test nclus 8,5,66,0.0058852056927429005,0.006115898773658001,0.0049466915085192,0.016447368421052627
only_rays_acceler_heading_size_16_,filenames_in_cluster_train KMeans test nclus 8,1,55,0.0142166274472479,0.008950135348770899,0.010691957987439,0.013157894736842105
only_rays_acceler_heading_size_16_,filenames_in_cluster_train KMeans test nclus 8,3,35,0.0215408084772235,0.0121340238237191,0.0160381534875312,0.026315789473684216
only_rays_acceler_heading_size_16_,filenames_in_cluster_train KMeans test nclus 8,2,10,0.0172660118178286,0.0105381318464167,0.0112366540551593,0.03618421052631578
