window_size,vehicle,ride,start,scale,scale x,scale y,offset,offset x,offset y,no scale,no scale x,no scale y,only offset,only offset x,only offset y,
20,Vehicle_17,9079303,0,0.00851934908920843,0.004128982619117986,0.006834548209909065,0.009870122012592355,0.005058462853141653,0.0076859298628502775,5.8937130759005486e-05,4.167484482337086e-05,4.167484482337121e-05,0.0007324227141028985,0.0004713469774711342,0.0004713462822966922,
20,Vehicle_17,9079303,20,0.008434019893332203,0.004073048282028267,0.006772413425620363,0.009850886615682461,0.005037428849683006,0.007687728469397964,5.8940760800124094e-05,4.167741165006164e-05,4.167741165006233e-05,0.0007323648540177997,0.0004712884360204294,0.00047134696366229816,
20,Vehicle_17,9079303,40,0.01049674503162539,0.005842655650674867,0.007523147299366804,0.011406489126233816,0.006567378382391109,0.007984487163973295,5.8939724999175386e-05,4.167667922818693e-05,4.1676679228187447e-05,0.0008789058727740166,0.0005976538818708999,0.0005442882912321398,
20,Vehicle_17,9079303,60,0.009004133636974677,0.004688427921506711,0.00685609107268603,0.010058174875226781,0.005178626672562234,0.007791330468791014,5.893926234141852e-05,4.16763520797496e-05,4.167635207975029e-05,0.0007323934994829869,0.0004713087068054799,0.00047135533834243503,
20,Vehicle_17,9079303,80,0.008531107519946903,0.004153341401225996,0.006816108154975545,0.009875580852942701,0.005064153476911946,0.007685698079429681,5.893396335639637e-05,4.167260513150712e-05,4.167260513150764e-05,0.0007324382144039812,0.00047136175349069416,0.0004713470065782148,
