window_size,vehicle,ride,start,scale,scale x,scale y,offset,offset x,offset y,no scale,no scale x,no scale y,only offset,only offset x,only offset y,
20,Vehicle_16,8446872,0,0.011453750299668728,0.0066346779222418535,0.007715602055232999,0.01197240505203137,0.007167977927266045,0.007931090732556807,0.011453750299668728,0.0066346779222418535,0.007715602055232999,0.01197240505203137,0.007167977927266045,0.007931090732556807,
20,Vehicle_16,8446872,20,0.01052988631468606,0.005911852847101721,0.007363872241782853,0.010926162796802951,0.006150789775633938,0.007686523877730313,0.01052988631468606,0.005911852847101721,0.007363872241782853,0.010926162796802951,0.006150789775633938,0.007686523877730313,
20,Vehicle_16,8446872,40,0.010177518723184585,0.005415326389441549,0.007512016740797431,0.011098912811323844,0.006014459147212035,0.008092856970765623,0.010177518723184585,0.005415326389441549,0.007512016740797431,0.011098912811323844,0.006014459147212035,0.008092856970765623,
20,Vehicle_16,8446872,60,0.012781892158660756,0.007962589033249702,0.008105066847840287,0.012520764132177679,0.0076893520848346,0.0080276086379432,0.012781892158660756,0.007962589033249702,0.008105066847840287,0.012520764132177679,0.0076893520848346,0.0080276086379432,
20,Vehicle_16,8446872,80,0.00965285969219716,0.007404859279683825,0.0049196686661092835,0.009892539536966236,0.007631751505460768,0.005107932273632674,0.00965285969219716,0.007404859279683825,0.0049196686661092835,0.009892539536966236,0.007631751505460768,0.005107932273632674,
20,Vehicle_16,8446872,100,0.010779653879534907,0.006062175657445529,0.0075496031942196805,0.011249265386335475,0.006351586437311572,0.00796333696157889,0.010779653879534907,0.006062175657445529,0.0075496031942196805,0.011249265386335475,0.006351586437311572,0.00796333696157889,
20,Vehicle_16,8446872,120,0.01178952841556029,0.0066267384512367685,0.008272544025569917,0.012488626558160347,0.007016706058203069,0.008873144185455985,0.01178952841556029,0.0066267384512367685,0.008272544025569917,0.012488626558160347,0.007016706058203069,0.008873144185455985,
20,Vehicle_16,8446872,140,0.014868305287198052,0.008213464399998635,0.01075085343079743,0.015437202779192518,0.00848061555432274,0.011298928900891904,0.014868305287198052,0.008213464399998635,0.01075085343079743,0.015437202779192518,0.00848061555432274,0.011298928900891904,
