window_size,vehicle,ride,start,scale,scale x,scale y,offset,offset x,offset y,no scale,no scale x,no scale y,only offset,only offset x,only offset y,
20,Vehicle_16,8446872,0,0.010612568824359429,0.006166484042467571,0.007342614459708119,0.011276244993257543,0.0067999269917942235,0.007602981609243187,0.0,0.0,0.0,0.0011250049270833335,0.000726722064334381,0.0007267207414177133,
20,Vehicle_16,8446872,20,0.009911857098229239,0.005666417177418443,0.00699127869501134,0.010462323320914835,0.0059514581322226085,0.0074220160452558555,0.0,0.0,0.0,0.0011250016469444434,0.0007267199980843806,0.0007267195275288234,
20,Vehicle_16,8446872,40,0.009529195492494563,0.005329133601928289,0.0069498862976191565,0.01056794581084668,0.005746482824645728,0.007829866292855028,0.0,0.0,0.0,0.0011250705389253724,0.0007267725192952171,0.0007267358982989158,
20,Vehicle_16,8446872,60,0.012014111098711365,0.007570907982429572,0.007728966838712262,0.011686791325280192,0.007216937643887547,0.007666050271991898,0.0,0.0,0.0,0.0011248874297925913,0.0007266598087309326,0.0007266654997304194,
20,Vehicle_16,8446872,80,0.009645305047106317,0.007397304634594775,0.004919668666105639,0.009819348674571805,0.007582177727462058,0.005084315189238519,0.0,0.0,0.0,0.0011251023799767478,0.0007266862672803712,0.0007268539913651369,
20,Vehicle_16,8446872,100,0.010425818326298762,0.006062175657442023,0.0071957676409904366,0.010998500948582584,0.006251197734603869,0.007812961226532402,0.0,0.0,0.0,0.0011249747443831464,0.0007266488452343806,0.0007267637778175259,
20,Vehicle_16,8446872,120,0.011940512881127168,0.006991237339091961,0.008359834214605882,0.012228431979672057,0.007016706058188861,0.008612949606973645,0.0,0.0,0.0,0.001375005143749998,0.000964485468408169,0.0008039759316781136,
20,Vehicle_16,8446872,140,0.01551406547999855,0.008917017321767385,0.011083057554584545,0.015232877752351352,0.008557319511412623,0.011017899916992771,0.0,0.0,0.0,0.0013750167865833331,0.0009013311951678085,0.0009013240317511401,
