window_size,vehicle,ride,start,scale,scale x,scale y,offset,offset x,offset y,no scale,no scale x,no scale y,only offset,only offset x,only offset y,
20,Vehicle_17,8500643,0,0.004540035903981924,0.003125,0.0032456185215660014,0.007913518582526438,0.0050674696534564155,0.004676631546654101,0.0,0.0,0.0,0.0031252706249999206,0.001562778593749914,0.0015624920312500069,
20,Vehicle_17,8500643,20,0.007579428473240661,0.0046875,0.005637802399625224,0.012646392758952069,0.007522321428757222,0.007869945256603299,0.0,0.0,0.0,0.004687032272673775,0.001562010156249949,0.0031250221164238257,
20,Vehicle_17,8500643,40,0.004694503428285535,0.003125,0.0034000860458696124,0.010237946155995796,0.007266199137979323,0.004802329635600551,0.0,0.0,0.0,0.004688161651832545,0.003125594476495719,0.0015625671753368264,
