window_size,vehicle,ride,start,scale,scale x,scale y,offset,offset x,offset y,no scale,no scale x,no scale y,only offset,only offset x,only offset y,
20,Vehicle_17,8500643,0,0.007544417382415921,0.003125,0.006250000000000001,0.010669417382415922,0.00625,0.006250000000000001,0.007544417382415921,0.003125,0.006250000000000001,0.010669417382415922,0.00625,0.006250000000000001,
20,Vehicle_17,8500643,20,0.01287912607362388,0.0046875,0.0109375,0.014875067632024947,0.0078125,0.009808441558401066,0.01287912607362388,0.0046875,0.0109375,0.014875067632024947,0.0078125,0.009808441558401066,
20,Vehicle_17,8500643,40,0.007544417382415921,0.003125,0.00625,0.013794417382415922,0.009374999999999998,0.006250000000000001,0.007544417382415921,0.003125,0.00625,0.013794417382415922,0.009374999999999998,0.006250000000000001,
