window_size,vehicle,ride,start,scale,scale x,scale y,offset,offset x,offset y,no scale,no scale x,no scale y,only offset,only offset x,only offset y,
20,Vehicle_11,9289849,0,0.010267501130130316,0.004934210526315789,0.008223684210526315,0.019072793687540418,0.013058230777191052,0.009868421052631578,0.0,0.0,0.0,0.009868421052631578,0.006578947368421052,0.003289473684210526,
20,Vehicle_11,9289849,20,0.010267501130130316,0.004934210526315789,0.008223684210526315,0.019072793687540418,0.013058230777191052,0.009868421052631578,0.0,0.0,0.0,0.009868421052631578,0.006578947368421052,0.003289473684210526,
20,Vehicle_11,9289849,40,0.010267501130130316,0.004934210526315789,0.008223684210526315,0.019072793687540418,0.013058230777191052,0.009868421052631578,0.0,0.0,0.0,0.009868421052631578,0.006578947368421052,0.003289473684210526,
20,Vehicle_11,9289849,60,0.010267501130130316,0.004934210526315789,0.008223684210526315,0.019072793687540418,0.013058230777191052,0.009868421052631578,0.0,0.0,0.0,0.009868421052631578,0.006578947368421052,0.003289473684210526,
20,Vehicle_11,9289849,80,0.010267501130130316,0.004934210526315789,0.008223684210526315,0.019072793687540418,0.013058230777191052,0.009868421052631578,0.0,0.0,0.0,0.009868421052631578,0.006578947368421052,0.003289473684210526,
20,Vehicle_11,9289849,100,0.010267501130130316,0.004934210526315789,0.008223684210526315,0.019072793687540418,0.013058230777191052,0.009868421052631578,0.0,0.0,0.0,0.009868421052631578,0.006578947368421052,0.003289473684210526,
20,Vehicle_11,9289849,120,0.010267501130130316,0.004934210526315789,0.008223684210526315,0.019072793687540418,0.013058230777191052,0.009868421052631578,0.0,0.0,0.0,0.009868421052631578,0.006578947368421052,0.003289473684210526,
20,Vehicle_11,9289849,140,0.010267501130130316,0.004934210526315789,0.008223684210526315,0.019072793687540418,0.013058230777191052,0.009868421052631578,0.0,0.0,0.0,0.009868421052631578,0.006578947368421052,0.003289473684210526,
20,Vehicle_11,9289849,160,0.010267501130130316,0.004934210526315789,0.008223684210526315,0.019072793687540418,0.013058230777191052,0.009868421052631578,0.0,0.0,0.0,0.009868421052631578,0.006578947368421052,0.003289473684210526,
20,Vehicle_11,9289849,180,0.010267501130130316,0.004934210526315789,0.008223684210526315,0.019072793687540418,0.013058230777191052,0.009868421052631578,0.0,0.0,0.0,0.009868421052631578,0.006578947368421052,0.003289473684210526,
