window_size,vehicle,ride,start,scale,scale x,scale y,offset,offset x,offset y,no scale,no scale x,no scale y,only offset,only offset x,only offset y,
20,Vehicle_11,9289849,0,0.009754126073623883,0.0046875,0.007812500000000002,0.015904157722822637,0.012040607026922064,0.007524715931068731,0.0,0.0,0.0,0.009375,0.00625,0.003125,
20,Vehicle_11,9289849,20,0.007544417382415923,0.003125,0.00625,0.010669417382415922,0.00625,0.006250000000000001,0.0,0.0,0.0,0.00625,0.003125,0.003125,
20,Vehicle_11,9289849,40,0.01066941738241592,0.00625,0.00625,0.009102964398539443,0.00625,0.004683547016123521,0.0,0.0,0.0,0.00625,0.003125,0.003125,
20,Vehicle_11,9289849,60,0.01066941738241592,0.00625,0.00625,0.013794417382415922,0.009375,0.00625,0.0,0.0,0.0,0.00625,0.003125,0.003125,
20,Vehicle_11,9289849,80,0.01066941738241592,0.00625,0.00625,0.009131498644736885,0.00625,0.0047120812623209635,0.0,0.0,0.0,0.00625,0.003125,0.003125,
20,Vehicle_11,9289849,100,0.007544417382415922,0.003125,0.00625,0.007836269919218507,0.003416852536802584,0.00625,0.0,0.0,0.0,0.00625,0.003125,0.003125,
20,Vehicle_11,9289849,120,0.007147170984190142,0.00585275360177422,0.003125,0.009370332697353873,0.00495091531493795,0.00625,0.0,0.0,0.0,0.00625,0.003125,0.003125,
20,Vehicle_11,9289849,140,0.010669417382415922,0.00625,0.00625,0.010669417382415922,0.00625,0.00625,0.0,0.0,0.0,0.00625,0.003125,0.003125,
20,Vehicle_11,9289849,160,0.010669417382415924,0.00625,0.006250000000000001,0.010310401398396531,0.00625,0.00589098401598061,0.0,0.0,0.0,0.00625,0.0031250000000000006,0.003125,
20,Vehicle_11,9289849,180,0.0096809429048589,0.0046875000000000016,0.007739316831235016,0.018119154003163444,0.012405319238331599,0.009375,0.0,0.0,0.0,0.007735488704819053,0.004610488704819052,0.003125,
