window_size,vehicle,ride,start,scale,scale x,scale y,offset,offset x,offset y,no scale,no scale x,no scale y,only offset,only offset x,only offset y,
20,Vehicle_11,9289849,0,0.009754126073623883,0.004687500000000001,0.0078125,0.015122678973693515,0.009408844208861669,0.009375,0.009754126073623883,0.004687500000000001,0.0078125,0.015122678973693515,0.009408844208861669,0.009375,
20,Vehicle_11,9289849,20,0.007544417382415921,0.003125,0.00625,0.009784763409912682,0.00625,0.005365346027496762,0.007544417382415921,0.003125,0.00625,0.009784763409912682,0.00625,0.005365346027496762,
20,Vehicle_11,9289849,40,0.010669417382415922,0.00625,0.00625,0.010669417382415922,0.00625,0.006250000000000001,0.010669417382415922,0.00625,0.00625,0.010669417382415922,0.00625,0.006250000000000001,
20,Vehicle_11,9289849,60,0.01038913997223736,0.005969722589821437,0.006250000000000001,0.013794417382415922,0.009375,0.00625,0.01038913997223736,0.005969722589821437,0.006250000000000001,0.013794417382415922,0.009375,0.00625,
20,Vehicle_11,9289849,80,0.010669417382415922,0.00625,0.00625,0.010669417382415924,0.0062499999999999995,0.00625,0.010669417382415922,0.00625,0.00625,0.010669417382415924,0.0062499999999999995,0.00625,
20,Vehicle_11,9289849,100,0.007544417382415921,0.003125,0.00625,0.007836269919218505,0.003416852536802584,0.00625,0.007544417382415921,0.003125,0.00625,0.007836269919218505,0.003416852536802584,0.00625,
20,Vehicle_11,9289849,120,0.007147170984190142,0.00585275360177422,0.003125,0.009370332697353873,0.004950915314937949,0.00625,0.007147170984190142,0.00585275360177422,0.003125,0.009370332697353873,0.004950915314937949,0.00625,
20,Vehicle_11,9289849,140,0.008536369582673845,0.004116952200257923,0.006250000000000001,0.008350178374419434,0.0039307609920035125,0.006250000000000001,0.008536369582673845,0.004116952200257923,0.006250000000000001,0.008350178374419434,0.0039307609920035125,0.006250000000000001,
20,Vehicle_11,9289849,160,0.010669417382415922,0.00625,0.006250000000000001,0.010669417382415922,0.00625,0.006250000000000001,0.010669417382415922,0.00625,0.006250000000000001,0.010669417382415922,0.00625,0.006250000000000001,
20,Vehicle_11,9289849,180,0.009754126073623883,0.0046875,0.0078125,0.015005258048670278,0.009291423283838432,0.009375000000000003,0.009754126073623883,0.0046875,0.0078125,0.015005258048670278,0.009291423283838432,0.009375000000000003,
