window_size,vehicle,ride,start,scale,scale x,scale y,offset,offset x,offset y,no scale,no scale x,no scale y,only offset,only offset x,only offset y,
20,Vehicle_11,9289849,0,0.0061428509768606315,0.0032894736842340004,0.004780306363798105,0.014857170512772,0.009780445561952525,0.008930583093146,0.0,0.0,0.0,0.0049343641431015784,0.0032894518486936844,0.0016449122944078949,
20,Vehicle_11,9289849,20,0.0061428509768606315,0.0032894736842340004,0.004780306363798105,0.014857170512772,0.009780445561952525,0.008930583093146,0.0,0.0,0.0,0.0049343641431015784,0.0032894518486936844,0.0016449122944078949,
20,Vehicle_11,9289849,40,0.0061428509768606315,0.0032894736842340004,0.004780306363798105,0.014857170512772,0.009780445561952525,0.008930583093146,0.0,0.0,0.0,0.0049343641431015784,0.0032894518486936844,0.0016449122944078949,
20,Vehicle_11,9289849,60,0.0061428509768606315,0.0032894736842340004,0.004780306363798105,0.014857170512772,0.009780445561952525,0.008930583093146,0.0,0.0,0.0,0.0049343641431015784,0.0032894518486936844,0.0016449122944078949,
20,Vehicle_11,9289849,80,0.0061428509768606315,0.0032894736842340004,0.004780306363798105,0.014857170512772,0.009780445561952525,0.008930583093146,0.0,0.0,0.0,0.0049343641431015784,0.0032894518486936844,0.0016449122944078949,
20,Vehicle_11,9289849,100,0.0061428509768606315,0.0032894736842340004,0.004780306363798105,0.014857170512772,0.009780445561952525,0.008930583093146,0.0,0.0,0.0,0.0049343641431015784,0.0032894518486936844,0.0016449122944078949,
20,Vehicle_11,9289849,120,0.0061428509768606315,0.0032894736842340004,0.004780306363798105,0.014857170512772,0.009780445561952525,0.008930583093146,0.0,0.0,0.0,0.0049343641431015784,0.0032894518486936844,0.0016449122944078949,
20,Vehicle_11,9289849,140,0.0061428509768606315,0.0032894736842340004,0.004780306363798105,0.014857170512772,0.009780445561952525,0.008930583093146,0.0,0.0,0.0,0.0049343641431015784,0.0032894518486936844,0.0016449122944078949,
20,Vehicle_11,9289849,160,0.0061428509768606315,0.0032894736842340004,0.004780306363798105,0.014857170512772,0.009780445561952525,0.008930583093146,0.0,0.0,0.0,0.0049343641431015784,0.0032894518486936844,0.0016449122944078949,
20,Vehicle_11,9289849,180,0.0061428509768606315,0.0032894736842340004,0.004780306363798105,0.014857170512772,0.009780445561952525,0.008930583093146,0.0,0.0,0.0,0.0049343641431015784,0.0032894518486936844,0.0016449122944078949,
