window_size,vehicle,ride,start,scale,scale x,scale y,offset,offset x,offset y,no scale,no scale x,no scale y,only offset,only offset x,only offset y,
20,Vehicle_6,9476572,0,0.008962369025074092,0.004280885363627838,0.007085793088797339,0.01006333617721678,0.005131668431462536,0.007753820840712501,0.0,0.0,0.0,0.0015624999999999999,0.0009819022445558298,0.0009819022445558298,
20,Vehicle_6,9476572,20,0.009328493247199839,0.004321301811311682,0.0074920609457674,0.010064642914047874,0.005131668431462535,0.007755127577543589,0.00023575996891953737,0.00016670747275533457,0.00016670747275533454,0.0015625,0.0009819022445558298,0.0009819022445558298,
20,Vehicle_6,9476572,40,0.009674901591047749,0.0049075216160254604,0.007413173178157627,0.010087950207012229,0.005131668431462536,0.007778434870507943,0.0007072775744908894,0.0005001207691036813,0.0005001207691036813,0.0015625,0.0009819022445558298,0.0009819022445558298,
