window_size,vehicle,ride,start,scale,scale x,scale y,offset,offset x,offset y,no scale,no scale x,no scale y,only offset,only offset x,only offset y,
20,Vehicle_6,9476572,0,0.009769509830705068,0.004947723950028835,0.0076167203080273185,0.00996993094924798,0.005131668431462536,0.007660415612743685,0.0005691249227206737,0.00020546009574192326,0.000515204029935227,0.0015625,0.0009819022445558298,0.0009819022445558298,
20,Vehicle_6,9476572,20,0.008968632878578714,0.004322534673219828,0.007130967715238133,0.01015428835240705,0.005131668431462535,0.007844773015902766,0.0009045121004597638,0.0003914006917332678,0.0007796782994714353,0.0015625,0.0009819022445558298,0.0009819022445558298,
20,Vehicle_6,9476572,40,0.009660949016216393,0.004907521616025464,0.007399220603326265,0.009986414923597016,0.005131668431462535,0.007676899587092726,0.001550145417388936,0.0007565791208039017,0.0012849913540599858,0.0015625,0.0009819022445558298,0.0009819022445558298,
