subdir,file,cluster,size,all_feats_scaled_to_max_max_x,all_feats_scaled_to_max_max_y,all_feats_scaled_to_max_surf_trapz_x,all_feats_scaled_to_max_surf_trapz_y,all_feats_scaled_to_max_surf_simpson_x,all_feats_scaled_to_max_surf_simpson_y,all_feats_scaled_to_max_duration,all_feats_scaled_to_max_len,all_feats_scaled_to_max_offset,all_feats_scaled_to_max_mean_speed_len,all_feats_scaled_to_max_mean_speed_offset,all_feats_scaled_to_max_len_vs_offset,all_feats_scaled_to_max_total_surf,all_feats_scaled_to_max_monotonous
no_rays_no_same,filenames_in_cluster_test KMeans test nclus 6,1,267,0.1773599999978614,0.14765999999966078,1.4832429422454705,1.0155948517055553,1.4841832504532995,1.0136422897760393,2.953000068664551,0.3342720614378026,0.17737592494376941,0.017788557084143102,0.009391196462264,2.5612070758739645,0.010682088800092273,3.0
no_rays_no_same,filenames_in_cluster_test KMeans test nclus 6,3,98,0.5313599999993812,0.2500200000000064,4.786387769100904,1.63189852259443,4.766326284984655,1.6322794478168807,3.6469998359680176,0.5092615574243322,0.5532457920425191,0.0273889206025377,0.028997184670924398,2.9368182074468288,0.028340887600064,3.0
no_rays_no_same,filenames_in_cluster_test KMeans test nclus 6,5,121,0.1636399999995319,0.2450000000003172,1.5173741501836102,1.4995571462130532,1.5162331486353267,1.4955946893346797,2.440999984741211,0.2508578453538845,0.24826914426629282,0.012456269338754797,0.012729970300119301,2.384003243703109,0.0094266076000204,3.0
no_rays_no_same,filenames_in_cluster_test KMeans test nclus 6,2,98,0.32204000000035654,0.36634000000006495,3.1832873850036156,3.2070428360391197,3.1816904294782407,5.502532812748857,3.2260000705718994,0.3419109936473935,0.42489650735110207,0.0174053927113995,0.0216200565490584,2.635631532737729,0.020406331199540502,3.0
no_rays_no_same,filenames_in_cluster_test KMeans test nclus 6,0,20,0.035680000002003,0.1510000000003231,0.4048438207099931,1.8405518979656614,0.40458411881447787,1.8434803723137254,2.399999856948856,0.27112677425234544,0.045275344545955304,0.0141087083140417,0.0022672408143423,12.285272743160702,0.003823076399960899,0.0
no_rays_no_same,filenames_in_cluster_test KMeans test nclus 6,4,2,0.032360000000153405,0.0176600000003191,0.3513651586762489,0.27366726821558296,0.3506279956099878,0.2731175547521748,0.2539999485015869,0.0772249853801189,0.0006600000006074,0.0040043086521251,3.5071392894565505e-05,276.1120117850799,0.0006141691999828645,0.0
