subdir,file,cluster,size,all_feats_scaled_to_max_max_x,all_feats_scaled_to_max_max_y,all_feats_scaled_to_max_surf_trapz_x,all_feats_scaled_to_max_surf_trapz_y,all_feats_scaled_to_max_surf_simpson_x,all_feats_scaled_to_max_surf_simpson_y,all_feats_scaled_to_max_duration,all_feats_scaled_to_max_len,all_feats_scaled_to_max_offset,all_feats_scaled_to_max_mean_speed_len,all_feats_scaled_to_max_mean_speed_offset,all_feats_scaled_to_max_len_vs_offset,all_feats_scaled_to_max_total_surf,all_feats_scaled_to_max_monotonous
no_rays_no_same,filenames_in_cluster_test DBSCAN test nclus 4,0,597,0.006141872463670242,0.012963395646254362,0.6596350123888568,1.3145856012657682,0.659476216201422,1.3147902164459973,0.3334868492892241,0.013405455964413133,0.012756418146141141,3.61485749633144e-05,3.4321457087582206e-05,0.6504917924469837,8.946173826366252e-06,1.105123607989697
no_rays_no_same,filenames_in_cluster_test DBSCAN test nclus 4,-1,9,0.00046443547655189546,0.005329760888910854,0.02531785413888729,0.365795959072395,0.7735928700163366,5.384379328171963,0.3666397861966766,0.009456864065818174,0.005471098682814042,2.5221187841074355e-05,1.3653073878048366e-05,8365.200568704306,1.4522881339900486e-06,0.09876543209876543
