subdir,file,cluster,size,all_feats_scaled_to_max_max_x,all_feats_scaled_to_max_max_y,all_feats_scaled_to_max_surf_trapz_x,all_feats_scaled_to_max_surf_trapz_y,all_feats_scaled_to_max_surf_simpson_x,all_feats_scaled_to_max_surf_simpson_y,all_feats_scaled_to_max_duration,all_feats_scaled_to_max_len,all_feats_scaled_to_max_offset,all_feats_scaled_to_max_mean_speed_len,all_feats_scaled_to_max_mean_speed_offset,all_feats_scaled_to_max_len_vs_offset,all_feats_scaled_to_max_total_surf,all_feats_scaled_to_max_monotonous
no_rays_no_same,filenames_in_cluster_train KMeans test nclus 4,1,484,0.17510839738267378,0.2121476981786571,0.17400427738362706,0.2753179029625261,0.07311573274424062,0.2059724446146352,0.14955007064664574,0.19766055403537688,0.17036579112224498,0.20229830900890167,0.1669854031420762,0.21887770746774202,0.11899221641514268,0.31278137921406896
no_rays_no_same,filenames_in_cluster_train KMeans test nclus 4,0,217,0.18464084657718222,0.21534733019524407,0.17584200848961642,0.21100348176962405,0.1758275216145607,0.21162961330843622,0.14087892484954578,0.20799144193250568,0.19997460928130953,0.1999403791847068,0.2023922757740138,0.13141699744606836,0.12715233693685418,0.38103289372674753
no_rays_no_same,filenames_in_cluster_train KMeans test nclus 4,3,123,0.20039855437162898,0.26359245486348,0.21660237912924102,0.2674717456037157,0.2160057022083394,0.2668831527778972,0.1619483696060525,0.22267560223791633,0.20854840925707038,0.22823902420067724,0.21264519064277915,0.1581756632318808,0.19687406554872738,0.34882586254100995
no_rays_no_same,filenames_in_cluster_train KMeans test nclus 4,2,36,0.27211324876874854,0.28125772610820443,0.24328780161543984,0.22074869202661304,0.24293790124798204,0.22077519807588147,0.20105106136647216,0.281014183153893,0.29032609564425466,0.30873152371026963,0.279255902006923,0.17619945820255375,0.33332499401607607,nan
