subdir,file,cluster,size,all_feats_scaled_to_max_max_x,all_feats_scaled_to_max_max_y,all_feats_scaled_to_max_surf_trapz_x,all_feats_scaled_to_max_surf_trapz_y,all_feats_scaled_to_max_surf_simpson_x,all_feats_scaled_to_max_surf_simpson_y,all_feats_scaled_to_max_duration,all_feats_scaled_to_max_len,all_feats_scaled_to_max_offset,all_feats_scaled_to_max_mean_speed_len,all_feats_scaled_to_max_mean_speed_offset,all_feats_scaled_to_max_len_vs_offset,all_feats_scaled_to_max_total_surf,all_feats_scaled_to_max_monotonous
no_rays_no_same,filenames_in_cluster_test KMeans test nclus 2,1,423,0.016243035585954833,0.04168807377453894,0.019521977523981483,0.04325853392242868,0.019662450122724433,0.0431551796509678,0.021096940427784212,0.01863682381373246,0.015620772375054794,0.01830282317241964,0.015243450174381112,0.002385314192471346,0.023702430195752144,0.10062588450664169
no_rays_no_same,filenames_in_cluster_test KMeans test nclus 2,0,183,0.02529480981510032,0.05009482585370887,0.026559178828240937,0.05691641487859364,0.02784870937618538,0.022165184147640307,0.03130633794534493,0.047363668590950155,0.04318697722117155,0.05121078766218325,0.046490632625607334,0.025654861426769773,0.020446348697333888,0.14709307533817076
