subdir,file,cluster,size,all_feats_scaled_to_max_max_x,all_feats_scaled_to_max_max_y,all_feats_scaled_to_max_surf_trapz_x,all_feats_scaled_to_max_surf_trapz_y,all_feats_scaled_to_max_surf_simpson_x,all_feats_scaled_to_max_surf_simpson_y,all_feats_scaled_to_max_duration,all_feats_scaled_to_max_len,all_feats_scaled_to_max_offset,all_feats_scaled_to_max_mean_speed_len,all_feats_scaled_to_max_mean_speed_offset,all_feats_scaled_to_max_len_vs_offset,all_feats_scaled_to_max_total_surf,all_feats_scaled_to_max_monotonous
no_rays_no_same,filenames_in_cluster_train DBSCAN test nclus 3,0,857,0.08099145857644398,0.10308102683779924,0.7823784618628322,0.9939383225894385,0.7747303757609487,0.9913657196347806,19.29212251788955,0.1622099170160443,0.14276181381374198,0.008400411671131262,0.007395941737205177,1.457545870875858,0.001729283839441638,1.103850641773629
no_rays_no_same,filenames_in_cluster_train DBSCAN test nclus 3,-1,3,0.0664400000005116,0.10188666666669134,0.6546569974108023,1.252025917185817,0.6539532813006023,1.252244182591127,20.05066665013631,0.25125314919195546,0.016873013645680997,0.012375041237238933,0.0008163118483776001,16.816175854147343,0.0029133684000562337,0.0
