subdir,file,cluster,size,all_feats_scaled_to_max_max_x,all_feats_scaled_to_max_max_y,all_feats_scaled_to_max_surf_trapz_x,all_feats_scaled_to_max_surf_trapz_y,all_feats_scaled_to_max_surf_simpson_x,all_feats_scaled_to_max_surf_simpson_y,all_feats_scaled_to_max_duration,all_feats_scaled_to_max_len,all_feats_scaled_to_max_offset,all_feats_scaled_to_max_mean_speed_len,all_feats_scaled_to_max_mean_speed_offset,all_feats_scaled_to_max_len_vs_offset,all_feats_scaled_to_max_total_surf,all_feats_scaled_to_max_monotonous
no_rays_no_same,filenames_in_cluster_train KMeans test nclus 6,1,399,0.001570794617241772,0.0009749099491159891,0.13028926980168198,0.060139814398205205,0.17233842143958059,0.061895236105284836,0.3304600753824392,0.0023925869666838054,0.0015893548987640487,6.352564702595559e-06,4.274491426085284e-06,0.34609940391839367,7.745440205473557e-07,0.7410380588061632
no_rays_no_same,filenames_in_cluster_train KMeans test nclus 6,2,117,0.0035846149091170497,0.004530612194082026,0.3890833560868403,0.35431099755350787,0.38814501275698843,0.3534086259251735,0.5386279547181637,0.004250735419292203,0.005065340120770845,1.1629533944669259e-05,1.3975564933322708e-05,0.05916383689551473,1.4472687643207502e-05,1.1791949740667695
no_rays_no_same,filenames_in_cluster_train KMeans test nclus 6,5,182,0.0015148842290527392,0.0025067879342145043,0.13171763999040317,0.15227529461647688,0.13179538001034632,0.15161826407464093,0.35163551602174337,0.0027047426548997234,0.002744858238085985,7.612784915218061e-06,7.67646597794134e-06,0.17517623322776277,4.012669857191703e-06,1.3142434488588333
no_rays_no_same,filenames_in_cluster_train KMeans test nclus 6,3,119,0.005198178489574409,0.003991236861578044,0.4643685433557428,0.3285228220049507,0.46612785895131825,0.3287244735695945,0.316108607531443,0.006933318474089986,0.006376624373173224,1.9574147154679273e-05,1.7906019388658144e-05,0.05667078481063506,2.6244931202681416e-05,1.1067015041310642
no_rays_no_same,filenames_in_cluster_train KMeans test nclus 6,0,42,0.0007053313133898239,0.0014954145678038272,0.0863551861044935,0.18294692485659644,0.08668472759194731,0.18295625395776471,0.3932935545173962,0.007017817482532645,0.0002381090920756857,1.7266373816261396e-05,6.26598413632572e-07,4.344323934292525,1.4944576947402934e-06,0.0
no_rays_no_same,filenames_in_cluster_train KMeans test nclus 6,4,1,0.0,0.0,0.0,0.0,0.0,0.0,0.0,0.0,0.0,0.0,0.0,0.0,0.0,0.0
