subdir,file,cluster,size,all_feats_scaled_to_max_max_x,all_feats_scaled_to_max_max_y,all_feats_scaled_to_max_surf_trapz_x,all_feats_scaled_to_max_surf_trapz_y,all_feats_scaled_to_max_surf_simpson_x,all_feats_scaled_to_max_surf_simpson_y,all_feats_scaled_to_max_duration,all_feats_scaled_to_max_len,all_feats_scaled_to_max_offset,all_feats_scaled_to_max_mean_speed_len,all_feats_scaled_to_max_mean_speed_offset,all_feats_scaled_to_max_len_vs_offset,all_feats_scaled_to_max_total_surf,all_feats_scaled_to_max_monotonous
no_rays_no_same,filenames_in_cluster_train KMeans test nclus 3,0,584,0.07416494438689696,0.04584231342837884,0.7468046166468593,0.39796473877025973,0.7703184256366804,0.4010646280456061,0.5877292659936391,0.08167013728561039,0.07447311805205219,0.004255701068423851,0.0038811498082458253,0.599259645757914,0.0026918890896860358,0.9776527562500607
no_rays_no_same,filenames_in_cluster_train KMeans test nclus 3,2,240,0.07926566337952187,0.08069250387835539,0.7993490864732369,0.7672359353501904,0.7994989226840201,0.7665346932510866,0.6408457987953227,0.08159456576292884,0.08809562122146815,0.004232760636673755,0.004579554399176584,0.29758322976457285,0.0032605266229551945,1.1572161879076681
no_rays_no_same,filenames_in_cluster_train KMeans test nclus 3,1,36,0.027755551374715023,0.042751174368427354,0.30723708018706963,0.4653763782933787,0.30785288626682566,0.4653009811564162,0.6429612850465914,0.09269708367040583,0.015399246576646543,0.00462215575069736,0.0007880351010371948,3.9784949809130126,0.0013703349161884684,0.0
