subdir,file,cluster,size,all_feats_scaled_to_max_max_x,all_feats_scaled_to_max_max_y,all_feats_scaled_to_max_surf_trapz_x,all_feats_scaled_to_max_surf_trapz_y,all_feats_scaled_to_max_surf_simpson_x,all_feats_scaled_to_max_surf_simpson_y,all_feats_scaled_to_max_duration,all_feats_scaled_to_max_len,all_feats_scaled_to_max_offset,all_feats_scaled_to_max_mean_speed_len,all_feats_scaled_to_max_mean_speed_offset,all_feats_scaled_to_max_len_vs_offset,all_feats_scaled_to_max_total_surf,all_feats_scaled_to_max_monotonous
no_rays_no_same,filenames_in_cluster_train KMeans test nclus 3,0,584,0.16817447706752164,0.2138766139227302,0.1758318708169441,0.27606856130275986,0.09390791389373637,0.20513189340405255,0.14890530187880618,0.17483014922150317,0.16873926235490455,0.1711993316212115,0.16745195895848056,0.20675007432525952,0.10342644290661505,0.32588425208335353
no_rays_no_same,filenames_in_cluster_train KMeans test nclus 3,2,240,0.1746093562852558,0.2041091310725038,0.1815000797613606,0.20801990404867532,0.18113243179267732,0.20852498812361245,0.1376091453449409,0.1990572935841512,0.2059376147464402,0.19631931820393553,0.20645916442068873,0.12747403006858718,0.13256480322747408,0.38573872930255604
no_rays_no_same,filenames_in_cluster_train KMeans test nclus 3,1,36,0.27211324876874854,0.28125772610820443,0.24328780161543984,0.22074869202661304,0.24293790124798204,0.22077519807588147,0.20105106136647216,0.281014183153893,0.29032609564425466,0.30873152371026963,0.279255902006923,0.17619945820255375,0.33332499401607607,nan
