subdir,file,cluster,size,all_feats_scaled_to_max_max_x,all_feats_scaled_to_max_max_y,all_feats_scaled_to_max_surf_trapz_x,all_feats_scaled_to_max_surf_trapz_y,all_feats_scaled_to_max_surf_simpson_x,all_feats_scaled_to_max_surf_simpson_y,all_feats_scaled_to_max_duration,all_feats_scaled_to_max_len,all_feats_scaled_to_max_offset,all_feats_scaled_to_max_mean_speed_len,all_feats_scaled_to_max_mean_speed_offset,all_feats_scaled_to_max_len_vs_offset,all_feats_scaled_to_max_total_surf,all_feats_scaled_to_max_monotonous
no_rays_no_same,filenames_in_cluster_train DBSCAN test nclus 3,0,857,0.027141189499715394,0.04660090473922977,0.029286053104368746,0.04232785121146027,0.008530223765364093,0.035177171066875616,0.01517977697361498,0.04679599449813709,0.04940767330379113,0.04620778357315843,0.049057090668817485,0.015532819461089047,0.01284592851251522,0.13428721546507805
no_rays_no_same,filenames_in_cluster_train DBSCAN test nclus 3,-1,3,0.21368888888114132,0.1805419711835108,0.1712936785500794,0.1673313892121069,0.17138402923992693,0.16735305059754108,0.2054803030601731,0.18348035676794566,0.21624442234631866,0.21736037723047746,0.2166584235914366,0.20726170065522706,0.1804717651779795,nan
