subdir,file,cluster,size,all_feats_scaled_to_max_max_x,all_feats_scaled_to_max_max_y,all_feats_scaled_to_max_surf_trapz_x,all_feats_scaled_to_max_surf_trapz_y,all_feats_scaled_to_max_surf_simpson_x,all_feats_scaled_to_max_surf_simpson_y,all_feats_scaled_to_max_duration,all_feats_scaled_to_max_len,all_feats_scaled_to_max_offset,all_feats_scaled_to_max_mean_speed_len,all_feats_scaled_to_max_mean_speed_offset,all_feats_scaled_to_max_len_vs_offset,all_feats_scaled_to_max_total_surf,all_feats_scaled_to_max_monotonous
no_rays_no_same,filenames_in_cluster_train KMeans test nclus 3,0,584,0.441000000000713,0.2143400000008456,4.247265374457321,1.4415431329531883,8.202912765247364,1.9551549073630436,3.94700026512146,0.4671398934867774,0.4413502643825417,0.0248581640367606,0.023177691275669998,2.8984736654321965,0.026027087599991946,3.0
no_rays_no_same,filenames_in_cluster_train KMeans test nclus 3,2,240,0.4539600000015299,0.3953400000007434,4.404125262778037,3.6882813635500096,4.413891619360137,3.675984831116207,4.6570000648498535,0.409904928846201,0.4277781954983576,0.0215605915678496,0.022181405277050897,2.334461612333577,0.0245957187999616,3.0
no_rays_no_same,filenames_in_cluster_train KMeans test nclus 3,1,36,0.1020000000011123,0.15199999999992989,1.2628544388456975,2.108172755276275,1.2672081411972882,2.1075781392640405,3.1979999542236364,0.3298662104170085,0.0530412071380442,0.0149714408659967,0.0028219102814795965,22.579496109116583,0.004111107600057072,0.0
