subdir,file,cluster,size,all_feats_scaled_to_max_max_x,all_feats_scaled_to_max_max_y,all_feats_scaled_to_max_surf_trapz_x,all_feats_scaled_to_max_surf_trapz_y,all_feats_scaled_to_max_surf_simpson_x,all_feats_scaled_to_max_surf_simpson_y,all_feats_scaled_to_max_duration,all_feats_scaled_to_max_len,all_feats_scaled_to_max_offset,all_feats_scaled_to_max_mean_speed_len,all_feats_scaled_to_max_mean_speed_offset,all_feats_scaled_to_max_len_vs_offset,all_feats_scaled_to_max_total_surf,all_feats_scaled_to_max_monotonous
no_rays_no_same,filenames_in_cluster_train DBSCAN test nclus 10,0,852,0.16458955663623115,0.2160524399027049,0.17110277697948847,0.20595912330473476,0.16717471401865192,0.19609432044306244,0.12325639950243862,0.21610167580164288,0.22228149958964755,0.21477367183948234,0.22148281408687742,0.12309901302633836,0.11357950770241128,0.3666539675474277
no_rays_no_same,filenames_in_cluster_train DBSCAN test nclus 10,-1,8,0.3003822902021194,0.423363360874241,0.300839869436708,0.3491082583027931,0.30688865251380515,0.3105198302766999,0.30619406148887535,0.3863632630180374,0.3164823024596114,0.4141870190945106,0.3164887063151505,0.2639364375514279,0.39363146186235853,0.33071891388307384
