subdir,file,cluster,size,all_feats_scaled_to_max_max_x,all_feats_scaled_to_max_max_y,all_feats_scaled_to_max_surf_trapz_x,all_feats_scaled_to_max_surf_trapz_y,all_feats_scaled_to_max_surf_simpson_x,all_feats_scaled_to_max_surf_simpson_y,all_feats_scaled_to_max_duration,all_feats_scaled_to_max_len,all_feats_scaled_to_max_offset,all_feats_scaled_to_max_mean_speed_len,all_feats_scaled_to_max_mean_speed_offset,all_feats_scaled_to_max_len_vs_offset,all_feats_scaled_to_max_total_surf,all_feats_scaled_to_max_monotonous
no_rays_no_same,filenames_in_cluster_test DBSCAN test nclus 3,0,601,0.12222915426011313,0.22132477581497004,0.13405061604465593,0.2327611815100635,0.1345336706389629,0.23211042440025004,0.15389761881567016,0.1815783407282275,0.1760324717738264,0.1794889305389767,0.17384269909000408,0.11166460763916038,0.10425198765699664,0.350340803047227
no_rays_no_same,filenames_in_cluster_test DBSCAN test nclus 3,-1,5,0.3585452696684983,0.39245119289304087,0.38779400642251405,0.4265443653468569,0.3827151988797475,0.38280342320185706,0.38161806565664264,0.41770177723525465,0.39046133637449093,0.41107354663387835,0.39016941829243545,0.3845957950934549,0.3679805379035294,0.4000000000000001
