subdir,file,cluster,size,all_feats_scaled_to_max_max_x,all_feats_scaled_to_max_max_y,all_feats_scaled_to_max_surf_trapz_x,all_feats_scaled_to_max_surf_trapz_y,all_feats_scaled_to_max_surf_simpson_x,all_feats_scaled_to_max_surf_simpson_y,all_feats_scaled_to_max_duration,all_feats_scaled_to_max_len,all_feats_scaled_to_max_offset,all_feats_scaled_to_max_mean_speed_len,all_feats_scaled_to_max_mean_speed_offset,all_feats_scaled_to_max_len_vs_offset,all_feats_scaled_to_max_total_surf,all_feats_scaled_to_max_monotonous
no_rays_no_same,filenames_in_cluster_test KMeans test nclus 4,1,324,0.040805520186230654,0.05103730588123453,0.35312146308080616,0.41071874886278525,0.35389562843894523,0.41060211632916305,0.5188745457272685,0.06201788293961258,0.04890627571044229,0.00324917034562194,0.002550870689087683,0.6025574643450698,0.0014416105625913247,0.8480187512485414
no_rays_no_same,filenames_in_cluster_test KMeans test nclus 4,3,100,0.08234184905291879,0.051476164308872446,0.8017730026909594,0.4977662805073003,0.8006803162170687,0.497769736460897,0.655775780105288,0.08730500023010025,0.08461963148162889,0.004563894269374363,0.004397539761894293,0.40999052740824815,0.004193806511680916,1.153082824431966
no_rays_no_same,filenames_in_cluster_test KMeans test nclus 4,0,164,0.04744270308073064,0.09056638128157893,0.5018761908029129,0.8607056183077092,0.5340393419314914,0.9417459477870362,0.629185727695048,0.09025285704233252,0.09708369977545148,0.004728142407707285,0.005077554798890881,0.4385903764610272,0.0034242719630718146,1.134343019925218
no_rays_no_same,filenames_in_cluster_test KMeans test nclus 4,2,18,0.012403633080317738,0.04896681018812293,0.12881001788259855,0.5003374415983453,0.12886513165833835,0.5015071415388803,0.5423946379516998,0.0897081234394058,0.015368232832379345,0.004646226786972829,0.0007989041835010386,67.24926622437846,0.0012037360420080847,0.0
