subdir,file,cluster,size,all_feats_scaled_to_max_max_x,all_feats_scaled_to_max_max_y,all_feats_scaled_to_max_surf_trapz_x,all_feats_scaled_to_max_surf_trapz_y,all_feats_scaled_to_max_surf_simpson_x,all_feats_scaled_to_max_surf_simpson_y,all_feats_scaled_to_max_duration,all_feats_scaled_to_max_len,all_feats_scaled_to_max_offset,all_feats_scaled_to_max_mean_speed_len,all_feats_scaled_to_max_mean_speed_offset,all_feats_scaled_to_max_len_vs_offset,all_feats_scaled_to_max_total_surf,all_feats_scaled_to_max_monotonous
no_rays_no_same,filenames_in_cluster_train DBSCAN test nclus 10,0,852,0.07527009604151438,0.10514408040319785,0.758340214014069,1.0435134485106563,0.7587766298962737,1.0440391340366,0.6039563693165955,0.11065402805192331,0.1102699412714342,0.005727451867277606,0.005711296433441445,0.883672612124442,0.0029561843217029535,1.099961902642283
no_rays_no_same,filenames_in_cluster_train DBSCAN test nclus 10,-1,8,0.06747787767070342,0.06420728731028048,0.6120709341681726,0.7330446859089462,1.4734666508262728,0.8139203693272906,0.932667112463153,0.1272161876942012,0.0714579782401351,0.006183539073988561,0.003573449044137073,6.735049165974215,0.0016182612944839177,0.33071891388307384
