subdir,file,cluster,size,all_feats_scaled_to_max_max_x,all_feats_scaled_to_max_max_y,all_feats_scaled_to_max_surf_trapz_x,all_feats_scaled_to_max_surf_trapz_y,all_feats_scaled_to_max_surf_simpson_x,all_feats_scaled_to_max_surf_simpson_y,all_feats_scaled_to_max_duration,all_feats_scaled_to_max_len,all_feats_scaled_to_max_offset,all_feats_scaled_to_max_mean_speed_len,all_feats_scaled_to_max_mean_speed_offset,all_feats_scaled_to_max_len_vs_offset,all_feats_scaled_to_max_total_surf,all_feats_scaled_to_max_monotonous
no_rays_no_same,filenames_in_cluster_train KMeans test nclus 3,0,584,0.07993431506849784,0.049098493150663454,0.7649875827841267,0.44009074010286753,0.7539672118888495,0.4368607417430098,19.24654965612986,0.11694694978369997,0.09886093173700163,0.0060761504337232776,0.005137508110833465,1.3770546137906432,0.0012193478705472584,0.9092465753424658
no_rays_no_same,filenames_in_cluster_train KMeans test nclus 3,2,240,0.09101700000006946,0.24396358333335164,0.8920983401307303,2.435922203501404,0.8915674298984366,2.4346295904943647,19.382399998108546,0.2820295344407411,0.26673722064663313,0.01456414749732009,0.01378112092829768,1.0970643119574286,0.0030918873033417963,1.7291666666666667
no_rays_no_same,filenames_in_cluster_train KMeans test nclus 3,1,36,0.03009111111096114,0.03948111111117132,0.32238785642708273,0.38685830973042606,0.32257658200890693,0.3866494271726092,19.492777751551735,0.10509864974631292,0.01793823304758166,0.005344740922777446,0.0009165901336607336,6.446389154987037,0.0010162290666673051,0.0
