subdir,file,cluster,size,all_feats_scaled_to_max_max_x,all_feats_scaled_to_max_max_y,all_feats_scaled_to_max_surf_trapz_x,all_feats_scaled_to_max_surf_trapz_y,all_feats_scaled_to_max_surf_simpson_x,all_feats_scaled_to_max_surf_simpson_y,all_feats_scaled_to_max_duration,all_feats_scaled_to_max_len,all_feats_scaled_to_max_offset,all_feats_scaled_to_max_mean_speed_len,all_feats_scaled_to_max_mean_speed_offset,all_feats_scaled_to_max_len_vs_offset,all_feats_scaled_to_max_total_surf,all_feats_scaled_to_max_monotonous
no_rays_no_same,filenames_in_cluster_test DBSCAN test nclus 4,0,597,0.08661427135679682,0.1142654271356689,0.8491437040104688,1.0976418611195946,0.8499140477714227,1.0976567176497627,19.280956441633265,0.1811889450459639,0.1569246544442493,0.00940107685775927,0.008138366251940978,1.3689659671584022,0.0020436937065305364,1.020100502512563
no_rays_no_same,filenames_in_cluster_test DBSCAN test nclus 4,-1,9,0.0270311111108867,0.06269999999999082,0.2447622856399611,0.6046369008108026,0.5163408940639287,1.2704602707341348,19.352333360248142,0.11586517717252638,0.03491361825170479,0.005983465203749778,0.0017632306637054747,43.253445912960835,0.000976118400020175,0.1111111111111111
