window_size,vehicle,ride,start,scale,scale x,scale y,offset,offset x,offset y,no scale,no scale x,no scale y,only offset,only offset x,only offset y,
20,Vehicle_10,8919796,0,0.011993773753668613,0.006924726397993469,0.008219908378518508,0.011866884411657331,0.006963902570709856,0.00800026936608588,0.00023576158926932674,0.00016670861851565853,0.0001667086185156585,0.0015625,0.0009819022445558298,0.0009819022445558298,
20,Vehicle_10,8919796,20,0.012027196029303107,0.007649255931383273,0.007401914773290116,0.012247149265516366,0.007693498418171335,0.007716086659246612,0.00023576304320049738,0.00016670964660024868,0.00016670964660024865,0.0015625,0.0009819022445558298,0.0009819022445558298,
20,Vehicle_10,8919796,40,0.013068769448288857,0.008517508956081896,0.008058564140525873,0.013899915052665461,0.009000275450408012,0.008738737805176483,0.00023575968577673167,0.00016670727254313662,0.0001667072725431366,0.0017578125,0.0010566451024396364,0.0011623474657494405,
20,Vehicle_10,8919796,60,0.013063761317131023,0.008148117669784285,0.00828148811494864,0.013400445931494268,0.008438043902114317,0.008460777548320473,0.00023572049961210513,0.00016667956374040053,0.0001666795637404005,0.0015625,0.0009819022445558298,0.0009819022445558298,
20,Vehicle_10,8919796,80,0.010749504157373966,0.007492704326186364,0.006071378960710863,0.010948268143935383,0.0076513184593742884,0.006153841012753786,0.0002357630432004975,0.00016670964660024876,0.00016670964660024873,0.0015625,0.0009819022445558296,0.0009819022445558296,
20,Vehicle_10,8919796,100,0.009806232750766804,0.0072512117182554235,0.00519526398658036,0.011549466960600139,0.008015798757647958,0.0065778258189681475,0.0002357630432004975,0.00016670964660024876,0.00016670964660024873,0.001953125,0.0011313879603234434,0.001342792686943051,
20,Vehicle_10,8919796,120,0.011836367489306084,0.006921714577190381,0.008090876785536428,0.011053604491489111,0.006345972057178991,0.007576827899604136,0.0004715085744596148,0.0003334069103879958,0.0003334069103879958,0.0015625,0.0009819022445558298,0.0009819022445558298,
