subdir,file,cluster,size,all_feats_heading_scaled_to_max_mean_heading,all_feats_heading_scaled_to_max_mean_heading_abs,all_feats_heading_scaled_to_max_mean_heading_ototrak,all_feats_heading_scaled_to_max_mean_heading_ototrak_new,all_feats_scaled_to_max_max_x,all_feats_scaled_to_max_max_y,all_feats_scaled_to_max_surf_trapz_x,all_feats_scaled_to_max_surf_trapz_y,all_feats_scaled_to_max_surf_simpson_x,all_feats_scaled_to_max_surf_simpson_y,all_feats_scaled_to_max_duration,all_feats_scaled_to_max_len,all_feats_scaled_to_max_offset,all_feats_scaled_to_max_mean_speed_len,all_feats_scaled_to_max_mean_speed_offset,all_feats_scaled_to_max_len_vs_offset,all_feats_scaled_to_max_total_surf,all_feats_scaled_to_max_monotonous
no_rays_no_same_no_xy_heading,filenames_in_cluster_train KMeans test nclus 3,0,238,145.95664530020355,86.23682850843443,159.45000000000002,192.8,0.44132000000161037,0.48665999999997206,3.797101203719392,5.063308083646671,3.784822915395299,5.0482846694282575,3.94700026512146,0.5115891541224356,0.4959230617192063,0.026644520116956002,0.025439987939786572,3.718620065836161,0.02484003879997056,3.0
no_rays_no_same_no_xy_heading,filenames_in_cluster_train KMeans test nclus 3,1,290,297.09505665722253,83.77592707202618,216.04999999999998,194.14999999999998,0.3536400000029971,0.4316599999995674,4.249281334354186,4.118963279448237,4.25918957009587,4.203089601303666,3.4440000057220423,0.4672720109822135,0.4326268604653551,0.024874322901820598,0.02301909968001411,25.520219523703023,0.02602744439999183,1.0
no_rays_no_same_no_xy_heading,filenames_in_cluster_train KMeans test nclus 3,2,332,174.77010857531087,85.23129542251691,195.45000000000002,245.95000000000002,0.4570000000029495,0.43834000000018136,4.430058302141428,4.392725414129864,8.386158636646197,4.903971186856094,4.6570000648498535,0.49529166481915937,0.4959364444662203,0.0257736762602764,0.025805811198325496,8.140824072288334,0.01551770519995217,3.0
