subdir,file,cluster,size,all_feats_heading_scaled_to_max_mean_heading,all_feats_heading_scaled_to_max_mean_heading_abs,all_feats_heading_scaled_to_max_mean_heading_ototrak,all_feats_heading_scaled_to_max_mean_heading_ototrak_new,all_feats_scaled_to_max_max_x,all_feats_scaled_to_max_max_y,all_feats_scaled_to_max_surf_trapz_x,all_feats_scaled_to_max_surf_trapz_y,all_feats_scaled_to_max_surf_simpson_x,all_feats_scaled_to_max_surf_simpson_y,all_feats_scaled_to_max_duration,all_feats_scaled_to_max_len,all_feats_scaled_to_max_offset,all_feats_scaled_to_max_mean_speed_len,all_feats_scaled_to_max_mean_speed_offset,all_feats_scaled_to_max_len_vs_offset,all_feats_scaled_to_max_total_surf,all_feats_scaled_to_max_monotonous
no_rays_no_same_no_xy_heading,filenames_in_cluster_train KMeans test nclus 4,1,229,60.92780719246506,38.09135555084884,72.6170305676856,69.71441048034931,0.10986882096068261,0.11400576419212044,1.0316654015688802,1.0817279806435893,1.0314624509469292,1.0810033631140172,19.214401758393866,0.1849830353594136,0.17854533372998402,0.009605847581857646,0.009270590533527055,1.0608790102649974,0.0017657354008666114,1.5938864628820961
no_rays_no_same_no_xy_heading,filenames_in_cluster_train KMeans test nclus 4,0,250,91.53740204611685,64.09675159509653,194.48059999999998,85.76260000000002,0.05359584000004815,0.14981960000000072,0.5143296689107202,1.4554789354300017,0.5112091795068378,1.450719390654907,19.313051995277405,0.17349670376918955,0.1605737495250796,0.008983747701965054,0.008312760159026291,1.2990947255562453,0.0015900655776043117,1.248
no_rays_no_same_no_xy_heading,filenames_in_cluster_train KMeans test nclus 4,2,245,163.53990578415355,44.64465722754211,165.75918367346944,157.0934693877551,0.06109061224486706,0.0639365714285598,0.6101289731656456,0.606738957937419,0.6114003463968251,0.6059696206241048,19.276334688614824,0.13262885881975447,0.08301074952363745,0.006863637356056703,0.004313301694145847,2.3574195443740673,0.002213331882454807,0.24489795918367346
no_rays_no_same_no_xy_heading,filenames_in_cluster_train KMeans test nclus 4,3,136,58.67524474585025,29.18666525420943,277.3919117647058,75.49191176470593,0.11825647058833257,0.06926044117647875,1.1628450014422296,0.7009171624349794,1.1184228739724695,0.6960660250370386,19.429691158673343,0.15836982999913918,0.15462897823960606,0.008154490822798887,0.007962182480367435,1.1344307043504336,0.0010779429647109783,1.536764705882353
