subdir,file,cluster,size,all_feats_heading_scaled_to_max_mean_heading,all_feats_heading_scaled_to_max_mean_heading_abs,all_feats_heading_scaled_to_max_mean_heading_ototrak,all_feats_heading_scaled_to_max_mean_heading_ototrak_new,all_feats_scaled_to_max_max_x,all_feats_scaled_to_max_max_y,all_feats_scaled_to_max_surf_trapz_x,all_feats_scaled_to_max_surf_trapz_y,all_feats_scaled_to_max_surf_simpson_x,all_feats_scaled_to_max_surf_simpson_y,all_feats_scaled_to_max_duration,all_feats_scaled_to_max_len,all_feats_scaled_to_max_offset,all_feats_scaled_to_max_mean_speed_len,all_feats_scaled_to_max_mean_speed_offset,all_feats_scaled_to_max_len_vs_offset,all_feats_scaled_to_max_total_surf,all_feats_scaled_to_max_monotonous
no_rays_no_same_no_xy_heading,filenames_in_cluster_train KMeans test nclus 3,0,238,0.04686985824345923,0.09382401216871093,0.05487620963852698,0.03341986323969394,0.035593091115088724,0.05558213157988086,0.04537044973600669,0.05028498293717396,0.04567102844646001,0.05048670619016924,0.01917692733874329,0.052169945753319846,0.05374761445486243,0.05134077749648431,0.05448167816023695,0.00526343520807551,0.0128007345054248,0.12548548831297227
no_rays_no_same_no_xy_heading,filenames_in_cluster_train KMeans test nclus 3,1,290,0.020939448741481327,0.05183427907487848,0.04324195952200882,0.04564056305112004,0.030941134836353364,0.035433410256119194,0.02424340027279614,0.03763683477402773,0.024101862780874707,0.036194725364947465,0.028276676711950374,0.048326519990566225,0.04213186738261922,0.04549707745937963,0.040378818604608555,0.0070940290258446,0.020954279471201345,0.20429250891795483
no_rays_no_same_no_xy_heading,filenames_in_cluster_train KMeans test nclus 3,2,332,0.03612160740110673,0.09501636819024353,0.05253562101581926,0.020395040564251808,0.025468682416377113,0.06355788378966297,0.028371767283741117,0.06295140149972557,0.008844651530248769,0.05092780092590434,0.020588789915607808,0.04857554080274302,0.04774746249581786,0.04811332466830168,0.04725480539750219,0.006024353769994907,0.01689519721863356,0.1408717198109708
