subdir,file,cluster,size,all_feats_heading_scaled_to_max_mean_heading,all_feats_heading_scaled_to_max_mean_heading_abs,all_feats_heading_scaled_to_max_mean_heading_ototrak,all_feats_heading_scaled_to_max_mean_heading_ototrak_new,all_feats_scaled_to_max_max_x,all_feats_scaled_to_max_max_y,all_feats_scaled_to_max_surf_trapz_x,all_feats_scaled_to_max_surf_trapz_y,all_feats_scaled_to_max_surf_simpson_x,all_feats_scaled_to_max_surf_simpson_y,all_feats_scaled_to_max_duration,all_feats_scaled_to_max_len,all_feats_scaled_to_max_offset,all_feats_scaled_to_max_mean_speed_len,all_feats_scaled_to_max_mean_speed_offset,all_feats_scaled_to_max_len_vs_offset,all_feats_scaled_to_max_total_surf,all_feats_scaled_to_max_monotonous
no_rays_no_same_no_xy_heading,filenames_in_cluster_test KMeans test nclus 3,0,145,33.36969071562998,26.261822528046867,38.18308992217309,34.21363258551757,0.09459676493352678,0.11871179797165043,0.9547936998785783,1.1239477649805707,0.9541865900508342,1.1246837620322825,0.539323980997809,0.11996376918924083,0.11930913026562522,0.006281635929790419,0.006244657644178043,0.12434671829011289,0.0017692571464202284,1.037604485233394
no_rays_no_same_no_xy_heading,filenames_in_cluster_test KMeans test nclus 3,1,252,40.07270175788798,20.29877711750776,45.50879809455279,42.591685521978484,0.060443626900848625,0.10360251494372277,0.6690040358275785,1.0847790397535089,0.6697783687163954,1.085488130576676,0.5689674495377117,0.11476877019232488,0.10269455323416186,0.005967228367718824,0.005324486077240677,18.950257268240296,0.003623365883510013,0.46064233199380555
no_rays_no_same_no_xy_heading,filenames_in_cluster_test KMeans test nclus 3,2,209,37.369842526600976,27.738234260243107,41.04729119383857,34.470087196834015,0.07168953569218922,0.11989625971641413,0.741600883197372,1.2058041792617757,0.754459062567286,1.284535898017088,0.602431118503029,0.11234311536546894,0.10853656905175481,0.00578313889868399,0.00558254060507384,0.17180187105513559,0.0026696796752127753,1.0712148252780864
