window_size,vehicle,ride,start,scale,scale x,scale y,offset,offset x,offset y,no scale,no scale x,no scale y,only offset,only offset x,only offset y,
20,Vehicle_11,8686342,0,0.008741655655155849,0.006913588185274027,0.0043038045625427256,0.009892400964259286,0.007694150669206644,0.005086416122379019,0.0,0.0,0.0,0.0009548578884548616,0.0006159517372157244,0.0006159467958094763,
20,Vehicle_11,8686342,20,0.012704478366400618,0.0078113395976518,0.008575117691466561,0.012298711775898257,0.007518634867450902,0.008311281689731729,0.00035618861080840013,0.0002576532878003344,0.0001984376774859785,0.0009548753794583961,0.0006159910555220516,0.0006159249685066839,
20,Vehicle_11,8686342,40,0.015880952859938166,0.008951688102291194,0.011462647120126549,0.016268779336353522,0.009151830971943928,0.011773614175003123,0.0003561971010812359,0.00019841371333355348,0.000257685698084787,0.001215214556765197,0.0007431581416775453,0.0008363352400007968,
20,Vehicle_11,8686342,60,0.010398056824659776,0.00590888253961033,0.007299681894418555,0.010742679764876733,0.006096828991403255,0.007598921150123477,0.00027247903070873764,0.00017678525108380812,0.00017678525108380899,0.000954858925577898,0.0006159447726949242,0.0006159547974533133,
