window_size,vehicle,ride,start,scale,scale x,scale y,offset,offset x,offset y,no scale,no scale x,no scale y,only offset,only offset x,only offset y,
20,Vehicle_17,9568608,0,0.01306792630292211,0.008086835188454303,0.00837814722966289,0.01331599635504029,0.00831616573606833,0.008441391577132027,0.00088670639788535,0.0005003345856892022,0.0005063935525696211,0.00125,0.0007892189393343804,0.0007892189393343805,
20,Vehicle_17,9568608,20,0.018017015195630915,0.011536899566762876,0.011335711990051,0.01778415594543042,0.011436886098649013,0.011309184681797264,0.0005279259866492104,0.00032207065462205707,0.00036634622593668595,0.00175,0.0012531101927050375,0.0009399463444646766,
20,Vehicle_17,9568608,40,0.011045040130674248,0.007720451599176241,0.006259666172184394,0.010673051390383924,0.007543665717666736,0.006015638527050816,0.0004710455384388352,0.00046275119908579723,6.57548859180053e-05,0.00125,0.0007892189393343803,0.0007892189393343806,
