window_size,vehicle,ride,start,scale,scale x,scale y,offset,offset x,offset y,no scale,no scale x,no scale y,only offset,only offset x,only offset y,
20,Vehicle_17,9568608,0,0.012763638083334635,0.008029254542291708,0.008074283018882312,0.01305847945584644,0.008233241809973119,0.008266798604057593,0.0,0.0,0.0,0.0011250017795255969,0.0007267031947528361,0.0007267364634415214,
20,Vehicle_17,9568608,20,0.017416177475313682,0.01147680901157746,0.010794964825000275,0.017479776221575583,0.01156436564134932,0.010877325415104583,0.0,0.0,0.0,0.0015624925386546191,0.0011281072063596574,0.0008774418694646746,
20,Vehicle_17,9568608,40,0.010698072431579069,0.007511507808062861,0.006121642264211049,0.010451252031848494,0.0074618705887229495,0.00587563429746788,0.0,0.0,0.0,0.0011250037842258768,0.0007267161004259303,0.0007267255624687072,
