window_size,vehicle,ride,start,scale,scale x,scale y,offset,offset x,offset y,no scale,no scale x,no scale y,only offset,only offset x,only offset y,
20,Vehicle_11,8686476,0,0.013601378621353993,0.008652866791291328,0.008498476562840139,0.014222469497784971,0.009268405048201407,0.008827154247726366,0.013601378621353993,0.008652866791291328,0.008498476562840139,0.014222469497784971,0.009268405048201407,0.008827154247726366,
20,Vehicle_11,8686476,20,0.008905734375351028,0.006921501454220562,0.004480638075489647,0.009863128082299912,0.007553612745795621,0.005131668431462538,0.008905734375351028,0.006921501454220562,0.004480638075489647,0.009863128082299912,0.007553612745795621,0.005131668431462538,
20,Vehicle_11,8686476,40,0.015143225716369535,0.009752267353267712,0.009538341077076596,0.015269829082344585,0.009904980235220674,0.009491875095647976,0.015143225716369535,0.009752267353267712,0.009538341077076596,0.015269829082344585,0.009904980235220674,0.009491875095647976,
20,Vehicle_11,8686476,60,0.0155116575762279,0.008549307552399448,0.01118016336483679,0.015713046451269454,0.008775003578032306,0.011310793326446184,0.0155116575762279,0.008549307552399448,0.01118016336483679,0.015713046451269454,0.008775003578032306,0.011310793326446184,
20,Vehicle_11,8686476,80,0.010683655003147,0.00591368948231871,0.007484964882402878,0.01107658935268876,0.006117749069691183,0.007814488006924797,0.010683655003147,0.00591368948231871,0.007484964882402878,0.01107658935268876,0.006117749069691183,0.007814488006924797,
