subdir,file,cluster,size,32all_distances_scaled_to_max_trajs_distances_offset,32all_distances_scaled_to_max_trajs_distances_offset x,32all_distances_scaled_to_max_trajs_distances_offset y,32all_nums_scaled_to_max_trajs_num_intersections_offset
only_rays_acceler_size_32_,filenames_in_cluster_train KMeans test nclus 9,1,342,0.020905037053237947,0.03017117894907474,0.027539151627459214,0.015457747683047775
only_rays_acceler_size_32_,filenames_in_cluster_train KMeans test nclus 9,6,229,0.0728098411053865,0.050985728498361846,0.10304024475906162,0.1441620106405294
only_rays_acceler_size_32_,filenames_in_cluster_train KMeans test nclus 9,2,44,0.06701309428006626,0.0599031307290164,0.06181448984791263,0.08595041322314055
only_rays_acceler_size_32_,filenames_in_cluster_train KMeans test nclus 9,7,41,0.032102262954687114,0.025675708687428515,0.04543692386659384,0.10975609756097561
only_rays_acceler_size_32_,filenames_in_cluster_train KMeans test nclus 9,4,79,0.07338590545313785,0.05089669658957054,0.07873190721981534,0.07983051149210411
only_rays_acceler_size_32_,filenames_in_cluster_train KMeans test nclus 9,0,36,0.03520560712386803,0.03936233541318195,0.030970777376067928,0.22743055555555558
only_rays_acceler_size_32_,filenames_in_cluster_train KMeans test nclus 9,8,46,0.05744231601660604,0.04878829770145136,0.05473727962316845,0.0951984877126654
only_rays_acceler_size_32_,filenames_in_cluster_train KMeans test nclus 9,5,33,0.049272472975522626,0.04930922053765712,0.048958400067461265,0.0591425619834711
only_rays_acceler_size_32_,filenames_in_cluster_train KMeans test nclus 9,3,10,0.07409024052758652,0.0711750901271321,0.07866311539834503,0.12049382716049381
