window_size,vehicle,ride,start,offset,offset x,offset y,scale,scale x,scale y,no scale,no scale x,no scale y,only offset,only offset x,only offset y,
20,Vehicle_10,8919796,0,0.012452548753709311,0.007481785152569369,0.008267262425457996,0.012142711177116568,0.007086102330397062,0.008285532716416502,0.000111786112170017,8.162648330744885e-05,5.5282984265584337e-05,0.0006944444444444445,0.0004409742400756691,0.00044097424007566915,
20,Vehicle_10,8919796,20,0.012263557268983455,0.007958253554487186,0.0074076007216563825,0.012231859309075182,0.007863553404550652,0.007427995966259728,7.453131375687253e-05,4.564092214090351e-05,4.56409221409035e-05,0.0006944444444444445,0.0004409742400756691,0.0004409742400756691,
20,Vehicle_10,8919796,40,0.013985676575538933,0.009081246506187954,0.00870721313267719,0.01399655106511715,0.009218392598019445,0.008563142494921698,0.000111792088617502,5.528416345221311e-05,8.163262374422648e-05,0.0007716049382716049,0.0004734595851113816,0.0005106392873198954,
20,Vehicle_10,8919796,60,0.013726221799086101,0.008735252648324436,0.008530666463576116,0.013862039545145043,0.008783202060329709,0.00865479700329953,7.452872521003263e-05,4.563842179665827e-05,4.5640252175682195e-05,0.0006944444444444445,0.0004409742400756691,0.0004409742400756692,
20,Vehicle_10,8919796,80,0.011441932397825599,0.007922715604834886,0.00659536501325594,0.010755090527440501,0.007666782084292258,0.005896195786654759,7.453131375687254e-05,4.5640922140903516e-05,4.56409221409035e-05,0.0007716049382716049,0.00047955448698924937,0.0005077971878985423,
20,Vehicle_10,8919796,100,0.01068085491412776,0.007749222158701714,0.005836320480381265,0.010356649025108064,0.007582852285112204,0.005488598721151434,7.453131375687254e-05,4.5640922140903516e-05,4.56409221409035e-05,0.0006944444444444445,0.0004409742400756691,0.00044097424007566915,
20,Vehicle_10,8919796,120,0.011842720797812309,0.006937476279533383,0.008016285336491513,0.01155710754939468,0.00676483741980817,0.007762286501419694,7.453131375687254e-05,4.5640922140903516e-05,4.56409221409035e-05,0.0006944444444444445,0.00044097424007566904,0.00044097424007566915,
