window_size,vehicle,ride,start,scale,scale x,scale y,offset,offset x,offset y,no scale,no scale x,no scale y,only offset,only offset x,only offset y,
20,Vehicle_12,8575983,0,0.011062036452439389,0.007556106603527566,0.006331010135216431,0.012705779571399524,0.008478286531355211,0.007637876207254825,0.001006144981513055,0.0007347068877235663,0.0004975640182609326,0.0020833333333333333,0.0012958509748503047,0.0012958509748503045,
20,Vehicle_12,8575983,20,0.012074514324229714,0.007813510588046238,0.007261623404639867,0.011308931457251585,0.007432167155497927,0.006718404113716784,0.0006707818238118528,0.00041076829926813165,0.0004107682992681315,0.0020833333333333333,0.0012958509748503045,0.0012958509748503047,
20,Vehicle_12,8575983,40,0.015675662447138895,0.009914937860394405,0.00980647774329422,0.015795029676417178,0.009778956285430344,0.010127234883994925,0.001006072758752383,0.0004975479788809711,0.0007346344726477975,0.002777777777777778,0.0014694620859614154,0.001943776462275457,
20,Vehicle_12,8575983,60,0.012689814914942286,0.008076732479344473,0.007753379741969182,0.012266870388887132,0.007844541726740898,0.0075089974442421265,0.0006707818238118527,0.0004107682992681315,0.0004107682992681315,0.002777777777777778,0.001643073197072527,0.001897257505256165,
20,Vehicle_12,8575983,80,0.010968580314622866,0.007526567636475405,0.006204582526246031,0.012499275301495114,0.008392736722018006,0.0073737245599701795,0.0006707818238118527,0.0004107682992681315,0.0004107682992681315,0.0020833333333333333,0.001295850974850305,0.0012958509748503045,
20,Vehicle_12,8575983,100,0.012503096263844106,0.008540871093564191,0.0073115200605829034,0.012321781009929325,0.008175468709558811,0.007428964603882437,0.0006707818238118529,0.00041076829926813165,0.0004107682992681315,0.0020833333333333333,0.0012958509748503047,0.0012958509748503045,
20,Vehicle_12,8575983,120,0.026802674154425204,0.017930530807458284,0.016019689788709365,0.027688967352547663,0.018472250681052804,0.016681793324476852,0.001341539236927975,0.0008215226586803748,0.0008215206415177485,0.0045138888888888885,0.0028924052149035396,0.0027653130608117204,
20,Vehicle_12,8575983,140,0.0121904281953711,0.008833605272982674,0.00671473604331908,0.012242317291245313,0.0091437564737524,0.006574637025735765,0.0006707818238118528,0.00041076829926813165,0.0004107682992681315,0.0020833333333333337,0.0012958509748503047,0.0012958509748503047,
