subdir,file,cluster,size,all_feats_scaled_to_max_max_x,all_feats_scaled_to_max_max_y,all_feats_scaled_to_max_surf_trapz_x,all_feats_scaled_to_max_surf_trapz_y,all_feats_scaled_to_max_surf_simpson_x,all_feats_scaled_to_max_surf_simpson_y,all_feats_scaled_to_max_duration,all_feats_scaled_to_max_len,all_feats_scaled_to_max_offset,all_feats_scaled_to_max_mean_speed_len,all_feats_scaled_to_max_mean_speed_offset,all_feats_scaled_to_max_len_vs_offset,all_feats_scaled_to_max_total_surf,all_feats_scaled_to_max_monotonous
no_rays_no_same_no_xy,filenames_in_cluster_train KMeans test nclus 4,1,484,0.0523764462809912,0.046829504132209085,0.47597007896054344,0.4285358719648891,0.4626451168995358,0.42469326296793697,19.242037188415686,0.09156245780867432,0.07385661043401005,0.0047551551691290194,0.0038382957449466415,1.4324987095859334,0.0007016978776856303,0.7975206611570248
no_rays_no_same_no_xy,filenames_in_cluster_train KMeans test nclus 4,0,217,0.07451815668206267,0.25146663594471974,0.7243292590979414,2.5114276677225438,0.7236146351183982,2.5099294244911605,19.39531335962533,0.2777175533826687,0.26275561649278895,0.014326306480304904,0.013560224623103936,1.098074575309298,0.0029691216092207727,1.7419354838709677
no_rays_no_same_no_xy,filenames_in_cluster_train KMeans test nclus 4,3,123,0.2195534959350575,0.08122796747966231,2.2220112401312893,0.725554106777341,2.2223448985255767,0.7254597602073337,19.26692683328458,0.2553103111871634,0.23566787691548655,0.013281005240378913,0.012255852648377693,1.1047461060309651,0.003823015830901437,1.4796747967479675
no_rays_no_same_no_xy,filenames_in_cluster_train KMeans test nclus 4,2,36,0.03009111111096114,0.03948111111117132,0.32238785642708273,0.38685830973042606,0.32257658200890693,0.3866494271726092,19.492777751551735,0.10509864974631292,0.01793823304758166,0.005344740922777446,0.0009165901336607336,6.446389154987037,0.0010162290666673051,0.0
