subdir,file,cluster,size,all_feats_scaled_to_max_max_x,all_feats_scaled_to_max_max_y,all_feats_scaled_to_max_surf_trapz_x,all_feats_scaled_to_max_surf_trapz_y,all_feats_scaled_to_max_surf_simpson_x,all_feats_scaled_to_max_surf_simpson_y,all_feats_scaled_to_max_duration,all_feats_scaled_to_max_len,all_feats_scaled_to_max_offset,all_feats_scaled_to_max_mean_speed_len,all_feats_scaled_to_max_mean_speed_offset,all_feats_scaled_to_max_len_vs_offset,all_feats_scaled_to_max_total_surf,all_feats_scaled_to_max_monotonous
no_rays_no_same_no_xy,filenames_in_cluster_test DBSCAN test nclus 4,0,597,0.07837009929603408,0.11385690864525684,0.8121791750524369,1.146553793446155,0.8120814098361211,1.1466430204932996,0.5774832026035251,0.11578193280651836,0.11294431435951587,0.00601236849862967,0.005858451765405448,0.8065307138894239,0.0029910155175736303,1.0512485947622936
no_rays_no_same_no_xy,filenames_in_cluster_test DBSCAN test nclus 4,-1,9,0.021550765103631367,0.07300521138186543,0.159115851312455,0.6048106803557581,0.8795412838612731,2.320426540136956,0.605507874595101,0.0972464090124575,0.07396687557828871,0.005022070075285126,0.0036950066140736967,91.4614704053259,0.00120510917928213,0.31426968052735443
