subdir,file,cluster,size,all_feats_scaled_to_max_max_x,all_feats_scaled_to_max_max_y,all_feats_scaled_to_max_surf_trapz_x,all_feats_scaled_to_max_surf_trapz_y,all_feats_scaled_to_max_surf_simpson_x,all_feats_scaled_to_max_surf_simpson_y,all_feats_scaled_to_max_duration,all_feats_scaled_to_max_len,all_feats_scaled_to_max_offset,all_feats_scaled_to_max_mean_speed_len,all_feats_scaled_to_max_mean_speed_offset,all_feats_scaled_to_max_len_vs_offset,all_feats_scaled_to_max_total_surf,all_feats_scaled_to_max_monotonous
no_rays_no_same_no_xy,filenames_in_cluster_test KMeans test nclus 5,3,321,0.040403966967775845,0.051591978729811964,0.34804540023603975,0.41903434127852196,0.3488358366953321,0.4188947619187959,0.5202055740544792,0.06088161624331744,0.04871304196504767,0.003184597052403808,0.0025388714043017672,0.532455633515648,0.0013597442021752917,0.8482334612902496
no_rays_no_same_no_xy,filenames_in_cluster_test KMeans test nclus 5,0,100,0.08234184905291879,0.051476164308872446,0.8017730026909594,0.4977662805073003,0.8006803162170687,0.497769736460897,0.655775780105288,0.08730500023010025,0.08461963148162889,0.004563894269374363,0.004397539761894293,0.40999052740824815,0.004193806511680916,1.153082824431966
no_rays_no_same_no_xy,filenames_in_cluster_test KMeans test nclus 5,2,162,0.0476458495002912,0.09006963800059538,0.5039798519240667,0.8550656052993706,0.5362801391166395,0.9369435227377486,0.6160206762940085,0.08967263703805946,0.09652866601473722,0.00469232979362764,0.005044382494186136,0.44023158419764685,0.0034358249312623672,1.1356179399215771
no_rays_no_same_no_xy,filenames_in_cluster_test KMeans test nclus 5,1,21,0.029212332250919404,0.047361359911818716,0.2947752897122482,0.48204776082712425,0.2949112085720728,0.4833323801604662,0.6682369770280198,0.09855013925551206,0.021061371069002494,0.00515752176413591,0.0011144793640086453,2.9849412251178067,0.002317340242422902,0.0
no_rays_no_same_no_xy,filenames_in_cluster_test KMeans test nclus 5,4,2,0.016180000000076702,0.00883000000015955,0.17568257933812445,0.13683363410779148,0.1753139978049939,0.1365587773760874,0.12699997425079346,0.03861249269005945,0.0003300000003037,0.00200215432606255,1.7535696447282752e-05,138.05600589253999,0.0003070845999914323,0.0
