subdir,file,cluster,size,all_feats_scaled_to_max_max_x,all_feats_scaled_to_max_max_y,all_feats_scaled_to_max_surf_trapz_x,all_feats_scaled_to_max_surf_trapz_y,all_feats_scaled_to_max_surf_simpson_x,all_feats_scaled_to_max_surf_simpson_y,all_feats_scaled_to_max_duration,all_feats_scaled_to_max_len,all_feats_scaled_to_max_offset,all_feats_scaled_to_max_mean_speed_len,all_feats_scaled_to_max_mean_speed_offset,all_feats_scaled_to_max_len_vs_offset,all_feats_scaled_to_max_total_surf,all_feats_scaled_to_max_monotonous
no_rays_no_same_no_xy,filenames_in_cluster_train KMeans test nclus 6,1,399,0.039633251408908804,0.03122354799051493,0.36095604968151174,0.245234203157319,0.41513662984562155,0.24878753205352722,0.5748565694000889,0.04891407738763766,0.03986671417064678,0.0025204294678874786,0.002067484323056715,0.5883021365917293,0.0008800818260521891,0.8608356746825513
no_rays_no_same_no_xy,filenames_in_cluster_train KMeans test nclus 6,2,117,0.059871653636065954,0.06730982241903499,0.6237654656093429,0.5952402855599643,0.6230128511972994,0.5944818129473546,0.7339127705103405,0.06519766421653618,0.07117120288972813,0.003410210249334967,0.0037383906876251854,0.243236175137488,0.0038042985744033684,1.0859074426795174
no_rays_no_same_no_xy,filenames_in_cluster_train KMeans test nclus 6,5,182,0.03892151370454057,0.05006783332854044,0.3629292492902758,0.39022467197305305,0.3630363342839754,0.38938190003471007,0.5929886306007421,0.0520071404222509,0.0523913946949877,0.002759127564143793,0.0027706436035588086,0.41854059925861764,0.0020031649600548884,1.14640457468506
no_rays_no_same_no_xy,filenames_in_cluster_train KMeans test nclus 6,3,119,0.07209839450067115,0.06317623652591252,0.6814459210793934,0.5731691041960921,0.6827355702988663,0.5733449865217228,0.5622353666672375,0.08326655075172734,0.07985376868484809,0.004424267979528283,0.004231550471004469,0.23805626396008794,0.00512298069513066,1.051998813749837
no_rays_no_same_no_xy,filenames_in_cluster_train KMeans test nclus 6,0,42,0.026558074353947875,0.038670590476534324,0.29386252926239764,0.4277229533899209,0.2944227022359983,0.42773385879278336,0.6271312099691708,0.08377241480662143,0.01543078390995369,0.004155282639756458,0.0007915796950608144,2.0843041846843096,0.0012224801408367717,0.0
no_rays_no_same_no_xy,filenames_in_cluster_train KMeans test nclus 6,4,1,0.0,0.0,0.0,0.0,0.0,0.0,0.0,0.0,0.0,0.0,0.0,0.0,0.0,0.0
