subdir,file,cluster,size,all_feats_scaled_to_max_max_x,all_feats_scaled_to_max_max_y,all_feats_scaled_to_max_surf_trapz_x,all_feats_scaled_to_max_surf_trapz_y,all_feats_scaled_to_max_surf_simpson_x,all_feats_scaled_to_max_surf_simpson_y,all_feats_scaled_to_max_duration,all_feats_scaled_to_max_len,all_feats_scaled_to_max_offset,all_feats_scaled_to_max_mean_speed_len,all_feats_scaled_to_max_mean_speed_offset,all_feats_scaled_to_max_len_vs_offset,all_feats_scaled_to_max_total_surf,all_feats_scaled_to_max_monotonous
no_rays_no_same_no_xy,filenames_in_cluster_train KMeans test nclus 6,1,399,0.2246799999994664,0.15134000000003311,2.036566339071595,0.9072969335693051,5.480188710734163,1.4248825888283154,3.938999891281128,0.2878292086517508,0.2243157885729835,0.014532323351274499,0.0112132716285937,2.409698125372892,0.010067160800021248,3.0
no_rays_no_same_no_xy,filenames_in_cluster_train KMeans test nclus 6,2,117,0.2790399999980765,0.31332000000077187,3.0418602109100115,3.030783381696151,3.038382683281846,3.022096750229657,4.392000198364258,0.30473184308515155,0.3875019891564126,0.0165666389658823,0.0204622954468177,2.1329207031853628,0.0245187899998149,3.0
no_rays_no_same_no_xy,filenames_in_cluster_train KMeans test nclus 6,5,182,0.1876399999986234,0.23734000000033,1.5896408117833474,1.4894670596922572,1.585855979003411,1.4809750845696819,3.697999954223633,0.26667015836596847,0.2621611208272358,0.0140422721203542,0.013997968899666301,2.3341168270467083,0.009541828799968588,3.0
no_rays_no_same_no_xy,filenames_in_cluster_train KMeans test nclus 6,3,119,0.3616400000026943,0.23732000000009632,3.0642444730864704,2.132510987688935,3.0773326416809255,2.138083178278976,3.447000026702881,0.37016551375822526,0.3819600198176553,0.019294151588441798,0.0198203105948594,1.515605659739232,0.025826723199998097,3.0
no_rays_no_same_no_xy,filenames_in_cluster_train KMeans test nclus 6,0,42,0.1020000000011123,0.15199999999992989,1.2628544388456975,2.108172755276275,1.2672081411972882,2.1075781392640405,3.198999881744392,0.3298662104170085,0.0530412071380442,0.0149714408659967,0.0028219102814795965,8.981284435609252,0.003944715600017972,0.0
no_rays_no_same_no_xy,filenames_in_cluster_train KMeans test nclus 6,4,1,0.0,0.0,0.0,0.0,0.0,0.0,0.0,0.0,0.0,0.0,0.0,0.0,0.0,0.0
