subdir,file,cluster,size,all_feats_scaled_to_max_max_x,all_feats_scaled_to_max_max_y,all_feats_scaled_to_max_surf_trapz_x,all_feats_scaled_to_max_surf_trapz_y,all_feats_scaled_to_max_surf_simpson_x,all_feats_scaled_to_max_surf_simpson_y,all_feats_scaled_to_max_duration,all_feats_scaled_to_max_len,all_feats_scaled_to_max_offset,all_feats_scaled_to_max_mean_speed_len,all_feats_scaled_to_max_mean_speed_offset,all_feats_scaled_to_max_len_vs_offset,all_feats_scaled_to_max_total_surf,all_feats_scaled_to_max_monotonous
no_rays_no_same_no_xy,filenames_in_cluster_test KMeans test nclus 5,3,321,0.0016324805467331214,0.0026617322692573703,0.12113560062546509,0.17558977917072482,0.12168644096293238,0.1754728215630047,0.2706138392773503,0.0037065711963985746,0.002372960457488496,1.014165838617902e-05,6.445868007581228e-06,0.28350900166255,1.8489042953493202e-06,0.7195000048524374
no_rays_no_same_no_xy,filenames_in_cluster_test KMeans test nclus 5,0,100,0.006780180105453663,0.0026497954919540334,0.6428399478440773,0.24777127001007238,0.6410889687774651,0.24777471053635083,0.43004187377269915,0.007622163065177805,0.007160482032086678,2.0829130902028146e-05,1.9338355957441315e-05,0.1680922325644935,1.758801305741725e-05,1.3296
no_rays_no_same_no_xy,filenames_in_cluster_test KMeans test nclus 5,2,162,0.0022701269746043993,0.008112539689558296,0.2539956911454042,0.7311371893659789,0.2875963876109622,0.8778631648002221,0.3794814736217276,0.008041181833359553,0.009317783362584686,2.2017958892165604e-05,2.544579474765154e-05,0.19380384772516981,1.1804892958284051e-05,1.289628105471727
no_rays_no_same_no_xy,filenames_in_cluster_test KMeans test nclus 5,1,21,0.000853360355538106,0.0022430984126968288,0.08689247142493987,0.23237004371844439,0.08697262094144062,0.23361018971158143,0.4465406574675462,0.00971212994728082,0.0004435813513062152,2.660003074753559e-05,1.2420642528011143e-06,8.909874117407792,5.370065799152633e-06,0.0
no_rays_no_same_no_xy,filenames_in_cluster_test KMeans test nclus 5,4,2,0.00026179240000248204,7.796890000281766e-05,0.03086436868289639,0.018723443423144952,0.030734997826369403,0.018648299678451802,0.0161289934597022,0.0014909245917398947,1.08900000200442e-07,4.008621945370985e-06,3.0750064989124495e-10,19059.460763001032,9.430095155189797e-08,0.0
