subdir,file,cluster,size,all_feats_scaled_to_max_max_x,all_feats_scaled_to_max_max_y,all_feats_scaled_to_max_surf_trapz_x,all_feats_scaled_to_max_surf_trapz_y,all_feats_scaled_to_max_surf_simpson_x,all_feats_scaled_to_max_surf_simpson_y,all_feats_scaled_to_max_duration,all_feats_scaled_to_max_len,all_feats_scaled_to_max_offset,all_feats_scaled_to_max_mean_speed_len,all_feats_scaled_to_max_mean_speed_offset,all_feats_scaled_to_max_len_vs_offset,all_feats_scaled_to_max_total_surf,all_feats_scaled_to_max_monotonous
no_rays_no_same_no_xy,filenames_in_cluster_train DBSCAN test nclus 5,0,855,0.07521678060017231,0.10507256354790462,0.7576608484298996,1.0426330240852735,0.7580945449562009,1.0431536411614954,0.6039306208267432,0.11074583091713053,0.11034443914318426,0.005731536288163926,0.005715245088382115,0.9810475575708048,0.002952744276843082,1.099987408641106
no_rays_no_same_no_xy,filenames_in_cluster_train DBSCAN test nclus 5,-1,5,0.07568887728004225,0.062235890095626425,0.6815196158361789,0.8138959870899101,1.7917344571789215,0.9422971237666071,1.12004664191702,0.11790356586635306,0.08594895943771044,0.005628416699488126,0.0043015769320434655,8.252244893619741,0.001541893553604694,0.4
