subdir,file,cluster,size,all_feats_scaled_to_max_max_x,all_feats_scaled_to_max_max_y,all_feats_scaled_to_max_surf_trapz_x,all_feats_scaled_to_max_surf_trapz_y,all_feats_scaled_to_max_surf_simpson_x,all_feats_scaled_to_max_surf_simpson_y,all_feats_scaled_to_max_duration,all_feats_scaled_to_max_len,all_feats_scaled_to_max_offset,all_feats_scaled_to_max_mean_speed_len,all_feats_scaled_to_max_mean_speed_offset,all_feats_scaled_to_max_len_vs_offset,all_feats_scaled_to_max_total_surf,all_feats_scaled_to_max_monotonous
no_rays_no_same_no_xy,filenames_in_cluster_train KMeans test nclus 6,1,399,0.17639866213727493,0.2063139156238146,0.17723756047448963,0.2702910084712487,0.07575225083626856,0.17460212792557583,0.14593972715574802,0.16994132602719825,0.17772584990233856,0.17343609875474142,0.1843783323490226,0.2441393510652674,0.08742105580059192,0.2869452248941838
no_rays_no_same_no_xy,filenames_in_cluster_train KMeans test nclus 6,2,117,0.21456297891513285,0.21482772379314813,0.2050605295312816,0.19639816199165094,0.20504752565413023,0.19671170782410535,0.16710217153079288,0.21395093980486288,0.18366667754317087,0.20584804536140547,0.18269654532852425,0.11403901456544183,0.15515849576720908,0.36196914755983917
no_rays_no_same_no_xy,filenames_in_cluster_train KMeans test nclus 6,5,182,0.20742652795153543,0.2109540462141688,0.22830896552229407,0.26198946088386704,0.22892137690341588,0.2629226541970154,0.16035387721502437,0.19502422296115407,0.19984425810230508,0.19648725936199826,0.1979318302118001,0.1793143318315327,0.2099351185237659,0.3821348582283533
no_rays_no_same_no_xy,filenames_in_cluster_train KMeans test nclus 6,3,119,0.1993650992703628,0.2662069632811684,0.22238627729105592,0.26877662413231096,0.22185952894775035,0.26815841046148164,0.16310860525435678,0.22494410650613214,0.20906315986413876,0.22930616872413556,0.21349566903870643,0.1570700547535873,0.19835968564262296,0.3506662712499457
no_rays_no_same_no_xy,filenames_in_cluster_train KMeans test nclus 6,0,42,0.2603732779770418,0.2544117794510011,0.23269707119294006,0.20288799972366023,0.23233965491874192,0.20295041537209466,0.19603977278898824,0.25395876316255145,0.29092067738567445,0.27754727664148754,0.28051199935590077,0.23207194913239815,0.30990323886244225,nan
no_rays_no_same_no_xy,filenames_in_cluster_train KMeans test nclus 6,4,1,nan,nan,nan,nan,nan,nan,nan,nan,nan,nan,nan,nan,nan,nan
