subdir,file,cluster,size,all_feats_scaled_to_max_max_x,all_feats_scaled_to_max_max_y,all_feats_scaled_to_max_surf_trapz_x,all_feats_scaled_to_max_surf_trapz_y,all_feats_scaled_to_max_surf_simpson_x,all_feats_scaled_to_max_surf_simpson_y,all_feats_scaled_to_max_duration,all_feats_scaled_to_max_len,all_feats_scaled_to_max_offset,all_feats_scaled_to_max_mean_speed_len,all_feats_scaled_to_max_mean_speed_offset,all_feats_scaled_to_max_len_vs_offset,all_feats_scaled_to_max_total_surf,all_feats_scaled_to_max_monotonous
no_rays_no_same_no_xy,filenames_in_cluster_test DBSCAN test nclus 5,0,596,0.07504599682681055,0.11392439507189238,0.7841488220435511,1.147321905761281,0.7843107592404099,1.1474098803972235,0.5778823408151371,0.11430505583556945,0.11125289387880993,0.005932977649848206,0.0057675708353409644,0.8070657100267974,0.0029931092927784004,1.0489945767682
no_rays_no_same_no_xy,filenames_in_cluster_test DBSCAN test nclus 5,-1,10,0.1859182143200953,0.06932428826911707,1.7547916733373579,0.5738077922038888,1.8578849226977832,2.2110163341287796,0.5820754308151683,0.18372779052539287,0.19605930488718412,0.00963615980876108,0.010254531855609962,87.68898693595037,0.0013326526491266092,0.9165151389911681
