subdir,file,cluster,size,all_feats_scaled_to_max_max_x,all_feats_scaled_to_max_max_y,all_feats_scaled_to_max_surf_trapz_x,all_feats_scaled_to_max_surf_trapz_y,all_feats_scaled_to_max_surf_simpson_x,all_feats_scaled_to_max_surf_simpson_y,all_feats_scaled_to_max_duration,all_feats_scaled_to_max_len,all_feats_scaled_to_max_offset,all_feats_scaled_to_max_mean_speed_len,all_feats_scaled_to_max_mean_speed_offset,all_feats_scaled_to_max_len_vs_offset,all_feats_scaled_to_max_total_surf,all_feats_scaled_to_max_monotonous
no_rays_no_same_no_xy,filenames_in_cluster_test KMeans test nclus 3,0,411,0.007075069098428633,0.0023337778340431136,0.7452809510132036,0.15995364696801873,0.7452143971827395,0.15993932519191992,0.28788736759171196,0.00782698272300997,0.0067264547118149,2.1266562594916254e-05,1.8157894966935148e-05,0.3219161183423672,3.6864094290574638e-06,0.9333949005748249
no_rays_no_same_no_xy,filenames_in_cluster_test KMeans test nclus 3,2,176,0.0038663187270664523,0.008431778097107835,0.4615801177951157,0.7808994402124969,0.4892035205318548,0.922567178203661,0.41733205891438485,0.008286271756233485,0.00932899463629009,2.2667881865652315e-05,2.5407454196794913e-05,0.18457261772964706,1.680487790458671e-05,1.3190857438016528
no_rays_no_same_no_xy,filenames_in_cluster_test KMeans test nclus 3,1,19,0.00015609840222482777,0.0023844462936276657,0.016919625705350952,0.24632885137575722,0.01693127740357291,0.24749088993514826,0.472565018155156,0.008120245567905632,0.00022987527253299247,2.1873634079652244e-05,6.236776040273164e-07,4306.512504296504,1.4293457684654768e-06,0.0
