subdir,file,cluster,size,all_feats_scaled_to_max_max_x,all_feats_scaled_to_max_max_y,all_feats_scaled_to_max_surf_trapz_x,all_feats_scaled_to_max_surf_trapz_y,all_feats_scaled_to_max_surf_simpson_x,all_feats_scaled_to_max_surf_simpson_y,all_feats_scaled_to_max_duration,all_feats_scaled_to_max_len,all_feats_scaled_to_max_offset,all_feats_scaled_to_max_mean_speed_len,all_feats_scaled_to_max_mean_speed_offset,all_feats_scaled_to_max_len_vs_offset,all_feats_scaled_to_max_total_surf,all_feats_scaled_to_max_monotonous
no_rays_no_same_no_xy,filenames_in_cluster_test DBSCAN test nclus 2,0,602,0.12212888580458052,0.22133279131492425,0.13395568267038543,0.23262560320789066,0.1351927578163447,0.1527051757014008,0.15397003789809188,0.1814727930834215,0.17597125267756186,0.17937288652402963,0.17376613756049855,0.11158731246106116,0.10417544016474033,0.3500497480089717
no_rays_no_same_no_xy,filenames_in_cluster_test DBSCAN test nclus 2,-1,4,0.4402459032437509,0.41120466177758264,0.40187265210529716,0.40374242551906897,0.40190783740929253,0.4038128680314925,0.4090496355979316,0.401773587233015,0.4199465788693991,0.40408473577299603,0.42075630674817494,0.4235834484007897,0.41137318152837765,nan
