subdir,file,cluster,size,all_feats_scaled_to_max_max_x,all_feats_scaled_to_max_max_y,all_feats_scaled_to_max_surf_trapz_x,all_feats_scaled_to_max_surf_trapz_y,all_feats_scaled_to_max_surf_simpson_x,all_feats_scaled_to_max_surf_simpson_y,all_feats_scaled_to_max_duration,all_feats_scaled_to_max_len,all_feats_scaled_to_max_offset,all_feats_scaled_to_max_mean_speed_len,all_feats_scaled_to_max_mean_speed_offset,all_feats_scaled_to_max_len_vs_offset,all_feats_scaled_to_max_total_surf,all_feats_scaled_to_max_monotonous
no_rays_no_same_no_xy,filenames_in_cluster_train KMeans test nclus 5,3,478,0.2246799999994664,0.21532000000021873,2.036566339071595,1.4904897473321297,5.318445878028415,2.0095756420155646,3.940999984741211,0.2792701587732259,0.27512227132107914,0.014588743588921,0.0146371252754714,2.2224857145393777,0.010067160800021248,3.0
no_rays_no_same_no_xy,filenames_in_cluster_train KMeans test nclus 5,2,212,0.2806799999973465,0.37366000000034205,3.0418602109100115,3.554176636124218,3.038382683281846,3.543252956843948,4.6570000648498535,0.37846048616625405,0.4277781954983576,0.0202784530855486,0.021842728723187998,2.334461612333577,0.0245957187999616,3.0
no_rays_no_same_no_xy,filenames_in_cluster_train KMeans test nclus 5,0,125,0.3616400000026943,0.23732000000009632,3.1747417044657293,2.132510987688935,3.18922139184349,2.138083178278976,3.447000026702881,0.37266455229867923,0.40105157859354323,0.019294151588441798,0.0210631278725677,2.0688389661993103,0.025826723199998097,3.0
no_rays_no_same_no_xy,filenames_in_cluster_train KMeans test nclus 5,1,44,0.1020000000011123,0.15199999999992989,1.2628544388456975,2.108172755276275,1.2672081411972882,2.2033834605154445,3.198999881744392,0.3298662104170085,0.0530412071380442,0.0149714408659967,0.0028219102814795965,9.231973727541135,0.003944715600017972,0.0
no_rays_no_same_no_xy,filenames_in_cluster_train KMeans test nclus 5,4,1,0.0,0.0,0.0,0.0,0.0,0.0,0.0,0.0,0.0,0.0,0.0,0.0,0.0,0.0
