subdir,file,cluster,size,all_feats_scaled_to_max_max_x,all_feats_scaled_to_max_max_y,all_feats_scaled_to_max_surf_trapz_x,all_feats_scaled_to_max_surf_trapz_y,all_feats_scaled_to_max_surf_simpson_x,all_feats_scaled_to_max_surf_simpson_y,all_feats_scaled_to_max_duration,all_feats_scaled_to_max_len,all_feats_scaled_to_max_offset,all_feats_scaled_to_max_mean_speed_len,all_feats_scaled_to_max_mean_speed_offset,all_feats_scaled_to_max_len_vs_offset,all_feats_scaled_to_max_total_surf,all_feats_scaled_to_max_monotonous
no_rays_no_same_no_xy,filenames_in_cluster_train DBSCAN test nclus 5,0,855,0.16447297428395785,0.215905485447247,0.17094949308937218,0.20578535319851646,0.1670244361235503,0.19592800471988697,0.12325114470869349,0.21628096211741407,0.22243167196171837,0.21492683350568587,0.2216359420532349,0.12288025994912649,0.1134473377971757,0.3666624695470353
no_rays_no_same_no_xy,filenames_in_cluster_train DBSCAN test nclus 5,-1,5,0.3369341047025442,0.4103645661053421,0.3349746913327172,0.38761321915903596,0.37317639521589974,0.35949701465767014,0.3677106502016789,0.3580802667903143,0.3806618273671847,0.377003704042101,0.38097661433599245,0.32339305405930213,0.3750555090271266,0.4
