subdir,file,cluster,size,all_feats_scaled_to_max_max_x,all_feats_scaled_to_max_max_y,all_feats_scaled_to_max_surf_trapz_x,all_feats_scaled_to_max_surf_trapz_y,all_feats_scaled_to_max_surf_simpson_x,all_feats_scaled_to_max_surf_simpson_y,all_feats_scaled_to_max_duration,all_feats_scaled_to_max_len,all_feats_scaled_to_max_offset,all_feats_scaled_to_max_mean_speed_len,all_feats_scaled_to_max_mean_speed_offset,all_feats_scaled_to_max_len_vs_offset,all_feats_scaled_to_max_total_surf,all_feats_scaled_to_max_monotonous
no_rays_no_same_no_xy,filenames_in_cluster_train KMeans test nclus 3,0,584,0.005500438975911519,0.002101517700465723,0.5577171354450624,0.15837593330448108,0.5933904768753739,0.1608528358693604,0.34542569010542173,0.006670011324250447,0.005546245312394901,1.8110991583783908e-05,1.5063323834046606e-05,0.35911212303390055,7.2462668711707154e-06,0.9558049118033405
no_rays_no_same_no_xy,filenames_in_cluster_train KMeans test nclus 3,2,240,0.006283045390995675,0.0065112801821584,0.6389589620455983,0.5886509804926816,0.6391985273729087,0.5875754359575375,0.41068333783361516,0.006657673162040919,0.00776083847839639,1.7916262607374813e-05,2.0972318495017603e-05,0.08855577863711457,1.0631033858999606e-05,1.3391493055555557
no_rays_no_same_no_xy,filenames_in_cluster_train KMeans test nclus 3,1,36,0.000770370632114445,0.0018276629098796797,0.09439462344187585,0.2165751734734619,0.0947733995828151,0.2165050030651236,0.4133992140687642,0.00859274932099822,0.0002371367951283603,2.1364323783704676e-05,6.209993204667017e-07,15.828422313150034,1.8778177825252565e-06,0.0
