subdir,file,cluster,size,all_feats_scaled_to_max_max_x,all_feats_scaled_to_max_max_y,all_feats_scaled_to_max_surf_trapz_x,all_feats_scaled_to_max_surf_trapz_y,all_feats_scaled_to_max_surf_simpson_x,all_feats_scaled_to_max_surf_simpson_y,all_feats_scaled_to_max_duration,all_feats_scaled_to_max_len,all_feats_scaled_to_max_offset,all_feats_scaled_to_max_mean_speed_len,all_feats_scaled_to_max_mean_speed_offset,all_feats_scaled_to_max_len_vs_offset,all_feats_scaled_to_max_total_surf,all_feats_scaled_to_max_monotonous
no_rays_no_same_no_xy,filenames_in_cluster_test DBSCAN test nclus 3,0,601,0.08616133111482266,0.11376555740431574,0.8448481751036686,1.0930880022063143,0.8456105244558128,1.0931065315665334,19.27938601617607,0.180581263762239,0.15595107137098552,0.009369740352445942,0.008087899037547766,1.4180583271054732,0.0020359469171360636,1.0133111480865225
no_rays_no_same_no_xy,filenames_in_cluster_test DBSCAN test nclus 3,-1,5,0.03380799999945334,0.08153200000009514,0.27757972554094906,0.7576067739400625,0.7667658736342576,1.9556354804057712,19.598200035095214,0.13664945317750202,0.05432947470397542,0.00701602381920414,0.002729281363181275,70.8601282039649,0.0010532222400274935,0.2
