subdir,file,cluster,size,all_feats_scaled_to_max_max_x,all_feats_scaled_to_max_max_y,all_feats_scaled_to_max_surf_trapz_x,all_feats_scaled_to_max_surf_trapz_y,all_feats_scaled_to_max_surf_simpson_x,all_feats_scaled_to_max_surf_simpson_y,all_feats_scaled_to_max_duration,all_feats_scaled_to_max_len,all_feats_scaled_to_max_offset,all_feats_scaled_to_max_mean_speed_len,all_feats_scaled_to_max_mean_speed_offset,all_feats_scaled_to_max_len_vs_offset,all_feats_scaled_to_max_total_surf,all_feats_scaled_to_max_monotonous
no_rays_no_same_no_xy,filenames_in_cluster_test KMeans test nclus 3,0,411,0.0172364709570537,0.0436071845824004,0.020350391810568785,0.07549386619882235,0.020500108874011862,0.07469570404659191,0.020747705586789386,0.019240394008022008,0.016414172246731053,0.018944238277279278,0.0160627476012102,0.037324035544292346,0.024530632951754287,0.10371054450831388
no_rays_no_same_no_xy,filenames_in_cluster_test KMeans test nclus 3,2,176,0.025592532585009705,0.049038240788588816,0.02385695553090619,0.05503734173391729,0.02523828503026242,0.021548991826899327,0.031069466719173145,0.04648528073023834,0.04286731480660335,0.05008159746978005,0.045993075774887586,0.02657038712804764,0.02092801145790877,0.1465650826446281
no_rays_no_same_no_xy,filenames_in_cluster_test KMeans test nclus 3,1,19,0.12261645792641564,0.10457639110641909,0.10323232809751283,0.07345446340362938,0.10343608218964272,0.0735681800909564,0.08204254765439231,0.11046491151789313,0.10387982487936567,0.1098870293192233,0.11279156289381584,0.04862994032004511,0.09779380547931098,nan
