subdir,file,cluster,size,all_feats_scaled_to_max_max_x,all_feats_scaled_to_max_max_y,all_feats_scaled_to_max_surf_trapz_x,all_feats_scaled_to_max_surf_trapz_y,all_feats_scaled_to_max_surf_simpson_x,all_feats_scaled_to_max_surf_simpson_y,all_feats_scaled_to_max_duration,all_feats_scaled_to_max_len,all_feats_scaled_to_max_offset,all_feats_scaled_to_max_mean_speed_len,all_feats_scaled_to_max_mean_speed_offset,all_feats_scaled_to_max_len_vs_offset,all_feats_scaled_to_max_total_surf,all_feats_scaled_to_max_monotonous
no_rays_no_same_no_xy,filenames_in_cluster_test KMeans test nclus 2,1,423,0.12744816823303046,0.20417657498973515,0.13972107043671503,0.2079868599754049,0.1402228587738976,0.2077382479250458,0.145247858599651,0.1365167528684024,0.12498308835620439,0.13528792692779218,0.12346436803540167,0.04883967846404546,0.15395593588995568,0.31721583268595166
no_rays_no_same_no_xy,filenames_in_cluster_test KMeans test nclus 2,0,183,0.15904342116258793,0.2238187343671411,0.1629698709217165,0.23857161373179678,0.16687932579018105,0.14887976406362388,0.176935971315459,0.2176319567318875,0.20781476661000667,0.22629800631508723,0.21561686535521135,0.16017135020586476,0.14299072941045476,0.3835271507183953
