subdir,file,cluster,size,all_feats_scaled_to_max_max_x,all_feats_scaled_to_max_max_y,all_feats_scaled_to_max_surf_trapz_x,all_feats_scaled_to_max_surf_trapz_y,all_feats_scaled_to_max_surf_simpson_x,all_feats_scaled_to_max_surf_simpson_y,all_feats_scaled_to_max_duration,all_feats_scaled_to_max_len,all_feats_scaled_to_max_offset,all_feats_scaled_to_max_mean_speed_len,all_feats_scaled_to_max_mean_speed_offset,all_feats_scaled_to_max_len_vs_offset,all_feats_scaled_to_max_total_surf,all_feats_scaled_to_max_monotonous
no_rays_no_same_no_xy,filenames_in_cluster_test DBSCAN test nclus 9,0,600,0.006132084522386884,0.01292682435012518,0.6581718469440885,1.3103032502107124,0.658021690705163,1.3105042240278584,0.33222806038511415,0.01339233136541749,0.012795425252253918,3.6111941885317205e-05,3.442599865794733e-05,0.888171142931507,8.91227242321744e-06,1.104775
no_rays_no_same_no_xy,filenames_in_cluster_test DBSCAN test nclus 9,-1,6,0.0006322560000136095,0.007104102355591407,0.03312618133493465,0.47553303141779185,1.1020966122093192,7.597617408878235,0.47044881971857694,0.011113047711171081,0.007818849088159522,2.955628065170404e-05,1.952049884707914e-05,11632.93565985848,1.4561090257512288e-06,0.13888888888888892
