subdir,file,cluster,size,all_feats_scaled_to_max_max_x,all_feats_scaled_to_max_max_y,all_feats_scaled_to_max_surf_trapz_x,all_feats_scaled_to_max_surf_trapz_y,all_feats_scaled_to_max_surf_simpson_x,all_feats_scaled_to_max_surf_simpson_y,all_feats_scaled_to_max_duration,all_feats_scaled_to_max_len,all_feats_scaled_to_max_offset,all_feats_scaled_to_max_mean_speed_len,all_feats_scaled_to_max_mean_speed_offset,all_feats_scaled_to_max_len_vs_offset,all_feats_scaled_to_max_total_surf,all_feats_scaled_to_max_monotonous
no_rays_no_same_no_xy,filenames_in_cluster_train KMeans test nclus 3,0,584,0.00163999999927,0.0009999999996068,0.0153753598591673,0.0088185700107547,-3.9305988131670366,-0.505959549259924,18.05999994277954,0.0053819240077145,0.0021124393479833,0.0002786491906739,0.0001109707578536,1.000570350662419,1.7611999998521548e-06,0.0
no_rays_no_same_no_xy,filenames_in_cluster_train KMeans test nclus 3,2,240,0.0046800000006896,0.0923199999995461,0.0413083992225577,1.3857412902712063,0.0416682041190231,1.382942885137354,18.30299997329712,0.1073910135483891,0.0693541635374115,0.0053692822327658,0.0036577271063229,1.00022556537555,0.0002460512000075,0.0
no_rays_no_same_no_xy,filenames_in_cluster_train KMeans test nclus 3,1,36,0.0013199999983726,0.0010000000003174,0.0133593999623016,0.0074180200139249,0.0131243819844565,0.0076165501667418,18.799999952316284,0.0052498065122784,0.0006400000017947,0.0002624903256139,3.332118504830345e-05,3.9420598992969063,1.0911999990289166e-06,0.0
