subdir,file,cluster,size,all_feats_scaled_to_max_max_x,all_feats_scaled_to_max_max_y,all_feats_scaled_to_max_surf_trapz_x,all_feats_scaled_to_max_surf_trapz_y,all_feats_scaled_to_max_surf_simpson_x,all_feats_scaled_to_max_surf_simpson_y,all_feats_scaled_to_max_duration,all_feats_scaled_to_max_len,all_feats_scaled_to_max_offset,all_feats_scaled_to_max_mean_speed_len,all_feats_scaled_to_max_mean_speed_offset,all_feats_scaled_to_max_len_vs_offset,all_feats_scaled_to_max_total_surf,all_feats_scaled_to_max_monotonous
no_rays_no_same_no_xy,filenames_in_cluster_test KMeans test nclus 3,0,411,0.08411342995282402,0.0483091899543256,0.8632965602926977,0.3999420545129241,0.8632580131007992,0.3999241492982387,0.5365513652873432,0.08847023636800101,0.08201496638915912,0.004611568344383097,0.004261208158132521,0.5673765225512659,0.0019200024554821443,0.9661236466285383
no_rays_no_same_no_xy,filenames_in_cluster_test KMeans test nclus 3,2,176,0.06217972922960064,0.09182471397781664,0.6793968779698032,0.8836851476699701,0.6994308547182164,0.9605036065542185,0.646012429380724,0.09102896108510458,0.09658672080721081,0.004761079905405108,0.005040580740033326,0.42961915428626674,0.004099375306627427,1.1485145814492965
no_rays_no_same_no_xy,filenames_in_cluster_test KMeans test nclus 3,1,19,0.012493934617438486,0.04883079247388543,0.13007546158038782,0.4963152741713247,0.130120242097734,0.49748456250937906,0.6874336463653463,0.09011240518322454,0.015161638187642932,0.004676925708160463,0.0007897326155271267,65.6240238349989,0.001195552495068902,0.0
