subdir,file,cluster,size,all_feats_scaled_to_max_max_x,all_feats_scaled_to_max_max_y,all_feats_scaled_to_max_surf_trapz_x,all_feats_scaled_to_max_surf_trapz_y,all_feats_scaled_to_max_surf_simpson_x,all_feats_scaled_to_max_surf_simpson_y,all_feats_scaled_to_max_duration,all_feats_scaled_to_max_len,all_feats_scaled_to_max_offset,all_feats_scaled_to_max_mean_speed_len,all_feats_scaled_to_max_mean_speed_offset,all_feats_scaled_to_max_len_vs_offset,all_feats_scaled_to_max_total_surf,all_feats_scaled_to_max_monotonous
no_rays_no_same_no_xy,filenames_in_cluster_train KMeans test nclus 4,1,484,0.0015478995609263522,0.002067678922890824,0.12557898578483365,0.168394108061138,0.16055088389174604,0.1713274547672254,0.34736504318670813,0.0032367543772299726,0.002196930332382433,8.710042769448137e-06,5.974046497846806e-06,0.40247766082946823,1.4349974161732716e-06,0.8804897206474969
no_rays_no_same_no_xy,filenames_in_cluster_train KMeans test nclus 4,0,217,0.0026858298804607037,0.0064748871375291785,0.28610389847543466,0.585889109058207,0.28540307860673714,0.5850003176444484,0.4304319941070315,0.006196294020993144,0.007317908958182808,1.6438821038282813e-05,1.9543468885860693e-05,0.0941188375192834,9.78065030036046e-06,1.30667459491601
no_rays_no_same_no_xy,filenames_in_cluster_train KMeans test nclus 4,3,123,0.005252210091065244,0.003913223282860724,0.47287160819917157,0.3253406868248287,0.47456944070149515,0.3256053350465785,0.3116274700541284,0.006886228678997334,0.006345262268257776,1.939238284578929e-05,1.77636431959166e-05,0.05747139846637357,2.5853279151751097e-05,1.0951153413973163
no_rays_no_same_no_xy,filenames_in_cluster_train KMeans test nclus 4,2,36,0.000770370632114445,0.0018276629098796797,0.09439462344187585,0.2165751734734619,0.0947733995828151,0.2165050030651236,0.4133992140687642,0.00859274932099822,0.0002371367951283603,2.1364323783704676e-05,6.209993204667017e-07,15.828422313150034,1.8778177825252565e-06,0.0
