window_size,vehicle,ride,start,scale,scale x,scale y,offset,offset x,offset y,no scale,no scale x,no scale y,only offset,only offset x,only offset y,
20,Vehicle_9,9571672,0,0.00878039197164104,0.004068901300107664,0.007089463854231532,0.01064632430133315,0.005702738652656144,0.007833120072555155,0.00023575944859517096,0.00016670710483044667,0.00016670710483044667,0.0017578124999999996,0.0011772147445558297,0.0009819022445558298,
20,Vehicle_9,9571672,20,0.008434146390690693,0.003889060807295757,0.006870510783440828,0.010105556690169538,0.005326980931462534,0.007600728853665254,0.0,0.0,0.0,0.0017578125,0.0011772147445558297,0.0009819022445558298,
20,Vehicle_9,9571672,40,0.009293637703287096,0.00466363611985162,0.007136181584663972,0.009995363158926993,0.005131668431462536,0.007685847822422704,0.0,0.0,0.0,0.0015625,0.0009819022445558296,0.0009819022445558298,
20,Vehicle_9,9571672,60,0.011652872433542833,0.006876958134632697,0.007671143452816598,0.011502158231294132,0.006855998568891242,0.007518941895849805,0.0,0.0,0.0,0.0015625,0.0009819022445558298,0.0009819022445558298,
20,Vehicle_9,9571672,80,0.009931737591891854,0.007163510092399162,0.0054472571381874385,0.010149399807896382,0.007644571971392097,0.005326980931462535,0.0002357623307368452,0.00016670914281236886,0.00016670914281236883,0.0017578125,0.0009819022445558298,0.0011772147445558295,
20,Vehicle_9,9571672,100,0.010356379119840853,0.005525318417892778,0.007659703279779284,0.011149602688076011,0.005984896097167003,0.008355386031925557,0.0007072801772748883,0.0005001226095498969,0.0005001226095498969,0.0015625,0.0009819022445558298,0.0009819022445558298,
20,Vehicle_9,9571672,120,0.008916330615842816,0.004315924749842366,0.0069604824035690484,0.010093187518971727,0.0051316684314625365,0.007783672182467444,0.0,0.0,0.0,0.0015625,0.0009819022445558298,0.0009819022445558298,
20,Vehicle_9,9571672,140,0.008986785201724272,0.004294668866663908,0.007098086363503864,0.01007847923136783,0.0051316684314625365,0.007768963894863552,0.0,0.0,0.0,0.0015625,0.0009819022445558296,0.0009819022445558296,
