window_size,vehicle,ride,start,scale,scale x,scale y,offset,offset x,offset y,no scale,no scale x,no scale y,only offset,only offset x,only offset y,
20,Vehicle_9,9571672,0,0.007797481999877813,0.004048661669452716,0.0061267935131209435,0.009946992218278192,0.0053881497957705025,0.007448376846417406,0.00023575944859517253,0.00016670710483044916,0.00016670710483044637,0.0014647921071555391,0.0009818489757348087,0.0008842476205323926,
20,Vehicle_9,9571672,20,0.007964047618554194,0.004123432284956165,0.0062954312302483766,0.009836308213619601,0.0052975529279445585,0.00736090838063602,0.000235755737922477,0.000166704480988622,0.000166704480988622,0.001660112281640635,0.0011771731039308426,0.0008842436668214541,
20,Vehicle_9,9571672,40,0.00808612811977245,0.004352874373717426,0.006141777497306045,0.009597220013983722,0.005081197208204392,0.007338175900750916,0.0,0.0,0.0,0.0013672241082525846,0.0008842886215089552,0.0008842399758552915,
20,Vehicle_9,9571672,60,0.011005243834010301,0.006690929030949572,0.007307200206980547,0.010918812703266882,0.0067210690911822055,0.00707052584552594,0.0,0.0,0.0,0.0013671879420292165,0.0008842497333712701,0.0008842426977696092,
20,Vehicle_9,9571672,80,0.008822480821691608,0.006830638035797877,0.0044955915541600834,0.00968179250039643,0.0073722771640508025,0.005131668431437171,0.00023575998789536855,0.00016670748617327036,0.0001667074861732766,0.001464844510546871,0.000884246755102705,0.0009819022445558302,
20,Vehicle_9,9571672,100,0.009106419536892233,0.005043088502787674,0.0067663920356492175,0.010598740288315535,0.005898539588848449,0.00789088014049692,0.0,0.0,0.0,0.0013671932264635515,0.0008842551111873847,0.000884242604387829,
20,Vehicle_9,9571672,120,0.00856689968720801,0.004557013818362519,0.0065347043562533486,0.009577135782723794,0.0050635391869888555,0.007335749690700498,0.00023576261273776811,0.00016670934221713619,0.00016670934221713133,0.0013672177041666022,0.0008842853127163846,0.0008842368805618798,
20,Vehicle_9,9571672,140,0.008279295651594309,0.004459349195617856,0.0063137176249974504,0.009675027994783536,0.005033343039270429,0.007463838050474296,0.000235762641864517,0.00016670936281285576,0.00016670936281285506,0.0013671870052951365,0.0008842453912572184,0.0008842461031495802,
