window_size,vehicle,ride,start,scale,scale x,scale y,offset,offset x,offset y,no scale,no scale x,no scale y,only offset,only offset x,only offset y,
20,Vehicle_9,9571672,0,0.008770562933492263,0.004068901300107666,0.007079634816082763,0.01058209625604193,0.005699108796518906,0.007772521883401181,0.0008046261261963596,0.0003716312677382419,0.0006818778173783302,0.0017578125,0.0011772147445558297,0.0009819022445558296,
20,Vehicle_9,9571672,20,0.008619087093341433,0.0038890608072957573,0.007055451486091567,0.010199832483376152,0.005326980931462536,0.007695004646871865,0.0019993082373488563,0.000930919868629172,0.0015737769790265578,0.0032902895006300475,0.001752399762492052,0.0023705217157312677,
20,Vehicle_9,9571672,40,0.00928779744699483,0.004668786083934956,0.007125191364288373,0.009990155261358038,0.0051316684314625365,0.007680639924853751,0.0011485933070298272,0.0002863870487255508,0.0010867915446054217,0.0015625,0.0009819022445558298,0.0009819022445558298,
20,Vehicle_9,9571672,60,0.011562764088633704,0.0068769581346326955,0.007581035107907463,0.011553803131022139,0.0070183110240559805,0.007408274340413076,0.00025453077235771597,0.0001248578946503769,0.0001296728777073391,0.0015625,0.0009819022445558298,0.0009819022445558296,
20,Vehicle_9,9571672,80,0.009931737591891858,0.007163510092399165,0.005447257138187439,0.010149399807896378,0.00764457197139209,0.005326980931462534,0.00023562055047002912,0.00016660888902426477,0.00016660888902426474,0.0017578125,0.0009819022445558298,0.0011772147445558297,
20,Vehicle_9,9571672,100,0.010356379119840855,0.005525318417892777,0.007659703279779279,0.011149602688076016,0.0059848960971669975,0.008355386031925552,0.0018061307446653537,0.0008681234382675235,0.00142559207477064,0.0015625,0.0009819022445558298,0.0009819022445558298,
20,Vehicle_9,9571672,120,0.008817685902753425,0.004315924749842366,0.00686183769047966,0.010093187518971734,0.005131668431462535,0.007783672182467441,0.001441549269340892,0.0005063916149729159,0.0012181592578989716,0.0027118577504725355,0.0013442376114077472,0.002051969701337159,
20,Vehicle_9,9571672,140,0.00909853737091152,0.004461378513264158,0.00714078513609086,0.009894985803612229,0.005131668431462536,0.007585470467107943,0.0011474664034846194,0.00028578659752762477,0.0010858144934094084,0.0015625,0.0009819022445558298,0.0009819022445558298,
