window_size,vehicle,ride,start,scale,scale x,scale y,offset,offset x,offset y,no scale,no scale x,no scale y,only offset,only offset x,only offset y,
20,Vehicle_16,9177298,0,0.011054548435846743,0.005861346140201366,0.00816342818123742,0.010412934812839256,0.005353409819853324,0.008029838057638858,0.00023575983912289513,0.00016670738097524868,0.00016670738097524865,0.0015624999999999999,0.0009819022445558298,0.0009819022445558298,
20,Vehicle_16,9177298,20,0.008624748960674064,0.004059289964227469,0.0068920310927157455,0.01015455899057068,0.005326980931462532,0.007649731154066392,0.0,0.0,0.0,0.0017578125,0.0011772147445558297,0.0009819022445558298,
20,Vehicle_16,9177298,40,0.01538389846490082,0.009313742265916526,0.010072255678580172,0.01533763231385457,0.009342988093172877,0.01019965859863488,0.0004712662972966265,0.0003332355945631201,0.0003332355945631201,0.001953125,0.0013576599657494403,0.0010566451024396364,
20,Vehicle_16,9177298,60,0.0096826320225509,0.004963223164320075,0.0072689807855168065,0.011137402305845026,0.0060697929826859474,0.008220254950582252,0.0,0.0,0.0,0.0015624999999999999,0.0009819022445558298,0.0009819022445558298,
