window_size,vehicle,ride,start,scale,scale x,scale y,offset,offset x,offset y,no scale,no scale x,no scale y,only offset,only offset x,only offset y,
20,Vehicle_17,9492910,0,0.008932298749124644,0.00425405492278494,0.007047391133154634,0.010230255782515182,0.005278697847000709,0.007820501259095888,0.0009652698399751551,0.0004019880950613911,0.0008008392293654577,0.001654554202107091,0.0009031749655305025,0.0011108606527223924,
20,Vehicle_17,9492910,20,0.012779025627956023,0.007136779788295841,0.00906737898804353,0.013438492823047576,0.007498055533777053,0.0096389135366398,0.0007404899443744281,0.00045379012136977564,0.0004613295843389426,0.0009566326530612245,0.000628199833364259,0.0005802146944468158,
20,Vehicle_17,9492910,40,0.010409679750473463,0.005466329381857779,0.007739931952475331,0.010317927322058894,0.005340074879416065,0.007874339190171128,0.0017962603319079929,0.0007581760180957631,0.0014414099717819395,0.002033598200132549,0.001099571855230019,0.001518527529966365,
