window_size,vehicle,ride,start,scale,scale x,scale y,offset,offset x,offset y,no scale,no scale x,no scale y,only offset,only offset x,only offset y,
20,Vehicle_13,8468422,0,0.014009950334483573,0.008182185273743146,0.009641362408824574,0.01394384899944059,0.008200932679763353,0.009535861824866857,0.0,0.0,0.0,0.0015000000000000002,0.0009361652524074987,0.0009914731879281174,
20,Vehicle_13,8468422,20,0.008974674377870095,0.004261891498828904,0.007173442200822823,0.01002320423740454,0.005107932273632678,0.00776241620589906,0.0,0.0,0.0,0.0012500000000000002,0.0007892189393343803,0.0007892189393343805,
20,Vehicle_13,8468422,40,0.009477815239441845,0.00490516085629587,0.007147283306885137,0.010539027351068556,0.0055081026899682925,0.008013280357597338,0.0,0.0,0.0,0.00125,0.0007892189393343804,0.0007892189393343804,
20,Vehicle_13,8468422,60,0.011321003774057495,0.00758993729026183,0.006589246694011884,0.012024319268907784,0.0079340200740529,0.0072293064630234135,0.0,0.0,0.0,0.00125,0.0007892189393343804,0.0007892189393343806,
20,Vehicle_13,8468422,80,0.008811644513574092,0.006972062013575549,0.0042753492821008526,0.009939947344091373,0.007679159312585888,0.005107932273632674,0.0,0.0,0.0,0.00125,0.0007892189393343805,0.0007892189393343806,
20,Vehicle_13,8468422,100,0.013820775699097329,0.008645595382255275,0.008810574321246536,0.013791301462422648,0.008617066863967463,0.00882856718986985,0.0,0.0,0.0,0.00125,0.0007892189393343804,0.0007892189393343803,
20,Vehicle_13,8468422,120,0.009871412703698974,0.005249730158835061,0.007277213388996176,0.010469387582481839,0.005701066716541297,0.007566779232151477,0.0,0.0,0.0,0.00125,0.0007892189393343804,0.0007892189393343804,
20,Vehicle_13,8468422,140,0.011962938233722057,0.0073067695094548605,0.007628794403376624,0.012049085742383002,0.007305179215375578,0.00775471255687397,0.0,0.0,0.0,0.00125,0.0007892189393343804,0.0007892189393343805,
20,Vehicle_13,8468422,160,0.009183147057434492,0.0046621778548463656,0.007034783796706439,0.010088111148836598,0.005107932273632674,0.007827323117331118,0.0,0.0,0.0,0.0012500000000000002,0.0007892189393343804,0.0007892189393343806,
