window_size,vehicle,ride,start,scale,scale x,scale y,offset,offset x,offset y,no scale,no scale x,no scale y,only offset,only offset x,only offset y,
20,Vehicle_17,9492910,0,0.008814519716458809,0.004190337158979246,0.006918828334846322,0.010554656879588217,0.0057176059314625344,0.007659204043083939,0.008814519716458809,0.004190337158979246,0.006918828334846322,0.010554656879588217,0.0057176059314625344,0.007659204043083939,
20,Vehicle_17,9492910,20,0.011391834051072462,0.006242557264862169,0.00818660772619629,0.012784434748234857,0.006869655429350703,0.009577525381793812,0.011391834051072462,0.006242557264862169,0.00818660772619629,0.012784434748234857,0.006869655429350703,0.009577525381793812,
20,Vehicle_17,9492910,40,0.010292849657373858,0.005504641266619761,0.0075330097934432514,0.010348727701274683,0.005507426152656148,0.0077308359724966875,0.010292849657373858,0.005504641266619761,0.0075330097934432514,0.010348727701274683,0.005507426152656148,0.0077308359724966875,
