subdir,file,cluster,size,28all_distances_scaled_to_max_trajs_distances_offset,28all_distances_scaled_to_max_trajs_distances_offset x,28all_distances_scaled_to_max_trajs_distances_offset y,28all_nums_scaled_to_max_trajs_num_intersections_offset,8all_distances_scaled_to_max_trajs_distances_offset,8all_distances_scaled_to_max_trajs_distances_offset x,8all_distances_scaled_to_max_trajs_distances_offset y,8all_nums_scaled_to_max_trajs_num_intersections_offset
only_rays_heading_size_8_,filenames_in_cluster_train KMeans test nclus 5,0,335,0.009913543674783,0.0050873713163884,0.0050873713163884,0.02631578947368421,0.009824533959088,0.0053347086912079,0.0053347086912079,0.02631578947368421
only_rays_heading_size_8_,filenames_in_cluster_train KMeans test nclus 5,2,291,0.0099561523556057,0.0050873713163884,0.0050873713163884,0.019736842105263157,0.009490265293792,0.0050810240456375,0.0050581061334676,0.019736842105263157
only_rays_heading_size_8_,filenames_in_cluster_train KMeans test nclus 5,1,127,0.01012083781904,0.0052786978470007,0.0052149223367966,0.039473684210526314,0.0100936882508488,0.0056154828328504,0.0068972086912079,0.039473684210526314
only_rays_heading_size_8_,filenames_in_cluster_train KMeans test nclus 5,4,74,0.0100536055984436,0.0050873713163884,0.0052148523721058,0.02631578947368421,0.0101552127210985,0.0056154828328504,0.0068799124241079,0.02631578947368421
only_rays_heading_size_8_,filenames_in_cluster_train KMeans test nclus 5,3,33,0.0142840760528773,0.0081596959768286,0.008086596239929,0.05592105263157895,0.0100936882508488,0.0056154828328504,0.0072316677450496,0.05592105263157895
