subdir,file,cluster,size,28all_distances_scaled_to_max_trajs_distances_offset,28all_distances_scaled_to_max_trajs_distances_offset x,28all_distances_scaled_to_max_trajs_distances_offset y,28all_nums_scaled_to_max_trajs_num_intersections_offset,8all_distances_scaled_to_max_trajs_distances_offset,8all_distances_scaled_to_max_trajs_distances_offset x,8all_distances_scaled_to_max_trajs_distances_offset y,8all_nums_scaled_to_max_trajs_num_intersections_offset
only_rays_heading_size_8_,filenames_in_cluster_test KMeans test nclus 5,0,242,0.13698050030659276,0.18651249395978423,0.1451758121007246,0.2133308235998583,0.23753077187694696,0.2482541865597801,0.1924558388244576,0.2133308235998583
only_rays_heading_size_8_,filenames_in_cluster_test KMeans test nclus 5,2,216,0.1944737732120806,0.18740559482615904,0.21834959474065957,0.291105795234661,0.3141369885082066,0.409581178814502,0.21191596077461525,0.291105795234661
only_rays_heading_size_8_,filenames_in_cluster_test KMeans test nclus 5,1,100,0.19208086430643836,0.18392533742669767,0.18924511654210005,0.2228290326186823,0.1388013054019217,0.14275226457188742,0.12193054777901084,0.2228290326186823
only_rays_heading_size_8_,filenames_in_cluster_test KMeans test nclus 5,4,27,0.3168989133600876,0.3411858150270561,0.23991835885882168,0.23715274953454976,0.37446614772940257,0.30869055625993874,0.29194072722127956,0.23715274953454976
only_rays_heading_size_8_,filenames_in_cluster_test KMeans test nclus 5,3,21,0.30730922132709204,0.28956214127468866,0.2853445366988452,0.29563418084019033,0.3781088215608801,0.45175395145262565,0.19813092694488366,0.29563418084019033
