subdir,file,cluster,size,28all_distances_scaled_to_max_trajs_distances_offset,28all_distances_scaled_to_max_trajs_distances_offset x,28all_distances_scaled_to_max_trajs_distances_offset y,28all_nums_scaled_to_max_trajs_num_intersections_offset,8all_distances_scaled_to_max_trajs_distances_offset,8all_distances_scaled_to_max_trajs_distances_offset x,8all_distances_scaled_to_max_trajs_distances_offset y,8all_nums_scaled_to_max_trajs_num_intersections_offset
only_rays_heading_size_8_,filenames_in_cluster_train KMeans test nclus 7,2,230,0.0008490814229261167,0.0012940082774751626,0.0011672714270073371,6.938893903907228e-18,0.00019235382837003886,9.8705583713717e-05,0.0001471938570967759,6.938893903907228e-18
only_rays_heading_size_8_,filenames_in_cluster_train KMeans test nclus 7,0,268,0.0014640692624414608,0.0011586329139180037,0.0014350509826234843,0.003430093965967904,0.0008941887123851395,0.0008451346773949351,0.0006853679628734379,0.003430093965967904
only_rays_heading_size_8_,filenames_in_cluster_train KMeans test nclus 7,6,92,0.0042278202001052355,0.002482435759762295,0.003092266131401586,0.003881863239135015,0.0042090867329387565,0.0027918507695995345,0.002727545346750889,0.003881863239135015
only_rays_heading_size_8_,filenames_in_cluster_train KMeans test nclus 7,4,133,0.00285350994174006,0.001984282151514872,0.00200983535802135,0.002610696292900551,0.00352552283089044,0.0021788012178894007,0.002475479794239892,0.002610696292900551
only_rays_heading_size_8_,filenames_in_cluster_train KMeans test nclus 7,3,69,0.004107924617853233,0.0031848192622656673,0.0022486479159804875,0.0036859995766738572,0.0058036649812556644,0.0035583219902759573,0.004031128929385932,0.0036859995766738572
only_rays_heading_size_8_,filenames_in_cluster_train KMeans test nclus 7,1,56,0.005874292508316239,0.003456573006891814,0.004179546780539232,0.006999504047078487,0.006895857580221043,0.004538328389561878,0.004362504757398135,0.006999504047078487
only_rays_heading_size_8_,filenames_in_cluster_train KMeans test nclus 7,5,12,0.008389361470290244,0.0047896174345704885,0.005900466026802956,0.011262411504481432,0.012894394695350964,0.008349286724353755,0.007896457535635277,0.011262411504481432
