subdir,file,cluster,size,28all_distances_scaled_to_max_trajs_distances_offset,28all_distances_scaled_to_max_trajs_distances_offset x,28all_distances_scaled_to_max_trajs_distances_offset y,28all_nums_scaled_to_max_trajs_num_intersections_offset,8all_distances_scaled_to_max_trajs_distances_offset,8all_distances_scaled_to_max_trajs_distances_offset x,8all_distances_scaled_to_max_trajs_distances_offset y,8all_nums_scaled_to_max_trajs_num_intersections_offset
only_rays_heading_size_8_,filenames_in_cluster_test KMeans test nclus 5,0,242,0.0222643486665766,0.0137524787401229,0.0145905353265273,0.03289473684210526,0.0136497830246998,0.0086898049380499,0.0086622154208951,0.03289473684210526
only_rays_heading_size_8_,filenames_in_cluster_test KMeans test nclus 5,2,216,0.0198977931878393,0.0124992110624683,0.0127223496589157,0.03289473684210526,0.0121875278385992,0.007269920995373,0.0086622154208951,0.03289473684210526
only_rays_heading_size_8_,filenames_in_cluster_test KMeans test nclus 5,1,100,0.0347781647989811,0.022789133711041,0.0214443801085621,0.05921052631578947,0.0210932944984632,0.015028195230731,0.0117458091042308,0.05921052631578947
only_rays_heading_size_8_,filenames_in_cluster_test KMeans test nclus 5,4,27,0.0212489134469443,0.0128049020104754,0.0148484963985619,0.039473684210526314,0.0124780994788383,0.0085248780531315,0.0076878043513037,0.039473684210526314
only_rays_heading_size_8_,filenames_in_cluster_test KMeans test nclus 5,3,21,0.0343205032538547,0.0224375633022883,0.0229233609531303,0.08552631578947369,0.0121561220810881,0.0072602196749556,0.0076878043513037,0.08552631578947369
