subdir,file,cluster,size,28all_distances_scaled_to_max_trajs_distances_offset,28all_distances_scaled_to_max_trajs_distances_offset x,28all_distances_scaled_to_max_trajs_distances_offset y,28all_nums_scaled_to_max_trajs_num_intersections_offset,8all_distances_scaled_to_max_trajs_distances_offset,8all_distances_scaled_to_max_trajs_distances_offset x,8all_distances_scaled_to_max_trajs_distances_offset y,8all_nums_scaled_to_max_trajs_num_intersections_offset
only_rays_heading_size_8_,filenames_in_cluster_train KMeans test nclus 4,2,340,3.782563999051881e-06,2.9965515550715522e-06,2.268950177849573e-06,1.1517051826433686e-06,1.3448013956998384e-06,1.0444875269245873e-06,6.128799647473523e-07,1.1517051826433686e-06
only_rays_heading_size_8_,filenames_in_cluster_train KMeans test nclus 4,0,297,4.058412182054296e-06,1.999056193236156e-06,2.876574108967959e-06,1.3190998091946635e-05,9.762491394264464e-06,4.233720550237331e-06,4.139014199637432e-06,1.3190998091946635e-05
only_rays_heading_size_8_,filenames_in_cluster_train KMeans test nclus 4,3,141,1.725650491434813e-05,7.78557372209138e-06,7.586666520414065e-06,1.717499245162456e-05,2.3712218539790237e-05,9.892733557517306e-06,1.0493183218567297e-05,1.717499245162456e-05
only_rays_heading_size_8_,filenames_in_cluster_train KMeans test nclus 4,1,82,5.6757524555258976e-05,2.110137529556772e-05,2.6232853524766502e-05,0.00016436296740002736,6.354626839227784e-05,2.7052323977070575e-05,2.4768241004354186e-05,0.00016436296740002736
