subdir,file,cluster,size,28all_distances_scaled_to_max_trajs_distances_offset,28all_distances_scaled_to_max_trajs_distances_offset x,28all_distances_scaled_to_max_trajs_distances_offset y,28all_nums_scaled_to_max_trajs_num_intersections_offset,8all_distances_scaled_to_max_trajs_distances_offset,8all_distances_scaled_to_max_trajs_distances_offset x,8all_distances_scaled_to_max_trajs_distances_offset y,8all_nums_scaled_to_max_trajs_num_intersections_offset
only_rays_heading_size_8_,filenames_in_cluster_train KMeans test nclus 7,2,230,7.209392627582391e-07,1.6744574221742372e-06,1.3625225843077451e-06,4.81482486096809e-35,3.6999995288610365e-08,9.742792256265594e-09,2.1666031567026086e-08,4.81482486096809e-35
only_rays_heading_size_8_,filenames_in_cluster_train KMeans test nclus 7,0,268,2.143498805225883e-06,1.3424302292141243e-06,2.059371322728628e-06,1.1765544615369424e-05,7.995734533569937e-07,7.142526229354409e-07,4.6972924453328614e-07,1.1765544615369424e-05
only_rays_heading_size_8_,filenames_in_cluster_train KMeans test nclus 7,6,92,1.7874463644417874e-05,6.162487301346602e-06,9.56210982741333e-06,1.506886220734779e-05,1.7716411125401055e-05,7.794430719713512e-06,7.439503618582427e-06,1.506886220734779e-05
only_rays_heading_size_8_,filenames_in_cluster_train KMeans test nclus 7,4,133,8.142518987609359e-06,3.937375656820489e-06,4.039438166352808e-06,6.815735133764679e-06,1.2429311231129741e-05,4.7471747470763355e-06,6.128000211689977e-06,6.815735133764679e-06
only_rays_heading_size_8_,filenames_in_cluster_train KMeans test nclus 7,3,69,1.6875044665964626e-05,1.0143073733298429e-05,5.05641745004339e-06,1.3586592879239855e-05,3.368252721465331e-05,1.266165538648145e-05,1.6250000445332168e-05,1.3586592879239855e-05
only_rays_heading_size_8_,filenames_in_cluster_train KMeans test nclus 7,1,56,3.4507312473260286e-05,1.1947896951973118e-05,1.746861129071586e-05,4.8993056905068124e-05,4.7552851766692024e-05,2.0596424571503308e-05,1.903144775832136e-05,4.8993056905068124e-05
only_rays_heading_size_8_,filenames_in_cluster_train KMeans test nclus 7,5,12,7.038138587919049e-05,2.2940435169541587e-05,3.4815499333455854e-05,0.00012684191289627573,0.00016626541455949507,6.971058880546984e-05,6.235404161209115e-05,0.00012684191289627573
