subdir,file,cluster,size,28all_distances_scaled_to_max_trajs_distances_offset,28all_distances_scaled_to_max_trajs_distances_offset x,28all_distances_scaled_to_max_trajs_distances_offset y,28all_nums_scaled_to_max_trajs_num_intersections_offset,8all_distances_scaled_to_max_trajs_distances_offset,8all_distances_scaled_to_max_trajs_distances_offset x,8all_distances_scaled_to_max_trajs_distances_offset y,8all_nums_scaled_to_max_trajs_num_intersections_offset
only_rays_heading_size_8_,filenames_in_cluster_test KMeans test nclus 6,4,122,0.0009570918735976249,0.0012394323649742745,0.0009828369913195273,6.938893903907228e-18,0.00021277250348536512,8.36150094457708e-05,0.00019610937613106518,6.938893903907228e-18
only_rays_heading_size_8_,filenames_in_cluster_test KMeans test nclus 6,5,198,0.001786317795596865,0.0013278943265694037,0.0015750559152614833,0.0036017217219362703,0.0009569643867463662,0.0007865089488344613,0.0007300778057120752,0.0036017217219362703
only_rays_heading_size_8_,filenames_in_cluster_test KMeans test nclus 6,0,138,0.0022429255535572025,0.0017605924264647247,0.0018162788424656924,0.002115571718976615,0.000871523140176023,0.0006428842236626108,0.0008305063264804259,0.002115571718976615
only_rays_heading_size_8_,filenames_in_cluster_test KMeans test nclus 6,1,99,0.004723821863465328,0.003225430134959746,0.003063737814064087,0.004416317972805033,0.0012807722115789932,0.0011600712398615088,0.0004484697721431549,0.004416317972805033
only_rays_heading_size_8_,filenames_in_cluster_test KMeans test nclus 6,3,28,0.0037079355708848336,0.0026930526344755117,0.0023961169632652542,0.0018906810314181244,0.0018178475322099688,0.001586402385248568,0.0007505480913984696,0.0018906810314181244
only_rays_heading_size_8_,filenames_in_cluster_test KMeans test nclus 6,2,21,0.005441651851244864,0.0032630167034912515,0.003920771048575389,0.008752327722242477,0.0007683667607302689,0.0007430163675207372,8.437089477171041e-05,0.008752327722242477
