subdir,file,cluster,size,28all_distances_scaled_to_max_trajs_distances_offset,28all_distances_scaled_to_max_trajs_distances_offset x,28all_distances_scaled_to_max_trajs_distances_offset y,28all_nums_scaled_to_max_trajs_num_intersections_offset,8all_distances_scaled_to_max_trajs_distances_offset,8all_distances_scaled_to_max_trajs_distances_offset x,8all_distances_scaled_to_max_trajs_distances_offset y,8all_nums_scaled_to_max_trajs_num_intersections_offset
only_rays_heading_size_8_,filenames_in_cluster_train KMeans test nclus 5,0,335,0.021321785712875,0.0134027005245066,0.0135684707584201,0.03289473684210526,0.0172993016212188,0.010837828700028,0.0123317373831292,0.03289473684210526
only_rays_heading_size_8_,filenames_in_cluster_train KMeans test nclus 5,2,291,0.0223533308753878,0.0141195863080318,0.0141634670528464,0.03289473684210526,0.0250693878096448,0.014802486415856,0.0173775860083989,0.03289473684210526
only_rays_heading_size_8_,filenames_in_cluster_train KMeans test nclus 5,1,127,0.0359186355201117,0.0218296943374183,0.0238373526360871,0.06578947368421052,0.0334851298868139,0.0200997357464578,0.0222427157366701,0.06578947368421052
only_rays_heading_size_8_,filenames_in_cluster_train KMeans test nclus 5,4,74,0.024397799692337,0.0174486309334129,0.0160435191175817,0.039473684210526314,0.0259511135944216,0.0150908025774126,0.0179917441095669,0.039473684210526314
only_rays_heading_size_8_,filenames_in_cluster_train KMeans test nclus 5,3,33,0.0470925473919057,0.0294264160162884,0.030468907807281,0.10526315789473684,0.0453016386618123,0.0282598184373667,0.0286979780592865,0.10526315789473684
