window_size,vehicle,ride,start,scale,scale x,scale y,offset,offset x,offset y,no scale,no scale x,no scale y,only offset,only offset x,only offset y,
20,Vehicle_15,8801123,0,0.011262156137556833,0.008045598501712341,0.006361810348814386,0.012715000005315795,0.008793317268597771,0.007509829140762849,0.0,0.0,0.0,0.0012499940360833311,0.0007653439911312514,0.0008455971124546053,
20,Vehicle_15,8801123,20,0.01189314838986597,0.007543238021599185,0.007593319315574702,0.011761730151804229,0.0073134302986179334,0.007617413281466008,0.0,0.0,0.0,0.0011250021894236117,0.0007267279973343825,0.0007267120707579906,
20,Vehicle_15,8801123,40,0.009262186511450698,0.005073251240175834,0.006941789905487587,0.010202798369258664,0.005554950798393823,0.007592415068440788,0.0,0.0,0.0,0.0011874820745211747,0.0007892053334593818,0.0007267146197305561,
20,Vehicle_15,8801123,60,0.009378018624275427,0.007143764990437858,0.004849351987869698,0.012146551309864044,0.008829283408094614,0.0069132966223241,0.0,0.0,0.0,0.001375000347797268,0.0008039732662400887,0.0009644833378934692,
20,Vehicle_15,8801123,80,0.013152860485594628,0.008360942906653923,0.00852332302715343,0.013150298862549335,0.008423927805304248,0.008402882618983807,0.0,0.0,0.0,0.0011249739865731754,0.0007267058733699638,0.0007267059918719756,
20,Vehicle_15,8801123,100,0.009798247069875005,0.005548221040903752,0.007131739522974377,0.010765538988481102,0.006086122515255005,0.007771021960943722,0.0,0.0,0.0,0.0011250101540291088,0.0007267363772103224,0.0007267116554875477,
20,Vehicle_15,8801123,120,0.01138120248562697,0.007391652813525849,0.0069969280248019135,0.011581725027057071,0.007555468137295402,0.007103192507628584,0.0,0.0,0.0,0.0011250000000000003,0.0007267188393343834,0.0007267190393343785,
