window_size,vehicle,ride,start,scale,scale x,scale y,offset,offset x,offset y,no scale,no scale x,no scale y,only offset,only offset x,only offset y,
20,Vehicle_15,8801123,0,0.011399007122520783,0.008241972654211558,0.00613238473664942,0.013254065909848487,0.009097937526494394,0.007744274787156157,0.0,0.0,0.0,0.0013750000000000001,0.000827846063631249,0.0009081010038712746,
20,Vehicle_15,8801123,20,0.012318172363658638,0.007551619942980173,0.00792480699177891,0.012346778395659131,0.007519983181396985,0.00799590864254981,0.0,0.0,0.0,0.00125,0.0007892189393343805,0.0007892189393343805,
20,Vehicle_15,8801123,40,0.009102180762194156,0.004607254555778264,0.006868232385998226,0.010639614915351415,0.005702941462466438,0.007881240950456798,0.0,0.0,0.0,0.001375,0.0009142189393343804,0.0007892189393343807,
20,Vehicle_15,8801123,60,0.009553716543662234,0.007471171385219715,0.004693160589167126,0.012465800357650452,0.009087402487918653,0.006974426590176488,0.0,0.0,0.0,0.0015,0.0008664731879281174,0.0010269830684081689,
20,Vehicle_15,8801123,80,0.01389601271019051,0.008657263922709475,0.008981323084253413,0.013929908945027927,0.008756950785837223,0.00884946972094045,0.0,0.0,0.0,0.00125,0.0007892189393343804,0.0007892189393343805,
20,Vehicle_15,8801123,100,0.010486295201974277,0.00568432841898092,0.007683680276983989,0.011147117274023148,0.006115508432623467,0.008123214329132685,0.0,0.0,0.0,0.00125,0.0007892189393343805,0.0007892189393343804,
20,Vehicle_15,8801123,120,0.011971890539742997,0.007693154776287168,0.007286114116117987,0.012249590253492695,0.007888853468472984,0.007437672402834473,0.0,0.0,0.0,0.0012500000000000002,0.0007892189393343803,0.0007892189393343804,
