window_size,vehicle,ride,start,scale,scale x,scale y,offset,offset x,offset y,no scale,no scale x,no scale y,only offset,only offset x,only offset y,
20,Vehicle_9,8936336,0,0.00929666659347658,0.004670338623519272,0.007115673210460769,0.010259113768911275,0.00527123566717429,0.00787400861539889,0.00929666659347658,0.004670338623519272,0.007115673210460769,0.010259113768911275,0.00527123566717429,0.00787400861539889,
20,Vehicle_9,8936336,20,0.009239558911267978,0.004372768023736382,0.007377967876268801,0.010154387373332704,0.005181899352515714,0.007833227325025303,0.009239558911267978,0.004372768023736382,0.007377967876268801,0.010154387373332704,0.005181899352515714,0.007833227325025303,
20,Vehicle_9,8936336,40,0.01260069564974292,0.007117816368938333,0.00884899429606475,0.013463711044100253,0.00783123086477376,0.00934761556305779,0.01260069564974292,0.007117816368938333,0.00884899429606475,0.013463711044100253,0.00783123086477376,0.00934761556305779,
20,Vehicle_9,8936336,60,0.0096633806427104,0.004792014893453949,0.0074745026017121125,0.010173621020503827,0.005265747080492197,0.007789607614761949,0.0096633806427104,0.004792014893453949,0.0074745026017121125,0.010173621020503827,0.005265747080492197,0.007789607614761949,
20,Vehicle_9,8936336,80,0.01043485838731885,0.005670515028920786,0.007529308271144076,0.012111733128222167,0.006973265728623638,0.008405330732641677,0.01043485838731885,0.005670515028920786,0.007529308271144076,0.012111733128222167,0.006973265728623638,0.008405330732641677,
20,Vehicle_9,8936336,100,0.00909727543789184,0.004361331164977176,0.007193036458829315,0.010075949664673817,0.005095093796960159,0.007841595171921959,0.00909727543789184,0.004361331164977176,0.007193036458829315,0.010075949664673817,0.005095093796960159,0.007841595171921959,
