window_size,vehicle,ride,start,scale,scale x,scale y,offset,offset x,offset y,no scale,no scale x,no scale y,only offset,only offset x,only offset y,
20,Vehicle_11,8746092,0,0.011241184033097141,0.006388299087308358,0.007821207307023325,0.01085836393157014,0.005990846614933166,0.007777154383314177,0.0,0.0,0.0,0.00125,0.0007892189393343804,0.0007892189393343807,
20,Vehicle_11,8746092,20,0.009846873351568891,0.0051209348431338,0.007369286361950277,0.010895317732964352,0.0059664795993669235,0.008054453385702869,0.0,0.0,0.0,0.0015000000000000002,0.0010269830684081689,0.0008664731879281175,
20,Vehicle_11,8746092,40,0.00906722625543583,0.0043954411911740834,0.00711870333072302,0.010084616452317419,0.005107932273632673,0.007823828420811951,0.0,0.0,0.0,0.00125,0.0007892189393343804,0.0007892189393343804,
20,Vehicle_11,8746092,60,0.012429721060254181,0.007349018555817082,0.008372682340677201,0.01233714343920205,0.007437131143753976,0.008218764667946268,0.0,0.0,0.0,0.0013750000000000001,0.0008903460636312489,0.0008626920958709396,
20,Vehicle_11,8746092,80,0.01086281319118504,0.007628615713724772,0.006100211639392579,0.01093455918640956,0.007703416774519585,0.0061948228028297315,0.0,0.0,0.0,0.00125,0.0007892189393343805,0.0007892189393343805,
20,Vehicle_11,8746092,100,0.01201043222692417,0.007726117419705918,0.007293577902206999,0.012450353568548896,0.007961839634246964,0.007651893823766055,0.0,0.0,0.0,0.0014999999999999998,0.0009361652524074987,0.0009914731879281172,
20,Vehicle_11,8746092,120,0.011295703812231848,0.006577481347735042,0.007577070624747268,0.011753201662759288,0.007020719750671425,0.007856306496448888,0.0,0.0,0.0,0.00125,0.0007892189393343805,0.0007892189393343805,
20,Vehicle_11,8746092,140,0.010803804174183295,0.005905903899053087,0.007771892258133449,0.010966727608089095,0.00604241293638814,0.007914586509001455,0.0,0.0,0.0,0.00125,0.0007892189393343804,0.0007892189393343805,
20,Vehicle_11,8746092,160,0.012128445704576028,0.007717116126085798,0.0074856339087325235,0.012842607524386925,0.008114221510615008,0.00802320885293096,0.0,0.0,0.0,0.0015,0.0009361652524074987,0.0009914731879281172,
20,Vehicle_11,8746092,180,0.009906922694250062,0.007225866211863197,0.005357306343817778,0.010969946929801484,0.007828830138321441,0.006151482978368946,0.0,0.0,0.0,0.00125,0.0007892189393343804,0.0007892189393343805,
