window_size,vehicle,ride,start,scale,scale x,scale y,offset,offset x,offset y,no scale,no scale x,no scale y,only offset,only offset x,only offset y,
20,Vehicle_13,8468422,0,0.010669417382415922,0.00625,0.006250000000000001,0.008621441624782943,0.004202024242367021,0.006250000000000008,0.010669417382415922,0.00625,0.006250000000000001,0.008621441624782943,0.004202024242367021,0.006250000000000008,
20,Vehicle_13,8468422,20,0.007544417382415921,0.003125,0.006250000000000001,0.010669417382415922,0.00625,0.00625,0.007544417382415921,0.003125,0.006250000000000001,0.010669417382415922,0.00625,0.00625,
20,Vehicle_13,8468422,40,0.007544417382415923,0.003125,0.00625,0.010669417382415922,0.00625,0.00625,0.007544417382415923,0.003125,0.00625,0.010669417382415922,0.00625,0.00625,
20,Vehicle_13,8468422,60,0.009000254892872855,0.004580837510456931,0.006250000000000001,0.009474560448430102,0.00505514306601418,0.00625,0.009000254892872855,0.004580837510456931,0.006250000000000001,0.009474560448430102,0.00505514306601418,0.00625,
20,Vehicle_13,8468422,80,0.007544417382415921,0.0062499999999999995,0.003125,0.010669417382415922,0.00625,0.006250000000000001,0.007544417382415921,0.0062499999999999995,0.003125,0.010669417382415922,0.00625,0.006250000000000001,
20,Vehicle_13,8468422,100,0.01027245250648587,0.005853035124069948,0.00625,0.01032062785551671,0.005901210473100789,0.00625,0.01027245250648587,0.005853035124069948,0.00625,0.01032062785551671,0.005901210473100789,0.00625,
20,Vehicle_13,8468422,120,0.007544417382415921,0.003125,0.00625,0.01066941738241592,0.00625,0.00625,0.007544417382415921,0.003125,0.00625,0.01066941738241592,0.00625,0.00625,
20,Vehicle_13,8468422,140,0.010669417382415922,0.00625,0.00625,0.009153679508321846,0.004734262125905925,0.00625,0.010669417382415922,0.00625,0.00625,0.009153679508321846,0.004734262125905925,0.00625,
20,Vehicle_13,8468422,160,0.007544417382415921,0.003125,0.0062499999999999995,0.01066941738241592,0.00625,0.006250000000000001,0.007544417382415921,0.003125,0.0062499999999999995,0.01066941738241592,0.00625,0.006250000000000001,
