window_size,vehicle,ride,start,scale,scale x,scale y,offset,offset x,offset y,no scale,no scale x,no scale y,only offset,only offset x,only offset y,
20,Vehicle_12,8478762,0,0.012683147355904565,0.0077507953648606265,0.008117314649530248,0.012456469114430347,0.0076461190237809866,0.007884984781664233,0.012683147355904565,0.0077507953648606265,0.008117314649530248,0.012456469114430347,0.0076461190237809866,0.007884984781664233,
20,Vehicle_12,8478762,20,0.012546926146166898,0.008001369391837583,0.007685517633316065,0.01240362432674975,0.00783608873201356,0.0076427989066859695,0.012546926146166898,0.008001369391837583,0.007685517633316065,0.01240362432674975,0.00783608873201356,0.0076427989066859695,
20,Vehicle_12,8478762,40,0.011512389525990522,0.007555246462353601,0.006840814768189599,0.012616128315345919,0.008455912589256789,0.0075331546694262725,0.011512389525990522,0.007555246462353601,0.006840814768189599,0.012616128315345919,0.008455912589256789,0.0075331546694262725,
20,Vehicle_12,8478762,60,0.010795378529572009,0.005946445240473652,0.007613384513089993,0.011861793013496366,0.006921794411132245,0.008112707935225845,0.010795378529572009,0.005946445240473652,0.007613384513089993,0.011861793013496366,0.006921794411132245,0.008112707935225845,
