window_size,vehicle,ride,start,scale,scale x,scale y,offset,offset x,offset y,no scale,no scale x,no scale y,only offset,only offset x,only offset y,
20,Vehicle_12,8478762,0,0.012212449408729157,0.007636536574268279,0.00778543392389025,0.012022490785108636,0.0075614605280353575,0.007535664948111578,0.0003981972143576186,0.00030326933941075303,0.00024398004237149995,0.0009548611073483858,0.000615951314316864,0.0006159504376018612,
20,Vehicle_12,8478762,20,0.012025862957835106,0.007895519120833423,0.007251460369144719,0.012023969886731848,0.007756912267883484,0.0073423209308002705,0.0002933994822213193,0.000229166152364205,0.00016987685532495128,0.0009548611111111106,0.0006159518196810024,0.0006159499360004477,
20,Vehicle_12,8478762,40,0.010971359513337511,0.007346261063464058,0.006508770154406787,0.012167944836032516,0.008251754332277416,0.007289129447077019,0.00016766998637711167,0.00010268548280573201,0.00010266747309593291,0.0011718821223958326,0.0006608903821988005,0.0008270505916061895,
20,Vehicle_12,8478762,60,0.0100634472876587,0.005624711965814899,0.007227744976776099,0.011247478014549062,0.006606490654242287,0.007813696693169859,0.00027233040506401856,0.00017668376437092183,0.00017669637465410245,0.0009548648969007923,0.0006159532974074119,0.0006159522440637197,
