window_size,vehicle,ride,start,offset,offset x,offset y,scale,scale x,scale y,no scale,no scale x,no scale y,only offset,only offset x,only offset y,
20,Vehicle_11,8686476,0,0.0140624340846665,0.009330284955023735,0.008551268069670381,0.013654321556214905,0.008998651140716386,0.008264831931546233,0.00011179503906013057,8.163510319688807e-05,5.52852975390292e-05,0.0007716049382716049,0.00047345958511138173,0.0005106392873198955,
20,Vehicle_11,8686476,20,0.010023670661301122,0.00782265612815885,0.005078938875148912,0.009453786862826294,0.00746258626402858,0.004575845048170433,7.452965602487078e-05,4.564013192650353e-05,4.563968205653619e-05,0.0006944444444444445,0.00044097424007566915,0.0004409742400756691,
20,Vehicle_11,8686476,40,0.015636112494180204,0.010090669845788538,0.009745099678052468,0.015721398939611574,0.010165639706959186,0.009771328933372575,0.00011178073905243777,5.5281782826519396e-05,8.162110404831526e-05,0.0007330246913580247,0.00047052842383797546,0.000465773144770366,
20,Vehicle_11,8686476,60,0.01611192319770147,0.0090276628541871,0.011491923150641485,0.01569652227759922,0.008722971294322396,0.011217792000148403,7.44923580829968e-05,4.560329384942646e-05,4.563083967058966e-05,0.0008487654320987655,0.0005278126735683847,0.0005649923757768985,
20,Vehicle_11,8686476,80,0.01141506489673498,0.0065586800842543525,0.007899803078883343,0.0107817927814334,0.005956998956999651,0.007637021051864529,0.0001035443261104685,4.816957278192813e-05,7.454353122322614e-05,0.0006944444444444445,0.0004409742400756691,0.00044097424007566915,
