window_size,vehicle,ride,start,scale,scale x,scale y,offset,offset x,offset y,no scale,no scale x,no scale y,only offset,only offset x,only offset y,
20,Vehicle_4,8893676,0,0.019884964944848843,0.011738522696277369,0.013381826913050421,0.022102692960038105,0.012345410055425051,0.015559915039737053,0.0036798029058353683,0.002786476463777263,0.002325945385478632,0.005756578947368421,0.0031483775696925266,0.003970745990745157,
20,Vehicle_4,8893676,20,0.019884964944848843,0.011738522696277369,0.013381826913050421,0.022102692960038105,0.012345410055425051,0.015559915039737053,0.0036798029058353683,0.002786476463777263,0.002325945385478632,0.005756578947368421,0.0031483775696925266,0.003970745990745157,
20,Vehicle_4,8893676,40,0.019884964944848843,0.011738522696277369,0.013381826913050421,0.022102692960038105,0.012345410055425051,0.015559915039737053,0.0036798029058353683,0.002786476463777263,0.002325945385478632,0.005756578947368421,0.0031483775696925266,0.003970745990745157,
