window_size,vehicle,ride,start,scale,scale x,scale y,offset,offset x,offset y,no scale,no scale x,no scale y,only offset,only offset x,only offset y,
20,Vehicle_17,9079303,0,0.004477876182872112,0.0031249999999999997,0.003183458800458353,0.007580138139019965,0.004720157226888709,0.004690563529722719,0.0,0.0,0.0,0.0031250537025854673,0.0015625490968748767,0.0015625046057105908,
20,Vehicle_17,9079303,20,0.004467073016294667,0.003125,0.0031726556338775905,0.006248025602360035,0.003373981005246494,0.004704627214698775,0.0,0.0,0.0,0.0031213506571391436,0.0015588024440297721,0.0015625482131093715,
20,Vehicle_17,9079303,40,0.007544417382441886,0.0031250000000152085,0.006250000000030417,0.008945770082703289,0.004526352700272158,0.006250000000030417,0.0,0.0,0.0,0.0031249758575369936,0.001562382362471193,0.0015625934950658006,
20,Vehicle_17,9079303,60,0.004945905074779612,0.003125,0.00365148769236369,0.006760495648468045,0.003651401525082144,0.004939676740969981,0.0,0.0,0.0,0.003123183966911136,0.001560099774273005,0.001563084192638131,
20,Vehicle_17,9079303,80,0.0045051998080334376,0.003125,0.0032107824256188138,0.007961604749678337,0.005084357147827159,0.00470783021944228,0.0,0.0,0.0,0.003126045721854753,0.0015634947621267158,0.0015625509597280373,
