window_size,vehicle,ride,start,scale,scale x,scale y,offset,offset x,offset y,no scale,no scale x,no scale y,only offset,only offset x,only offset y,
20,Vehicle_17,9079303,0,0.00794149198149042,0.003289473684210526,0.006578947368421052,0.011230965665700946,0.006578947368421052,0.006578947368421052,0.00794149198149042,0.003289473684210526,0.006578947368421052,0.011230965665700946,0.006578947368421052,0.006578947368421052,
20,Vehicle_17,9079303,20,0.00794149198149042,0.003289473684210526,0.006578947368421052,0.011230965665700946,0.006578947368421052,0.006578947368421052,0.00794149198149042,0.003289473684210526,0.006578947368421052,0.011230965665700946,0.006578947368421052,0.006578947368421052,
20,Vehicle_17,9079303,40,0.00794149198149042,0.003289473684210526,0.006578947368421052,0.011230965665700946,0.006578947368421052,0.006578947368421052,0.00794149198149042,0.003289473684210526,0.006578947368421052,0.011230965665700946,0.006578947368421052,0.006578947368421052,
20,Vehicle_17,9079303,60,0.00794149198149042,0.003289473684210526,0.006578947368421052,0.011230965665700946,0.006578947368421052,0.006578947368421052,0.00794149198149042,0.003289473684210526,0.006578947368421052,0.011230965665700946,0.006578947368421052,0.006578947368421052,
20,Vehicle_17,9079303,80,0.00794149198149042,0.003289473684210526,0.006578947368421052,0.011230965665700946,0.006578947368421052,0.006578947368421052,0.00794149198149042,0.003289473684210526,0.006578947368421052,0.011230965665700946,0.006578947368421052,0.006578947368421052,
