window_size,vehicle,ride,start,scale,scale x,scale y,offset,offset x,offset y,no scale,no scale x,no scale y,only offset,only offset x,only offset y,
20,Vehicle_17,9079303,0,0.007544417382415923,0.003125,0.00625,0.010669417382415922,0.006249999999999999,0.006250000000000001,0.007544417382415923,0.003125,0.00625,0.010669417382415922,0.006249999999999999,0.006250000000000001,
20,Vehicle_17,9079303,20,0.007544417382415923,0.0031250000000000006,0.006250000000000001,0.010669417382415922,0.00625,0.00625,0.007544417382415923,0.0031250000000000006,0.006250000000000001,0.010669417382415922,0.00625,0.00625,
20,Vehicle_17,9079303,40,0.007544417382415923,0.003125,0.006250000000000001,0.007255194650091735,0.004526352700270568,0.0045594245674052455,0.007544417382415923,0.003125,0.006250000000000001,0.007255194650091735,0.004526352700270568,0.0045594245674052455,
20,Vehicle_17,9079303,60,0.007544417382415923,0.003125,0.00625,0.010669417382415922,0.006249999999999999,0.00625,0.007544417382415923,0.003125,0.00625,0.010669417382415922,0.006249999999999999,0.00625,
20,Vehicle_17,9079303,80,0.007544417382415921,0.003125,0.00625,0.01066941738241592,0.00625,0.00625,0.007544417382415921,0.003125,0.00625,0.01066941738241592,0.00625,0.00625,
