window_size,vehicle,ride,start,scale,scale x,scale y,offset,offset x,offset y,no scale,no scale x,no scale y,only offset,only offset x,only offset y,
20,Vehicle_4,9530337,0,0.010835874884478335,0.0076359569069148064,0.006242955134672307,0.01147266146797003,0.00770888018952431,0.006952317345094918,0.0,0.0,0.0,0.0011249504197957123,0.0007266994528086617,0.000726688845655814,
20,Vehicle_4,9530337,20,0.012056038494768934,0.00794152500814326,0.0074241282474226036,0.013482490740419281,0.0085588462347787,0.00874144321000283,0.0,0.0,0.0,0.0014999808433481146,0.0009471294925801602,0.0010300900719369989,
