window_size,vehicle,ride,start,scale,scale x,scale y,offset,offset x,offset y,no scale,no scale x,no scale y,only offset,only offset x,only offset y,
20,Vehicle_17,9513246,0,0.009715573487137493,0.004984409446231821,0.007344043012590449,0.011029358757239724,0.005930544236247354,0.008179972860695956,0.0,0.0,0.0,0.001020408163265306,0.0006903763583758551,0.0005944060805409687,
20,Vehicle_17,9513246,20,0.010176674276704678,0.005060805202888571,0.007846774339436619,0.011410797520069732,0.006010900522090256,0.0085592014043761,0.0,0.0,0.0,0.0010204081632653062,0.0006935743287608264,0.0005660233083526631,
20,Vehicle_17,9513246,40,0.011596214939162453,0.006608581959731497,0.008074288201625054,0.012234313210658373,0.0071900664431646544,0.00830413614044608,0.0,0.0,0.0,0.001084183673469388,0.0007431193318212003,0.0006355570081097696,
20,Vehicle_17,9513246,60,0.008782344751257162,0.004123433758132732,0.007061800458561441,0.01007054525021016,0.005087371316388472,0.007852117257403108,0.0,0.0,0.0,0.0008928571428571428,0.0005660233083526632,0.0005660233083526631,
20,Vehicle_17,9513246,80,0.012323137326700682,0.0067721264423682,0.00888274781618674,0.01303009633337564,0.0076055806061617595,0.009065195030641444,0.0,0.0,0.0,0.0010204081632653062,0.0006809428068096042,0.0006213656220156168,
