subdir,file,cluster,size,28all_distances_scaled_to_max_trajs_distances_offset,28all_distances_scaled_to_max_trajs_distances_offset x,28all_distances_scaled_to_max_trajs_distances_offset y,28all_nums_scaled_to_max_trajs_num_intersections_offset,8all_distances_scaled_to_max_trajs_distances_offset,8all_distances_scaled_to_max_trajs_distances_offset x,8all_distances_scaled_to_max_trajs_distances_offset y,8all_nums_scaled_to_max_trajs_num_intersections_offset
only_rays_size_8_,filenames_in_cluster_train KMeans test nclus 4,0,597,0.020704325149578894,0.027090027664526298,0.028935997319232527,0.055324079919418415,0.02340559012626026,0.02854770564044361,0.01602571444672105,0.055324079919418415
only_rays_size_8_,filenames_in_cluster_train KMeans test nclus 4,1,163,0.07442941770017081,0.05118575805526575,0.052145742664444515,0.052948925439421896,0.06741358515606047,0.0808793410214914,0.052034611981439514,0.052948925439421896
only_rays_size_8_,filenames_in_cluster_train KMeans test nclus 4,2,77,0.039286007510906294,0.03378433866586872,0.048304228891375006,0.07089447349187611,0.08006576409628995,0.07472199010057816,0.08389925292071627,0.07089447349187611
only_rays_size_8_,filenames_in_cluster_train KMeans test nclus 4,3,23,0.07550016231075815,0.06692455943951571,0.07211572489589883,0.058710354967443826,0.09071066874567967,0.09059640847306104,0.09651276453464955,0.058710354967443826
