subdir,file,cluster,size,28all_distances_scaled_to_max_trajs_distances_offset,28all_distances_scaled_to_max_trajs_distances_offset x,28all_distances_scaled_to_max_trajs_distances_offset y,28all_nums_scaled_to_max_trajs_num_intersections_offset,8all_distances_scaled_to_max_trajs_distances_offset,8all_distances_scaled_to_max_trajs_distances_offset x,8all_distances_scaled_to_max_trajs_distances_offset y,8all_nums_scaled_to_max_trajs_num_intersections_offset
only_rays_size_8_,filenames_in_cluster_test KMeans test nclus 5,1,420,0.0015854697055498884,0.0014685424831107883,0.0014477642655543843,0.0023304354307567775,0.0009365985616487003,0.0008166539591307913,0.0006945311292590476,0.0023304354307567775
only_rays_size_8_,filenames_in_cluster_test KMeans test nclus 5,0,126,0.0032575769270604673,0.0024608310122984436,0.0021043136426536616,0.004505318614746133,0.0008918770688211308,0.0008350847024541922,0.00024825922750604853,0.004505318614746133
only_rays_size_8_,filenames_in_cluster_test KMeans test nclus 5,3,54,0.004428224408317572,0.002966603674652338,0.003012508195289551,0.006318860857646169,0.0018181239204491848,0.0015940068953741629,0.0007624886228747259,0.006318860857646169
only_rays_size_8_,filenames_in_cluster_test KMeans test nclus 5,2,6,0.005973220123995049,0.0032868489331906833,0.00441657510660833,0.005258587196614822,0.0007569800214083413,0.0007753363828799564,1.8370350768199014e-05,0.005258587196614822
