subdir,file,cluster,size,28all_distances_scaled_to_max_trajs_distances_offset,28all_distances_scaled_to_max_trajs_distances_offset x,28all_distances_scaled_to_max_trajs_distances_offset y,28all_nums_scaled_to_max_trajs_num_intersections_offset,8all_distances_scaled_to_max_trajs_distances_offset,8all_distances_scaled_to_max_trajs_distances_offset x,8all_distances_scaled_to_max_trajs_distances_offset y,8all_nums_scaled_to_max_trajs_num_intersections_offset
only_rays_size_8_,filenames_in_cluster_train KMeans test nclus 4,0,597,0.14388997584814203,0.1645904847326427,0.1701058415200152,0.2352107138703899,0.15298885621593572,0.16896066299717108,0.12659271087515683,0.2352107138703899
only_rays_size_8_,filenames_in_cluster_train KMeans test nclus 4,1,163,0.27281755387102713,0.22624269724184634,0.22835442335204395,0.2301063350701625,0.2596412624296463,0.2843929341975489,0.2281109641850639,0.2301063350701625
only_rays_size_8_,filenames_in_cluster_train KMeans test nclus 4,2,77,0.19820698148881208,0.18380516495971685,0.21978223060878924,0.266260161293191,0.28295894418853407,0.27335323319942306,0.2896536775542756,0.266260161293191
only_rays_size_8_,filenames_in_cluster_train KMeans test nclus 4,3,23,0.2747729286351881,0.25869781491059357,0.26854371133187765,0.24230219761166802,0.30118211890097274,0.30099237278220364,0.3106650359062789,0.24230219761166802
