subdir,file,cluster,size,28all_distances_scaled_to_max_trajs_distances_offset,28all_distances_scaled_to_max_trajs_distances_offset x,28all_distances_scaled_to_max_trajs_distances_offset y,28all_nums_scaled_to_max_trajs_num_intersections_offset,8all_distances_scaled_to_max_trajs_distances_offset,8all_distances_scaled_to_max_trajs_distances_offset x,8all_distances_scaled_to_max_trajs_distances_offset y,8all_nums_scaled_to_max_trajs_num_intersections_offset
only_rays_size_8_,filenames_in_cluster_test KMeans test nclus 5,1,420,0.15912999970296693,0.19813467822041028,0.18962257659465095,0.23615079031668681,0.20631965148033546,0.24340701400130335,0.20872418470640827,0.23615079031668681
only_rays_size_8_,filenames_in_cluster_test KMeans test nclus 5,0,126,0.24568646783007483,0.2397692850488731,0.21699884355373447,0.2739233717765649,0.378859769756509,0.2870303410938813,0.09749968438435763,0.2739233717765649
only_rays_size_8_,filenames_in_cluster_test KMeans test nclus 5,3,54,0.20145236277408549,0.1942413498849706,0.22655033081074313,0.2401167125905544,0.1657465206396787,0.1693461807813309,0.17005263940729562,0.2401167125905544
only_rays_size_8_,filenames_in_cluster_test KMeans test nclus 5,2,6,0.4123995367189257,0.3845055695330966,0.38265261070844814,0.31972210155418124,0.47125775361192807,0.4714045207910317,0.454229886310306,0.31972210155418124
