subdir,file,cluster,size,28all_distances_scaled_to_max_trajs_distances_offset,28all_distances_scaled_to_max_trajs_distances_offset x,28all_distances_scaled_to_max_trajs_distances_offset y,28all_nums_scaled_to_max_trajs_num_intersections_offset,8all_distances_scaled_to_max_trajs_distances_offset,8all_distances_scaled_to_max_trajs_distances_offset x,8all_distances_scaled_to_max_trajs_distances_offset y,8all_nums_scaled_to_max_trajs_num_intersections_offset
only_rays_size_8_,filenames_in_cluster_train KMeans test nclus 5,1,579,0.009913543674783,0.0050873713163884,0.0050873713163884,0.019736842105263157,0.009490265293792,0.0050810240456375,0.0050581061334676,0.019736842105263157
only_rays_size_8_,filenames_in_cluster_train KMeans test nclus 5,0,145,0.0100787010877895,0.0051511468265925,0.0051511468265925,0.03289473684210526,0.0101552127210985,0.0056154828328504,0.0061159586912079,0.03289473684210526
only_rays_size_8_,filenames_in_cluster_train KMeans test nclus 5,3,76,0.0103146871001729,0.0053424733572047,0.0068532431067569,0.04276315789473684,0.0100936882508488,0.0056154828328504,0.0072316677450496,0.04276315789473684
only_rays_size_8_,filenames_in_cluster_train KMeans test nclus 5,2,21,0.0142840760528773,0.0081596959768286,0.008086596239929,0.06578947368421052,0.0100936882508488,0.0056154828328504,0.0072316677450496,0.06578947368421052
only_rays_size_8_,filenames_in_cluster_train KMeans test nclus 5,4,39,0.0100496730084714,0.0050873713163884,0.0071781395470595,0.019736842105263157,0.0151087640232454,0.0098684990710057,0.0088964439979204,0.019736842105263157
