subdir,file,cluster,size,12all_distances_scaled_to_max_trajs_distances_offset,12all_distances_scaled_to_max_trajs_distances_offset x,12all_distances_scaled_to_max_trajs_distances_offset y,12all_nums_scaled_to_max_trajs_num_intersections_offset
only_rays_size_12_,filenames_in_cluster_test KMeans test nclus 8,0,240,0.0007038314668945207,0.0012371799818028414,0.0010853645041788312,0.0018314501491009491
only_rays_size_12_,filenames_in_cluster_test KMeans test nclus 8,6,157,0.0012217416425572719,0.0009744831050217443,0.0012868500692401839,0.0011418393055178267
only_rays_size_12_,filenames_in_cluster_test KMeans test nclus 8,1,39,0.0030585781109291705,0.0022422675751448797,0.00207534601869996,0.0031491489039464356
only_rays_size_12_,filenames_in_cluster_test KMeans test nclus 8,5,40,0.0021061206005825238,0.0013976649959515034,0.0015606884263133015,0.0028475805416415764
only_rays_size_12_,filenames_in_cluster_test KMeans test nclus 8,7,25,0.003040550258519822,0.0018338038557696743,0.0024131246231094564,0.00328684105178863
only_rays_size_12_,filenames_in_cluster_test KMeans test nclus 8,3,83,0.0022024376700943396,0.001623814404226322,0.001614306617491085,0.0034327079349290557
only_rays_size_12_,filenames_in_cluster_test KMeans test nclus 8,4,19,0.004570083272326892,0.002846467747026228,0.003256575577328568,0.007259091168018222
only_rays_size_12_,filenames_in_cluster_test KMeans test nclus 8,2,3,0.0006118829593188059,0.0010447452080619998,0.00135601750772763,0.005591030168413142
