subdir,file,cluster,size,12all_distances_scaled_to_max_trajs_distances_offset,12all_distances_scaled_to_max_trajs_distances_offset x,12all_distances_scaled_to_max_trajs_distances_offset y,12all_nums_scaled_to_max_trajs_num_intersections_offset
only_rays_size_12_,filenames_in_cluster_test KMeans test nclus 9,6,224,0.002952856276577801,0.004347577135562401,0.0034367817589446006,0.003289473684210526
only_rays_size_12_,filenames_in_cluster_test KMeans test nclus 9,2,157,0.0051459668514416,0.004726226291529901,0.0046205974748731995,0.003289473684210526
only_rays_size_12_,filenames_in_cluster_test KMeans test nclus 9,0,64,0.0047581423755838,0.004927459871260801,0.0038658084442883,0.009868421052631582
only_rays_size_12_,filenames_in_cluster_test KMeans test nclus 9,4,26,0.014662952016651902,0.0101624845881222,0.0102731909643828,0.016447368421052627
only_rays_size_12_,filenames_in_cluster_test KMeans test nclus 9,8,40,0.0085475556326403,0.005772853885575999,0.0068694494022758,0.009868421052631578
only_rays_size_12_,filenames_in_cluster_test KMeans test nclus 9,7,38,0.0086037548314883,0.006107824409475,0.007042840317851198,0.009868421052631582
only_rays_size_12_,filenames_in_cluster_test KMeans test nclus 9,3,41,0.008641907003475599,0.0069897235331370005,0.007328769555258599,0.009868421052631575
only_rays_size_12_,filenames_in_cluster_test KMeans test nclus 9,1,13,0.016412680531184796,0.0096734340501143,0.011598055450590002,0.019736842105263157
only_rays_size_12_,filenames_in_cluster_test KMeans test nclus 9,5,3,0.0014331093881464058,0.0025004810771906,0.0030888969225349,0.013157894736842105
