subdir,file,cluster,size,12all_distances_scaled_to_max_trajs_distances_offset,12all_distances_scaled_to_max_trajs_distances_offset x,12all_distances_scaled_to_max_trajs_distances_offset y,12all_nums_scaled_to_max_trajs_num_intersections_offset
only_rays_size_12_,filenames_in_cluster_test KMeans test nclus 5,0,415,0.0015826819959189361,0.0013994282908787847,0.0014317852591397707,0.0022886153248050725
only_rays_size_12_,filenames_in_cluster_test KMeans test nclus 5,3,102,0.002564181379883494,0.0018911529757293444,0.0017803997655519584,0.0037277409680350725
only_rays_size_12_,filenames_in_cluster_test KMeans test nclus 5,2,66,0.004098152261508462,0.0027656490990538313,0.0027541051353858217,0.0037536224848011817
only_rays_size_12_,filenames_in_cluster_test KMeans test nclus 5,4,20,0.004718461548048199,0.0030112551688403918,0.0032959739029118254,0.007100997745040428
only_rays_size_12_,filenames_in_cluster_test KMeans test nclus 5,1,3,0.0006118829593188059,0.0010447452080619998,0.00135601750772763,0.005591030168413142
