subdir,file,cluster,size,12all_distances_scaled_to_max_trajs_distances_offset,12all_distances_scaled_to_max_trajs_distances_offset x,12all_distances_scaled_to_max_trajs_distances_offset y,12all_nums_scaled_to_max_trajs_num_intersections_offset
only_rays_size_12_,filenames_in_cluster_train KMeans test nclus 5,0,583,0.0017585689391093327,0.0014122478934190067,0.0015182002445770465,0.002236054387004869
only_rays_size_12_,filenames_in_cluster_train KMeans test nclus 5,2,84,0.0038836878164280495,0.00247333739178209,0.0026963589452041487,0.004641457515673262
only_rays_size_12_,filenames_in_cluster_train KMeans test nclus 5,3,148,0.003122849798055701,0.0022554622826734786,0.0020366914289678254,0.0038184410897930243
only_rays_size_12_,filenames_in_cluster_train KMeans test nclus 5,4,34,0.004459121362257168,0.0026187910961162145,0.0031768159085947345,0.006026475039627491
only_rays_size_12_,filenames_in_cluster_train KMeans test nclus 5,1,11,0.0061857514881415165,0.0033016713634319915,0.004523265125580122,0.010963099748698179
