window_size,vehicle,ride,start,scale,scale x,scale y,offset,offset x,offset y,no scale,no scale x,no scale y,only offset,only offset x,only offset y,
20,Vehicle_6,8480054,0,0.018213834764831845,0.009375000000000001,0.0125,0.025719306615959676,0.01623326315991987,0.014062499999999999,0.0,0.0,0.0,0.015625,0.009375,0.00625,
20,Vehicle_6,8480054,20,0.015088834764831844,0.009375,0.009375,0.015088834764831844,0.009375,0.009375,0.0,0.0,0.0,0.00625,0.003125,0.003125,
20,Vehicle_6,8480054,40,0.013648033971607994,0.006472093790379418,0.009921814107604692,0.008567855677880074,0.004148438295464149,0.006250000000000001,0.0,0.0,0.0,0.00625,0.003125,0.003125,
20,Vehicle_6,8480054,60,0.013186660711241801,0.008767243328825879,0.00625,0.017955371223194842,0.012241536458363,0.009375,0.0,0.0,0.0,0.009375,0.00625,0.003125,
20,Vehicle_6,8480054,80,0.015073686489983158,0.009359851725151313,0.009375,0.019437661186378834,0.012429409039131069,0.012500000000000002,0.0,0.0,0.0,0.00625,0.003125,0.0031250000000000006,
20,Vehicle_6,8480054,100,0.010669417382415922,0.00625,0.00625,0.010669417382415919,0.00625,0.00625,0.0,0.0,0.0,0.00625,0.003125,0.003125,
20,Vehicle_6,8480054,120,0.007544417382415924,0.003125,0.00625,0.01014883187351535,0.00572941449109943,0.00625,0.0,0.0,0.0,0.00625,0.003125,0.003125,
20,Vehicle_6,8480054,140,0.009754126073623883,0.0046875,0.0078125,0.020423543456039805,0.0140625,0.0109375,0.0,0.0,0.0,0.009375,0.00625,0.0031250000000000006,
20,Vehicle_6,8480054,160,0.007140752650893208,0.005846335268477285,0.003125,0.010669417382415924,0.0062499999999999995,0.00625,0.0,0.0,0.0,0.00625,0.003125,0.003125,
20,Vehicle_6,8480054,180,0.020502883799135885,0.012288580356454692,0.01187546867784935,0.019531459299362834,0.013285061667075493,0.010822854176247535,0.0,0.0,0.0,0.009375,0.00625,0.003125,
20,Vehicle_6,8480054,200,0.007544417382415923,0.003125,0.00625,0.009000007288525966,0.004580589906110045,0.00625,0.0,0.0,0.0,0.00625,0.003125,0.003125,
20,Vehicle_6,8480054,220,0.007544417382415923,0.0031249999999999997,0.006250000000000001,0.01379441738241592,0.009375,0.0062499999999999995,0.0,0.0,0.0,0.009375,0.00625,0.0031250000000000006,
20,Vehicle_6,8480054,240,0.007544417382415922,0.0031249999999999997,0.006250000000000001,0.010669417382415922,0.0062499999999999995,0.0062499999999999995,0.0,0.0,0.0,0.00625,0.003125,0.003125,
