window_size,vehicle,ride,start,scale,scale x,scale y,offset,offset x,offset y,no scale,no scale x,no scale y,only offset,only offset x,only offset y,
20,Vehicle_6,8480054,0,0.014420273666927257,0.009375000000000001,0.008706438902095413,0.02262830575903643,0.01623326315991987,0.01097149914307675,0.0,0.0,0.0,0.015625,0.009375,0.00625,
20,Vehicle_6,8480054,20,0.015078757094280935,0.009364922329449094,0.009375000000000001,0.015088834764831846,0.009375,0.009375,0.0,0.0,0.0,0.00625,0.003125,0.003125,
20,Vehicle_6,8480054,40,0.014988440181228573,0.0078125,0.00992181410760469,0.010669417382415922,0.006250000000000001,0.006250000000000001,0.0,0.0,0.0,0.00625,0.003125,0.003125,
20,Vehicle_6,8480054,60,0.013186660711241803,0.008767243328825877,0.006250000000000002,0.017955371223194842,0.012241536458362998,0.009375,0.0,0.0,0.0,0.009375,0.00625,0.0031250000000000006,
20,Vehicle_6,8480054,80,0.014222317442317809,0.009359851725151313,0.008523630952334651,0.018858613567335366,0.012429409039131069,0.011920952380956532,0.0,0.0,0.0,0.00625,0.003125,0.003125,
20,Vehicle_6,8480054,100,0.010669417382415922,0.00625,0.00625,0.010669417382415922,0.00625,0.00625,0.0,0.0,0.0,0.00625,0.003125,0.003125,
20,Vehicle_6,8480054,120,0.007544417382415922,0.0031250000000000006,0.00625,0.010669417382415922,0.00625,0.006250000000000001,0.0,0.0,0.0,0.00625,0.003125,0.003125,
20,Vehicle_6,8480054,140,0.009754126073623885,0.0046875,0.0078125,0.02042354345603981,0.0140625,0.010937500000000001,0.0,0.0,0.0,0.009375,0.00625,0.0031250000000000006,
20,Vehicle_6,8480054,160,0.007140752650893208,0.005846335268477286,0.003125,0.009055514382799527,0.004636097000383604,0.006250000000000003,0.0,0.0,0.0,0.00625,0.003125,0.003125,
20,Vehicle_6,8480054,180,0.01853032669271421,0.012288580356454692,0.009902911571427676,0.0196461051231153,0.013285061667075491,0.0109375,0.0,0.0,0.0,0.009375,0.00625,0.003125,
20,Vehicle_6,8480054,200,0.007544417382415921,0.003125,0.00625,0.010669417382415924,0.00625,0.00625,0.0,0.0,0.0,0.00625,0.0031250000000000006,0.003125,
20,Vehicle_6,8480054,220,0.007544417382415921,0.003125,0.00625,0.013794417382415922,0.009375,0.00625,0.0,0.0,0.0,0.009374999999999998,0.00625,0.003125,
20,Vehicle_6,8480054,240,0.007544417382415922,0.003125,0.00625,0.010669417382415922,0.00625,0.00625,0.0,0.0,0.0,0.00625,0.003125,0.003125,
