window_size,vehicle,ride,start,offset,offset x,offset y,scale,scale x,scale y,no scale,no scale x,no scale y,only offset,only offset x,only offset y,
20,Vehicle_17,8500643,0,0.010310122514248243,0.005449120104806965,0.007568445188604862,0.008800843604634189,0.0040784048845135526,0.007288928346940411,0.0024388183915579854,0.0009872751727614739,0.002099082615872101,0.003125,0.0018861043456039808,0.0018861043456039803,
20,Vehicle_17,8500643,20,0.014929296559728208,0.007611438036811945,0.011241542338964487,0.015848605410749138,0.008629733470710398,0.011627564020757599,0.0009423411624350453,0.0006663358261490345,0.0006663358261490344,0.0046875,0.0024385315184059712,0.003219781518405971,
20,Vehicle_17,8500643,40,0.010789388718106915,0.006115958691207963,0.007289219237597764,0.008802795348730286,0.00408416400208624,0.007287552464638791,0.0017782216825207662,0.00098600723597196,0.0014387265198418319,0.00390625,0.0026673543456039806,0.0018861043456039803,
