window_size,vehicle,ride,start,scale,scale x,scale y,offset,offset x,offset y,no scale,no scale x,no scale y,only offset,only offset x,only offset y,
20,Vehicle_17,8500643,0,0.009713735755690263,0.004535288856492158,0.007702591866014039,0.010309341385867421,0.0052934689334664204,0.007867937994100908,0.0017720945766509333,0.0006282448297770454,0.0014841128875821667,0.0020833333333333333,0.0012958509748503045,0.0012958509748503047,
20,Vehicle_17,8500643,20,0.016676790871677814,0.008864456273752036,0.012406952028146843,0.016993846527061943,0.00907095682395213,0.012642898102932645,0.001488167713323167,0.0007078329349047266,0.0010001688617427523,0.003472222222222222,0.001943776462275457,0.0024180908385894985,
20,Vehicle_17,8500643,40,0.00928434405731942,0.004579520467760499,0.007079278965057424,0.010402511119430233,0.005530626121623441,0.00764020715238952,0.0009254984227419133,0.0004093802726997828,0.0006664727743432034,0.0024305555555555556,0.001643073197072527,0.0012958509748503047,
