window_size,vehicle,ride,start,scale,scale x,scale y,offset,offset x,offset y,no scale,no scale x,no scale y,only offset,only offset x,only offset y,
20,Vehicle_17,8500643,0,0.0075228848022592994,0.004011369732720809,0.005835684177302389,0.009681749013597885,0.0051620766727329065,0.007371737882561429,0.0003353909119059257,8.680555555555556e-05,0.0003239627437125753,0.0017361411805555452,0.0011222708186002968,0.0011222389783225243,
20,Vehicle_17,8500643,20,0.015437450542676319,0.00886445627385441,0.011167611699054936,0.016380789475815484,0.009038714760535376,0.012062083115127508,0.0010060741724884149,0.0004975230934916907,0.0007346610895030341,0.0029513369191859714,0.0017701109240810093,0.0020708710737476943,
20,Vehicle_17,8500643,40,0.007856916638985764,0.004287406702664652,0.005943965311819512,0.009656105632524786,0.005296314914741508,0.007128112872370923,0.0006707729214858374,0.0004107613591352958,0.0004107643363228355,0.0019097957390925035,0.001295917027794275,0.0011222473276655044,
