subdir,file,cluster,size,all_feats_heading_scaled_to_max_mean_heading,all_feats_heading_scaled_to_max_mean_heading_abs,all_feats_heading_scaled_to_max_mean_heading_ototrak,all_feats_heading_scaled_to_max_mean_heading_ototrak_new,all_feats_scaled_to_max_max_x,all_feats_scaled_to_max_max_y,all_feats_scaled_to_max_surf_trapz_x,all_feats_scaled_to_max_surf_trapz_y,all_feats_scaled_to_max_surf_simpson_x,all_feats_scaled_to_max_surf_simpson_y,all_feats_scaled_to_max_duration,all_feats_scaled_to_max_len,all_feats_scaled_to_max_offset,all_feats_scaled_to_max_mean_speed_len,all_feats_scaled_to_max_mean_speed_offset,all_feats_scaled_to_max_len_vs_offset,all_feats_scaled_to_max_total_surf,all_feats_scaled_to_max_monotonous
no_rays_no_same_heading,filenames_in_cluster_test KMeans test nclus 3,2,140,1037.020669501488,700.319301461989,1361.9156408163265,1165.0409489795918,0.009121421231354551,0.014416963721844705,0.9261864591980478,1.2916816763631447,0.9249646830687267,1.2933613046262682,0.2990038856933805,0.014563593893886272,0.014387121358642943,3.994514746848371e-05,3.942889504399146e-05,0.01530385848890218,3.161595389238916e-06,1.0814285714285712
no_rays_no_same_heading,filenames_in_cluster_test KMeans test nclus 3,0,254,1583.9257455010006,425.78843821787626,2074.6439439828882,1828.2958261516524,0.0036640429420774713,0.01061005940693239,0.4431081998808141,1.1391378967116752,0.4441894424658631,1.139940469206375,0.321367913841754,0.012944719314350442,0.010427228175186874,3.490608255276539e-05,2.7947597783442774e-05,356.3292104878799,1.3106147903768744e-05,0.21576043152086305
no_rays_no_same_heading,filenames_in_cluster_test KMeans test nclus 3,1,212,1383.7373230409307,749.6414830316372,1718.3345711885904,1199.191498030883,0.0050438608395988365,0.014361619914371987,0.5398155158234315,1.4789390373728015,0.5585860446711978,1.6732530927800504,0.3617116418573466,0.01274873392334008,0.011812510292485099,3.388611156321257e-05,3.132220495068765e-05,0.02953948534528757,7.020239723456652e-06,1.150053399786401
