subdir,file,cluster,size,all_feats_heading_scaled_to_max_mean_heading,all_feats_heading_scaled_to_max_mean_heading_abs,all_feats_heading_scaled_to_max_mean_heading_ototrak,all_feats_heading_scaled_to_max_mean_heading_ototrak_new,all_feats_scaled_to_max_max_x,all_feats_scaled_to_max_max_y,all_feats_scaled_to_max_surf_trapz_x,all_feats_scaled_to_max_surf_trapz_y,all_feats_scaled_to_max_surf_simpson_x,all_feats_scaled_to_max_surf_simpson_y,all_feats_scaled_to_max_duration,all_feats_scaled_to_max_len,all_feats_scaled_to_max_offset,all_feats_scaled_to_max_mean_speed_len,all_feats_scaled_to_max_mean_speed_offset,all_feats_scaled_to_max_len_vs_offset,all_feats_scaled_to_max_total_surf,all_feats_scaled_to_max_monotonous
no_rays_no_same_heading,filenames_in_cluster_train KMeans test nclus 4,1,221,59.312668279350234,38.55301320263759,71.03665158371042,68.36923076923074,0.10932886877825607,0.11550081447962422,1.032106929295219,1.1022953902350978,1.0319699980352477,1.101582590552348,19.214959288074958,0.18569571535034968,0.1793126275942048,0.009639863598307388,0.009307436123904096,1.066726835490593,0.00178339989682526,1.6018099547511313
no_rays_no_same_heading,filenames_in_cluster_train KMeans test nclus 4,0,269,99.50434601762572,65.26224677923246,189.82193308550185,88.73531598513014,0.05013249070634755,0.15316423791822162,0.480976585605158,1.4780128122682568,0.4808901931797131,1.477585511979998,19.322349436664226,0.17640853260210676,0.16159620995572302,0.009132302951618805,0.008369424936049846,1.2969476554863517,0.001646082658742408,1.141263940520446
no_rays_no_same_heading,filenames_in_cluster_train KMeans test nclus 4,3,221,164.48392105273405,41.16850606172239,164.06719457013577,164.48031674208144,0.0656573755655932,0.05062660633482169,0.6499336090135222,0.4794938356722054,0.6514319712311925,0.4785536880311395,19.2715746547302,0.12537424023530327,0.07406777720220702,0.006492829627230994,0.003850417547293634,2.478875370988037,0.002192685500454695,0.2171945701357466
no_rays_no_same_heading,filenames_in_cluster_train KMeans test nclus 4,2,149,58.108813691442975,30.07003808189081,272.25302013422805,72.68791946308727,0.11712348993299218,0.07201852348993196,1.149990955131951,0.7275191596310878,1.1041241254886447,0.7159498925181832,19.397751664155283,0.15816981795926072,0.15389962108199556,0.008150088785515206,0.007929597551663533,1.121532429164062,0.0011357399167857348,1.5906040268456376
