subdir,file,cluster,size,all_feats_heading_scaled_to_max_mean_heading,all_feats_heading_scaled_to_max_mean_heading_abs,all_feats_heading_scaled_to_max_mean_heading_ototrak,all_feats_heading_scaled_to_max_mean_heading_ototrak_new,all_feats_scaled_to_max_max_x,all_feats_scaled_to_max_max_y,all_feats_scaled_to_max_surf_trapz_x,all_feats_scaled_to_max_surf_trapz_y,all_feats_scaled_to_max_surf_simpson_x,all_feats_scaled_to_max_surf_simpson_y,all_feats_scaled_to_max_duration,all_feats_scaled_to_max_len,all_feats_scaled_to_max_offset,all_feats_scaled_to_max_mean_speed_len,all_feats_scaled_to_max_mean_speed_offset,all_feats_scaled_to_max_len_vs_offset,all_feats_scaled_to_max_total_surf,all_feats_scaled_to_max_monotonous
no_rays_no_same_heading,filenames_in_cluster_test KMeans test nclus 2,1,174,1837.1259416508765,683.6723128082297,1212.1237363753467,2588.263090979654,0.008803057061859191,0.014064500618840101,0.906910330766634,1.3544510889355137,0.905520217122051,1.3568036139782518,0.30527523788333816,0.0150336122669771,0.014222234492855172,4.0969725675882924e-05,3.8875870359698073e-05,0.048999159862027956,6.0451085673986215e-06,1.123034746994319
no_rays_no_same_heading,filenames_in_cluster_test KMeans test nclus 2,0,432,3504.299947996387,560.0318590282096,2232.119507887517,2512.5694873113853,0.004454748285116756,0.01235307971589362,0.5035474444406906,1.2764688643045365,0.5158462746808379,1.3747049661296236,0.34115413736647954,0.012717519327120135,0.011998439980381644,3.409426920295146e-05,3.195550445384139e-05,210.69591753261554,9.922969193698488e-06,0.9688732424554184
