subdir,file,cluster,size,all_feats_heading_scaled_to_max_mean_heading,all_feats_heading_scaled_to_max_mean_heading_abs,all_feats_heading_scaled_to_max_mean_heading_ototrak,all_feats_heading_scaled_to_max_mean_heading_ototrak_new,all_feats_scaled_to_max_max_x,all_feats_scaled_to_max_max_y,all_feats_scaled_to_max_surf_trapz_x,all_feats_scaled_to_max_surf_trapz_y,all_feats_scaled_to_max_surf_simpson_x,all_feats_scaled_to_max_surf_simpson_y,all_feats_scaled_to_max_duration,all_feats_scaled_to_max_len,all_feats_scaled_to_max_offset,all_feats_scaled_to_max_mean_speed_len,all_feats_scaled_to_max_mean_speed_offset,all_feats_scaled_to_max_len_vs_offset,all_feats_scaled_to_max_total_surf,all_feats_scaled_to_max_monotonous
no_rays_no_same_heading,filenames_in_cluster_train KMeans test nclus 4,1,221,124.47575987191748,87.42899180917992,155.2,162.3,0.442639999999983,0.4876600000002895,3.811228103625744,5.074022653821216,3.798995173372561,5.058927716253561,22.007000207901,0.5172959423945901,0.4971323590357691,0.0269298738006154,0.0255004558295109,4.719094464192565,0.0248417699999691,3.0
no_rays_no_same_heading,filenames_in_cluster_train KMeans test nclus 4,0,269,184.37006043084037,87.48882627473142,265.1,208.3,0.2790000000004511,0.4393399999997882,3.429068664134418,4.126381299462162,3.4425637566538567,4.127450530380895,22.000999927520752,0.4740101336770997,0.4736545530231709,0.024882421777616,0.0248637561264444,9.141049637663883,0.0145661212002095,3.0
no_rays_no_same_heading,filenames_in_cluster_train KMeans test nclus 4,3,221,318.9449386626911,84.40569712201345,277.7,271.9,0.3553200000027345,0.2913199999994731,4.262640734316488,2.878914271836712,4.272313952080327,2.886382585743484,22.0,0.4725218174944919,0.3805180679036788,0.0251368132274345,0.0202424761110009,26.52155600841349,0.0260288487999918,1.0
no_rays_no_same_heading,filenames_in_cluster_train KMeans test nclus 4,2,149,151.4136135430452,86.42725625666978,345.8,250.55,0.4586400000022195,0.38934000000026,4.445433662000595,4.401543984140619,4.4555598234791605,4.398011637596169,22.960000038146973,0.5006735888268738,0.496576444468015,0.0260523254509503,0.0258391323833738,5.082450839672091,0.0155187963999512,3.0
