subdir,file,cluster,size,all_feats_heading_scaled_to_max_mean_heading,all_feats_heading_scaled_to_max_mean_heading_abs,all_feats_heading_scaled_to_max_mean_heading_ototrak,all_feats_heading_scaled_to_max_mean_heading_ototrak_new,all_feats_scaled_to_max_max_x,all_feats_scaled_to_max_max_y,all_feats_scaled_to_max_surf_trapz_x,all_feats_scaled_to_max_surf_trapz_y,all_feats_scaled_to_max_surf_simpson_x,all_feats_scaled_to_max_surf_simpson_y,all_feats_scaled_to_max_duration,all_feats_scaled_to_max_len,all_feats_scaled_to_max_offset,all_feats_scaled_to_max_mean_speed_len,all_feats_scaled_to_max_mean_speed_offset,all_feats_scaled_to_max_len_vs_offset,all_feats_scaled_to_max_total_surf,all_feats_scaled_to_max_monotonous
no_rays_no_same_heading,filenames_in_cluster_test KMeans test nclus 3,2,140,32.20280530484088,26.46354665312246,36.904141242092685,34.13269618678829,0.09550613190447277,0.12007066137006453,0.9623858161870673,1.1365217447823621,0.9617508425100165,1.1372604383457063,0.546812477631391,0.12067971616591693,0.11994632699104606,0.00632021735927521,0.006279243190384607,0.12370876480226524,0.0017780875651212781,1.0399175791516226
no_rays_no_same_heading,filenames_in_cluster_test KMeans test nclus 3,0,254,39.79856461608887,20.634641703162096,45.54825950552763,42.75857605383571,0.06053133851219111,0.10300514262371753,0.6656637288307169,1.0673040319944807,0.6664753877420104,1.0676799469908458,0.566893212026528,0.1137748624009295,0.10211380012117302,0.005908136978165401,0.005286548759204135,18.876684308635348,0.0036202414151225806,0.4645001953937835
no_rays_no_same_heading,filenames_in_cluster_test KMeans test nclus 3,1,212,37.198619907745645,27.379581498475048,41.452799316675716,34.62934446435397,0.07102014390015579,0.11983997627825194,0.7347213865292281,1.216116374929966,0.7473861416103444,1.293542845359229,0.6014246767944815,0.11291029148549782,0.10868537294634038,0.005821177850161646,0.005596624424658818,0.17187054821954684,0.0026495734984062344,1.072405426966127
