subdir,file,cluster,size,all_feats_heading_scaled_to_max_mean_heading,all_feats_heading_scaled_to_max_mean_heading_abs,all_feats_heading_scaled_to_max_mean_heading_ototrak,all_feats_heading_scaled_to_max_mean_heading_ototrak_new,all_feats_scaled_to_max_max_x,all_feats_scaled_to_max_max_y,all_feats_scaled_to_max_surf_trapz_x,all_feats_scaled_to_max_surf_trapz_y,all_feats_scaled_to_max_surf_simpson_x,all_feats_scaled_to_max_surf_simpson_y,all_feats_scaled_to_max_duration,all_feats_scaled_to_max_len,all_feats_scaled_to_max_offset,all_feats_scaled_to_max_mean_speed_len,all_feats_scaled_to_max_mean_speed_offset,all_feats_scaled_to_max_len_vs_offset,all_feats_scaled_to_max_total_surf,all_feats_scaled_to_max_monotonous
no_rays_no_same_heading,filenames_in_cluster_train KMeans test nclus 3,2,226,30.695842957654705,26.483732634309145,35.92190796826946,33.676675458351994,0.08420064330534152,0.11606546716818418,0.816745987966329,1.1476005464957928,0.8167871293192638,1.1464382393604686,0.5485815926517724,0.1182776120874229,0.1162979806710455,0.0061106783673880605,0.006006669221064202,0.2743654388000854,0.002869480185992833,1.0691953948590567
no_rays_no_same_heading,filenames_in_cluster_train KMeans test nclus 3,1,336,33.042439604437405,26.194063772367134,45.4937614219295,32.85596674718264,0.07238129517113036,0.11004121151140887,0.7403936319851177,1.0982400028571235,0.7827358683233294,1.1027929279879147,0.6628659441504524,0.10846564481708858,0.10779204075723642,0.00561758258589025,0.005579788395517429,0.7428175869223804,0.00200838164095141,1.1178913732778242
no_rays_no_same_heading,filenames_in_cluster_train KMeans test nclus 3,0,298,43.639502586828016,19.53829867685626,45.73834443480999,41.81820753071481,0.06301246928573978,0.08074069942819433,0.6674886473102364,0.7937293164625211,0.6671026594660926,0.7942466029311642,0.5818401060013638,0.10224481007237268,0.08845104563235748,0.005280915277936994,0.004606451252709215,2.092501024972522,0.003727621254582675,0.4546577411050836
