subdir,file,cluster,size,all_feats_heading_scaled_to_max_mean_heading,all_feats_heading_scaled_to_max_mean_heading_abs,all_feats_heading_scaled_to_max_mean_heading_ototrak,all_feats_heading_scaled_to_max_mean_heading_ototrak_new,all_feats_scaled_to_max_max_x,all_feats_scaled_to_max_max_y,all_feats_scaled_to_max_surf_trapz_x,all_feats_scaled_to_max_surf_trapz_y,all_feats_scaled_to_max_surf_simpson_x,all_feats_scaled_to_max_surf_simpson_y,all_feats_scaled_to_max_duration,all_feats_scaled_to_max_len,all_feats_scaled_to_max_offset,all_feats_scaled_to_max_mean_speed_len,all_feats_scaled_to_max_mean_speed_offset,all_feats_scaled_to_max_len_vs_offset,all_feats_scaled_to_max_total_surf,all_feats_scaled_to_max_monotonous
no_rays_no_same_heading,filenames_in_cluster_train KMeans test nclus 2,1,269,0.03899983505044355,0.09153527812858749,0.05465521449337646,0.03193420476742413,0.0364310795348247,0.055717152144436795,0.04723121040641881,0.04995511257691264,0.047554963658165035,0.05017607704387568,0.01875516453416031,0.053572151395619313,0.05505193830495355,0.05297262405515714,0.05604888893716246,0.010062869035983715,0.014393767464173928,0.12253991944709318
no_rays_no_same_heading,filenames_in_cluster_train KMeans test nclus 2,0,591,0.028422202914031084,0.07110925744912672,0.037415198534394595,0.03580311200431069,0.02192772856517827,0.05209235116117552,0.025167343486647623,0.05156490006972195,0.007498757671501188,0.041581459094770276,0.01855978535269066,0.04625801759777605,0.045140144925775866,0.04557706343998119,0.044675095091294956,0.004218274372361405,0.012680244344819019,0.13043938834348276
