subdir,file,cluster,size,all_feats_heading_scaled_to_max_mean_heading,all_feats_heading_scaled_to_max_mean_heading_abs,all_feats_heading_scaled_to_max_mean_heading_ototrak,all_feats_heading_scaled_to_max_mean_heading_ototrak_new,all_feats_scaled_to_max_max_x,all_feats_scaled_to_max_max_y,all_feats_scaled_to_max_surf_trapz_x,all_feats_scaled_to_max_surf_trapz_y,all_feats_scaled_to_max_surf_simpson_x,all_feats_scaled_to_max_surf_simpson_y,all_feats_scaled_to_max_duration,all_feats_scaled_to_max_len,all_feats_scaled_to_max_offset,all_feats_scaled_to_max_mean_speed_len,all_feats_scaled_to_max_mean_speed_offset,all_feats_scaled_to_max_len_vs_offset,all_feats_scaled_to_max_total_surf,all_feats_scaled_to_max_monotonous
no_rays_no_same_heading,filenames_in_cluster_test KMeans test nclus 4,1,134,60.0127482261082,35.757038223479185,71.97574626865672,65.71231343283584,0.12553910447756245,0.11183597014923716,1.209119568391047,1.0466362038970223,1.209166158349197,1.0470290920742447,19.175559695087262,0.1998283016273171,0.19385697758348255,0.01042868122316061,0.010115527144766065,1.0398562066370718,0.001555850274624711,1.7164179104477613
no_rays_no_same_heading,filenames_in_cluster_test KMeans test nclus 4,0,200,113.05565642320897,65.37426498237892,185.33100000000013,89.071,0.05765780000008646,0.1804600999999728,0.5908592472927549,1.7579031694610563,0.6029833755990791,1.7871054099103336,19.321764998435974,0.20993327184683125,0.18975748812935667,0.01087384930589028,0.00982368772051728,1.2016413658437135,0.002577690319995012,1.01
no_rays_no_same_heading,filenames_in_cluster_test KMeans test nclus 4,3,165,169.26950577100763,44.83457143590046,167.12303030303025,163.89818181818177,0.06387393939391903,0.06925709090912353,0.6132406933175844,0.6507566255675847,0.6156772937359256,0.6509589704715208,19.25206666137233,0.14564811897475252,0.08699650834803617,0.007573019654673967,0.004520827364374562,4.319633170711646,0.0022250549090940108,0.18787878787878787
no_rays_no_same_heading,filenames_in_cluster_test KMeans test nclus 4,2,107,54.12408326315276,25.181347110649536,266.9242990654205,69.49252336448596,0.12204672897194745,0.05864766355136933,1.1940473443425874,0.5750392033890771,1.1947108482343833,0.5757382469691493,19.387224279831504,0.1534299099881507,0.14687368942054446,0.007892828811338716,0.007554383474375636,1.0667777344362748,0.0012870481084082763,1.3738317757009346
