window_size,vehicle,ride,start,scale,scale x,scale y,offset,offset x,offset y,no scale,no scale x,no scale y,only offset,only offset x,only offset y,
20,Vehicle_11,9369069,0,0.008849047379742831,0.00442962999732691,0.006250000000000001,0.009273735039106541,0.0048543176566906215,0.006250000000000002,0.0,0.0,0.0,0.00625,0.003125,0.003125,
20,Vehicle_11,9369069,20,0.007544417382415922,0.00625,0.003125,0.013675116556997604,0.00625,0.009255699174581687,0.0,0.0,0.0,0.009375,0.003125,0.00625,
20,Vehicle_11,9369069,40,0.007544417382415921,0.0031250000000000006,0.00625,0.010669417382415922,0.00625,0.006250000000000002,0.002209708691207961,0.0015624999999999997,0.0015625000000000003,0.00625,0.003125,0.003125,
20,Vehicle_11,9369069,60,0.01066941738241592,0.00625,0.00625,0.008999012430681906,0.00625,0.004579595048265983,0.0,0.0,0.0,0.00625,0.003125,0.003125,
20,Vehicle_11,9369069,80,0.008849054709374495,0.00625,0.004429637326958572,0.007421884884688037,0.004626401603874631,0.004626065898397484,0.0,0.0,0.0,0.00625,0.003125,0.003125,
20,Vehicle_11,9369069,100,0.009400598198722045,0.00625,0.0049811808163061225,0.008969213850304747,0.00625,0.004549796467888823,0.0,0.0,0.0,0.00625,0.003125,0.003125,
20,Vehicle_11,9369069,120,0.007544417382415922,0.0031250000000000006,0.00625,0.01066941738241592,0.00625,0.00625,0.0,0.0,0.0,0.00625,0.0031250000000000006,0.003125,
20,Vehicle_11,9369069,140,0.007544417382415922,0.0031250000000000006,0.00625,0.010669417382415922,0.00625,0.006250000000000001,0.0,0.0,0.0,0.00625,0.003125,0.003125,
20,Vehicle_11,9369069,160,0.007544417382415921,0.003125,0.00625,0.010669417382415922,0.00625,0.00625,0.0,0.0,0.0,0.00625,0.003125,0.003125,
20,Vehicle_11,9369069,180,0.007544417382415922,0.003125,0.00625,0.010669417382415924,0.00625,0.00625,0.0,0.0,0.0,0.00625,0.003125,0.003125,
20,Vehicle_11,9369069,200,0.007544417382415922,0.0031250000000000006,0.006250000000000001,0.01066941738241592,0.00625,0.00625,0.0,0.0,0.0,0.00625,0.003125,0.003125,
20,Vehicle_11,9369069,220,0.008668068419764696,0.00625,0.004248651037348775,0.007991925788529024,0.00625,0.0035725084061131026,0.0,0.0,0.0,0.00625,0.0031250000000000006,0.003125,
20,Vehicle_11,9369069,240,0.007500191512052523,0.006205774129636601,0.003125,0.009541215429401152,0.005121798046985231,0.00625,0.0,0.0,0.0,0.00625,0.003125,0.003125,
20,Vehicle_11,9369069,260,0.007544417382415921,0.003125,0.00625,0.01691941738241592,0.0125,0.00625,0.0,0.0,0.0,0.009375,0.00625,0.003125,
