window_size,vehicle,ride,start,scale,scale x,scale y,offset,offset x,offset y,no scale,no scale x,no scale y,only offset,only offset x,only offset y,
20,Vehicle_17,9444930,0,0.007482093551708221,0.0031250000000000006,0.0061876761692922985,0.01687393425976544,0.012454516877349515,0.006250000000000001,0.0,0.0,0.0,0.0125,0.009375,0.0031250000000000006,
20,Vehicle_17,9444930,20,0.007544417382415923,0.0031250000000000006,0.00625,0.010669417382415922,0.00625,0.00625,0.0,0.0,0.0,0.00625,0.003125,0.003125,
20,Vehicle_17,9444930,40,0.007544417382415921,0.0031249999999999997,0.0062499999999999995,0.015978171484635102,0.010911545411011223,0.007812500000000002,0.0,0.0,0.0,0.009375,0.00625,0.0031250000000000006,
20,Vehicle_17,9444930,60,0.012879126073623884,0.0078125,0.0078125,0.015088834764831846,0.009375,0.009375,0.0,0.0,0.0,0.00625,0.0031250000000000006,0.003125,
