window_size,vehicle,ride,start,scale,scale x,scale y,offset,offset x,offset y,no scale,no scale x,no scale y,only offset,only offset x,only offset y,
20,Vehicle_17,9444930,0,0.010702853980117052,0.007601628354604842,0.005028154696653263,0.01464693648751221,0.009428049289925054,0.009072745339869473,0.0,0.0,0.0,0.0032899357051074736,0.0016450078242481053,0.0016449278808592632,
20,Vehicle_17,9444930,20,0.010702853980117052,0.007601628354604842,0.005028154696653263,0.01464693648751221,0.009428049289925054,0.009072745339869473,0.0,0.0,0.0,0.0032899357051074736,0.0016450078242481053,0.0016449278808592632,
20,Vehicle_17,9444930,40,0.010702853980117052,0.007601628354604842,0.005028154696653263,0.01464693648751221,0.009428049289925054,0.009072745339869473,0.0,0.0,0.0,0.0032899357051074736,0.0016450078242481053,0.0016449278808592632,
20,Vehicle_17,9444930,60,0.010702853980117052,0.007601628354604842,0.005028154696653263,0.01464693648751221,0.009428049289925054,0.009072745339869473,0.0,0.0,0.0,0.0032899357051074736,0.0016450078242481053,0.0016449278808592632,
