window_size,vehicle,ride,start,scale,scale x,scale y,offset,offset x,offset y,no scale,no scale x,no scale y,only offset,only offset x,only offset y,
20,Vehicle_17,9444930,0,0.007544417382415922,0.003125,0.00625,0.016873934259765435,0.012454516877349513,0.006250000000000001,0.0,0.0,0.0,0.0125,0.009375,0.0031250000000000006,
20,Vehicle_17,9444930,20,0.007544417382415923,0.0031250000000000006,0.00625,0.01066941738241592,0.00625,0.00625,0.0,0.0,0.0,0.00625,0.003125,0.003125,
20,Vehicle_17,9444930,40,0.007544417382415923,0.0031250000000000006,0.006250000000000001,0.015978171484635106,0.010911545411011222,0.007812500000000002,0.0,0.0,0.0,0.009375,0.00625,0.0031250000000000006,
20,Vehicle_17,9444930,60,0.012879126073623882,0.0078125,0.0078125,0.015088834764831843,0.009375,0.009375,0.0,0.0,0.0,0.00625,0.0031250000000000006,0.003125,
