window_size,vehicle,ride,start,offset,offset x,offset y,scale,scale x,scale y,no scale,no scale x,no scale y,only offset,only offset x,only offset y,
20,Vehicle_4,9477474,0,0.010374739586547985,0.006088097245422733,0.006902431551824063,0.009627328804305845,0.0047232517869515355,0.007842745359043895,0.0018859629351263105,0.001333577180494299,0.0013335771804942986,0.00390625,0.0026673543456039806,0.0018861043456039803,
20,Vehicle_4,9477474,20,0.010033278142901619,0.0053347086912079586,0.007314358662392471,0.009872387929739056,0.005211842104768234,0.007380381495813423,0.0,0.0,0.0,0.003125,0.0018861043456039803,0.0018861043456039803,
20,Vehicle_4,9477474,40,0.010136540512450753,0.00533470869120796,0.007417621031941607,0.008538564649070893,0.004069141852813587,0.006677229933074868,0.0,0.0,0.0,0.003125,0.0018861043456039808,0.0018861043456039808,
20,Vehicle_4,9477474,60,0.010123324057345139,0.005334708691207963,0.007404404576835991,0.008589700827754366,0.00419706491934153,0.0065826252674521055,0.0,0.0,0.0,0.003125,0.0018861043456039803,0.0018861043456039808,
20,Vehicle_4,9477474,80,0.010022483767255348,0.005334708691207959,0.007303564286746199,0.008517593361072122,0.004092765084843692,0.006805602757491045,0.0,0.0,0.0,0.003125,0.0018861043456039803,0.0018861043456039803,
20,Vehicle_4,9477474,100,0.014730867617965245,0.008021692932004977,0.01068341996943406,0.015190039296101033,0.008736568773113223,0.010812399355461917,0.0009430265719281907,0.0006668204838495272,0.0006668204838495271,0.003125,0.0018861043456039803,0.0018861043456039803,
20,Vehicle_4,9477474,120,0.02064409956745283,0.01300006822314062,0.013068968880677437,0.019765922008064183,0.012496788804983184,0.01244718728623329,0.0018854907960586433,0.0013332433277578886,0.0013332433277578883,0.0046875,0.003219781518405971,0.002438531518405971,
20,Vehicle_4,9477474,140,0.01846148060945105,0.012458130344503873,0.010629598069990863,0.018465170153325498,0.012457457473596256,0.010636841671129106,0.0028286384389654127,0.0020001494217173734,0.0020001494217173734,0.0046875,0.0029909586912079613,0.002990958691207961,
