window_size,vehicle,ride,start,offset,offset x,offset y,scale,scale x,scale y,no scale,no scale x,no scale y,only offset,only offset x,only offset y,
20,Vehicle_4,9477474,0,0.010742825066862092,0.006088097245422735,0.007270517032138174,0.009627328804305843,0.0047232517869515355,0.007842745359043897,0.009627328804305843,0.0047232517869515355,0.007842745359043897,0.010742825066862092,0.006088097245422735,0.007270517032138174,
20,Vehicle_4,9477474,20,0.010033278142901616,0.005334708691207961,0.0073143586623924724,0.008929335756937063,0.004545003518367239,0.0067135429094124285,0.008929335756937063,0.004545003518367239,0.0067135429094124285,0.010033278142901616,0.005334708691207961,0.0073143586623924724,
20,Vehicle_4,9477474,40,0.009767927428302904,0.005334708691207959,0.007049007947793758,0.008538564649070891,0.0040691418528135855,0.006677229933074869,0.008538564649070891,0.0040691418528135855,0.006677229933074869,0.009767927428302904,0.005334708691207959,0.007049007947793758,
20,Vehicle_4,9477474,60,0.010123324057345137,0.005334708691207961,0.007404404576835988,0.008504760397530887,0.004112124489118048,0.006582625267452106,0.008504760397530887,0.004112124489118048,0.006582625267452106,0.010123324057345137,0.005334708691207961,0.007404404576835988,
20,Vehicle_4,9477474,80,0.01002248376725535,0.005334708691207962,0.0073035642867462,0.008517593361072124,0.004092765084843692,0.006805602757491043,0.008517593361072124,0.004092765084843692,0.006805602757491043,0.01002248376725535,0.005334708691207962,0.0073035642867462,
20,Vehicle_4,9477474,100,0.014730867617965243,0.008021692932004975,0.010683419969434057,0.01519003929610103,0.008736568773113221,0.010812399355461919,0.01519003929610103,0.008736568773113221,0.010812399355461919,0.014730867617965243,0.008021692932004975,0.010683419969434057,
20,Vehicle_4,9477474,120,0.020509127546201787,0.013000068223140617,0.01293399685942639,0.0195379417046277,0.012496788804983186,0.012219206982796814,0.0195379417046277,0.012496788804983186,0.012219206982796814,0.020509127546201787,0.013000068223140617,0.01293399685942639,
20,Vehicle_4,9477474,140,0.018154669986308603,0.012151319721361426,0.010629598069990859,0.01816110699604175,0.012153394316312505,0.010636841671129108,0.01816110699604175,0.012153394316312505,0.010636841671129108,0.018154669986308603,0.012151319721361426,0.010629598069990859,
