window_size,vehicle,ride,start,offset,offset x,offset y,scale,scale x,scale y,no scale,no scale x,no scale y,only offset,only offset x,only offset y,
20,Vehicle_4,9477474,0,0.010742825066862092,0.006088097245422733,0.007270517032138172,0.009627328804305843,0.004723251786951536,0.007842745359043895,0.007607511572342263,0.0036559040433611608,0.006170030950077744,0.006793373539097772,0.0037722086912079606,0.0045534586912079605,
20,Vehicle_4,9477474,20,0.009631055097612536,0.005334708691207961,0.00691213561710339,0.009772241024625278,0.005173699523672661,0.007318377171795217,0.005524645598274956,0.0020849371222931923,0.0048121040412904895,0.008334271701797735,0.0043246358640099515,0.005984472257161029,
20,Vehicle_4,9477474,40,0.009767927428302903,0.00533470869120796,0.0070490079477937536,0.008688729698938429,0.0042193069026811225,0.006677229933074867,0.001765240739705953,0.00044226197738783234,0.0016772693627817308,0.003125,0.0018861043456039803,0.0018861043456039803,
20,Vehicle_4,9477474,60,0.010123324057345135,0.005334708691207962,0.007404404576835989,0.008589700827754369,0.004197064919341531,0.006582625267452104,0.006077050627015178,0.002869803031287533,0.004537024130743956,0.007455685308646658,0.0043246358640099515,0.005105885864009951,
20,Vehicle_4,9477474,80,0.010022483767255346,0.005334708691207961,0.007303564286746197,0.008460976469759936,0.004092765084843693,0.006748985866178854,0.0058039461287675105,0.0023563222565197036,0.004907804992699628,0.008316720036506835,0.00432463586400995,0.00596692059187013,
20,Vehicle_4,9477474,100,0.01473086761796524,0.008021692932004975,0.010683419969434064,0.015190039296101032,0.008736568773113221,0.010812399355461917,0.003913817546014416,0.001547346266645789,0.0034632395926326555,0.003125,0.0018861043456039803,0.0018861043456039803,
20,Vehicle_4,9477474,120,0.020435186695753556,0.012926127372692383,0.01293399685942639,0.01901228138712781,0.011971128487483279,0.012219206982796812,0.005420319291381973,0.003051489636977509,0.003838948630488205,0.0046875,0.0032197815184059715,0.0024385315184059704,
20,Vehicle_4,9477474,140,0.018192612846939626,0.012189262581992452,0.010629598069990863,0.01820179732253146,0.01219408464280222,0.01063684167112911,0.00272554063029452,0.001927248262080712,0.0019272482620807114,0.0046875,0.002990958691207961,0.002990958691207961,
