window_size,vehicle,ride,start,scale,scale x,scale y,offset,offset x,offset y,no scale,no scale x,no scale y,only offset,only offset x,only offset y,
20,Vehicle_4,9477474,0,0.019116954732675474,0.01279304664875,0.011196675443293789,0.019110178932956422,0.012790862864590948,0.011189050599990317,0.019116954732675474,0.01279304664875,0.011196675443293789,0.019110178932956422,0.012790862864590948,0.011189050599990317,
20,Vehicle_4,9477474,20,0.019116954732675474,0.01279304664875,0.011196675443293789,0.019110178932956422,0.012790862864590948,0.011189050599990317,0.019116954732675474,0.01279304664875,0.011196675443293789,0.019110178932956422,0.012790862864590948,0.011189050599990317,
20,Vehicle_4,9477474,40,0.019116954732675474,0.01279304664875,0.011196675443293789,0.019110178932956422,0.012790862864590948,0.011189050599990317,0.019116954732675474,0.01279304664875,0.011196675443293789,0.019110178932956422,0.012790862864590948,0.011189050599990317,
20,Vehicle_4,9477474,60,0.019116954732675474,0.01279304664875,0.011196675443293789,0.019110178932956422,0.012790862864590948,0.011189050599990317,0.019116954732675474,0.01279304664875,0.011196675443293789,0.019110178932956422,0.012790862864590948,0.011189050599990317,
20,Vehicle_4,9477474,80,0.019116954732675474,0.01279304664875,0.011196675443293789,0.019110178932956422,0.012790862864590948,0.011189050599990317,0.019116954732675474,0.01279304664875,0.011196675443293789,0.019110178932956422,0.012790862864590948,0.011189050599990317,
20,Vehicle_4,9477474,100,0.019116954732675474,0.01279304664875,0.011196675443293789,0.019110178932956422,0.012790862864590948,0.011189050599990317,0.019116954732675474,0.01279304664875,0.011196675443293789,0.019110178932956422,0.012790862864590948,0.011189050599990317,
20,Vehicle_4,9477474,120,0.019116954732675474,0.01279304664875,0.011196675443293789,0.019110178932956422,0.012790862864590948,0.011189050599990317,0.019116954732675474,0.01279304664875,0.011196675443293789,0.019110178932956422,0.012790862864590948,0.011189050599990317,
20,Vehicle_4,9477474,140,0.019116954732675474,0.01279304664875,0.011196675443293789,0.019110178932956422,0.012790862864590948,0.011189050599990317,0.019116954732675474,0.01279304664875,0.011196675443293789,0.019110178932956422,0.012790862864590948,0.011189050599990317,
