window_size,vehicle,ride,start,scale,scale x,scale y,offset,offset x,offset y,no scale,no scale x,no scale y,only offset,only offset x,only offset y,
20,Vehicle_9,9571672,0,0.007544417382415922,0.0031250000000000006,0.006250000000000001,0.013794417382415922,0.009375,0.00625,0.0,0.0,0.0,0.009375,0.00625,0.0031250000000000006,
20,Vehicle_9,9571672,20,0.007544417382415924,0.003125,0.00625,0.012258238053794328,0.009375,0.0047138206713784065,0.0,0.0,0.0,0.009375,0.00625,0.003125,
20,Vehicle_9,9571672,40,0.007544417382415922,0.0031250000000000006,0.006250000000000001,0.01066941738241592,0.00625,0.00625,0.0,0.0,0.0,0.00625,0.003125,0.003125,
20,Vehicle_9,9571672,60,0.01066941738241592,0.0062499999999999995,0.0062499999999999995,0.010669417382415924,0.0062499999999999995,0.0062499999999999995,0.0,0.0,0.0,0.00625,0.003125,0.003125,
20,Vehicle_9,9571672,80,0.0072954958539524365,0.006001078471536515,0.003125,0.013794417382415923,0.0062499999999999995,0.009375,0.0,0.0,0.0,0.009375,0.003125,0.00625,
20,Vehicle_9,9571672,100,0.007544417382415923,0.0031250000000000006,0.0062499999999999995,0.010669417382415924,0.0062499999999999995,0.0062499999999999995,0.0,0.0,0.0,0.00625,0.003125,0.003125,
20,Vehicle_9,9571672,120,0.007544417382415922,0.003125,0.00625,0.010669417382415922,0.00625,0.00625,0.0,0.0,0.0,0.00625,0.003125,0.003125,
20,Vehicle_9,9571672,140,0.007544417382415921,0.003125,0.00625,0.010669417382415922,0.00625,0.00625,0.0,0.0,0.0,0.00625,0.003125,0.003125,
