window_size,vehicle,ride,start,scale,scale x,scale y,offset,offset x,offset y,no scale,no scale x,no scale y,only offset,only offset x,only offset y,
20,Vehicle_15,8801123,0,0.011819190333225111,0.008290145311749953,0.006667022388154808,0.014347455995337278,0.009582971603026829,0.008643780524221925,0.0008388310740614343,0.0006317814173527316,0.0004998620893108436,0.0017578125,0.0010566451024396361,0.0011623474657494405,
20,Vehicle_15,8801123,20,0.012329839582237663,0.00754405389898191,0.007901785172055864,0.012453771992324836,0.007782589634008599,0.00785130877715283,0.000710816289555291,0.0004510648757763999,0.000448297994371371,0.0015625,0.0009819022445558298,0.0009819022445558298,
20,Vehicle_15,8801123,40,0.009021322961897543,0.00459753751179855,0.0067918593541740286,0.010893899475733913,0.006027518387514491,0.007866551156111356,0.0008496795639496728,0.00025893703587522477,0.0007909081008130216,0.0017578125,0.00117721474455583,0.0009819022445558298,
20,Vehicle_15,8801123,60,0.011156224950129013,0.008259760265018675,0.006079344612890699,0.010493895866939482,0.008141156090192204,0.00532151880847083,0.0005013494199630219,0.0004322960233627732,0.00016670964660024879,0.0015624999999999999,0.0009819022445558298,0.0009819022445558298,
20,Vehicle_15,8801123,80,0.013567849862152495,0.008369638583348592,0.008726239739652406,0.01413832480374266,0.00862546919287506,0.009254341806301653,0.000713437178873055,0.0004545195082657831,0.00044796889158652437,0.0015625,0.0009819022445558296,0.0009819022445558298,
20,Vehicle_15,8801123,100,0.01057527040157317,0.005688784299364635,0.007698855037813622,0.011251127990620769,0.006123729775336031,0.008292621217512418,0.0006570688843229417,0.00022115524589663254,0.0006019142155704735,0.0015625,0.0009819022445558298,0.0009819022445558298,
20,Vehicle_15,8801123,120,0.01188622510882561,0.00774110482019996,0.007174199635900902,0.01198622439058204,0.007593828339785373,0.007416415195711916,0.0004909437558480983,0.0002954755611389171,0.0002931244447091811,0.0015625,0.0009819022445558298,0.0009819022445558298,
