subdir,file,cluster,size,32all_distances_scaled_to_max_trajs_distances_offset,32all_distances_scaled_to_max_trajs_distances_offset x,32all_distances_scaled_to_max_trajs_distances_offset y,32all_nums_scaled_to_max_trajs_num_intersections_offset
only_rays_size_32_,filenames_in_cluster_test KMeans test nclus 6,0,408,0.0100061428303285,0.0050823666464754,0.0050823666464754,0.019736842105263157
only_rays_size_32_,filenames_in_cluster_test KMeans test nclus 6,4,79,0.0100774445896436,0.0051311947714754,0.0051311947714754,0.03289473684210526
only_rays_size_32_,filenames_in_cluster_test KMeans test nclus 6,2,65,0.0127112100509707,0.0068473075139348,0.0068523874260674,0.039473684210526314
only_rays_size_32_,filenames_in_cluster_test KMeans test nclus 6,5,31,0.0134839242501198,0.0080461678074647,0.0072276669895173,0.023026315789473683
only_rays_size_32_,filenames_in_cluster_test KMeans test nclus 6,1,20,0.0149512258010126,0.0098270746018194,0.009019105465332,0.05263157894736842
only_rays_size_32_,filenames_in_cluster_test KMeans test nclus 6,3,3,0.0309871237870889,0.0198346015381316,0.0196731755289043,0.07236842105263158
