subdir,file,cluster,size,32all_distances_scaled_to_max_trajs_distances_offset,32all_distances_scaled_to_max_trajs_distances_offset x,32all_distances_scaled_to_max_trajs_distances_offset y,32all_nums_scaled_to_max_trajs_num_intersections_offset
only_rays_size_32_,filenames_in_cluster_train KMeans test nclus 4,0,623,0.001793521501308731,0.001517234534628056,0.0015346647110716508,0.002771279019466774
only_rays_size_32_,filenames_in_cluster_train KMeans test nclus 4,2,154,0.003675308972091442,0.002597143856132652,0.0023744158531030265,0.00434474410014113
only_rays_size_32_,filenames_in_cluster_train KMeans test nclus 4,1,71,0.004721891248505093,0.0027720188415298963,0.0034577104932342,0.007425917496348344
only_rays_size_32_,filenames_in_cluster_train KMeans test nclus 4,3,12,0.006535181225498857,0.0036483491878518902,0.004697659807550546,0.01102982430851464
