subdir,file,cluster,size,32all_distances_scaled_to_max_trajs_distances_offset,32all_distances_scaled_to_max_trajs_distances_offset x,32all_distances_scaled_to_max_trajs_distances_offset y,32all_nums_scaled_to_max_trajs_num_intersections_offset
only_rays_size_32_,filenames_in_cluster_train KMeans test nclus 6,0,567,0.011166803581629213,0.007218709642455003,0.007023377458178669,0.02473196881091643
only_rays_size_32_,filenames_in_cluster_train KMeans test nclus 6,2,85,0.01920675824306635,0.012236207634957254,0.012236695256705732,0.04578173374613
only_rays_size_32_,filenames_in_cluster_train KMeans test nclus 6,5,61,0.01773570869548567,0.011375551985644553,0.011163940969887874,0.030468075927523715
only_rays_size_32_,filenames_in_cluster_train KMeans test nclus 6,4,100,0.011999969726526566,0.007509339832160223,0.007847001390289689,0.037203947368421024
only_rays_size_32_,filenames_in_cluster_train KMeans test nclus 6,1,36,0.022463429154016713,0.014140814854493193,0.014500805159213695,0.06140350877192982
only_rays_size_32_,filenames_in_cluster_train KMeans test nclus 6,3,11,0.036303035004449216,0.022846145187623745,0.023376166259577922,0.08462918660287083
