subdir,file,cluster,size,32all_distances_scaled_to_max_trajs_distances_offset,32all_distances_scaled_to_max_trajs_distances_offset x,32all_distances_scaled_to_max_trajs_distances_offset y,32all_nums_scaled_to_max_trajs_num_intersections_offset
only_rays_size_32_,filenames_in_cluster_test KMeans test nclus 7,1,256,0.0010059727309213744,0.0013943535044591805,0.0011773198910140132,0.0018835816408109265
only_rays_size_32_,filenames_in_cluster_test KMeans test nclus 7,4,172,0.0016886283703522532,0.0012269975363195654,0.001561196331843568,0.001159382234258543
only_rays_size_32_,filenames_in_cluster_test KMeans test nclus 7,3,45,0.003614150778090619,0.0024014212283591315,0.0025847409899705845,0.003936523981823468
only_rays_size_32_,filenames_in_cluster_test KMeans test nclus 7,6,40,0.002287343092666102,0.0013734311489645213,0.0019490648501754467,0.0030226934127449197
only_rays_size_32_,filenames_in_cluster_test KMeans test nclus 7,0,66,0.0019104927166587106,0.0016305254571163004,0.0015076629844762545,0.003447652233955594
only_rays_size_32_,filenames_in_cluster_test KMeans test nclus 7,2,24,0.0046011064988299155,0.0029395763161376527,0.0032097407374090474,0.007335026403651125
only_rays_size_32_,filenames_in_cluster_test KMeans test nclus 7,5,3,0.0012103091517762271,0.0010935109010899906,0.0013372263344289196,0.005591030168413142
