window_size,vehicle,ride,start,scale,scale x,scale y,offset,offset x,offset y,no scale,no scale x,no scale y,only offset,only offset x,only offset y,
20,Vehicle_17,9335706,0,0.009060359225534189,0.0045623837836302385,0.007070027771513866,0.010296153358597807,0.005455847735230809,0.0077912419627205205,5.8936431067371474e-05,4.167435006667171e-05,4.1674350066672056e-05,0.0007568437553421101,0.0004957694106672841,0.0004713448903397539,
20,Vehicle_17,9335706,20,0.008802153889152614,0.004456002028808158,0.006874572951268057,0.01016753621997769,0.005268257049961352,0.007867139318346305,5.892583234999617e-05,4.1666855641743666e-05,4.166685564174419e-05,0.0008300766020529753,0.0005671248221049928,0.0004903976774116757,
20,Vehicle_17,9335706,40,0.013478022239499345,0.007264710576509575,0.010015823091896227,0.014843921417053187,0.007935676450358822,0.011163042033487114,0.00011787142926540198,8.334768694171543e-05,8.334768694171698e-05,0.0008056544352400078,0.0005436412072271527,0.0004808714495771655,
20,Vehicle_17,9335706,60,0.008752992752001492,0.0043707236224419695,0.006893201538376245,0.009856685652142195,0.0050518166434167285,0.007679139712121395,5.893403776143099e-05,4.167265774381174e-05,4.167265774381208e-05,0.0007324158376562533,0.00047134055544965426,0.000471345827871527,
20,Vehicle_17,9335706,80,0.008503430229471403,0.004103329639987581,0.006835439599968118,0.009918061043700431,0.005109953854995644,0.007682377892103918,5.893939694824443e-05,4.167644726114916e-05,4.167644726114951e-05,0.0007812519538648252,0.0005201765724004135,0.00047134592712933936,
20,Vehicle_17,9335706,100,0.008961697898949699,0.004550860619870551,0.006958626096602927,0.009875586157877626,0.005063279503267357,0.007686577358007896,5.8937464710346364e-05,4.1675080962628484e-05,4.1675080962629006e-05,0.0007324244836425788,0.00047134841248090177,0.00047134661682660497,
