window_size,vehicle,ride,start,scale,scale x,scale y,offset,offset x,offset y,no scale,no scale x,no scale y,only offset,only offset x,only offset y,
20,Vehicle_17,9335706,0,0.009495164257730292,0.00462880754931232,0.007438409038024267,0.010455733811776152,0.005494451848754099,0.007912218302375637,0.0014161913072962841,0.0006025562180748125,0.0011594472111785957,0.0018505312138728583,0.001028104846629411,0.0013430860601540454,
20,Vehicle_17,9335706,20,0.009170831248963415,0.004480222264393343,0.0071946160129901385,0.010353375503078193,0.005293533980274586,0.008027701671136511,0.0020315982836360334,0.0008275677054224193,0.001680652220613698,0.0028841374177730186,0.0015753804573253483,0.0021310884604087517,
20,Vehicle_17,9335706,40,0.013894121826318748,0.007087258487851759,0.010534483658577936,0.015320280269753062,0.008135525407166042,0.01143955192937698,0.0008660613661984808,0.000404969318570071,0.0006630477487214428,0.00087890625,0.000592478304102153,0.0005052861674621578,
20,Vehicle_17,9335706,60,0.009029963527509259,0.004371706075880079,0.007127169648034129,0.010030676962032156,0.00508236664647546,0.00782258101895556,0.001336466688582347,0.00052934402948261,0.0011279454204857337,0.0018502960931048994,0.0010221319253602178,0.0013659926437816013,
20,Vehicle_17,9335706,80,0.008886768599809719,0.004085299615479588,0.007223358182927313,0.010152247635293692,0.005180022896475463,0.00784649544221709,0.0010155391144383117,0.0004100848911873014,0.0008434652798163803,0.0016563943177126538,0.0008838261669719356,0.00119687117435792,
20,Vehicle_17,9335706,100,0.008981405342417339,0.004308888098170057,0.007118730759908605,0.010074553888385955,0.005082366646475463,0.007866457945309345,0.0005817338811510976,0.0002724765743351613,0.00043972941800669017,0.00078125,0.0004957602728324639,0.0004957602728324639,
