window_size,vehicle,ride,start,scale,scale x,scale y,offset,offset x,offset y,no scale,no scale x,no scale y,only offset,only offset x,only offset y,
20,Vehicle_17,9335706,0,0.009465878412772943,0.004628807549312322,0.007409123193066918,0.010473884592280682,0.005494451848754097,0.007930369082880178,0.009465878412772943,0.004628807549312322,0.007409123193066918,0.010473884592280682,0.005494451848754097,0.007930369082880178,
20,Vehicle_17,9335706,20,0.009196303380179587,0.004480222264393338,0.007220088144206323,0.010358731822234507,0.005293533980274586,0.008033057990292821,0.009196303380179587,0.004480222264393338,0.007220088144206323,0.010358731822234507,0.005293533980274586,0.008033057990292821,
20,Vehicle_17,9335706,40,0.013864332144361483,0.007051358382277424,0.010520368810594743,0.01532137133819802,0.008135525407166045,0.011440642997821937,0.013864332144361483,0.007051358382277424,0.010520368810594743,0.01532137133819802,0.008135525407166045,0.011440642997821937,
20,Vehicle_17,9335706,60,0.009099174773324373,0.004371706075880078,0.007196380893849247,0.010057967742009854,0.005082366646475467,0.007849871798933235,0.009099174773324373,0.004371706075880078,0.007196380893849247,0.010057967742009854,0.005082366646475467,0.007849871798933235,
20,Vehicle_17,9335706,80,0.00888676859980972,0.00408529961547959,0.007223358182927307,0.0101660076195085,0.005180022896475462,0.00786025542643189,0.00888676859980972,0.00408529961547959,0.007223358182927307,0.0101660076195085,0.005180022896475462,0.00786025542643189,
20,Vehicle_17,9335706,100,0.00897908283772898,0.004308888098170055,0.007116408255220237,0.010050870555428977,0.005082366646475461,0.007842774612352377,0.00897908283772898,0.004308888098170055,0.007116408255220237,0.010050870555428977,0.005082366646475461,0.007842774612352377,
