window_size,vehicle,ride,start,scale,scale x,scale y,offset,offset x,offset y,no scale,no scale x,no scale y,only offset,only offset x,only offset y,
20,Vehicle_4,9070901,0,0.018154544519093263,0.011834139812619156,0.012101191919988,0.022411893240662947,0.012647122797068948,0.015545557657073054,0.0,0.0,0.0,0.008223936097766211,0.0032889194966556844,0.004935016601110526,
20,Vehicle_4,9070901,20,0.018154544519093263,0.011834139812619156,0.012101191919988,0.022411893240662947,0.012647122797068948,0.015545557657073054,0.0,0.0,0.0,0.008223936097766211,0.0032889194966556844,0.004935016601110526,
