window_size,vehicle,ride,start,scale,scale x,scale y,offset,offset x,offset y,no scale,no scale x,no scale y,only offset,only offset x,only offset y,
20,Vehicle_4,9070901,0,0.026332895644302103,0.01566631443667295,0.01644736842105263,0.028203482282767155,0.015209123071167263,0.018775146425023263,0.026332895644302103,0.01566631443667295,0.01644736842105263,0.028203482282767155,0.015209123071167263,0.018775146425023263,
20,Vehicle_4,9070901,20,0.026332895644302103,0.01566631443667295,0.01644736842105263,0.028203482282767155,0.015209123071167263,0.018775146425023263,0.026332895644302103,0.01566631443667295,0.01644736842105263,0.028203482282767155,0.015209123071167263,0.018775146425023263,
