subdir,file,cluster,size,32all_distances_scaled_to_max_trajs_distances_offset,32all_distances_scaled_to_max_trajs_distances_offset x,32all_distances_scaled_to_max_trajs_distances_offset y,32all_nums_scaled_to_max_trajs_num_intersections_offset
only_rays_heading_size_32_,filenames_in_cluster_test KMeans test nclus 9,5,231,0.0100254152251593,0.0050823666464754,0.0050823666464754,0.02631578947368421
only_rays_heading_size_32_,filenames_in_cluster_test KMeans test nclus 9,0,161,0.0100061428303285,0.0050823666464754,0.0050823666464754,0.019736842105263157
only_rays_heading_size_32_,filenames_in_cluster_test KMeans test nclus 9,7,66,0.0100774445896436,0.0051311947714754,0.0051311947714754,0.03289473684210526
only_rays_heading_size_32_,filenames_in_cluster_test KMeans test nclus 9,6,27,0.0196026193771977,0.0120419611930513,0.0111195103323165,0.04276315789473684
only_rays_heading_size_32_,filenames_in_cluster_test KMeans test nclus 9,8,29,0.0137174144727475,0.0080461678074647,0.0078278342997872,0.019736842105263157
only_rays_heading_size_32_,filenames_in_cluster_test KMeans test nclus 9,4,36,0.0150967729975547,0.0090320883002056,0.0086307369812516,0.03289473684210526
only_rays_heading_size_32_,filenames_in_cluster_test KMeans test nclus 9,1,40,0.0101989092281641,0.0052288510214754,0.0052288510214754,0.04276315789473684
only_rays_heading_size_32_,filenames_in_cluster_test KMeans test nclus 9,3,13,0.0149512258010126,0.0098270746018194,0.009019105465332,0.05921052631578947
only_rays_heading_size_32_,filenames_in_cluster_test KMeans test nclus 9,2,3,0.0309871237870889,0.0198346015381316,0.0196731755289043,0.07236842105263158
