subdir,file,cluster,size,32all_distances_scaled_to_max_trajs_distances_offset,32all_distances_scaled_to_max_trajs_distances_offset x,32all_distances_scaled_to_max_trajs_distances_offset y,32all_nums_scaled_to_max_trajs_num_intersections_offset
only_rays_heading_size_32_,filenames_in_cluster_train KMeans test nclus 6,0,567,0.03089646148235788,0.046327810022480716,0.044126213864921104,0.0508633265834912
only_rays_heading_size_32_,filenames_in_cluster_train KMeans test nclus 6,2,85,0.04484507841379884,0.037655461920721056,0.05202618507085316,0.07737577854671276
only_rays_heading_size_32_,filenames_in_cluster_train KMeans test nclus 6,5,61,0.04262445957005398,0.025391827606310174,0.04000120796301407,0.060198871271163676
only_rays_heading_size_32_,filenames_in_cluster_train KMeans test nclus 6,4,100,0.09906807775022149,0.0864330220936646,0.0567923449630469,0.06711875000000002
only_rays_heading_size_32_,filenames_in_cluster_train KMeans test nclus 6,1,36,0.05229467444400311,0.04897491408499899,0.05357929466577999,0.06802721088435378
only_rays_heading_size_32_,filenames_in_cluster_train KMeans test nclus 6,3,11,0.06759702464517203,0.06476672264428573,0.0723452280392427,0.09179700840106551
