subdir,file,cluster,size,32all_distances_scaled_to_max_trajs_distances_offset,32all_distances_scaled_to_max_trajs_distances_offset x,32all_distances_scaled_to_max_trajs_distances_offset y,32all_nums_scaled_to_max_trajs_num_intersections_offset
only_rays_heading_size_32_,filenames_in_cluster_train KMeans test nclus 6,0,567,0.0012744982493019205,0.001281756590631853,0.0013285513343797859,0.002225615060309911
only_rays_heading_size_32_,filenames_in_cluster_train KMeans test nclus 6,2,85,0.0037976628943547507,0.002410493039776215,0.002713264554367788,0.004575082571557786
only_rays_heading_size_32_,filenames_in_cluster_train KMeans test nclus 6,5,61,0.0022049007535514605,0.0016135898766449685,0.0015386690569348736,0.004035437216106495
only_rays_heading_size_32_,filenames_in_cluster_train KMeans test nclus 6,4,100,0.002130675401665887,0.0018671288062669317,0.0015434414894947108,0.0034088535026040746
only_rays_heading_size_32_,filenames_in_cluster_train KMeans test nclus 6,1,36,0.0050659999988260625,0.003126006780167338,0.0035018441047444085,0.00600572979720577
only_rays_heading_size_32_,filenames_in_cluster_train KMeans test nclus 6,3,11,0.006070999960327818,0.0032968913976754205,0.004450891016994673,0.010963099748698179
