window_size,vehicle,ride,start,scale,scale x,scale y,offset,offset x,offset y,no scale,no scale x,no scale y,only offset,only offset x,only offset y,
20,Vehicle_11,8686342,0,0.009551493798776825,0.007390102259852838,0.004775712143208226,0.010727854279990285,0.007980488668771378,0.005703052803994312,0.0014253585879981767,0.001163934682675443,0.0005932906464161135,0.001801938209640817,0.0013138643873270106,0.0009948960311665716,
20,Vehicle_11,8686342,20,0.012680812267251308,0.0075865879121883965,0.008553599952089225,0.013195979779899772,0.007936612840728614,0.008939731854381924,0.002308710832922244,0.001238917712559117,0.001602667611292854,0.0031306724167544015,0.0019081374051554008,0.0020579110078948496,
20,Vehicle_11,8686342,40,0.016087549380137938,0.008862699887763835,0.011575557259674275,0.01685468639182027,0.00938670133042589,0.012099296178837404,0.0027508689518167973,0.0014853962259480768,0.001950117072796934,0.003465673696778207,0.0019057369949357628,0.0025015072180186327,
20,Vehicle_11,8686342,60,0.010653492687170217,0.0058498999131896216,0.007559224377695515,0.010956677468989205,0.006051899616355147,0.007838558510991288,0.0029683376208773245,0.0014911851184233205,0.0021638133573708474,0.0036356889389314653,0.002030566797505272,0.0025806413076520417,
