window_size,vehicle,ride,start,scale,scale x,scale y,offset,offset x,offset y,no scale,no scale x,no scale y,only offset,only offset x,only offset y,
20,Vehicle_11,8686342,0,0.009283305543343843,0.007208319664496919,0.004633135312830181,0.010524124015193408,0.007854992639088195,0.005624818568881208,0.0,0.0,0.0,0.0007812481872558595,0.000480872588360595,0.0005192338204595751,
20,Vehicle_11,8686342,20,0.012707747309809081,0.0077307236774804885,0.00861243569059218,0.01287308497337988,0.007894790166152289,0.008658659722432831,5.893358872057332e-05,4.167234022397618e-05,4.167234022397666e-05,0.0007812580259453479,0.0005164801155766129,0.0004900173508030171,
20,Vehicle_11,8686342,40,0.015591630706922759,0.008707594018727857,0.011234744455489295,0.01641920525726988,0.009211421471089177,0.011839094903621424,5.892779271851653e-05,4.166824183161805e-05,4.1668241831618534e-05,0.0009276988131804237,0.0005611876469388347,0.0006394619841228733,
20,Vehicle_11,8686342,60,0.010366470216113779,0.0058105899680809805,0.007335925914247495,0.010691541788142675,0.00598873809835483,0.0076365843481455194,5.894076080012376e-05,4.167741165006151e-05,4.1677411650061987e-05,0.0007324206456375682,0.0004713427761879512,0.00047134841511454475,
