window_size,vehicle,ride,start,scale,scale x,scale y,offset,offset x,offset y,no scale,no scale x,no scale y,only offset,only offset x,only offset y,
20,Vehicle_4,9070901,0,0.013892618888908605,0.008444667137236316,0.009198337504370428,0.01421509282269806,0.008668370722548896,0.009484602422280702,0.0020616687894980212,0.0010967343786528405,0.0014293722035432009,0.0025922845296858484,0.0015573955836132134,0.0017351896946018119,
20,Vehicle_4,9070901,20,0.026326659913167662,0.017263569543164575,0.016270219778414665,0.025579832768490428,0.016921628447285317,0.015719578449696455,0.004721173336145313,0.0029562062878509122,0.002837729822708381,0.005442015191793157,0.0035710433205151516,0.003326528992507944,
