subdir,file,cluster,size,all_feats_scaled_to_max_max_x,all_feats_scaled_to_max_max_y,all_feats_scaled_to_max_surf_trapz_x,all_feats_scaled_to_max_surf_trapz_y,all_feats_scaled_to_max_surf_simpson_x,all_feats_scaled_to_max_surf_simpson_y,all_feats_scaled_to_max_duration,all_feats_scaled_to_max_len,all_feats_scaled_to_max_offset,all_feats_scaled_to_max_mean_speed_len,all_feats_scaled_to_max_mean_speed_offset,all_feats_scaled_to_max_len_vs_offset,all_feats_scaled_to_max_total_surf,all_feats_scaled_to_max_monotonous
no_rays_no_same,filenames_in_cluster_test KMeans test nclus 6,0,258,0.2706799999970144,0.16200000000026188,2.1532151969560003,1.9344093487617349,2.162195372168841,1.936037152934221,2.953000068664551,0.3342720614378026,0.2698690597331424,0.017788557084143102,0.0134719903513917,2.5612070758739645,0.012258784399925672,3.0
no_rays_no_same,filenames_in_cluster_test KMeans test nclus 6,2,94,0.5319999999983339,0.2500200000000064,4.875304974805241,2.9545537012516374,4.820234747293272,2.9562233336056596,3.6469998359680176,0.5305047819384722,0.5352303938208527,0.0279081933935448,0.028063693999979798,2.9368182074468288,0.0284657920000118,3.0
no_rays_no_same,filenames_in_cluster_test KMeans test nclus 6,4,133,0.20667999999943729,0.2753199999993683,1.9542368782137456,2.4133280364878664,1.9566786284452644,2.417766468504216,2.440999984741211,0.3618946607347243,0.2567443949763034,0.0193376804567202,0.013369859903034801,2.6351448183916792,0.0191592187999712,3.0
no_rays_no_same,filenames_in_cluster_test KMeans test nclus 6,1,94,0.32204000000035654,0.3733400000001553,3.1800087046773133,3.2070428360391197,3.1816904294782407,5.499998064178836,3.2260000705718994,0.38139234443083475,0.4132111783424234,0.0194760783116533,0.0216200565490584,0.745944395960054,0.020406331199540502,3.0
no_rays_no_same,filenames_in_cluster_test KMeans test nclus 6,3,25,0.061360000000831805,0.1510000000003231,0.4048438207099931,1.8473147288749632,0.40458411881447787,1.850269014398896,2.399999856948856,0.27112677425234544,0.0639586969406902,0.0141087083140417,0.0034106403011074002,13.137924574173674,0.003823076399960899,0.0
no_rays_no_same,filenames_in_cluster_test KMeans test nclus 6,5,2,0.032360000000153405,0.0176600000003191,0.3513651586762489,0.27366726821558296,0.3506279956099878,0.2731175547521748,0.2539999485015869,0.0772249853801189,0.0006600000006074,0.0040043086521251,3.5071392894565505e-05,276.1120117850799,0.0006141691999828645,0.0
