subdir,file,cluster,size,all_feats_scaled_to_max_max_x,all_feats_scaled_to_max_max_y,all_feats_scaled_to_max_surf_trapz_x,all_feats_scaled_to_max_surf_trapz_y,all_feats_scaled_to_max_surf_simpson_x,all_feats_scaled_to_max_surf_simpson_y,all_feats_scaled_to_max_duration,all_feats_scaled_to_max_len,all_feats_scaled_to_max_offset,all_feats_scaled_to_max_mean_speed_len,all_feats_scaled_to_max_mean_speed_offset,all_feats_scaled_to_max_len_vs_offset,all_feats_scaled_to_max_total_surf,all_feats_scaled_to_max_monotonous
no_rays_no_same,filenames_in_cluster_train KMeans test nclus 5,4,393,0.2246799999994664,0.15134000000003311,2.036566339071595,1.8382216546765604,5.480188710734163,2.3540257472881745,3.938999891281128,0.3425595887195571,0.2243157885729835,0.0178461365697723,0.0112132716285937,3.7399426326696705,0.01612671640004055,3.0
no_rays_no_same,filenames_in_cluster_train KMeans test nclus 5,1,118,0.3812800000019934,0.23765999999980641,3.380703272723273,2.132266667594286,3.39475125596658,2.138109433340575,3.448000192642212,0.41278210297332585,0.41812184103343364,0.0214359334768083,0.0217184010279683,1.4411380907447144,0.0258731875999684,3.0
no_rays_no_same,filenames_in_cluster_train KMeans test nclus 5,0,111,0.2790399999980765,0.3029800000007299,3.0418602109100115,3.030783381696151,3.038382683281846,3.022096750229657,4.6570000648498535,0.30473184308515155,0.3364221552531036,0.0165666389658823,0.0170558022315409,0.805500167254162,0.0245187899998149,3.0
no_rays_no_same,filenames_in_cluster_train KMeans test nclus 5,3,197,0.2653199999997469,0.23866000000012383,2.1396517068346994,1.7967972179976233,2.1487309714551386,1.7937721794315933,3.441999912261963,0.3030807676522359,0.26952177578521586,0.0152678192136864,0.0133174657658563,2.132575917898494,0.01781077679995119,3.0
no_rays_no_same,filenames_in_cluster_train KMeans test nclus 5,2,41,0.1020000000011123,0.15199999999992989,0.8567081132333029,2.108172755276275,0.8575838546749588,2.2033834605154445,3.1979999542236364,0.3298662104170085,0.0530412071380442,0.0149714408659967,0.0028219102814795965,23.111086928925193,0.004111107600057072,0.0
