subdir,file,cluster,size,all_feats_scaled_to_max_max_x,all_feats_scaled_to_max_max_y,all_feats_scaled_to_max_surf_trapz_x,all_feats_scaled_to_max_surf_trapz_y,all_feats_scaled_to_max_surf_simpson_x,all_feats_scaled_to_max_surf_simpson_y,all_feats_scaled_to_max_duration,all_feats_scaled_to_max_len,all_feats_scaled_to_max_offset,all_feats_scaled_to_max_mean_speed_len,all_feats_scaled_to_max_mean_speed_offset,all_feats_scaled_to_max_len_vs_offset,all_feats_scaled_to_max_total_surf,all_feats_scaled_to_max_monotonous
no_rays_no_same,filenames_in_cluster_test KMeans test nclus 3,1,387,0.10227183462532304,0.055672971576219706,1.0001814360936998,0.48645178075741563,1.0003369042080956,0.4865218675954995,19.260028415872146,0.14205699830618423,0.12088715339470378,0.0073798201348519174,0.006275589065679824,1.2567362844818808,0.0015293012826883621,0.958656330749354
no_rays_no_same,filenames_in_cluster_test KMeans test nclus 3,0,173,0.065316763005783,0.26179549132945984,0.6453687242308338,2.63021683365076,0.6617969594380655,2.6647351407111803,19.352595367872645,0.28833391414617826,0.2670289360722785,0.014929330673077586,0.013829399514048726,1.118927916973336,0.0034881678681987073,1.3815028901734103
no_rays_no_same,filenames_in_cluster_test KMeans test nclus 3,2,46,0.023326086956634927,0.042276086956536174,0.22657927836550643,0.3793385178476887,0.22661953597383783,0.3793926254570213,19.201565224191416,0.09466872380893303,0.022150151374514652,0.004946292875780706,0.0011594487833387472,11.448309214768214,0.0007299471913073613,0.0
