subdir,file,cluster,size,all_feats_scaled_to_max_max_x,all_feats_scaled_to_max_max_y,all_feats_scaled_to_max_surf_trapz_x,all_feats_scaled_to_max_surf_trapz_y,all_feats_scaled_to_max_surf_simpson_x,all_feats_scaled_to_max_surf_simpson_y,all_feats_scaled_to_max_duration,all_feats_scaled_to_max_len,all_feats_scaled_to_max_offset,all_feats_scaled_to_max_mean_speed_len,all_feats_scaled_to_max_mean_speed_offset,all_feats_scaled_to_max_len_vs_offset,all_feats_scaled_to_max_total_surf,all_feats_scaled_to_max_monotonous
no_rays_no_same,filenames_in_cluster_train DBSCAN test nclus 10,0,856,0.16477255967213938,0.215892927959652,0.17117619921781077,0.20576388565914489,0.09238528371557429,0.1875806573282758,0.12317914168534859,0.2162838077745544,0.2222024394214621,0.21491679118310758,0.22141217388625783,0.12062855844062316,0.11338502963552176,0.3664501950878926
no_rays_no_same,filenames_in_cluster_train DBSCAN test nclus 10,-1,4,0.35431402020836406,0.4180555788646014,0.3615911493039312,0.3989858508515871,0.3616034139708435,0.3990763408049363,0.39263482475379036,0.4022891158192666,0.37280721980976,0.42374877155732843,0.36521054839664674,0.3908088417706941,0.40152870007837604,nan
