subdir,file,cluster,size,all_feats_scaled_to_max_max_x,all_feats_scaled_to_max_max_y,all_feats_scaled_to_max_surf_trapz_x,all_feats_scaled_to_max_surf_trapz_y,all_feats_scaled_to_max_surf_simpson_x,all_feats_scaled_to_max_surf_simpson_y,all_feats_scaled_to_max_duration,all_feats_scaled_to_max_len,all_feats_scaled_to_max_offset,all_feats_scaled_to_max_mean_speed_len,all_feats_scaled_to_max_mean_speed_offset,all_feats_scaled_to_max_len_vs_offset,all_feats_scaled_to_max_total_surf,all_feats_scaled_to_max_monotonous
no_rays_no_same,filenames_in_cluster_test KMeans test nclus 2,1,413,0.08564709424084659,0.04457357241387738,0.881470283493383,0.40170803217587936,0.8814646891759459,0.40207671482471796,0.5232354450990737,0.09266567436816975,0.08463674346204461,0.0048280129049617804,0.004389515567965954,14.843526110447282,0.002140427550139066,0.9455756092285642
no_rays_no_same,filenames_in_cluster_test KMeans test nclus 2,0,193,0.05596446727793345,0.09350484901311136,0.608228886374359,0.9392537863957134,0.6295845581096269,1.0100004947739873,0.6705922870486575,0.09544654906091207,0.09535391008941105,0.00499635563019944,0.004994725931251712,0.24952049201686335,0.0038500616965473893,1.1362163867510204
