subdir,file,cluster,size,all_feats_scaled_to_max_max_x,all_feats_scaled_to_max_max_y,all_feats_scaled_to_max_surf_trapz_x,all_feats_scaled_to_max_surf_trapz_y,all_feats_scaled_to_max_surf_simpson_x,all_feats_scaled_to_max_surf_simpson_y,all_feats_scaled_to_max_duration,all_feats_scaled_to_max_len,all_feats_scaled_to_max_offset,all_feats_scaled_to_max_mean_speed_len,all_feats_scaled_to_max_mean_speed_offset,all_feats_scaled_to_max_len_vs_offset,all_feats_scaled_to_max_total_surf,all_feats_scaled_to_max_monotonous
no_rays_no_same,filenames_in_cluster_test DBSCAN test nclus 4,0,600,0.014939146926465342,0.0489937128835343,0.01797181981612276,0.054194681576171404,0.01810152400693533,0.05389203310568885,0.02371355410446058,0.03292120875635868,0.03107680115162752,0.03216849120197015,0.03031214400183588,0.016243955649015887,0.01087841121363642,0.12275277777777778
no_rays_no_same,filenames_in_cluster_test DBSCAN test nclus 4,-1,6,0.1265609941901626,0.1424217069305321,0.15155866808443547,0.1731649721257273,0.12973853342322877,0.13012285361405224,0.13657036324193902,0.16890625410754617,0.13351843292845814,0.16291354660685994,0.1333655259766791,0.128965220694156,0.12433473132631145,0.13888888888888892
