subdir,file,cluster,size,all_feats_scaled_to_max_max_x,all_feats_scaled_to_max_max_y,all_feats_scaled_to_max_surf_trapz_x,all_feats_scaled_to_max_surf_trapz_y,all_feats_scaled_to_max_surf_simpson_x,all_feats_scaled_to_max_surf_simpson_y,all_feats_scaled_to_max_duration,all_feats_scaled_to_max_len,all_feats_scaled_to_max_offset,all_feats_scaled_to_max_mean_speed_len,all_feats_scaled_to_max_mean_speed_offset,all_feats_scaled_to_max_len_vs_offset,all_feats_scaled_to_max_total_surf,all_feats_scaled_to_max_monotonous
no_rays_no_same,filenames_in_cluster_train KMeans test nclus 4,0,466,0.04107290559510179,0.04540364950761841,0.3890035053247469,0.4115618900293353,0.4354526940484749,0.41472681987643073,0.5899028968447222,0.061618932652247084,0.04732018479967821,0.0031982267055040057,0.0024614459639910706,0.5182210906536605,0.0016328263904942311,0.9533042920772633
no_rays_no_same,filenames_in_cluster_train KMeans test nclus 4,2,109,0.0707815747093872,0.06413012378518786,0.7029618627784128,0.5854469962680321,0.7042667843459173,0.5856223832160873,0.5041953877517035,0.08628789499289427,0.07991910119392426,0.0045605475433975525,0.004216386156284254,0.17646384446785812,0.005174052078731175,1.0006310608760354
no_rays_no_same,filenames_in_cluster_train KMeans test nclus 4,3,228,0.054435344141161614,0.08237249057986996,0.554814772417894,0.790533521591693,0.5542935673412314,0.7895885057946552,0.6685636538615974,0.08328115438067456,0.08645721320037078,0.004287890757106353,0.004468245512705502,0.20947053542668873,0.003079660342015194,1.1185156478743863
no_rays_no_same,filenames_in_cluster_train KMeans test nclus 4,1,57,0.024901928642470626,0.03722050858274439,0.27576265648894827,0.40988309141982215,0.27633405860290405,0.41250186042411124,0.6347937836226211,0.08350223433242196,0.014226986109768932,0.004180472072322155,0.0007288074741948012,3.5149582938019126,0.0011979639068182748,0.0
