subdir,file,cluster,size,all_feats_scaled_to_max_max_x,all_feats_scaled_to_max_max_y,all_feats_scaled_to_max_surf_trapz_x,all_feats_scaled_to_max_surf_trapz_y,all_feats_scaled_to_max_surf_simpson_x,all_feats_scaled_to_max_surf_simpson_y,all_feats_scaled_to_max_duration,all_feats_scaled_to_max_len,all_feats_scaled_to_max_offset,all_feats_scaled_to_max_mean_speed_len,all_feats_scaled_to_max_mean_speed_offset,all_feats_scaled_to_max_len_vs_offset,all_feats_scaled_to_max_total_surf,all_feats_scaled_to_max_monotonous
no_rays_no_same,filenames_in_cluster_train KMeans test nclus 3,1,544,0.00163999999927,0.0010000000003174,0.0153753598591673,0.0107145701745448,-3.9305988131670366,-0.505959549259924,18.05999994277954,0.0053819240077145,0.0037209138658779,0.0002786491906739,0.0001860363921484,1.000570350662419,2.5111999982108582e-06,0.0
no_rays_no_same,filenames_in_cluster_train KMeans test nclus 3,0,224,0.0046800000006896,0.0923199999995461,0.0413083992225577,1.2798214054517234,0.0416682041190231,1.2826350255409007,18.30299997329712,0.1073180354983354,0.0948314546969179,0.0053692822327658,0.004741335685244,1.00022556537555,0.0002301655999684,0.0
no_rays_no_same,filenames_in_cluster_train KMeans test nclus 3,2,92,0.0013199999983726,0.0009999999996068,0.0133593999623016,0.0074180200139249,0.0131243819844565,-0.0881887710846621,18.787999868392944,0.0052498065122784,0.0006400000017947,0.0002624903256139,3.332118504830345e-05,1.943736399839483,1.0911999990289166e-06,0.0
