subdir,file,cluster,size,all_feats_scaled_to_max_max_x,all_feats_scaled_to_max_max_y,all_feats_scaled_to_max_surf_trapz_x,all_feats_scaled_to_max_surf_trapz_y,all_feats_scaled_to_max_surf_simpson_x,all_feats_scaled_to_max_surf_simpson_y,all_feats_scaled_to_max_duration,all_feats_scaled_to_max_len,all_feats_scaled_to_max_offset,all_feats_scaled_to_max_mean_speed_len,all_feats_scaled_to_max_mean_speed_offset,all_feats_scaled_to_max_len_vs_offset,all_feats_scaled_to_max_total_surf,all_feats_scaled_to_max_monotonous
no_rays_no_same,filenames_in_cluster_test KMeans test nclus 3,1,387,0.0023200000015322,0.0010000000003174,0.020738419843504,0.0092898800148262,0.0203371554111052,0.0092062012050348,18.259999990463257,0.0076764230273012,0.0050000000011607,0.000398257277764,0.0002639079475871,1.0005146511473448,4.160000002328242e-06,0.0
no_rays_no_same,filenames_in_cluster_test KMeans test nclus 3,0,173,0.0036399999999048,0.0956599999994978,0.0399739390628614,1.267994496150326,0.0394221858658987,1.268355360639594,18.761000156402588,0.1060207533478477,0.0947228715780962,0.0056379023116978,0.0050371109408047,1.000363403991761,0.0002899300000074,0.0
no_rays_no_same,filenames_in_cluster_test KMeans test nclus 3,2,46,0.0063600000004271,0.0060000000004833,0.0627557201073276,0.0451882399960313,0.0630171823099327,0.0451142821189557,18.79900002479553,0.0140079005674857,0.00033999999971,0.0007361343494241,1.7707411080104234e-05,2.038912711155419,2.180920000343875e-05,0.0
