subdir,file,cluster,size,all_feats_scaled_to_max_max_x,all_feats_scaled_to_max_max_y,all_feats_scaled_to_max_surf_trapz_x,all_feats_scaled_to_max_surf_trapz_y,all_feats_scaled_to_max_surf_simpson_x,all_feats_scaled_to_max_surf_simpson_y,all_feats_scaled_to_max_duration,all_feats_scaled_to_max_len,all_feats_scaled_to_max_offset,all_feats_scaled_to_max_mean_speed_len,all_feats_scaled_to_max_mean_speed_offset,all_feats_scaled_to_max_len_vs_offset,all_feats_scaled_to_max_total_surf,all_feats_scaled_to_max_monotonous
no_rays_no_same,filenames_in_cluster_train KMeans test nclus 2,1,592,0.07515016114459461,0.04229347240101573,0.7587343259744318,0.37054012511895934,0.7815817731465389,0.37327662788054317,0.5855782860735809,0.08496420612136812,0.07640148929052827,0.0044109281484752145,0.003979720931320674,1.6662041183309988,0.002704578046184737,0.9583033932609376
no_rays_no_same,filenames_in_cluster_train KMeans test nclus 2,0,268,0.07527130101160265,0.08406753062182395,0.752271379923396,0.8097016029130942,0.7523380049607464,0.8087250736635756,0.6538758047954002,0.08885687398916786,0.09149331636788195,0.00459920080040509,0.00474543448854784,0.2021490953178405,0.0031539763836917075,1.1362598931967558
