subdir,file,cluster,size,all_feats_scaled_to_max_max_x,all_feats_scaled_to_max_max_y,all_feats_scaled_to_max_surf_trapz_x,all_feats_scaled_to_max_surf_trapz_y,all_feats_scaled_to_max_surf_simpson_x,all_feats_scaled_to_max_surf_simpson_y,all_feats_scaled_to_max_duration,all_feats_scaled_to_max_len,all_feats_scaled_to_max_offset,all_feats_scaled_to_max_mean_speed_len,all_feats_scaled_to_max_mean_speed_offset,all_feats_scaled_to_max_len_vs_offset,all_feats_scaled_to_max_total_surf,all_feats_scaled_to_max_monotonous
no_rays_no_same,filenames_in_cluster_train DBSCAN test nclus 6,0,857,0.005676351320284238,0.011036863007580494,0.5752742075341185,1.0865763644347521,0.5999106483655352,1.089365588058699,0.36446645932352795,0.012269500071208545,0.012179221836570473,3.2860634855733956e-05,3.266907364238135e-05,1.029406801615981,8.70239932359694e-06,1.2085849391857024
no_rays_no_same,filenames_in_cluster_train DBSCAN test nclus 6,-1,3,0.00023270719997895293,0.0027163398222285764,0.02645801432580219,0.5376371072099317,0.026757789880906834,0.5375993334495343,1.90647009228263,0.007740098959328062,7.797141053194737e-05,1.5296561478536216e-05,1.343443510489745e-07,47.29762414830682,1.4921847534219926e-06,0.0
