subdir,file,cluster,size,all_feats_scaled_to_max_max_x,all_feats_scaled_to_max_max_y,all_feats_scaled_to_max_surf_trapz_x,all_feats_scaled_to_max_surf_trapz_y,all_feats_scaled_to_max_surf_simpson_x,all_feats_scaled_to_max_surf_simpson_y,all_feats_scaled_to_max_duration,all_feats_scaled_to_max_len,all_feats_scaled_to_max_offset,all_feats_scaled_to_max_mean_speed_len,all_feats_scaled_to_max_mean_speed_offset,all_feats_scaled_to_max_len_vs_offset,all_feats_scaled_to_max_total_surf,all_feats_scaled_to_max_monotonous
no_rays_no_same,filenames_in_cluster_train DBSCAN test nclus 10,0,856,0.027149996420908734,0.04660975634299149,0.02930129117865564,0.04233877664154964,0.008535040647207155,0.03518650300370803,0.015173100946339184,0.04677868550546039,0.04937392408484853,0.04618922713244347,0.049023350745038476,0.014551249111462836,0.012856164945448147,0.13428574547995456
no_rays_no_same,filenames_in_cluster_train DBSCAN test nclus 10,-1,4,0.125538424916213,0.1747704670198169,0.1307481592549379,0.1591897091797649,0.1307570289953692,0.1592619257902577,0.15416210560943966,0.16183653270664727,0.13898522314228268,0.1795630213963449,0.1333787446601795,0.15273155080615142,0.16122529698663046,nan
