subdir,file,cluster,size,all_feats_scaled_to_max_max_x,all_feats_scaled_to_max_max_y,all_feats_scaled_to_max_surf_trapz_x,all_feats_scaled_to_max_surf_trapz_y,all_feats_scaled_to_max_surf_simpson_x,all_feats_scaled_to_max_surf_simpson_y,all_feats_scaled_to_max_duration,all_feats_scaled_to_max_len,all_feats_scaled_to_max_offset,all_feats_scaled_to_max_mean_speed_len,all_feats_scaled_to_max_mean_speed_offset,all_feats_scaled_to_max_len_vs_offset,all_feats_scaled_to_max_total_surf,all_feats_scaled_to_max_monotonous
no_rays_no_same,filenames_in_cluster_train KMeans test nclus 4,0,466,0.03341812071901498,0.044464435459794706,0.036484626685822384,0.05012732738827791,0.005923670667142998,0.031038578681054686,0.022416541111484375,0.032356093783968885,0.0295829423762959,0.032116637243898315,0.0282793245794985,0.049292970328431586,0.010251516730380357,0.10097656369921469
no_rays_no_same,filenames_in_cluster_train KMeans test nclus 4,2,109,0.04300480341859252,0.07343015349628797,0.043236389481853175,0.07564194594690996,0.04303863577600819,0.07526448584914677,0.02138273108860075,0.05335631158674665,0.04524391129769682,0.05545195910732955,0.0469224976575268,0.014993405227470717,0.040143642081609525,0.11125139110998888
no_rays_no_same,filenames_in_cluster_train KMeans test nclus 4,3,228,0.037613089731635546,0.04341330793920449,0.0332672979458874,0.0434110065335078,0.0332808747501102,0.043719012040674264,0.020609764885822064,0.04126411784553518,0.0461849468015766,0.03955178418272852,0.046329346145957254,0.00964487195072405,0.01565762146607081,0.13900858383776205
no_rays_no_same,filenames_in_cluster_train KMeans test nclus 4,1,57,0.05960265764140471,0.05996218226971203,0.04768308196534339,0.03780137638471046,0.04755245273810594,0.035048678927545804,0.03910706788059722,0.06407970892447597,0.0719447348243876,0.07796926754064029,0.06670205773043279,0.022004675627551477,0.08491213867086664,nan
