window_size,vehicle,ride,start,scale,scale x,scale y,offset,offset x,offset y,no scale,no scale x,no scale y,only offset,only offset x,only offset y,
20,Vehicle_9,9571672,0,0.009089882085053225,0.004298546678588434,0.007258610981073933,0.010279336869251428,0.005320944769009253,0.007858566053306305,0.0006811997346507566,0.00028393708588176785,0.000568607779539772,0.0008300781250000002,0.000544588397832464,0.0004957602728324639,
20,Vehicle_9,9571672,20,0.008754837139504364,0.003984261922655182,0.007146095248856978,0.010101365741667303,0.005131194771475464,0.007844441673590703,0.002257390004538644,0.0009696480922188616,0.0018727932519561562,0.0028343813758153267,0.0015092265170283347,0.002143224454522434,
20,Vehicle_9,9571672,40,0.00933290289109174,0.004601581408167845,0.007289820562039063,0.010314942825027455,0.005245791264363156,0.008045038243447163,0.0013013417499610869,0.0005371835858684605,0.0010620059692928257,0.001753110084640818,0.0009470061248968827,0.0013043384926973165,
20,Vehicle_9,9571672,60,0.01177001538461657,0.006986434553484376,0.007747871974990169,0.012289294620467905,0.0074405194423318635,0.008011872859657565,0.0003513212765967261,0.00019191120043523328,0.00020193153681371967,0.0007812500000000002,0.0004957602728324639,0.0004957602728324639,
20,Vehicle_9,9571672,80,0.009769130551176335,0.0074327685817787564,0.004947363033690001,0.010385151329003157,0.007902618348365297,0.005413915225881337,0.00022650158479003624,0.00017525904618615444,0.00010706025196729158,0.0008300781250000002,0.0004957602728324639,0.000544588397832464,
20,Vehicle_9,9571672,100,0.010029763302325183,0.005276079229749761,0.007427272593188304,0.010803186254987338,0.005780254071239669,0.008036876594607223,0.0012165996829921612,0.0005099806415951784,0.000965851221403578,0.0018017030888728583,0.0010248537911647358,0.0012715301058849502,
20,Vehicle_9,9571672,120,0.009194883923783368,0.004517747288774057,0.007185867824037648,0.010549258412442964,0.005433356283644836,0.008140749074241688,0.0020107737810996047,0.0008205224565467899,0.0016592932507082845,0.0025951157849815956,0.0013467502284163677,0.001979380497067095,
20,Vehicle_9,9571672,140,0.00916722308704934,0.004438301027467139,0.00723829666380392,0.010041526704456431,0.005085953778413405,0.007832898660621356,0.0013138944682760548,0.0005501839948533598,0.0010626589527123176,0.0017531100846408178,0.0009470061248968827,0.0013043384926973163,
