window_size,vehicle,ride,start,scale,scale x,scale y,offset,offset x,offset y,no scale,no scale x,no scale y,only offset,only offset x,only offset y,
20,Vehicle_9,9571672,0,0.009092339344590413,0.004298546678588432,0.007261068240611128,0.010313248001442576,0.005320944769009241,0.007892477185497453,0.009092339344590413,0.004298546678588432,0.007261068240611128,0.010313248001442576,0.005320944769009241,0.007892477185497453,
20,Vehicle_9,9571672,20,0.008754837139504357,0.003984261922655185,0.007146095248856977,0.010114500054134402,0.005131194771475461,0.007857575986057784,0.008754837139504357,0.003984261922655185,0.007146095248856977,0.010114500054134402,0.005131194771475461,0.007857575986057784,
20,Vehicle_9,9571672,40,0.009276709685385527,0.0045599039965177855,0.007250890705482893,0.010296575730628112,0.005245791264363168,0.008026671149047813,0.009276709685385527,0.0045599039965177855,0.007250890705482893,0.010296575730628112,0.005245791264363168,0.008026671149047813,
20,Vehicle_9,9571672,60,0.011798580953824581,0.006992473036465124,0.007770399061217455,0.01230983673125536,0.007433394664260138,0.008039539748516747,0.011798580953824581,0.006992473036465124,0.007770399061217455,0.01230983673125536,0.007433394664260138,0.008039539748516747,
20,Vehicle_9,9571672,80,0.009769130551176333,0.007432768581778752,0.004947363033689998,0.010359174926989734,0.00787664194635185,0.005413915225881338,0.009769130551176333,0.007432768581778752,0.004947363033689998,0.010359174926989734,0.00787664194635185,0.005413915225881338,
20,Vehicle_9,9571672,100,0.010020103320474445,0.00526641924789903,0.00742727259318828,0.010761714529588505,0.005780254071239674,0.007995404869208392,0.010020103320474445,0.00526641924789903,0.00742727259318828,0.010761714529588505,0.005780254071239674,0.007995404869208392,
20,Vehicle_9,9571672,120,0.00921954510205571,0.004517747288774063,0.007210529002309986,0.010528118292503847,0.005433356283644835,0.00811960895430257,0.00921954510205571,0.004517747288774063,0.007210529002309986,0.010528118292503847,0.005433356283644835,0.00811960895430257,
20,Vehicle_9,9571672,140,0.009139285044752529,0.0043966236158170776,0.007227621970657162,0.010069819451746665,0.005085953778413407,0.007861191407911593,0.009139285044752529,0.0043966236158170776,0.007227621970657162,0.010069819451746665,0.005085953778413407,0.007861191407911593,
