subdir,file,cluster,size,all_feats_heading_scaled_to_max_mean_heading,all_feats_heading_scaled_to_max_mean_heading_abs,all_feats_heading_scaled_to_max_mean_heading_ototrak,all_feats_heading_scaled_to_max_mean_heading_ototrak_new,all_feats_scaled_to_max_max_x,all_feats_scaled_to_max_max_y,all_feats_scaled_to_max_surf_trapz_x,all_feats_scaled_to_max_surf_trapz_y,all_feats_scaled_to_max_surf_simpson_x,all_feats_scaled_to_max_surf_simpson_y,all_feats_scaled_to_max_x_poly_1,all_feats_scaled_to_max_x_poly_2,all_feats_scaled_to_max_x_poly_3,all_feats_scaled_to_max_x_poly_4,all_feats_scaled_to_max_x_poly_5,all_feats_scaled_to_max_x_poly_6,all_feats_scaled_to_max_y_poly_1,all_feats_scaled_to_max_y_poly_2,all_feats_scaled_to_max_y_poly_3,all_feats_scaled_to_max_y_poly_4,all_feats_scaled_to_max_y_poly_5,all_feats_scaled_to_max_y_poly_6,all_feats_scaled_to_max_duration,all_feats_scaled_to_max_len,all_feats_scaled_to_max_offset,all_feats_scaled_to_max_mean_speed_len,all_feats_scaled_to_max_mean_speed_offset,all_feats_scaled_to_max_len_vs_offset,all_feats_scaled_to_max_total_surf,all_feats_scaled_to_max_monotonous
no_rays_poly_no_same_no_xy_heading,filenames_in_cluster_train KMeans test nclus 2,1,269,190.59355235581003,87.42899180917992,155.65,271.5,0.442639999999983,0.4876600000002895,3.811228103625744,5.074022653821216,3.798995173372561,5.058927716253561,1.303168301058674e-06,3.883384089156034e-05,0.0010746420116116,0.0079368149934827,0.0404477894406641,0.0341653661013784,8.251636904225764e-07,4.8548673703551655e-05,0.0006283872096852,0.0087814458639359,0.0290392409568139,0.0316691443744583,22.007000207901,0.5172959423945901,0.4971323590357691,0.0269298738006154,0.0255004558295109,5.000042488707384,0.0248417699999691,3.0
no_rays_poly_no_same_no_xy_heading,filenames_in_cluster_train KMeans test nclus 2,0,591,318.9449386626911,87.48882627473142,345.8,271.9,0.4586400000022195,0.4393399999997882,4.445433662000595,4.401543984140619,4.4555598234791605,4.398011637596169,1.4235109189428332e-06,9.239361569777852e-05,0.0011553704543416,0.0108641539459648,0.0354029794327214,0.087222039280011,1.89358326922499e-06,6.007828921680876e-05,0.001680708471068,0.0091561534124044,0.0268905798550909,0.1226986622455579,22.960000038146973,0.5006735888268738,0.496576444468015,0.0260523254509503,0.0258391323833738,26.52155600841349,0.0260288487999918,3.0
