subdir,file,cluster,size,all_feats_heading_scaled_to_max_mean_heading,all_feats_heading_scaled_to_max_mean_heading_abs,all_feats_heading_scaled_to_max_mean_heading_ototrak,all_feats_heading_scaled_to_max_mean_heading_ototrak_new,all_feats_scaled_to_max_max_x,all_feats_scaled_to_max_max_y,all_feats_scaled_to_max_surf_trapz_x,all_feats_scaled_to_max_surf_trapz_y,all_feats_scaled_to_max_surf_simpson_x,all_feats_scaled_to_max_surf_simpson_y,all_feats_scaled_to_max_x_poly_1,all_feats_scaled_to_max_x_poly_2,all_feats_scaled_to_max_x_poly_3,all_feats_scaled_to_max_x_poly_4,all_feats_scaled_to_max_x_poly_5,all_feats_scaled_to_max_x_poly_6,all_feats_scaled_to_max_y_poly_1,all_feats_scaled_to_max_y_poly_2,all_feats_scaled_to_max_y_poly_3,all_feats_scaled_to_max_y_poly_4,all_feats_scaled_to_max_y_poly_5,all_feats_scaled_to_max_y_poly_6,all_feats_scaled_to_max_duration,all_feats_scaled_to_max_len,all_feats_scaled_to_max_offset,all_feats_scaled_to_max_mean_speed_len,all_feats_scaled_to_max_mean_speed_offset,all_feats_scaled_to_max_len_vs_offset,all_feats_scaled_to_max_total_surf,all_feats_scaled_to_max_monotonous
no_rays_poly_no_same_no_xy_heading,filenames_in_cluster_train DBSCAN test nclus 10,0,859,292.26586163971587,87.48882627473142,345.8,271.5,0.4586400000022195,0.4876600000002895,4.445433662000595,5.074022653821216,4.4555598234791605,5.058927716253561,1.4235109189428332e-06,9.239361569777852e-05,0.0011553704543416,0.0108641539459648,0.0404477894406641,0.087222039280011,1.89358326922499e-06,6.007828921680876e-05,0.001680708471068,0.0091561534124044,0.0290392409568139,0.1226986622455579,22.960000038146973,0.5172959423945901,0.4971323590357691,0.0269298738006154,0.0258391323833738,26.52155600841349,0.0260288487999918,3.0
no_rays_poly_no_same_no_xy_heading,filenames_in_cluster_train DBSCAN test nclus 10,-1,1,318.9449386626911,25.080055604997693,181.9,271.9,0.1033199999994849,0.0393200000004867,0.7442957893644139,0.4010519994821492,0.7429597032775436,0.4023533276926113,8.870314360569261e-07,-4.233376512006424e-05,0.0006541470101276,-0.0025899603872287,-0.0098019394160463,0.0597310421005616,-4.848645137629354e-08,-1.3086167301376185e-06,0.0001383430640768,-0.0027819976507494,0.018297206111827,-0.0008928132644829,18.95899987220764,0.1873303414330086,0.0416730752382615,0.0098808134762224,0.0021980629526429,4.495236801267166,0.0012295787999566,0.0
