window_size,vehicle,ride,start,scale,scale x,scale y,offset,offset x,offset y,no scale,no scale x,no scale y,only offset,only offset x,only offset y,
20,Vehicle_17,9335706,0,0.00876346243322999,0.004521662688705094,0.006796592843602303,0.010319833512104781,0.0056036478988803476,0.0076607531107942585,0.0,0.0,0.0,0.0011875200136758001,0.0007892423321915198,0.0007267155601530409,
20,Vehicle_17,9335706,20,0.008454190574522829,0.004460175130770223,0.0065359183086991166,0.00969539979778426,0.005043223332029641,0.007499320707883846,0.0,0.0,0.0,0.0011249961012556144,0.0007267158653712462,0.0007267181145531287,
20,Vehicle_17,9335706,40,0.013175081936026994,0.0073333821376281045,0.009670601549882106,0.013808409837079861,0.007213779616126221,0.010691274223310919,0.0,0.0,0.0,0.0011874753542144175,0.0007891959713343795,0.0007267172615487984,
20,Vehicle_17,9335706,60,0.008263872921547349,0.004269685083116959,0.006448995040900268,0.009672092648110569,0.0050297242658384755,0.007489512624402443,0.0,0.0,0.0,0.0011249845444000072,0.0007267044628343875,0.0007267179602343798,
20,Vehicle_17,9335706,80,0.008235454143754475,0.00420031737319118,0.006468799715939009,0.009826047911320237,0.005178555527468097,0.007494636625977711,0.0,0.0,0.0,0.0012500050018939503,0.0008517246662283311,0.0007267182143343796,
20,Vehicle_17,9335706,100,0.008403910336848907,0.004332408079921485,0.00657294118078243,0.009713068197068566,0.005059069187041106,0.007501143252162832,0.0,0.0,0.0,0.0011250066781250004,0.000726724576834381,0.0007267199799593795,
