window_size,vehicle,ride,start,scale,scale x,scale y,offset,offset x,offset y,no scale,no scale x,no scale y,only offset,only offset x,only offset y,
20,Vehicle_17,9335706,0,0.009398883106274177,0.004598297594851022,0.007355378610511686,0.010641912181612262,0.005702474429499306,0.00788400524968478,0.009398883106274177,0.004598297594851022,0.007355378610511686,0.010641912181612262,0.005702474429499306,0.00788400524968478,
20,Vehicle_17,9335706,20,0.00918433294552237,0.004554529610933191,0.007171706199534793,0.010043897471488171,0.005107932273632674,0.007783109439982697,0.00918433294552237,0.004554529610933191,0.007171706199534793,0.010043897471488171,0.005107932273632674,0.007783109439982697,
20,Vehicle_17,9335706,40,0.013332927019974142,0.006745912692378923,0.010124182731957703,0.014465535007741316,0.007390393099300178,0.011171785910793108,0.013332927019974142,0.006745912692378923,0.010124182731957703,0.014465535007741316,0.007390393099300178,0.011171785910793108,
20,Vehicle_17,9335706,60,0.008944095417616541,0.004328835296324045,0.007055105444270253,0.01003939369118518,0.005107932273632677,0.007778605659679708,0.008944095417616541,0.004328835296324045,0.007055105444270253,0.01003939369118518,0.005107932273632677,0.007778605659679708,
20,Vehicle_17,9335706,80,0.008845842728211645,0.0041517914046321205,0.0071083743800060845,0.010219075691444073,0.005357932273632673,0.007708287659938598,0.008845842728211645,0.0041517914046321205,0.0071083743800060845,0.010219075691444073,0.005357932273632673,0.007708287659938598,
20,Vehicle_17,9335706,100,0.008941993018591929,0.004345435042063985,0.007007309006049539,0.0100400689144941,0.005107932273632678,0.007779280882988629,0.008941993018591929,0.004345435042063985,0.007007309006049539,0.0100400689144941,0.005107932273632678,0.007779280882988629,
