subdir,file,cluster,size,20all_distances_scaled_to_max_trajs_distances_offset,20all_distances_scaled_to_max_trajs_distances_offset x,20all_distances_scaled_to_max_trajs_distances_offset y,20all_nums_scaled_to_max_trajs_num_intersections_offset
only_rays_heading_size_20_,filenames_in_cluster_test KMeans test nclus 7,2,214,0.0141684521628393,0.0095932083800977,0.0090187654251161,0.02631578947368421
only_rays_heading_size_20_,filenames_in_cluster_test KMeans test nclus 7,0,172,0.0164320546378117,0.0107817390300567,0.0108060559271917,0.023026315789473683
only_rays_heading_size_20_,filenames_in_cluster_test KMeans test nclus 7,4,62,0.0220407845400527,0.0137144797702615,0.0144952067205796,0.03289473684210526
only_rays_heading_size_20_,filenames_in_cluster_test KMeans test nclus 7,6,67,0.0341757778703514,0.0226312878994938,0.0209418712216277,0.05921052631578947
only_rays_heading_size_20_,filenames_in_cluster_test KMeans test nclus 7,3,61,0.0258733785002929,0.016824140472703,0.0175579708416822,0.046052631578947366
only_rays_heading_size_20_,filenames_in_cluster_test KMeans test nclus 7,1,25,0.0315455073279925,0.0195507650704672,0.0207670420560685,0.07236842105263158
only_rays_heading_size_20_,filenames_in_cluster_test KMeans test nclus 7,5,5,0.0328539575530922,0.0219932945364325,0.0218786410581869,0.08552631578947369
