window_size,vehicle,ride,start,offset,offset x,offset y,scale,scale x,scale y,no scale,no scale x,no scale y,only offset,only offset x,only offset y,
20,Vehicle_6,9476572,0,0.010123627839297057,0.005153186574755322,0.007865641042451445,0.00942489075598175,0.004584860944004161,0.007356483322460967,0.00942489075598175,0.004584860944004161,0.007356483322460967,0.010123627839297057,0.005153186574755322,0.007865641042451445,
20,Vehicle_6,9476572,20,0.010144629995949684,0.00512244178266044,0.007932824038726749,0.009411555470414152,0.004499716539797954,0.007472681501198721,0.009411555470414152,0.004499716539797954,0.007472681501198721,0.010144629995949684,0.00512244178266044,0.007932824038726749,
20,Vehicle_6,9476572,40,0.010533356208765776,0.005379094295648248,0.008152112674394484,0.009654102986789526,0.004944795437882509,0.0073395251876866175,0.009654102986789526,0.004944795437882509,0.0073395251876866175,0.010533356208765776,0.005379094295648248,0.008152112674394484,
