window_size,vehicle,ride,start,offset,offset x,offset y,scale,scale x,scale y,no scale,no scale x,no scale y,only offset,only offset x,only offset y,
20,Vehicle_6,9476572,0,0.009968964312023888,0.0051271879780255296,0.0077369761119030316,0.00896537474734281,0.004482188884696612,0.006983922070836418,7.452546023988815e-05,4.563607468772959e-05,4.563860052917163e-05,0.0006558608506672743,0.00042168114208184133,0.0004216837442923271,
20,Vehicle_6,9476572,20,0.010012459458191873,0.005111632719842584,0.007811462563796471,0.009091147770078994,0.004459540263887944,0.007192450076778519,7.452941751754173e-05,4.5639416481596736e-05,4.5640105390814745e-05,0.0006558682853395055,0.0004216887812022119,0.0004216835398441874,
20,Vehicle_6,9476572,40,0.010342118649737038,0.00534521565647362,0.00799475375455252,0.009531456302132577,0.004935284591284834,0.007274345226578241,7.45307895525472e-05,4.564050737973728e-05,4.564069488551101e-05,0.0006558531444444442,0.0004216743423133235,0.0004216828378380148,
