window_size,vehicle,ride,start,offset,offset x,offset y,scale,scale x,scale y,no scale,no scale x,no scale y,only offset,only offset x,only offset y,
20,Vehicle_6,9476572,0,0.010114495469093343,0.005153186574755319,0.007856508672247723,0.009313093785346428,0.004555925758818973,0.007248495741223446,0.0002235923908158952,0.0001105704701143383,0.00016327316381961322,0.0006944444444444445,0.0004409742400756691,0.00044097424007566915,
20,Vehicle_6,9476572,20,0.010144629995949695,0.005122441782660436,0.007932824038726735,0.009411555470414156,0.004499716539797953,0.007472681501198729,7.452941751754071e-05,4.5639416481595774e-05,4.564010539081467e-05,0.0006944444444444443,0.00044097424007566894,0.00044097424007566915,
20,Vehicle_6,9476572,40,0.010533356208765776,0.0053790942956482455,0.008152112674394491,0.00965410298678951,0.00494479543788251,0.007339525187686611,0.00014904919300333955,0.00011761987257566777,6.492736214022742e-05,0.0006944444444444445,0.0004409742400756691,0.00044097424007566915,
