window_size,vehicle,ride,start,scale,scale x,scale y,offset,offset x,offset y,no scale,no scale x,no scale y,only offset,only offset x,only offset y,
20,Vehicle_9,8936336,0,0.00922302889701589,0.004628113884102644,0.007084112618858503,0.010963156755221753,0.00588365483048907,0.008183286296326383,0.00922302889701589,0.004628113884102644,0.007084112618858503,0.010963156755221753,0.00588365483048907,0.008183286296326383,
20,Vehicle_9,8936336,20,0.009218717869121863,0.004333063350689236,0.007392600588307723,0.010116486046153316,0.0051311947714754585,0.007859561978076716,0.009218717869121863,0.004333063350689236,0.007392600588307723,0.010116486046153316,0.0051311947714754585,0.007859561978076716,
20,Vehicle_9,8936336,40,0.012303125734541079,0.006889006661524208,0.008729994031120038,0.01265064381274722,0.00725425922437317,0.008877903772712453,0.012303125734541079,0.006889006661524208,0.008729994031120038,0.01265064381274722,0.00725425922437317,0.008877903772712453,
20,Vehicle_9,8936336,60,0.009827178019283971,0.0049384801560433825,0.007551699489495449,0.01015506606188322,0.0051848776076800175,0.00785824772987728,0.009827178019283971,0.0049384801560433825,0.007551699489495449,0.01015506606188322,0.0051848776076800175,0.00785824772987728,
20,Vehicle_9,8936336,80,0.01101386171377176,0.006139257909861955,0.0078029078283842175,0.011261976386825481,0.0062517596442842,0.008144898995848717,0.01101386171377176,0.006139257909861955,0.0078029078283842175,0.011261976386825481,0.0062517596442842,0.008144898995848717,
20,Vehicle_9,8936336,100,0.009424881743875903,0.00462848908504904,0.007331658463957611,0.01005030582533266,0.005082366646475461,0.007842209882256042,0.009424881743875903,0.00462848908504904,0.007331658463957611,0.01005030582533266,0.005082366646475461,0.007842209882256042,
