window_size,vehicle,ride,start,scale,scale x,scale y,offset,offset x,offset y,no scale,no scale x,no scale y,only offset,only offset x,only offset y,
20,Vehicle_17,9513246,0,0.009625384212029891,0.0048746815520133244,0.007371079108505474,0.010442595284376022,0.005440940807695432,0.007963368639161186,0.001417769611243246,0.0006044862220642125,0.001107466207063616,0.0019883588086034645,0.0010090888165631313,0.0015076557118936253,
20,Vehicle_17,9513246,20,0.010245454460074011,0.0051367821278506575,0.007875029865616374,0.011567484116304818,0.006189716222052838,0.00855128718509635,0.0025615211091133557,0.00108767345905169,0.0021152153039362635,0.002678347451680102,0.0015605967289874826,0.0018537794746839103,
20,Vehicle_17,9513246,40,0.011725697754334232,0.0067381797435288404,0.008074835927672028,0.01189205828257758,0.006917308919324098,0.008190157099640294,0.0011198254429672096,0.0006188256953269603,0.0007339544204087214,0.0013020833333333337,0.0008935530161964496,0.0007686261421725409,
20,Vehicle_17,9513246,60,0.008708022070084745,0.004010894815664008,0.007055253471166701,0.010074213981082738,0.005095093796960158,0.007839859488330886,0.001976689807857889,0.0007575302465643843,0.0017179278010558277,0.0024186734185747366,0.001318707311237005,0.0018013876873060213,
20,Vehicle_17,9513246,80,0.011849713037131124,0.0067135239640457615,0.008373084378599186,0.01206735793034659,0.006809987738996528,0.008631697221438785,0.0005108922358674813,0.00032137072444265405,0.0002729773961963602,0.0010416666666666667,0.0006593536556185027,0.0006593536556185025,
