window_size,vehicle,ride,start,scale,scale x,scale y,offset,offset x,offset y,no scale,no scale x,no scale y,only offset,only offset x,only offset y,
20,Vehicle_17,9513246,0,0.008925899079053274,0.004681144268095055,0.00686513125944405,0.010278471240135355,0.005440940807684844,0.0077992445949308965,0.00027239519737306373,0.00017672148049344168,0.00017674226097320797,0.0009548839267282196,0.0006159683602191969,0.0006159562110793622,
20,Vehicle_17,9513246,20,0.009698729510490113,0.005206635371414054,0.007299370755173513,0.011054602206323714,0.005956478846684484,0.008271642650484844,0.00046104603574372504,0.0002725356025233485,0.0003318301932997807,0.0010415349438624303,0.0007026298725210437,0.0006159457159117261,
20,Vehicle_17,9513246,40,0.010496812258798172,0.006102921367291613,0.007318584713249259,0.011440550919884135,0.006692118292549372,0.007963840363718853,0.00027240203718292355,0.00017672989420980173,0.00017674103571705218,0.0012152804602390183,0.0008501516806021342,0.0007252246046725425,
20,Vehicle_17,9513246,60,0.008560132200517266,0.004317425690606809,0.006753282620176987,0.009745018947532842,0.005031659921408672,0.007574098330332704,0.0002724468247146297,0.00017676112939223024,0.000176768359124952,0.0009548347423382765,0.0006159263717957078,0.0006159490151129081,
20,Vehicle_17,9513246,80,0.011417520724740865,0.006533752257689464,0.008102721307299166,0.01177017541364575,0.006698710648238633,0.008445791795520846,0.0002724466389806016,0.00017676151994612595,0.00017676764625824558,0.0009548571012571837,0.0006159447556185024,0.0006159529902090215,
