window_size,vehicle,ride,start,offset,offset x,offset y,scale,scale x,scale y,no scale,no scale x,no scale y,only offset,only offset x,only offset y,
20,Vehicle_11,8686342,0,0.010661810484656675,0.007994905180877768,0.005647587373677652,0.009677279214020411,0.0075146069692411666,0.004794744020114475,0.009677279214020411,0.0075146069692411666,0.004794744020114475,0.010661810484656675,0.007994905180877768,0.005647587373677652,
20,Vehicle_11,8686342,20,0.01339291598399995,0.008114261188998353,0.008980716816659753,0.012794652941179797,0.007680942930568523,0.008583705584687722,0.012794652941179797,0.007680942930568523,0.008583705584687722,0.01339291598399995,0.008114261188998353,0.008980716816659753,
20,Vehicle_11,8686342,40,0.016887203538495668,0.00943735673231253,0.012107208281810953,0.0163711948057987,0.009061061947846939,0.011752053715413066,0.0163711948057987,0.009061061947846939,0.011752053715413066,0.016887203538495668,0.00943735673231253,0.012107208281810953,
20,Vehicle_11,8686342,60,0.011083882512380318,0.006225555228615318,0.007820539534171198,0.01072350792007679,0.005898548227343279,0.0076140373592838,0.01072350792007679,0.005898548227343279,0.0076140373592838,0.011083882512380318,0.006225555228615318,0.007820539534171198,
