window_size,vehicle,ride,start,scale,scale x,scale y,offset,offset x,offset y,no scale,no scale x,no scale y,only offset,only offset x,only offset y,
20,Vehicle_17,8500643,0,0.009214957062043647,0.004396218166918526,0.007333510535576725,0.010146238063244805,0.0051218809318321935,0.007928613673629596,0.009214957062043647,0.004396218166918526,0.007333510535576725,0.010146238063244805,0.0051218809318321935,0.007928613673629596,
20,Vehicle_17,8500643,20,0.015960523565972586,0.008190338421186123,0.012192074487631164,0.01702103701968464,0.009006083391229372,0.012846330704143006,0.015960523565972586,0.008190338421186123,0.012192074487631164,0.01702103701968464,0.009006083391229372,0.012846330704143006,
20,Vehicle_17,8500643,40,0.009190719371455266,0.0044666981150291215,0.007150781773099571,0.010189425701382027,0.005227912802745144,0.007844841519471029,0.009190719371455266,0.0044666981150291215,0.007150781773099571,0.010189425701382027,0.005227912802745144,0.007844841519471029,
