window_size,vehicle,ride,start,scale,scale x,scale y,offset,offset x,offset y,no scale,no scale x,no scale y,only offset,only offset x,only offset y,
20,Vehicle_17,8500643,0,0.009210966597914339,0.004394452006355727,0.0073312862320101865,0.010153783516526776,0.005121880931832191,0.007936159126911577,5.894031617040153e-05,4.167709724937004e-05,4.1677097249370036e-05,0.00078125,0.0004957602728324638,0.0004957602728324638,
20,Vehicle_17,8500643,20,0.015909414934067913,0.008190338421186128,0.012140965855726533,0.0170709796690315,0.00900608339122936,0.012896273353489847,5.894053860938473e-05,4.1677254537483465e-05,4.167725453748346e-05,0.00126953125,0.0007266755023638125,0.000892128890850304,
20,Vehicle_17,8500643,40,0.009159498462864981,0.004466698115029127,0.007119560864509278,0.010171058670625698,0.005227912802745146,0.007826474488714702,5.8940339971698676e-05,4.167711407942866e-05,4.167711407942865e-05,0.000830078125,0.000544588397832464,0.0004957602728324639,
