window_size,vehicle,ride,start,scale,scale x,scale y,offset,offset x,offset y,no scale,no scale x,no scale y,only offset,only offset x,only offset y,
20,Vehicle_11,8363277,0,0.012160492295735426,0.007547007110783543,0.007756327721877632,0.012075471468234934,0.00749413914435675,0.0076762817886187424,5.89407608001229e-05,4.167741165006099e-05,4.1677411650061295e-05,0.0007324220625910725,0.00047134741829915746,0.0004713451899568431,
20,Vehicle_11,8363277,20,0.011442212235189922,0.006800227587539337,0.007862867616681424,0.011992437826388435,0.007094444531503832,0.008198401569868013,5.8907394319977715e-05,4.1653817985686004e-05,4.165381798568631e-05,0.0008056579797363281,0.0005436641158697306,0.00048085208543090783,
20,Vehicle_11,8363277,40,0.020715013181511095,0.011778369631182317,0.014571617155463186,0.020755163071554707,0.011721116779134863,0.014679430672770112,0.00011777963478937613,8.328277844524261e-05,8.328277844524314e-05,0.001049799683621344,0.000589406861150646,0.0007569002110207193,
20,Vehicle_11,8363277,60,0.008496762715118676,0.0040829759584958426,0.00683512721388656,0.009858051740635695,0.005043801273173116,0.007688521170862474,5.8940760800124195e-05,4.167741165006177e-05,4.167741165006233e-05,0.0007323800906565935,0.00047130238655316534,0.0004713482497683559,
20,Vehicle_11,8363277,80,0.013299558502041975,0.008362660582956174,0.008303808067002372,0.013400865324968795,0.008422661972801447,0.00839913153647043,0.00011776474990722253,8.327225324413455e-05,8.327225324413524e-05,0.00073242279474484,0.00047135423413582,0.00047133910627394774,
20,Vehicle_11,8363277,100,0.0115871749209846,0.0067858990144911676,0.007975496419395855,0.011697609746763349,0.006985193639698352,0.007901881172769925,5.889296173209383e-05,4.164361260492314e-05,4.1643612604923624e-05,0.0007812304833213401,0.0005164465882100194,0.0004900233355456029,
20,Vehicle_11,8363277,120,0.014150465628052758,0.007957864250362316,0.010258023302551806,0.014031201575327145,0.007690670476846736,0.010284879710306402,0.00011781700931003826,8.330920622224621e-05,8.330920622224708e-05,0.0008300512567689331,0.0005570142148646615,0.0005171749122859243,
20,Vehicle_11,8363277,140,0.00852659231913955,0.0041326189485579685,0.006809934077970022,0.010133754907870914,0.00529848819212795,0.007735440668807465,5.8940522694750805e-05,4.167724328413779e-05,4.167724328413801e-05,0.0007568991333928417,0.0004958236784018347,0.0004713460006559349,
