window_size,vehicle,ride,start,scale,scale x,scale y,offset,offset x,offset y,no scale,no scale x,no scale y,only offset,only offset x,only offset y,
20,Vehicle_17,9335706,0,0.008370262471396273,0.004459518541420371,0.006318487901308605,0.010440530051419476,0.005902736154651722,0.007456870826077403,0.0006706962815582288,0.00041070459524522964,0.0004107272358546194,0.0019097778157661112,0.0012959159550090256,0.0011222304771243616,
20,Vehicle_17,9335706,20,0.007797500947625222,0.0038900893457853667,0.006251952663780231,0.00949612052172467,0.005003656839396645,0.007260785836910156,0.0006704926083815383,0.00041054869678950457,0.00041063368663175247,0.0017361002812655954,0.00112223132495271,0.0011222375726801614,
20,Vehicle_17,9335706,40,0.011861365400474484,0.006531096436101934,0.009191709120374876,0.01320605785909819,0.006983809575136349,0.010120547207664114,0.0010060490173217065,0.0004974987227045628,0.000734654651628746,0.001909653761706715,0.0012957871748503023,0.0011222352032236884,
20,Vehicle_17,9335706,60,0.007501739370860682,0.004004594773443905,0.005783944198574032,0.009312356263156655,0.004966159433275673,0.007114518984463187,0.0006706506692946928,0.0004106697761670546,0.00041070619154695505,0.0017360681788889075,0.0011221996512392135,0.00112223714401697,
20,Vehicle_17,9335706,80,0.0072730944359770625,0.0039134091512348,0.005657145021256146,0.00973408003393414,0.005379579604492003,0.007122822584025271,0.0006707527753980883,0.0004107455966599807,0.00041075542498050235,0.0020833472274831948,0.0014694779940001678,0.0011222378498503024,
20,Vehicle_17,9335706,100,0.00777488988325489,0.0042541668976520675,0.0058864382256101095,0.009411350103262188,0.005047673103315595,0.007131999154547115,0.0006707133404069629,0.0004107149980697167,0.0004107377257676317,0.0017361296614583335,0.0011222555234614178,0.0011222427543641914,
