window_size,vehicle,ride,start,scale,scale x,scale y,offset,offset x,offset y,no scale,no scale x,no scale y,only offset,only offset x,only offset y,
20,Vehicle_10,8725430,0,0.013345758877403118,0.00891164949021866,0.008049768444402099,0.012817508648591066,0.008514976364988318,0.007916725344794434,0.0016766941704942748,0.0011453757024247513,0.0009081468837802856,0.0024305555555555556,0.0012958509748503047,0.001643073197072527,
20,Vehicle_10,8725430,20,0.009788436353465312,0.005285234838158067,0.007113963368093881,0.010517640504017406,0.005674999707157746,0.007843828073266468,0.0006707818238118527,0.0004107682992681315,0.0004107682992681315,0.0020833333333333333,0.0012958509748503045,0.0012958509748503047,
20,Vehicle_10,8725430,40,0.01070895474274813,0.005918808439544726,0.007613044657102098,0.01001204699342293,0.005183403899401218,0.007596965248604444,0.0013406742320561445,0.001057834677226273,0.0005841492126913468,0.0020833333333333333,0.0012958509748503047,0.0012958509748503045,
20,Vehicle_10,8725430,60,0.018228998076647723,0.010014032120142236,0.013211512394052258,0.020243650644916424,0.012006315490283779,0.013487697050029722,0.0010061295827287133,0.0004975506498215409,0.0007347013965808104,0.0038194444444444456,0.0024646097956087906,0.002117387573386568,
20,Vehicle_10,8725430,80,0.008844614349602885,0.004069182436086789,0.007155054542800721,0.009982104631694425,0.005183403899401218,0.007567022886875939,0.00033539091190592656,8.68055555555556e-05,0.0003239627437125762,0.0020833333333333337,0.0012958509748503047,0.0012958509748503047,
20,Vehicle_10,8725430,100,0.00979123269492236,0.005201436889457447,0.0072250060740466785,0.010011384887201089,0.0051834038994012215,0.007596303142382597,0.0006702749238793518,0.0004102786715319847,0.00041063710391163905,0.0020833333333333333,0.0012958509748503045,0.0012958509748503045,
20,Vehicle_10,8725430,120,0.01207083513871618,0.007997739599439294,0.00734412619873181,0.012835343902286642,0.008746717721708782,0.007778485012903458,0.0006707818238118526,0.0004107682992681314,0.0004107682992681315,0.0020833333333333333,0.0012958509748503045,0.0012958509748503045,
