window_size,vehicle,ride,start,offset,offset x,offset y,scale,scale x,scale y,no scale,no scale x,no scale y,only offset,only offset x,only offset y,
20,Vehicle_17,8577509,0,0.013746749952032756,0.008410904544363166,0.009119723304904919,0.013896516902053622,0.008592395460542716,0.009128122919683327,0.00011178404974439671,8.162567175776761e-05,5.5281269870064516e-05,0.0007716049382716049,0.0005152219396820781,0.00046086885122507493,
20,Vehicle_17,8577509,20,0.01779636343121598,0.011880861511413989,0.01082537394877544,0.017955681223436333,0.011944551654185943,0.010817739589889972,0.0001490566860807925,9.127841420973681e-05,9.127799761433984e-05,0.0011188271604938272,0.000601426863713167,0.0008236462487937788,
20,Vehicle_17,8577509,40,0.0212452371763667,0.012084852375824765,0.015059032870878385,0.021222622990824645,0.012052704236937847,0.015037122913345493,0.00011178809159462237,5.528220787957918e-05,8.162968398358776e-05,0.0011574074074074073,0.0006681607496839871,0.0008112654512799623,
20,Vehicle_17,8577509,60,0.013114409287249976,0.006925221548291351,0.009906385843653321,0.011974045405626188,0.006218967230736566,0.009000697516615978,0.00014905055595911378,9.127191220480682e-05,9.127699178418281e-05,0.0007330246913580245,0.0004789683663492883,0.00044767362964615265,
