window_size,vehicle,ride,start,offset,offset x,offset y,scale,scale x,scale y,no scale,no scale x,no scale y,only offset,only offset x,only offset y,
20,Vehicle_17,8577509,0,0.013724796729997053,0.00840120799203162,0.009107466635200737,0.013918503312015636,0.008590432479761377,0.009152072310426668,0.013918503312015636,0.008590432479761377,0.009152072310426668,0.013724796729997053,0.00840120799203162,0.009107466635200737,
20,Vehicle_17,8577509,20,0.017795175467755796,0.01187967354795378,0.010825373948775441,0.01793300509512794,0.011921875525877586,0.010817739589889984,0.01793300509512794,0.011921875525877586,0.010817739589889984,0.017795175467755796,0.01187967354795378,0.010825373948775441,
20,Vehicle_17,8577509,40,0.021226441431263822,0.012063435993550723,0.015061653508049526,0.02121691287584486,0.012032332729363318,0.015051784305940261,0.02121691287584486,0.012032332729363318,0.015051784305940261,0.021226441431263822,0.012063435993550723,0.015061653508049526,
20,Vehicle_17,8577509,60,0.013114409287249955,0.006925221548291354,0.009906385843653316,0.01198073383237034,0.006218967230736569,0.009007385943360134,0.01198073383237034,0.006218967230736569,0.009007385943360134,0.013114409287249955,0.006925221548291354,0.009906385843653316,
