window_size,vehicle,ride,start,scale,scale x,scale y,offset,offset x,offset y,no scale,no scale x,no scale y,only offset,only offset x,only offset y,
20,Vehicle_4,9484077,0,0.009041045238877098,0.006272126870943513,0.006430083603190318,0.009487755353542628,0.006253353101779367,0.006895567487365442,0.0,0.0,0.0,0.0031218964820659,0.0015605457652777765,0.0015613507167886675,
20,Vehicle_4,9484077,20,0.004427137908504238,0.003125,0.003132720526088316,0.011176346809385238,0.008442044266740655,0.0045648851602557395,0.0,0.0,0.0,0.0046891969321301245,0.003126797476298737,0.0015623994558314092,
20,Vehicle_4,9484077,40,0.007544417382415923,0.0031250000004597197,0.00625,0.0109407207575341,0.007951168800171536,0.004820134575521292,0.0,0.0,0.0,0.0046876771454059775,0.003125164332905994,0.0015625128124999942,
20,Vehicle_4,9484077,60,0.0044235202859933525,0.003125,0.0031291029035774307,0.006657841652796012,0.0033029860704059453,0.005185438200020012,0.0,0.0,0.0,0.0031208209562720857,0.0015594263790761342,0.0015613945771959514,
