window_size,vehicle,ride,start,scale,scale x,scale y,offset,offset x,offset y,no scale,no scale x,no scale y,only offset,only offset x,only offset y,
20,Vehicle_4,9484077,0,0.004656337143152001,0.003289473684210526,0.0032937925300826312,0.009062083349888842,0.006578947368421052,0.004410065052608947,0.0,0.0,0.0,0.006578947368421052,0.003289473684210526,0.003289473684210526,
20,Vehicle_4,9484077,20,0.004656337143152001,0.003289473684210526,0.0032937925300826312,0.009062083349888842,0.006578947368421052,0.004410065052608947,0.0,0.0,0.0,0.006578947368421052,0.003289473684210526,0.003289473684210526,
20,Vehicle_4,9484077,40,0.004656337143152001,0.003289473684210526,0.0032937925300826312,0.009062083349888842,0.006578947368421052,0.004410065052608947,0.0,0.0,0.0,0.006578947368421052,0.003289473684210526,0.003289473684210526,
20,Vehicle_4,9484077,60,0.004656337143152001,0.003289473684210526,0.0032937925300826312,0.009062083349888842,0.006578947368421052,0.004410065052608947,0.0,0.0,0.0,0.006578947368421052,0.003289473684210526,0.003289473684210526,
