window_size,vehicle,ride,start,scale,scale x,scale y,offset,offset x,offset y,no scale,no scale x,no scale y,only offset,only offset x,only offset y,
20,Vehicle_4,9389871,0,0.01067514296402747,0.007794809283249137,0.005707390836639237,0.011819680685538316,0.008536003420888326,0.006574282271759162,5.893472736856768e-05,4.167314536969463e-05,4.167314536969462e-05,0.000927734375,0.0005148120620918513,0.0006403682103718418,
20,Vehicle_4,9389871,20,0.009603764310343212,0.007273754915902917,0.004944542038968045,0.010375266314148717,0.007970281905867153,0.0053611373868805365,5.8929807184380294e-05,4.166966627409104e-05,4.166966627409103e-05,0.00078125,0.0004957602728324638,0.0004957602728324639,
