window_size,vehicle,ride,start,scale,scale x,scale y,offset,offset x,offset y,no scale,no scale x,no scale y,only offset,only offset x,only offset y,
20,Vehicle_17,9079303,0,0.00904207882646825,0.004269675133903827,0.007198932500315657,0.010045608174651485,0.00518340389940122,0.007630526429832992,0.003320108619864056,0.0014519050786467392,0.0026814532547000127,0.0034248969809570384,0.001643073197072527,0.002591701949700609,
20,Vehicle_17,9079303,20,0.009214534390659054,0.004373743995034866,0.007316374336409022,0.010037677386225305,0.005183403899401219,0.007622595641406812,0.006105328509527231,0.002846149032607827,0.004871746140857766,0.005218000272441617,0.00259170194970061,0.003991870346189563,
20,Vehicle_17,9079303,40,0.010530386975846242,0.005650106390993529,0.007693390610796428,0.01108875671967287,0.006030865225575035,0.008196840677053627,0.00106359215072553,0.0004347148909895455,0.0008111017628598353,0.0027777777777777775,0.001897257505256165,0.0016430731970725266,
20,Vehicle_17,9079303,60,0.009288596310737241,0.004594941421520765,0.007145034907462774,0.010009355940725778,0.005183403899401218,0.007594274195907291,0.004477029907283831,0.0024411870979449187,0.0031834010644027954,0.004766460628580746,0.0025917019497006095,0.003540330702328692,
20,Vehicle_17,9079303,80,0.008716292747852435,0.00395851470059473,0.00711176901623,0.0100427862549937,0.005183403899401216,0.007627704510175203,0.004606715528836333,0.0018663202269681974,0.0039011840328470296,0.005221151487003005,0.002591701949700609,0.003995021560750951,
