window_size,vehicle,ride,start,scale,scale x,scale y,offset,offset x,offset y,no scale,no scale x,no scale y,only offset,only offset x,only offset y,
20,Vehicle_17,9079303,0,0.009042078826468248,0.004269675133903827,0.007198932500315657,0.010045608174651489,0.005183403899401216,0.007630526429832994,0.009042078826468248,0.004269675133903827,0.007198932500315657,0.010045608174651489,0.005183403899401216,0.007630526429832994,
20,Vehicle_17,9079303,20,0.009214534390659057,0.004373743995034866,0.007316374336409023,0.010037677386225307,0.005183403899401219,0.0076225956414068125,0.009214534390659057,0.004373743995034866,0.007316374336409023,0.010037677386225307,0.005183403899401219,0.0076225956414068125,
20,Vehicle_17,9079303,40,0.010408617994453388,0.005528337409600676,0.007693390610796426,0.010693656248874141,0.005839348858938433,0.007993256572891497,0.010408617994453388,0.005528337409600676,0.007693390610796426,0.010693656248874141,0.005839348858938433,0.007993256572891497,
20,Vehicle_17,9079303,60,0.00928859631073724,0.004594941421520764,0.007145034907462774,0.01000935594072578,0.005183403899401219,0.007594274195907287,0.00928859631073724,0.004594941421520764,0.007145034907462774,0.01000935594072578,0.005183403899401219,0.007594274195907287,
20,Vehicle_17,9079303,80,0.008716292747852437,0.003958514700594729,0.007111769016230002,0.010042786254993698,0.005183403899401219,0.007627704510175204,0.008716292747852437,0.003958514700594729,0.007111769016230002,0.010042786254993698,0.005183403899401219,0.007627704510175204,
