window_size,vehicle,ride,start,offset,offset x,offset y,scale,scale x,scale y,no scale,no scale x,no scale y,only offset,only offset x,only offset y,
20,Vehicle_2,9574020,0,0.013486299274423753,0.007230641238492127,0.009507133561199909,0.012381798670370205,0.008459570677492333,0.007507094316040651,0.0018859953949324222,0.0013336001330433167,0.0013336001330433165,0.003125,0.0018861043456039803,0.0018861043456039803,
20,Vehicle_2,9574020,20,0.010126762303560181,0.007407842823051032,0.005334708691207961,0.00952136908138389,0.007237722087462557,0.004865702525194073,0.0009430521728019898,0.0006668385864009948,0.0006668385864009947,0.003125,0.0018861043456039808,0.0018861043456039803,
20,Vehicle_2,9574020,40,0.013239460342235967,0.008439111137072774,0.008270061338306203,0.011491118050601296,0.007804725798907455,0.006732164766717223,0.0009430521728019902,0.0006668385864009951,0.000666838586400995,0.004687499999999999,0.002990958691207961,0.002990958691207961,
20,Vehicle_2,9574020,60,0.01724822607505107,0.010294137612196837,0.011777960509353572,0.015477389001662512,0.009956318119998699,0.009224914949926772,0.0,0.0,0.0,0.0046875,0.00321978151840597,0.002438531518405971,
20,Vehicle_2,9574020,80,0.010200520876680746,0.005188863313899009,0.007947923169143334,0.011071230996817753,0.0063243755686160355,0.007815565573453738,0.0009430299841770359,0.0006668228966738248,0.0006668228966738247,0.0031249999999999997,0.0018861043456039803,0.0018861043456039803,
20,Vehicle_2,9574020,100,0.009744462881300731,0.00702554340079158,0.005334708691207962,0.009583793067955725,0.007290151505273627,0.004915948615431837,0.0009430521728019902,0.0006668385864009951,0.000666838586400995,0.003125,0.0018861043456039803,0.0018861043456039803,
20,Vehicle_2,9574020,120,0.011022410195642334,0.0074853045593392805,0.006595437423056958,0.011248837027979307,0.007499075899632187,0.006736257972658063,0.000943021593320759,0.0006668169634424513,0.0006668169634424512,0.003125,0.0018861043456039803,0.0018861043456039803,
20,Vehicle_2,9574020,140,0.014848957157947344,0.008743115505418243,0.009773843782779961,0.020087756464176307,0.012353229185713431,0.013575125913352295,0.0009430494943672166,0.0006668366924616037,0.0006668366924616035,0.003125,0.0018861043456039803,0.0018861043456039808,
