window_size,vehicle,ride,start,scale,scale x,scale y,offset,offset x,offset y,no scale,no scale x,no scale y,only offset,only offset x,only offset y,
20,Vehicle_2,9574020,0,0.02184041973198726,0.01300339914285621,0.014985019152172527,0.015630481218891896,0.00920327947938758,0.010288256613452527,0.0009921226166812631,0.0007015366300238947,0.0007015366300238947,0.003289473684210526,0.001985372995372526,0.001985372995372526,
20,Vehicle_2,9574020,20,0.02184041973198726,0.01300339914285621,0.014985019152172527,0.015630481218891896,0.00920327947938758,0.010288256613452527,0.0009921226166812631,0.0007015366300238947,0.0007015366300238947,0.003289473684210526,0.001985372995372526,0.001985372995372526,
20,Vehicle_2,9574020,40,0.02184041973198726,0.01300339914285621,0.014985019152172527,0.015630481218891896,0.00920327947938758,0.010288256613452527,0.0009921226166812631,0.0007015366300238947,0.0007015366300238947,0.003289473684210526,0.001985372995372526,0.001985372995372526,
20,Vehicle_2,9574020,60,0.02184041973198726,0.01300339914285621,0.014985019152172527,0.015630481218891896,0.00920327947938758,0.010288256613452527,0.0009921226166812631,0.0007015366300238947,0.0007015366300238947,0.003289473684210526,0.001985372995372526,0.001985372995372526,
20,Vehicle_2,9574020,80,0.02184041973198726,0.01300339914285621,0.014985019152172527,0.015630481218891896,0.00920327947938758,0.010288256613452527,0.0009921226166812631,0.0007015366300238947,0.0007015366300238947,0.003289473684210526,0.001985372995372526,0.001985372995372526,
20,Vehicle_2,9574020,100,0.02184041973198726,0.01300339914285621,0.014985019152172527,0.015630481218891896,0.00920327947938758,0.010288256613452527,0.0009921226166812631,0.0007015366300238947,0.0007015366300238947,0.003289473684210526,0.001985372995372526,0.001985372995372526,
20,Vehicle_2,9574020,120,0.02184041973198726,0.01300339914285621,0.014985019152172527,0.015630481218891896,0.00920327947938758,0.010288256613452527,0.0009921226166812631,0.0007015366300238947,0.0007015366300238947,0.003289473684210526,0.001985372995372526,0.001985372995372526,
20,Vehicle_2,9574020,140,0.02184041973198726,0.01300339914285621,0.014985019152172527,0.015630481218891896,0.00920327947938758,0.010288256613452527,0.0009921226166812631,0.0007015366300238947,0.0007015366300238947,0.003289473684210526,0.001985372995372526,0.001985372995372526,
