window_size,vehicle,ride,start,offset,offset x,offset y,scale,scale x,scale y,no scale,no scale x,no scale y,only offset,only offset x,only offset y,
20,Vehicle_2,9574020,0,0.012782331782881282,0.007799671822335143,0.008234135486847965,0.012591026808508855,0.00848076996907595,0.00769512316286643,0.0009429738593968359,0.0006667832104611304,0.0006667832104611749,0.0023438009510416873,0.0014955010903956567,0.0014955085518540078,
20,Vehicle_2,9574020,20,0.009205246358897832,0.006726355437531423,0.00509468013204502,0.008769587991982325,0.006647686534792117,0.004746887194070849,0.0009430501840641833,0.0006668371801510031,0.0006668371801510087,0.002343772341661028,0.001495453240389999,0.0014955277924790012,
20,Vehicle_2,9574020,40,0.0116686352216053,0.00789807222744319,0.007240275127383979,0.01057499844257774,0.007511373861748701,0.006006756723877142,0.0,0.0,0.0,0.0039062498265804795,0.00260033428287465,0.002600332926121762,
20,Vehicle_2,9574020,60,0.016372658984069248,0.010273595608041187,0.010922935422350415,0.015411402335023541,0.010265538971686769,0.00954116300451145,0.0009430432186780819,0.0006668322548792682,0.0006668322548792516,0.0035156766060951937,0.002438601782789207,0.0020478878601179473,
20,Vehicle_2,9574020,80,0.01031542560212791,0.005709376895835553,0.007542314312678063,0.009211754190318031,0.005864007438940594,0.006416456896630105,0.0009430299841770393,0.0006668228966738243,0.0006668228966738299,0.0023437863482424952,0.0014955565377681834,0.001495438501682278,
20,Vehicle_2,9574020,100,0.009162623056138287,0.00679067697071084,0.004987735296226945,0.007792598806534305,0.006011834732585027,0.004012446126731901,0.0,0.0,0.0,0.0023437539474418247,0.00149546736020999,0.0014954952784398067,
20,Vehicle_2,9574020,120,0.010649091898473722,0.007111986262276801,0.006595437423307306,0.010095521340985649,0.006941773989601403,0.006140244195235344,0.0009430215933207631,0.0006668169634424514,0.000666816963442457,0.002343827486979179,0.001495494345603987,0.001495541832583175,
20,Vehicle_2,9574020,140,0.013520792157938074,0.00829394395029568,0.008894850338625243,0.015440902449732619,0.009450769612813903,0.010443168857749388,0.0009430200347328311,0.000666815861354364,0.0006668158613543529,0.0023437510435268052,0.0014954676268539968,0.0014954921078807804,
