window_size,vehicle,ride,start,scale,scale x,scale y,offset,offset x,offset y,no scale,no scale x,no scale y,only offset,only offset x,only offset y,
20,Vehicle_6,8585059,0,0.00975711252506725,0.005032764411047237,0.007237066544606746,0.009985380162476002,0.005131668431462535,0.007675864825971713,0.0008977360001633887,0.00038910046952807617,0.0007734415191910487,0.0015625,0.0009819022445558298,0.0009819022445558298,
20,Vehicle_6,8585059,20,0.008937731073535996,0.004291277776827668,0.007034450354926401,0.012339808532748747,0.006970934966517188,0.008810597337223922,0.0016271902081294548,0.0006268094154091343,0.0013359040928815431,0.003102482750472536,0.0015967558182072503,0.002109175408136662,
20,Vehicle_6,8585059,40,0.008914000734515246,0.004310266124590925,0.007021715986598754,0.010074228828458119,0.005131668431462535,0.0077647134919538304,0.0013178685329777666,0.00036190989163851063,0.001237262575522996,0.0027118577504725355,0.0013442376114077472,0.0020519697013371588,
