window_size,vehicle,ride,start,offset,offset x,offset y,scale,scale x,scale y,no scale,no scale x,no scale y,only offset,only offset x,only offset y,
20,Vehicle_12,8575983,0,0.010017672536300322,0.007229029780879604,0.005653724233446706,0.011418790491160005,0.007886381265778451,0.006892423346154084,0.0018860065411871615,0.0013336080146356204,0.0013336080146356343,0.002343742105978268,0.0014954891502914792,0.0014954616468947524,
20,Vehicle_12,8575983,20,0.011124115213915571,0.007717172320658494,0.00623447142329607,0.009806607631525096,0.0068889576198545585,0.005554412812989356,0.0,0.0,0.0,0.0023437528665865453,0.001495452320363594,0.0014955092374309142,
20,Vehicle_12,8575983,40,0.012284710799982536,0.007966996031958903,0.007820316375849793,0.014642380317068208,0.009463592817613633,0.009370173254336409,0.0,0.0,0.0,0.002734486009004538,0.0014955031971940868,0.001886191503018414,
20,Vehicle_12,8575983,60,0.010683200448307643,0.007187772456385389,0.0063388811485585545,0.011830107611532905,0.008081504309370893,0.007226395742345728,0.0018858787917990151,0.0013335176821769768,0.0013335176821769768,0.002343783771509516,0.0014954647116271146,0.0014955277510903641,
20,Vehicle_12,8575983,80,0.010122437185365598,0.007161589428225533,0.005827362653161342,0.010849833242528311,0.007357569854531012,0.0065386605390976744,0.0009430521728019796,0.0006668385864009891,0.0006668385864009863,0.002343799657291672,0.0014954345237289779,0.0014955738247706574,
20,Vehicle_12,8575983,100,0.008743945027018677,0.006694183155217929,0.004665551082509562,0.011405989975570349,0.007849622753114528,0.00693427754540406,0.0018859095821038944,0.0013335394542103446,0.0013335394542103585,0.0023435780013870886,0.001495435471991055,0.001495351220604002,
20,Vehicle_12,8575983,120,0.025402208994707156,0.017638868762807014,0.015402091293472055,0.024042765857272035,0.01565961422806332,0.015151484303828228,0.0018860822485170698,0.001333661547801987,0.0013336615478019953,0.006640625375000009,0.00448643761181193,0.004095813836811968,
20,Vehicle_12,8575983,140,0.01095146919683865,0.008123867703225006,0.005985138388051236,0.011432454455377111,0.00869460331916593,0.006068311113123462,0.0,0.0,0.0,0.0023437425819644803,0.0014954900200163713,0.0014954612531560773,
