window_size,vehicle,ride,start,scale,scale x,scale y,offset,offset x,offset y,no scale,no scale x,no scale y,only offset,only offset x,only offset y,
20,Vehicle_12,8575983,0,0.012856917594022526,0.009435098673837999,0.006927566264300421,0.012106801881541474,0.008581489463837475,0.006849035464429368,0.0009926864976862106,0.0007019353541062105,0.0007019353541062105,0.003289473684210526,0.001985372995372526,0.001985372995372526,
20,Vehicle_12,8575983,20,0.012856917594022526,0.009435098673837999,0.006927566264300421,0.012106801881541474,0.008581489463837475,0.006849035464429368,0.0009926864976862106,0.0007019353541062105,0.0007019353541062105,0.003289473684210526,0.001985372995372526,0.001985372995372526,
20,Vehicle_12,8575983,40,0.012856917594022526,0.009435098673837999,0.006927566264300421,0.012106801881541474,0.008581489463837475,0.006849035464429368,0.0009926864976862106,0.0007019353541062105,0.0007019353541062105,0.003289473684210526,0.001985372995372526,0.001985372995372526,
20,Vehicle_12,8575983,60,0.012856917594022526,0.009435098673837999,0.006927566264300421,0.012106801881541474,0.008581489463837475,0.006849035464429368,0.0009926864976862106,0.0007019353541062105,0.0007019353541062105,0.003289473684210526,0.001985372995372526,0.001985372995372526,
20,Vehicle_12,8575983,80,0.012856917594022526,0.009435098673837999,0.006927566264300421,0.012106801881541474,0.008581489463837475,0.006849035464429368,0.0009926864976862106,0.0007019353541062105,0.0007019353541062105,0.003289473684210526,0.001985372995372526,0.001985372995372526,
20,Vehicle_12,8575983,100,0.012856917594022526,0.009435098673837999,0.006927566264300421,0.012106801881541474,0.008581489463837475,0.006849035464429368,0.0009926864976862106,0.0007019353541062105,0.0007019353541062105,0.003289473684210526,0.001985372995372526,0.001985372995372526,
20,Vehicle_12,8575983,120,0.012856917594022526,0.009435098673837999,0.006927566264300421,0.012106801881541474,0.008581489463837475,0.006849035464429368,0.0009926864976862106,0.0007019353541062105,0.0007019353541062105,0.003289473684210526,0.001985372995372526,0.001985372995372526,
20,Vehicle_12,8575983,140,0.012856917594022526,0.009435098673837999,0.006927566264300421,0.012106801881541474,0.008581489463837475,0.006849035464429368,0.0009926864976862106,0.0007019353541062105,0.0007019353541062105,0.003289473684210526,0.001985372995372526,0.001985372995372526,
