window_size,vehicle,ride,start,scale,scale x,scale y,offset,offset x,offset y,no scale,no scale x,no scale y,only offset,only offset x,only offset y,
20,Vehicle_4,9530337,0,0.011880488219078543,0.007807275766383375,0.007162487930027834,0.012239956847858342,0.008193266527334316,0.0073090264935169475,0.0013413842470145559,0.0005843329780848908,0.0010585204990116552,0.002083333333333333,0.0012958509748503045,0.0012958509748503047,
20,Vehicle_4,9530337,20,0.012851571215790477,0.008279601294975273,0.007669907202926311,0.0141595559430763,0.008759619161010444,0.008961164936911941,0.0013414960193253067,0.0008214922865660718,0.0008214980830948296,0.0024305555555555556,0.0014694620859614159,0.0015965542400532347,
