window_size,vehicle,ride,start,scale,scale x,scale y,offset,offset x,offset y,no scale,no scale x,no scale y,only offset,only offset x,only offset y,
20,Vehicle_4,9530337,0,0.011988201661786949,0.007913045521783676,0.007164431617335934,0.012326645268332933,0.008193266527334318,0.007395714913991538,0.0020520729370967074,0.0010184415413836171,0.0013908941143330556,0.0020833333333333333,0.0012958509748503047,0.0012958509748503045,
20,Vehicle_4,9530337,20,0.013212720422405096,0.00846958659334234,0.007841071111173862,0.014372903421098497,0.008972966639032642,0.008961164936911941,0.001951649864398781,0.0011955564601559407,0.0010882769866540905,0.0024305555555555556,0.0014694620859614159,0.0015965542400532347,
