window_size,vehicle,ride,start,offset,offset x,offset y,scale,scale x,scale y,no scale,no scale x,no scale y,only offset,only offset x,only offset y,
20,Vehicle_10,8994547,0,0.01231036965312515,0.007416047268776942,0.00812861185082142,0.012152115235577183,0.007180680454888634,0.008154115497616856,0.00221055367587469,0.0012173489642934188,0.00150466499258551,0.002509678263821665,0.0015322196510836029,0.0016426006590223156,
20,Vehicle_10,8994547,20,0.017890704559970598,0.011147075398350383,0.011143209763135365,0.017809516472810802,0.011070595513738065,0.011130637209730959,0.0029029616439780596,0.0017868317070930415,0.0016973981052547896,0.003915211071269638,0.0024897428898476444,0.0024719651645253075,
20,Vehicle_10,8994547,40,0.012661531951297121,0.007833742063525424,0.007937568675826732,0.012671571951280667,0.00785945108205207,0.007926063040285144,0.002962385741119611,0.0018135730385943577,0.0017988184940148657,0.0036980612665055406,0.002350585422064619,0.002328529680293314,
