window_size,vehicle,ride,start,scale,scale x,scale y,offset,offset x,offset y,no scale,no scale x,no scale y,only offset,only offset x,only offset y,
20,Vehicle_4,9070901,0,0.014093896439716487,0.008695391278081837,0.009194778563503168,0.014461142947894304,0.008886210084203367,0.009569606639799933,0.0019109640332402745,0.001276728038332266,0.0010720671159781653,0.0024146472332685805,0.0014600796631427037,0.0016299237726491024,
20,Vehicle_4,9070901,20,0.025547057141091727,0.01705842786912154,0.01550672411347516,0.026386420695989104,0.01747552530699731,0.01618770996756016,0.005065443197517587,0.0034427874617518075,0.0028415220268069048,0.005392477126152637,0.0035172854865060475,0.0033624848860817295,
