window_size,vehicle,ride,start,scale,scale x,scale y,offset,offset x,offset y,no scale,no scale x,no scale y,only offset,only offset x,only offset y,
20,Vehicle_9,8936382,0,0.010168094639391296,0.005357483085100959,0.007544438523837119,0.010963040792190138,0.005961605272445734,0.007956188368602289,0.0003770627014743215,0.00019123965522815667,0.00026022281496324115,0.0010204081632653062,0.000690376358375855,0.0005944060805409685,
20,Vehicle_9,8936382,20,0.009215268985032924,0.004550023478531439,0.007135223985908742,0.011102366249142535,0.005969544710135028,0.008251956449710291,0.0006922007453412383,0.00030643404373405974,0.0005558057168326051,0.0009566326530612247,0.0006297988185567448,0.000566023308352663,
20,Vehicle_9,8936382,40,0.010019885323462523,0.005127809422100326,0.0076455995049104445,0.011180922508013514,0.006039776651779801,0.008275645196734429,0.0009414123533080876,0.00039696037328863353,0.0007560369913613547,0.0016533511810407468,0.0008351907853528818,0.001254146460089228,
20,Vehicle_9,8936382,60,0.010129446559476861,0.007304891857623556,0.005453111336517694,0.011959182148196686,0.008354249844093505,0.006883192380642714,0.00044450362739536435,0.0003728705521764565,0.00017797815705703683,0.0010204081632653062,0.0005944060805409683,0.000690376358375855,
20,Vehicle_9,8936382,80,0.020473504878862295,0.013182984461530281,0.012894787370119072,0.020784189333736065,0.01341045234358301,0.013131978485034074,0.0,0.0,0.0,0.0014030612244897958,0.001018656472100914,0.0007690385348656699,
20,Vehicle_9,8936382,100,0.009145255315651484,0.004506249766416472,0.007141329514872112,0.010092665144562068,0.005093419739361374,0.007873209483358106,0.0015689905111823488,0.0005639503379788307,0.0013644765215813787,0.0022823043001789322,0.001127243012061496,0.001764115839422109,
20,Vehicle_9,8936382,120,0.016651473854063913,0.009418101122163932,0.011729885232887935,0.01747371688922664,0.009948061024039067,0.012408267100579096,0.0010694543660933785,0.0005630488253130741,0.000773145374792961,0.001211734693877551,0.0008428427351972243,0.0007150837685509344,
