window_size,vehicle,ride,start,scale,scale x,scale y,offset,offset x,offset y,no scale,no scale x,no scale y,only offset,only offset x,only offset y,
20,Vehicle_9,8936382,0,0.010146214837220538,0.005281097405101891,0.007598944401665436,0.01096018606364249,0.005961605272445737,0.007953333640054643,0.010146214837220538,0.005281097405101891,0.007598944401665436,0.01096018606364249,0.005961605272445737,0.007953333640054643,
20,Vehicle_9,8936382,20,0.009261170768641715,0.004550023478531442,0.007181125769517544,0.011075118736892852,0.00596500843701333,0.008229245210582287,0.009261170768641715,0.004550023478531442,0.007181125769517544,0.011075118736892852,0.00596500843701333,0.008229245210582287,
20,Vehicle_9,8936382,40,0.00997551711331776,0.005127809422100325,0.007601231294765689,0.011162430322741706,0.006039498235245819,0.008257431427996596,0.00997551711331776,0.005127809422100325,0.007601231294765689,0.011162430322741706,0.006039498235245819,0.008257431427996596,
20,Vehicle_9,8936382,60,0.010111627898454156,0.007285150828355308,0.005455033704763237,0.011975409096007892,0.008370476791904722,0.006883192380642723,0.010111627898454156,0.007285150828355308,0.005455033704763237,0.011975409096007892,0.008370476791904722,0.006883192380642723,
20,Vehicle_9,8936382,80,0.02064206101286868,0.013270424868654492,0.01297590309700125,0.020922033146453994,0.013510642448014996,0.013169632193320012,0.02064206101286868,0.013270424868654492,0.01297590309700125,0.020922033146453994,0.013510642448014996,0.013169632193320012,
20,Vehicle_9,8936382,100,0.009197579958194558,0.004506249766416476,0.007193654157415184,0.010077604883023344,0.005093419739361368,0.007858149221819386,0.009197579958194558,0.004506249766416476,0.007193654157415184,0.010077604883023344,0.005093419739361368,0.007858149221819386,
20,Vehicle_9,8936382,120,0.01655428038205095,0.009351307088943571,0.011699485794095292,0.017373653197049373,0.00983834035643297,0.01241792407600794,0.01655428038205095,0.009351307088943571,0.011699485794095292,0.017373653197049373,0.00983834035643297,0.01241792407600794,
