subdir,file,cluster,size,all_feats_scaled_to_max_max_x,all_feats_scaled_to_max_max_y,all_feats_scaled_to_max_surf_trapz_x,all_feats_scaled_to_max_surf_trapz_y,all_feats_scaled_to_max_surf_simpson_x,all_feats_scaled_to_max_surf_simpson_y,all_feats_scaled_to_max_duration,all_feats_scaled_to_max_len,all_feats_scaled_to_max_offset,all_feats_scaled_to_max_mean_speed_len,all_feats_scaled_to_max_mean_speed_offset,all_feats_scaled_to_max_len_vs_offset,all_feats_scaled_to_max_total_surf,all_feats_scaled_to_max_monotonous,all_feats_scaled_to_max_key,all_feats_scaled_to_max_flip,all_feats_scaled_to_max_zone,all_feats_scaled_to_max_engine,all_feats_scaled_to_max_in_zone,all_feats_scaled_to_max_ignition,all_feats_scaled_to_max_sleep_mode,all_feats_scaled_to_max_staff_mode,all_feats_scaled_to_max_buzzer_active,all_feats_scaled_to_max_in_primary_zone,all_feats_scaled_to_max_in_restricted_zone,all_feats_scaled_to_max_onboard_geofencing,all_feats_scaled_to_max_speed_limit_active
no_rays_flags_no_same_no_xy,filenames_in_cluster_test KMeans test nclus 4,0,50,0.2350000000006957,0.0726600000000132,1.996151853923115,0.7134539546977945,2.00127245929239,0.714738256381194,21.213000059127808,0.2355247966984803,0.2353592997957026,0.0124254707278537,0.0124167396857306,2.4988236282409115,0.000617062400003,3.0,1.0,0.0,0.0,1.0,0.0,1.0,0.0,0.0,1.0,0.0,0.0,0.0,1.0
no_rays_flags_no_same_no_xy,filenames_in_cluster_test KMeans test nclus 4,1,391,0.6429999999994607,0.5146600000003332,6.072385918047109,4.926373281712388,6.049576639160247,7.703080611874674,22.003000020980835,0.6454847822991817,0.6451527536942803,0.033903292249341,0.0338858528562898,3.9373328585941736,0.0286269188000469,3.0,0.0,0.0,0.0,1.0,1.0,1.0,0.0,1.0,1.0,1.0,0.0,0.0,1.0
no_rays_flags_no_same_no_xy,filenames_in_cluster_test KMeans test nclus 4,3,46,0.0679999999988467,0.1576599999999928,0.4936537196138661,1.943699228776561,0.4956207807308573,1.945243354139256,21.198999881744385,0.2921826546787054,0.0806974894280491,0.0152178465600553,0.0042940184910211,301.3439792569202,0.0039424744001159,0.0,0.0,0.0,0.0,1.0,1.0,1.0,0.0,1.0,0.0,1.0,0.0,0.0,1.0
no_rays_flags_no_same_no_xy,filenames_in_cluster_test KMeans test nclus 4,2,119,0.3350000000011732,0.2113399999998932,2.992790167959645,1.357522224666302,2.9958608084832417,1.362311134449545,21.19099998474121,0.3476297733962371,0.3403307215059629,0.0173875742942835,0.0170224939221966,3.3347721529189167,0.0056281343999513,3.0,1.0,0.0,0.0,1.0,1.0,1.0,0.0,1.0,1.0,1.0,0.0,0.0,1.0
