subdir,file,cluster,size,all_feats_scaled_to_max_max_x,all_feats_scaled_to_max_max_y,all_feats_scaled_to_max_surf_trapz_x,all_feats_scaled_to_max_surf_trapz_y,all_feats_scaled_to_max_surf_simpson_x,all_feats_scaled_to_max_surf_simpson_y,all_feats_scaled_to_max_duration,all_feats_scaled_to_max_len,all_feats_scaled_to_max_offset,all_feats_scaled_to_max_mean_speed_len,all_feats_scaled_to_max_mean_speed_offset,all_feats_scaled_to_max_len_vs_offset,all_feats_scaled_to_max_total_surf,all_feats_scaled_to_max_monotonous,all_feats_scaled_to_max_key,all_feats_scaled_to_max_flip,all_feats_scaled_to_max_zone,all_feats_scaled_to_max_engine,all_feats_scaled_to_max_in_zone,all_feats_scaled_to_max_ignition,all_feats_scaled_to_max_sleep_mode,all_feats_scaled_to_max_staff_mode,all_feats_scaled_to_max_buzzer_active,all_feats_scaled_to_max_in_primary_zone,all_feats_scaled_to_max_in_restricted_zone,all_feats_scaled_to_max_onboard_geofencing,all_feats_scaled_to_max_speed_limit_active
no_rays_flags_no_same_no_xy,filenames_in_cluster_test KMeans test nclus 3,1,87,0.2204751283872181,0.14867261492542483,0.22634418798849745,0.22418281970518752,0.22686348504503576,0.2234483442240648,0.23380551250952775,0.22768289780835035,0.22016505817438478,0.22297191988206755,0.21553405331541678,0.10784511830663217,0.11986761468157463,0.16744653933649165,0.2094352546929724,nan,nan,nan,0.49438650960015107,nan,nan,0.49036158638394345,0.40508069394726653,0.2327408819691561,nan,nan,0.47140452079103157
no_rays_flags_no_same_no_xy,filenames_in_cluster_test KMeans test nclus 3,0,425,0.1313027341747584,0.2235527516959434,0.14618896032219134,0.23779230689639635,0.1475694344991182,0.15692469598396847,0.1522389274749339,0.18046617545481303,0.17613926220367093,0.17818671905404887,0.17388134094593521,0.14398981433960845,0.11526586710310852,0.37728343620432203,nan,nan,nan,nan,nan,nan,nan,0.2984249310067219,0.19595917942265428,0.06843783328117169,nan,nan,0.40175394008485144
no_rays_flags_no_same_no_xy,filenames_in_cluster_test KMeans test nclus 3,2,94,0.18329287461158628,0.22101171495976846,0.1920413328067554,0.19582360438249702,0.19191086497511012,0.19619306043634188,0.22757077870090137,0.24250273819151455,0.1825776100563721,0.24314419605951673,0.18194951336916576,0.1024963874578917,0.20914417959637496,0.20447806018919848,nan,nan,nan,nan,nan,nan,nan,0.4907473444540763,nan,nan,nan,nan,0.22441513946520197
