subdir,file,cluster,size,all_feats_scaled_to_max_max_x,all_feats_scaled_to_max_max_y,all_feats_scaled_to_max_surf_trapz_x,all_feats_scaled_to_max_surf_trapz_y,all_feats_scaled_to_max_surf_simpson_x,all_feats_scaled_to_max_surf_simpson_y,all_feats_scaled_to_max_duration,all_feats_scaled_to_max_len,all_feats_scaled_to_max_offset,all_feats_scaled_to_max_mean_speed_len,all_feats_scaled_to_max_mean_speed_offset,all_feats_scaled_to_max_len_vs_offset,all_feats_scaled_to_max_total_surf,all_feats_scaled_to_max_monotonous,all_feats_scaled_to_max_key,all_feats_scaled_to_max_flip,all_feats_scaled_to_max_zone,all_feats_scaled_to_max_engine,all_feats_scaled_to_max_in_zone,all_feats_scaled_to_max_ignition,all_feats_scaled_to_max_sleep_mode,all_feats_scaled_to_max_staff_mode,all_feats_scaled_to_max_buzzer_active,all_feats_scaled_to_max_in_primary_zone,all_feats_scaled_to_max_in_restricted_zone,all_feats_scaled_to_max_onboard_geofencing,all_feats_scaled_to_max_speed_limit_active
no_rays_flags_no_same_no_xy,filenames_in_cluster_test KMeans test nclus 3,1,87,0.0032779038723235,0.0003289891850438014,0.3101005199663335,0.025381623947936437,0.3110137592935728,0.02539719317267323,0.47669040132538537,0.0032369306430908434,0.003235183516544722,8.791291197307896e-06,8.78466043457296e-06,0.02610662961288197,4.487783637792337e-07,0.2523450918219051,0.043863125908310215,0.0,0.0,0.0,0.24441802087462025,0.0,0.0,0.24045448540097764,0.16409036860879903,0.05416831813978065,0.0,0.0,0.22222222222222213
no_rays_flags_no_same_no_xy,filenames_in_cluster_test KMeans test nclus 3,0,425,0.007047554836950153,0.013134662147445922,0.7793292411926263,1.3638584344090112,0.7882592763501776,1.4554701845104094,0.3113145223069423,0.012565196605252028,0.01238939460125695,3.3886114418008305e-05,3.332144012767046e-05,0.17883907007251243,1.0869564112608404e-05,1.2810851211072667,0.0,0.0,0.0,0.0,0.0,0.0,0.0,0.08905743944636674,0.03840000000000001,0.0046837370242214516,0.0,0.0,0.16140622837370242
no_rays_flags_no_same_no_xy,filenames_in_cluster_test KMeans test nclus 3,2,94,0.000871281892801945,0.0011887205914418342,0.05362670406654135,0.14204383618036584,0.0538338116028642,0.14277778408076242,0.30104216652570315,0.004760108590434963,0.0009686036778939212,1.2983750149232945e-05,2.7219074820361463e-06,947.6456310033681,6.784413856468091e-07,0.3763014938886373,0.0,0.0,0.0,0.0,0.0,0.0,0.0,0.24083295608872785,0.0,0.0,0.0,0.0,0.05036215482118605
