window_size,vehicle,ride,start,scale,scale x,scale y,offset,offset x,offset y,no scale,no scale x,no scale y,only offset,only offset x,only offset y,
20,Vehicle_17,9079303,0,0.008853958899538631,0.004083088874839145,0.007184820686115369,0.01006488814700591,0.005087371316388469,0.007846460154198862,0.002577470621200756,0.0010401425171346352,0.0021895309610691777,0.003030818556658826,0.0015252108694779028,0.002371308348204043,
20,Vehicle_17,9079303,20,0.009006557716784505,0.004207416264597825,0.0072650013521984485,0.010040530071516432,0.005087371316388466,0.007822102078709373,0.005040957709605712,0.0022927830828428667,0.004117319287891156,0.005787030108453112,0.0029060592768402854,0.004527302077846837,
20,Vehicle_17,9079303,40,0.010946120493230642,0.006021294210361953,0.007836487403992483,0.011565954874418633,0.006551759110645656,0.008126216930646172,0.0009491552607203763,0.0004216717538887124,0.0007131469059332268,0.0019076512078128442,0.0010574317347263058,0.0013769233108042415,
20,Vehicle_17,9079303,60,0.009244841993701607,0.004622020707910259,0.007115226518060999,0.010228296864992733,0.005223206035066435,0.007895229009003185,0.003963267784687713,0.0018586691677096052,0.003141826349662784,0.00487582693301603,0.0024852267409491095,0.003751936173768035,
20,Vehicle_17,9079303,80,0.008846547146977033,0.004077502716582491,0.007181626115329918,0.010044561842402723,0.005087371316388464,0.007826133849595674,0.004478420532797024,0.002000779596765333,0.003671723056323959,0.005166989692803829,0.002626689584784671,0.0040226864706092305,
