window_size,vehicle,ride,start,scale,scale x,scale y,offset,offset x,offset y,no scale,no scale x,no scale y,only offset,only offset x,only offset y,
20,Vehicle_17,9079303,0,0.00885395889953863,0.004083088874839144,0.00718482068611537,0.010046099332077127,0.00508737131638846,0.007827671339270068,0.00885395889953863,0.004083088874839144,0.00718482068611537,0.010046099332077127,0.00508737131638846,0.007827671339270068,
20,Vehicle_17,9079303,20,0.009057846990198598,0.004207416264597825,0.007316290625612534,0.010040530071516448,0.005087371316388464,0.007822102078709377,0.009057846990198598,0.004207416264597825,0.007316290625612534,0.010040530071516448,0.005087371316388464,0.007822102078709377,
20,Vehicle_17,9079303,40,0.010944196359217886,0.005997088971911429,0.007858768508430227,0.011443473322604958,0.006496028324250053,0.008059466165228098,0.010944196359217886,0.005997088971911429,0.007858768508430227,0.011443473322604958,0.006496028324250053,0.008059466165228098,
20,Vehicle_17,9079303,60,0.009255197513346152,0.004622020707910255,0.007125582037705547,0.010213461912989398,0.005223206035066436,0.007880394056999843,0.009255197513346152,0.004622020707910255,0.007125582037705547,0.010213461912989398,0.005223206035066436,0.007880394056999843,
20,Vehicle_17,9079303,80,0.008846547146977033,0.004077502716582486,0.0071816261153299235,0.010044561842402735,0.00508737131638847,0.007826133849595657,0.008846547146977033,0.004077502716582486,0.0071816261153299235,0.010044561842402735,0.00508737131638847,0.007826133849595657,
