window_size,vehicle,ride,start,scale,scale x,scale y,offset,offset x,offset y,no scale,no scale x,no scale y,only offset,only offset x,only offset y,
20,Vehicle_17,8500643,0,0.009342213797359443,0.004493446272517644,0.007423185501613673,0.010175412495161639,0.005128343835408601,0.007947460722061463,0.0010600737272670926,0.0004404121949244677,0.0008874727885010617,0.0017167256842227135,0.0008578127814506442,0.001316655370051414,
20,Vehicle_17,8500643,20,0.015831258856726753,0.008113582897961533,0.012104833640838102,0.016823658424160833,0.008859397901520193,0.01269734178409667,0.0009014210892149644,0.00043262788599737826,0.0006830488604362433,0.0014030612244897956,0.0007968332253409878,0.0009863676057769491,
20,Vehicle_17,8500643,40,0.00885750480195312,0.004174416716442537,0.007058645489097763,0.010235426319620022,0.00527709886180823,0.0078406651963391,0.0008470391155413675,0.00035810181406506123,0.0006944676826214518,0.0012735051689710594,0.000679112862207865,0.0008777455159040516,
