window_size,vehicle,ride,start,scale,scale x,scale y,offset,offset x,offset y,no scale,no scale x,no scale y,only offset,only offset x,only offset y,
20,Vehicle_11,8488890,0,0.00870782394163132,0.00469977749188483,0.00653551287705934,0.009765993475383488,0.00506385791387578,0.007574772555683812,0.0,0.0,0.0,0.001124977514573021,0.0007266891830843818,0.0007267262101573992,
20,Vehicle_11,8488890,20,0.013320176691371732,0.007627418917677149,0.009378370313753964,0.013627446139334604,0.007722628154006203,0.00969617547050358,0.0,0.0,0.0,0.0012499349017928345,0.0008277480082979159,0.0008002250529971065,
20,Vehicle_11,8488890,40,0.008225245664116754,0.00419439016470472,0.006463995021339787,0.009645553469023058,0.005000834287201594,0.007491863423949059,0.0,0.0,0.0,0.0011248405687993496,0.0007265667799242716,0.0007267116675438379,
20,Vehicle_11,8488890,60,0.0126522496880082,0.008257406537911348,0.00792931511300692,0.012966709995491559,0.008931733189443706,0.007780326173265469,0.0,0.0,0.0,0.0012501488416966512,0.0007653933052596884,0.0008457026039394861,
20,Vehicle_11,8488890,80,0.009735795780795971,0.005490411366608641,0.007044934625507233,0.011188288418108407,0.006301408273898181,0.008090399956792739,0.0,0.0,0.0,0.0011249950362238787,0.000726703506137659,0.0007267294087549798,
20,Vehicle_11,8488890,100,0.009750169152885582,0.005421375586825359,0.00706829106464139,0.010653039886146548,0.0058813964575004955,0.007719955764919995,0.0,0.0,0.0,0.0011249877552452314,0.0007266961143343804,0.0007267295195796111,
20,Vehicle_11,8488890,120,0.016062263778906443,0.009569019755184602,0.011092481114050489,0.016313429447031274,0.009762141968407148,0.011246666422799359,0.0,0.0,0.0,0.001499840130889114,0.0009398553298537908,0.0010201324302047006,
20,Vehicle_11,8488890,140,0.00990921816262757,0.005642889996080421,0.007213578440335762,0.011450509545915779,0.006645654265230839,0.008060097775675115,0.0,0.0,0.0,0.0011250720588235293,0.0007268328731579094,0.0007266770643343801,
20,Vehicle_11,8488890,160,0.013909651668859506,0.008746379700038357,0.00895536439254609,0.013775025906257793,0.008631413881193593,0.008888221325361136,0.0,0.0,0.0,0.0011250839103006027,0.0007267538461974838,0.0007267679427718789,
