subdir,file,cluster,size,28all_distances_scaled_to_max_trajs_distances_offset,28all_distances_scaled_to_max_trajs_distances_offset x,28all_distances_scaled_to_max_trajs_distances_offset y,28all_nums_scaled_to_max_trajs_num_intersections_offset
only_rays_acceler_heading_size_28_,filenames_in_cluster_test KMeans test nclus 7,5,256,0.0010383584036076394,0.001383260167797435,0.0011929545937110558,0.0018835816408109265
only_rays_acceler_heading_size_28_,filenames_in_cluster_test KMeans test nclus 7,1,172,0.001662122808924456,0.0012034070363646703,0.0015353375350216387,0.001159382234258543
only_rays_acceler_heading_size_28_,filenames_in_cluster_test KMeans test nclus 7,3,47,0.003586346110299799,0.0023928012253154928,0.0025470399790270956,0.0040327156469451095
only_rays_acceler_heading_size_28_,filenames_in_cluster_test KMeans test nclus 7,4,39,0.002354414763232385,0.001404844128790197,0.0019882546577055433,0.0029963427240775335
only_rays_acceler_heading_size_28_,filenames_in_cluster_test KMeans test nclus 7,0,69,0.002104345491853992,0.0017386633068623022,0.0015602453976062871,0.003385156459968865
only_rays_acceler_heading_size_28_,filenames_in_cluster_test KMeans test nclus 7,2,20,0.005052875148651215,0.0031699419689318496,0.003529050372719903,0.007100997745040428
only_rays_acceler_heading_size_28_,filenames_in_cluster_test KMeans test nclus 7,6,3,0.0013087702995693967,0.0010539562360978875,0.0013346343595363709,0.005591030168413142
