subdir,file,cluster,size,28all_distances_scaled_to_max_trajs_distances_offset,28all_distances_scaled_to_max_trajs_distances_offset x,28all_distances_scaled_to_max_trajs_distances_offset y,28all_nums_scaled_to_max_trajs_num_intersections_offset
only_rays_acceler_heading_size_28_,filenames_in_cluster_test KMeans test nclus 6,3,266,0.0013753769929039307,0.0015014396581539812,0.0013083079380432241,0.0018986416164534282
only_rays_acceler_heading_size_28_,filenames_in_cluster_test KMeans test nclus 6,0,173,0.0017754856999419185,0.0012539267414979093,0.0015919529899785945,0.0011565946399258859
only_rays_acceler_heading_size_28_,filenames_in_cluster_test KMeans test nclus 6,4,49,0.0037670844848174236,0.0025649359608822405,0.002628407186163563,0.004604304027787928
only_rays_acceler_heading_size_28_,filenames_in_cluster_test KMeans test nclus 6,1,102,0.003005882875227898,0.002194729236454851,0.002046357004558124,0.004239951966268796
only_rays_acceler_heading_size_28_,filenames_in_cluster_test KMeans test nclus 6,5,14,0.005691467980568464,0.00344916249548272,0.003950907222766443,0.0074783037889283605
only_rays_acceler_heading_size_28_,filenames_in_cluster_test KMeans test nclus 6,2,2,0.00041920123565465303,0.0007897733434462494,0.0013098767682030495,0.004934210526315791
