subdir,file,cluster,size,28all_distances_scaled_to_max_trajs_distances_offset,28all_distances_scaled_to_max_trajs_distances_offset x,28all_distances_scaled_to_max_trajs_distances_offset y,28all_nums_scaled_to_max_trajs_num_intersections_offset
only_rays_acceler_heading_size_28_,filenames_in_cluster_train KMeans test nclus 9,4,317,0.010882230470178542,0.006790523233287925,0.0071050048023448675,0.026481819691183742
only_rays_acceler_heading_size_28_,filenames_in_cluster_train KMeans test nclus 9,8,243,0.011360558869061933,0.00763652737246955,0.006840134761479489,0.02244422785358458
only_rays_acceler_heading_size_28_,filenames_in_cluster_train KMeans test nclus 9,5,74,0.018127707226514703,0.011462221814223858,0.011632388758473475,0.041296230440967245
only_rays_acceler_heading_size_28_,filenames_in_cluster_train KMeans test nclus 9,2,57,0.016960971160022927,0.010840520312366169,0.01068820513088962,0.0286241920590951
only_rays_acceler_heading_size_28_,filenames_in_cluster_train KMeans test nclus 9,1,87,0.011486916443620274,0.0071730532645646675,0.0075322450031228005,0.03686479128856622
only_rays_acceler_heading_size_28_,filenames_in_cluster_train KMeans test nclus 9,7,36,0.01832581982025788,0.011902394794908814,0.011485567366433644,0.053728070175438576
only_rays_acceler_heading_size_28_,filenames_in_cluster_train KMeans test nclus 9,6,19,0.022691923480106336,0.01440564250789164,0.014522902803313672,0.06682825484764543
only_rays_acceler_heading_size_28_,filenames_in_cluster_train KMeans test nclus 9,0,10,0.037412998631428544,0.023312819972759677,0.024332916097699157,0.08486842105263158
only_rays_acceler_heading_size_28_,filenames_in_cluster_train KMeans test nclus 9,3,17,0.026694582615667102,0.016555310169363287,0.017396979766746666,0.049342105263157895
