subdir,file,cluster,size,28all_distances_scaled_to_max_trajs_distances_offset,28all_distances_scaled_to_max_trajs_distances_offset x,28all_distances_scaled_to_max_trajs_distances_offset y,28all_nums_scaled_to_max_trajs_num_intersections_offset
only_rays_acceler_heading_size_28_,filenames_in_cluster_train KMeans test nclus 9,4,317,0.013850123008595,0.009598165586603,0.0094822729953347,0.029605263157894735
only_rays_acceler_heading_size_28_,filenames_in_cluster_train KMeans test nclus 9,8,243,0.0170141213004975,0.0106641217145443,0.0112617608204792,0.023026315789473683
only_rays_acceler_heading_size_28_,filenames_in_cluster_train KMeans test nclus 9,5,74,0.0233534348826338,0.0145968271074512,0.0160435191175817,0.046052631578947366
only_rays_acceler_heading_size_28_,filenames_in_cluster_train KMeans test nclus 9,2,57,0.024397799692337,0.0174486309334129,0.0141634670528464,0.03289473684210526
only_rays_acceler_heading_size_28_,filenames_in_cluster_train KMeans test nclus 9,1,87,0.0158574840931163,0.0107433097370065,0.010528749778211,0.046052631578947366
only_rays_acceler_heading_size_28_,filenames_in_cluster_train KMeans test nclus 9,7,36,0.023323274073258,0.0155952441111072,0.0161734482365843,0.05921052631578947
only_rays_acceler_heading_size_28_,filenames_in_cluster_train KMeans test nclus 9,6,19,0.0300407647019101,0.0184960851925777,0.0198011270022805,0.08223684210526316
only_rays_acceler_heading_size_28_,filenames_in_cluster_train KMeans test nclus 9,0,10,0.0470925473919057,0.0294264160162884,0.030468907807281,0.10526315789473684
only_rays_acceler_heading_size_28_,filenames_in_cluster_train KMeans test nclus 9,3,17,0.0359186355201117,0.0218296943374183,0.0238373526360871,0.05921052631578947
