subdir,file,cluster,size,28all_distances_scaled_to_max_trajs_distances_offset,28all_distances_scaled_to_max_trajs_distances_offset x,28all_distances_scaled_to_max_trajs_distances_offset y,28all_nums_scaled_to_max_trajs_num_intersections_offset
only_rays_acceler_heading_size_28_,filenames_in_cluster_test KMeans test nclus 9,8,217,0.001220070597039199,0.0013782725535744142,0.0012697794194590094,3.469446951953614e-18
only_rays_acceler_heading_size_28_,filenames_in_cluster_test KMeans test nclus 9,1,173,0.0017754856999419185,0.0012539267414979093,0.0015919529899785945,0.0011565946399258859
only_rays_acceler_heading_size_28_,filenames_in_cluster_test KMeans test nclus 9,6,60,0.0027801766301680307,0.001604147827324969,0.0021788385141142293,0.0028859807430376876
only_rays_acceler_heading_size_28_,filenames_in_cluster_test KMeans test nclus 9,4,33,0.002982898774535064,0.002045107890596635,0.002259301870838978,0.003665226537250844
only_rays_acceler_heading_size_28_,filenames_in_cluster_test KMeans test nclus 9,0,44,0.0029554073891881858,0.0019332722452107564,0.002262185769730232,0.0015008118944291812
only_rays_acceler_heading_size_28_,filenames_in_cluster_test KMeans test nclus 9,3,20,0.0004752549892416091,0.00042694568961898884,0.00021506765658492913,0.0033343971928804757
only_rays_acceler_heading_size_28_,filenames_in_cluster_test KMeans test nclus 9,7,38,0.002020694762103819,0.0017921191163689273,0.0013976773820736745,0.004208880118124382
only_rays_acceler_heading_size_28_,filenames_in_cluster_test KMeans test nclus 9,2,18,0.004822729675905567,0.002983399038902233,0.003442804216859322,0.007427778301499114
only_rays_acceler_heading_size_28_,filenames_in_cluster_test KMeans test nclus 9,5,3,0.0013087702995693967,0.0010539562360978875,0.0013346343595363709,0.005591030168413142
