subdir,file,cluster,size,28all_distances_scaled_to_max_trajs_distances_offset,28all_distances_scaled_to_max_trajs_distances_offset x,28all_distances_scaled_to_max_trajs_distances_offset y,28all_nums_scaled_to_max_trajs_num_intersections_offset
only_rays_acceler_heading_size_28_,filenames_in_cluster_test KMeans test nclus 7,1,217,0.001220070597039199,0.0013782725535744142,0.0012697794194590094,3.469446951953614e-18
only_rays_acceler_heading_size_28_,filenames_in_cluster_test KMeans test nclus 7,6,173,0.0017754856999419185,0.0012539267414979093,0.0015919529899785945,0.0011565946399258859
only_rays_acceler_heading_size_28_,filenames_in_cluster_test KMeans test nclus 7,5,66,0.0022436185627340397,0.0019908001546007103,0.0014891468818534683,0.003139556568585252
only_rays_acceler_heading_size_28_,filenames_in_cluster_test KMeans test nclus 7,2,70,0.0044548435082902346,0.003080547915412094,0.0029220386619964074,0.003479982816085266
only_rays_acceler_heading_size_28_,filenames_in_cluster_test KMeans test nclus 7,3,53,0.003096695001819206,0.001934568823637779,0.002392336650159409,0.0019802701258122917
only_rays_acceler_heading_size_28_,filenames_in_cluster_test KMeans test nclus 7,4,24,0.004661106145056897,0.0029663545338686707,0.0032547006623101457,0.007335026403651125
only_rays_acceler_heading_size_28_,filenames_in_cluster_test KMeans test nclus 7,0,3,0.0013087702995693967,0.0010539562360978875,0.0013346343595363709,0.005591030168413142
