window_size,vehicle,ride,start,offset,offset x,offset y,scale,scale x,scale y,no scale,no scale x,no scale y,only offset,only offset x,only offset y,
20,Vehicle_6,8585059,0,0.010227023371932749,0.005238959630467317,0.00789690879621165,0.009509369836093585,0.004747726243173194,0.007347444257809461,7.45302151607138e-05,4.564030988340525e-05,4.564018889839062e-05,0.0008487654320987658,0.0005929507451701458,0.0004677717983576028,
20,Vehicle_6,8585059,20,0.011220971903366442,0.005912144098103302,0.008511936552926359,0.009383357131483394,0.004489623831582408,0.007400059146527536,3.7265656878436285e-05,9.645061728395067e-06,3.599586041250846e-05,0.0007716049382716051,0.0005181347339028295,0.0004409742400756691,
20,Vehicle_6,8585059,40,0.010057548538890591,0.005081175706586736,0.007856239521302842,0.009178679570503293,0.004448885410146208,0.007234158469668444,0.00011179253553331529,8.16324985738542e-05,5.528483598043565e-05,0.0006944444444444446,0.00044097424007566915,0.00044097424007566915,
