window_size,vehicle,ride,start,offset,offset x,offset y,scale,scale x,scale y,no scale,no scale x,no scale y,only offset,only offset x,only offset y,
20,Vehicle_6,8585059,0,0.010227023371932755,0.005238959630467322,0.007896908796211657,0.009509369836093585,0.004747726243173194,0.007347444257809464,0.009509369836093585,0.004747726243173194,0.007347444257809464,0.010227023371932755,0.005238959630467322,0.007896908796211657,
20,Vehicle_6,8585059,20,0.011182467008224785,0.005873639202961623,0.008511936552926367,0.009383357131483399,0.004489623831582407,0.007400059146527542,0.009383357131483399,0.004489623831582407,0.007400059146527542,0.011182467008224785,0.005873639202961623,0.008511936552926367,
20,Vehicle_6,8585059,40,0.010062028658104048,0.00508117570658674,0.007860719640516307,0.00917867957050329,0.004448885410146208,0.0072341584696684405,0.00917867957050329,0.004448885410146208,0.0072341584696684405,0.010062028658104048,0.00508117570658674,0.007860719640516307,
