subdir,file,cluster,size,24all_distances_scaled_to_max_trajs_distances_offset,24all_distances_scaled_to_max_trajs_distances_offset x,24all_distances_scaled_to_max_trajs_distances_offset y,24all_nums_scaled_to_max_trajs_num_intersections_offset
only_rays_acceler_size_24_,filenames_in_cluster_test KMeans test nclus 9,7,233,0.010788989857771956,0.0066398087830609135,0.007146403975311282,0.02661226564264731
only_rays_acceler_size_24_,filenames_in_cluster_test KMeans test nclus 9,2,166,0.011255826522938857,0.007566211976597969,0.006792333935620227,0.022530913126189045
only_rays_acceler_size_24_,filenames_in_cluster_test KMeans test nclus 9,0,74,0.011965785504212519,0.007738585280879814,0.007579342073328143,0.03742887624466572
only_rays_acceler_size_24_,filenames_in_cluster_test KMeans test nclus 9,4,26,0.01834728855726417,0.01221938943079186,0.011218506667185034,0.05275809716599189
only_rays_acceler_size_24_,filenames_in_cluster_test KMeans test nclus 9,5,34,0.016225256580540644,0.010356938189894952,0.010285176431126261,0.028928018575851387
only_rays_acceler_size_24_,filenames_in_cluster_test KMeans test nclus 9,3,56,0.01834651046279681,0.011835962923987748,0.011542611990626986,0.04246945488721804
only_rays_acceler_size_24_,filenames_in_cluster_test KMeans test nclus 9,8,10,0.026719769671028286,0.01722165629097323,0.016865299423815573,0.05855263157894737
only_rays_acceler_size_24_,filenames_in_cluster_test KMeans test nclus 9,6,3,0.0326791553865788,0.020935688099159435,0.020725858987570536,0.07785087719298245
only_rays_acceler_size_24_,filenames_in_cluster_test KMeans test nclus 9,1,4,0.01899003630722495,0.0133135608174658,0.0109927438577086,0.07319078947368421
