subdir,file,cluster,size,24all_distances_scaled_to_max_trajs_distances_offset,24all_distances_scaled_to_max_trajs_distances_offset x,24all_distances_scaled_to_max_trajs_distances_offset y,24all_nums_scaled_to_max_trajs_num_intersections_offset
only_rays_acceler_size_24_,filenames_in_cluster_train KMeans test nclus 9,7,318,0.24043996143270419,0.296977310085178,0.2586261822925933,0.21859304650292788
only_rays_acceler_size_24_,filenames_in_cluster_train KMeans test nclus 9,2,243,0.184634438380953,0.15872235129257253,0.24049592071256248,0.3816303907611401
only_rays_acceler_size_24_,filenames_in_cluster_train KMeans test nclus 9,3,80,0.22191272022709455,0.20642268054582302,0.22355360625364587,0.362763314327982
only_rays_acceler_size_24_,filenames_in_cluster_train KMeans test nclus 9,5,56,0.2076786306514974,0.15934148343308024,0.280998836572228,0.25753937681885636
only_rays_acceler_size_24_,filenames_in_cluster_train KMeans test nclus 9,0,88,0.3000420298887552,0.3104516051305238,0.25556303343443626,0.2644945866433496
only_rays_acceler_size_24_,filenames_in_cluster_train KMeans test nclus 9,4,34,0.2611534922958365,0.21678086913298308,0.3016694853868225,0.30644116878603506
only_rays_acceler_size_24_,filenames_in_cluster_train KMeans test nclus 9,8,23,0.24704402855764568,0.24154017731594007,0.24839856971576746,0.294627379932129
only_rays_acceler_size_24_,filenames_in_cluster_train KMeans test nclus 9,6,10,0.2749969751866178,0.2696520690060008,0.28604826821104723,0.3170108322575036
only_rays_acceler_size_24_,filenames_in_cluster_train KMeans test nclus 9,1,8,0.35941485227016823,0.36776144015181406,0.3206847691544684,0.3072051431861125
