subdir,file,cluster,size,all_feats_heading_scaled_to_max_mean_heading,all_feats_heading_scaled_to_max_mean_heading_abs,all_feats_heading_scaled_to_max_mean_heading_ototrak,all_feats_heading_scaled_to_max_mean_heading_ototrak_new,all_feats_scaled_to_max_max_x,all_feats_scaled_to_max_max_y,all_feats_scaled_to_max_surf_trapz_x,all_feats_scaled_to_max_surf_trapz_y,all_feats_scaled_to_max_surf_simpson_x,all_feats_scaled_to_max_surf_simpson_y,all_feats_scaled_to_max_duration,all_feats_scaled_to_max_len,all_feats_scaled_to_max_offset,all_feats_scaled_to_max_mean_speed_len,all_feats_scaled_to_max_mean_speed_offset,all_feats_scaled_to_max_len_vs_offset,all_feats_scaled_to_max_total_surf,all_feats_scaled_to_max_monotonous
no_rays_no_same_no_xy_heading,filenames_in_cluster_test KMeans test nclus 2,1,174,0.03512365337266212,0.09640259019586686,0.0569034708571582,0.042961787871585604,0.02185364534824698,0.05330559822784856,0.025457629716844937,0.05623347955639264,0.025618518818167867,0.05602206864619102,0.03477188687473648,0.03833580673675668,0.035345080862906074,0.03789927017653652,0.03503620443823906,0.011453580861521111,0.014038189788140493,0.12478163855492433
no_rays_no_same_no_xy_heading,filenames_in_cluster_test KMeans test nclus 2,0,432,0.036321151143326756,0.07440227470846798,0.03626301540864163,0.03931551257735179,0.034557116638510514,0.05497711071890542,0.031805499749109324,0.05289915723058847,0.03260563095077704,0.0232527187609791,0.03245821688229254,0.04401371862939164,0.04080344192823867,0.047239528397922476,0.043462372894568495,0.002335712497313643,0.012112078067551766,0.10765258249504649
