subdir,file,cluster,size,all_feats_heading_scaled_to_max_mean_heading,all_feats_heading_scaled_to_max_mean_heading_abs,all_feats_heading_scaled_to_max_mean_heading_ototrak,all_feats_heading_scaled_to_max_mean_heading_ototrak_new,all_feats_scaled_to_max_max_x,all_feats_scaled_to_max_max_y,all_feats_scaled_to_max_surf_trapz_x,all_feats_scaled_to_max_surf_trapz_y,all_feats_scaled_to_max_surf_simpson_x,all_feats_scaled_to_max_surf_simpson_y,all_feats_scaled_to_max_duration,all_feats_scaled_to_max_len,all_feats_scaled_to_max_offset,all_feats_scaled_to_max_mean_speed_len,all_feats_scaled_to_max_mean_speed_offset,all_feats_scaled_to_max_len_vs_offset,all_feats_scaled_to_max_total_surf,all_feats_scaled_to_max_monotonous
no_rays_no_same_no_xy_heading,filenames_in_cluster_train KMeans test nclus 3,2,226,59.3737506215532,38.9761243853832,72.8858407079646,67.96769911504421,0.10824796460173601,0.11540716814157617,1.0156874203184187,1.094260231898748,1.015508827727774,1.0935340591420084,19.21166372826669,0.18439637881771295,0.177896487436608,0.009576108835802824,0.00923755043301194,1.0686459220948197,0.001772263736276174,1.5973451327433628
no_rays_no_same_no_xy_heading,filenames_in_cluster_train KMeans test nclus 3,1,336,73.91529831436739,50.01902639151959,230.27217261904758,78.3662202380952,0.08252214285721357,0.12125690476191223,0.808723216863112,1.1939792924579469,0.788422482972905,1.1885817794616456,19.364282729370252,0.17082130358052255,0.16320149155883018,0.00882641289027283,0.008431634398072232,1.192732619772006,0.0013286305142890871,1.4821428571428572
no_rays_no_same_no_xy_heading,filenames_in_cluster_train KMeans test nclus 3,0,298,156.47624391630356,47.11221086104573,166.91979865771816,149.22248322147652,0.058448053691268195,0.07322738255031978,0.5744495132574214,0.6949039111936919,0.5754726259250373,0.694144224864339,19.27941610109086,0.13657086816935302,0.09180263810360238,0.007068465093449983,0.0047652867406611,2.2056818800880142,0.0021603520080607495,0.29194630872483224
