window_size,vehicle,ride,start,scale,scale x,scale y,offset,offset x,offset y,no scale,no scale x,no scale y,only offset,only offset x,only offset y,
20,Vehicle_10,8994547,0,0.009640721273866842,0.006578947368420947,0.004988702976609685,0.007934859317347684,0.004821455235510737,0.005040333152977999,0.0,0.0,0.0,0.003289464873379368,0.0016445870579769473,0.001644877815402421,
20,Vehicle_10,8994547,20,0.009640721273866842,0.006578947368420947,0.004988702976609685,0.007934859317347684,0.004821455235510737,0.005040333152977999,0.0,0.0,0.0,0.003289464873379368,0.0016445870579769473,0.001644877815402421,
20,Vehicle_10,8994547,40,0.009640721273866842,0.006578947368420947,0.004988702976609685,0.007934859317347684,0.004821455235510737,0.005040333152977999,0.0,0.0,0.0,0.003289464873379368,0.0016445870579769473,0.001644877815402421,
