window_size,vehicle,ride,start,scale,scale x,scale y,offset,offset x,offset y,no scale,no scale x,no scale y,only offset,only offset x,only offset y,
20,Vehicle_10,8994547,0,0.008053882660132421,0.004992108754705158,0.004988702976568316,0.009692351450234104,0.006578947368421052,0.00504033315295421,0.0023260091486398946,0.001644736842105158,0.001644736842105263,0.006578947368421052,0.003289473684210526,0.003289473684210526,
20,Vehicle_10,8994547,20,0.008053882660132421,0.004992108754705158,0.004988702976568316,0.009692351450234104,0.006578947368421052,0.00504033315295421,0.0023260091486398946,0.001644736842105158,0.001644736842105263,0.006578947368421052,0.003289473684210526,0.003289473684210526,
20,Vehicle_10,8994547,40,0.008053882660132421,0.004992108754705158,0.004988702976568316,0.009692351450234104,0.006578947368421052,0.00504033315295421,0.0023260091486398946,0.001644736842105158,0.001644736842105263,0.006578947368421052,0.003289473684210526,0.003289473684210526,
