window_size,vehicle,ride,start,offset,offset x,offset y,scale,scale x,scale y,no scale,no scale x,no scale y,only offset,only offset x,only offset y,
20,Vehicle_17,9513246,0,0.010710342988228013,0.005789750556859858,0.007947803381559732,0.009417002303513083,0.004933890586627785,0.007149316792871162,7.450363978719223e-05,4.561935748029259e-05,4.5628593249077465e-05,0.0006944545847187133,0.0004596860128384856,0.0004283858765176442,
20,Vehicle_17,9513246,20,0.011111266313425506,0.005845362166480919,0.008440797636423497,0.009954263395407217,0.0051110507792693,0.007609575620997646,0.0001117786809399524,5.527360737796602e-05,8.162675883415745e-05,0.0006943859009758936,0.00046020811425457627,0.00042168182242821123,
20,Vehicle_17,9513246,40,0.011767025091142944,0.006877585215460279,0.00815313928473229,0.010990672442549988,0.006363634150899923,0.007616672201018284,7.450946776072967e-05,4.562506836453546e-05,4.563002014553524e-05,0.0008101863773901796,0.0005627554050185888,0.00048015952591643195,
20,Vehicle_17,9513246,60,0.009884441897217848,0.005050746041575765,0.007711620197650539,0.008749037934229608,0.004267851074870705,0.006966911415835979,7.452068167900084e-05,4.563280474220934e-05,4.5636017956751925e-05,0.0006558524780762696,0.00042167322504331586,0.0004216832887398477,
20,Vehicle_17,9513246,80,0.01241517762567154,0.00712872226722884,0.008782781369374031,0.012026817566012923,0.006964023040841678,0.008476154812584527,7.452082159125115e-05,4.563313562519304e-05,4.563585843057941e-05,0.0006558624153735617,0.0004216813956312246,0.0004216850554492314,
