window_size,vehicle,ride,start,scale,scale x,scale y,offset,offset x,offset y,no scale,no scale x,no scale y,only offset,only offset x,only offset y,
20,Vehicle_11,8686342,0,0.009240987280647305,0.006900423105968182,0.004907602673930563,0.009766282329496973,0.007571446276393508,0.005050953243699734,0.0,0.0,0.0,0.0011249953593749998,0.0007267201768343799,0.0007267130612093799,
20,Vehicle_11,8686342,20,0.012471295472565183,0.0077074221760184865,0.008397204309161639,0.01289305327638141,0.008007046547198327,0.008673722353866892,0.0,0.0,0.0,0.0012500205464200899,0.0008456588597323851,0.0007653087541902268,
20,Vehicle_11,8686342,40,0.015321693201427,0.008650164422894062,0.011058106061070185,0.016271104590700525,0.009200272637551781,0.011800777277891953,0.0,0.0,0.0,0.0014999089617418833,0.0009398840761035643,0.0010201725148076967,
20,Vehicle_11,8686342,60,0.01013804585089689,0.005816681860144998,0.0070641883445838405,0.010234259406223219,0.005734056491476786,0.0073425850495963795,0.0,0.0,0.0,0.0011249968528321728,0.0007267101479244276,0.0007267245835765053,
