window_size,vehicle,ride,start,scale,scale x,scale y,offset,offset x,offset y,no scale,no scale x,no scale y,only offset,only offset x,only offset y,
20,Vehicle_11,8686342,0,0.009426435656273005,0.0072930353799832955,0.004724754688585521,0.009978099903486446,0.0077144770856665155,0.0051197400084165385,0.0,0.0,0.0,0.0012500000000000002,0.0007892189393343806,0.0007892189393343805,
20,Vehicle_11,8686342,20,0.012333973883242387,0.007449306959136694,0.008255372510709956,0.013313304869992366,0.008007046547203784,0.00909397394747488,0.0,0.0,0.0,0.001375,0.0009081010038712746,0.0008278460636312488,
20,Vehicle_11,8686342,40,0.0160594297514995,0.00877008786019784,0.011675919173840288,0.01701586664259994,0.009476918208903447,0.012268893758436717,0.0,0.0,0.0,0.001625,0.0010024463444646763,0.0010827012847047022,
20,Vehicle_11,8686342,60,0.010475424832126427,0.005862469650631101,0.0073557795353276275,0.010502884178755119,0.005801841696450807,0.007543424617154294,0.0,0.0,0.0,0.0012500000000000002,0.0007892189393343804,0.0007892189393343806,
