window_size,vehicle,ride,start,scale,scale x,scale y,offset,offset x,offset y,no scale,no scale x,no scale y,only offset,only offset x,only offset y,
20,Vehicle_11,8686342,0,0.009426435656273003,0.007293035379983301,0.004724754688585521,0.00991692343289812,0.007653300615078188,0.005119740008416536,0.009426435656273003,0.007293035379983301,0.004724754688585521,0.00991692343289812,0.007653300615078188,0.005119740008416536,
20,Vehicle_11,8686342,20,0.012392907636069981,0.0074493069591366964,0.008314306263537536,0.013316711031177764,0.008007046547203788,0.00909738010866027,0.012392907636069981,0.0074493069591366964,0.008314306263537536,0.013316711031177764,0.008007046547203788,0.00909738010866027,
20,Vehicle_11,8686342,40,0.01600698717411761,0.008764171597439108,0.011629392859217135,0.016737747302879604,0.009225982035732393,0.012241710591887441,0.01600698717411761,0.008764171597439108,0.011629392859217135,0.016737747302879604,0.009225982035732393,0.012241710591887441,
20,Vehicle_11,8686342,60,0.010533046556946955,0.005862469650631096,0.007413401260148156,0.010520406158523081,0.005801841696450806,0.007560946596922245,0.010533046556946955,0.005862469650631096,0.007413401260148156,0.010520406158523081,0.005801841696450806,0.007560946596922245,
