window_size,vehicle,ride,start,scale,scale x,scale y,offset,offset x,offset y,no scale,no scale x,no scale y,only offset,only offset x,only offset y,
20,Vehicle_11,8686476,0,0.013606003269288474,0.008924704296702146,0.008228496905191268,0.013652989334522926,0.00902003222549349,0.008284642626792757,0.013606003269288474,0.008924704296702146,0.008228496905191268,0.013652989334522926,0.00902003222549349,0.008284642626792757,
20,Vehicle_11,8686476,20,0.009385053763107986,0.007382569146324792,0.0045473187197788475,0.009985667265063274,0.007767239272256206,0.005087371316388469,0.009385053763107986,0.007382569146324792,0.0045473187197788475,0.009985667265063274,0.007767239272256206,0.005087371316388469,
20,Vehicle_11,8686476,40,0.015552908219637203,0.010060956236108304,0.009672386499021746,0.015470851432598009,0.0099916310987974,0.0096286485938319,0.015552908219637203,0.010060956236108304,0.009672386499021746,0.015470851432598009,0.0099916310987974,0.0096286485938319,
20,Vehicle_11,8686476,60,0.015526884955115571,0.008589359066924795,0.011102968413069328,0.016192100486832055,0.009105420214136486,0.011513439561290436,0.015526884955115571,0.008589359066924795,0.011102968413069328,0.016192100486832055,0.009105420214136486,0.011513439561290436,
20,Vehicle_11,8686476,80,0.0106923789070157,0.005890117837674406,0.007580593925078328,0.011250045865802392,0.006318434125395997,0.0079305604946876,0.0106923789070157,0.005890117837674406,0.007580593925078328,0.011250045865802392,0.006318434125395997,0.0079305604946876,
