window_size,vehicle,ride,start,scale,scale x,scale y,offset,offset x,offset y,no scale,no scale x,no scale y,only offset,only offset x,only offset y,
20,Vehicle_6,9476572,0,0.008984191293110793,0.004342777262194605,0.007040439061445425,0.010464676078892503,0.005571823527003331,0.007860771282219752,0.008984191293110793,0.004342777262194605,0.007040439061445425,0.010464676078892503,0.005571823527003331,0.007860771282219752,
20,Vehicle_6,9476572,20,0.00921434524052209,0.004425445627340386,0.007313082691942831,0.010032708038173103,0.005107932273632673,0.007771920006667631,0.00921434524052209,0.004425445627340386,0.007313082691942831,0.010032708038173103,0.005107932273632673,0.007771920006667631,
20,Vehicle_6,9476572,40,0.009616295226341746,0.004997931996079128,0.007217765411158115,0.010049180519423499,0.005107932273632672,0.007788392487918027,0.009616295226341746,0.004997931996079128,0.007217765411158115,0.010049180519423499,0.005107932273632672,0.007788392487918027,
