window_size,vehicle,ride,start,offset,offset x,offset y,scale,scale x,scale y,no scale,no scale x,no scale y,only offset,only offset x,only offset y,
20,Vehicle_16,8874226,0,0.010918662228543242,0.006052026377345721,0.007720446393555137,0.01086714219285445,0.006214450999368587,0.007292510755308485,0.0,0.0,0.0,0.003125,0.0018861043456039808,0.0018861043456039803,
20,Vehicle_16,8874226,20,0.013352891050825414,0.008216907093428018,0.008438898773803551,0.014200871737928897,0.008840772379807777,0.009025391039747038,0.0018858679333970106,0.0013335100041272866,0.0013335100041272864,0.003125,0.0018861043456039803,0.0018861043456039808,
20,Vehicle_16,8874226,40,0.010482897819956602,0.00604506636751606,0.0072893325148563875,0.011005252912251441,0.006326607095390098,0.007322885650307242,0.0,0.0,0.0,0.003125,0.0018861043456039803,0.0018861043456039803,
20,Vehicle_16,8874226,60,0.010018316568450278,0.005449120104806965,0.007276639242806896,0.015026952134820406,0.009659403368540721,0.009418005772680212,0.0018859566917427914,0.0013335727657554752,0.001333572765755475,0.003125,0.0018861043456039803,0.0018861043456039808,
20,Vehicle_16,8874226,80,0.03401727164858784,0.021833171659830702,0.021639232179258453,0.03367613440087148,0.021708187197625885,0.02135274779396261,0.0037716713043972907,0.002666974355746035,0.002666974355746035,0.00859375,0.004877063036811942,0.005658313036811942,
20,Vehicle_16,8874226,100,0.013586567190369183,0.0085436417394159,0.00833563519006404,0.012936516222371068,0.007908792889299271,0.008143267137268376,0.0,0.0,0.0,0.003125,0.0018861043456039808,0.0018861043456039803,
20,Vehicle_16,8874226,120,0.012248825356743685,0.007328521232721722,0.007764009272754447,0.01274527602284955,0.007582324334634139,0.00853350338764001,0.0018860815610521014,0.0013336610616908502,0.0013336610616908502,0.003125,0.0018861043456039808,0.0018861043456039808,
20,Vehicle_16,8874226,140,0.010152050063456534,0.005334708691207959,0.007433130582947384,0.010891348569428022,0.0063100644534098945,0.00721227184356282,0.0,0.0,0.0,0.003125,0.0018861043456039803,0.0018861043456039803,
