window_size,vehicle,ride,start,offset,offset x,offset y,scale,scale x,scale y,no scale,no scale x,no scale y,only offset,only offset x,only offset y,
20,Vehicle_16,8874226,0,0.010477310232004022,0.006052026377345722,0.007279094397015923,0.010973780451072349,0.006321089257586483,0.007292510755308486,0.0,0.0,0.0,0.003125,0.0018861043456039803,0.0018861043456039803,
20,Vehicle_16,8874226,20,0.013627229993121054,0.008491246035723658,0.00843889877380355,0.014492508506003391,0.009132409147882265,0.009025391039747036,0.001838821904210125,0.0013002434378613396,0.0013002434378613394,0.003125,0.0018861043456039803,0.0018861043456039803,
20,Vehicle_16,8874226,40,0.011475258062236144,0.006435691367516058,0.008119890584333945,0.010891835091344856,0.006213189274483521,0.007322885650307242,0.0013873927562030833,0.0003054995192623672,0.0013266251235932584,0.003125,0.0018861043456039803,0.0018861043456039803,
20,Vehicle_16,8874226,60,0.010189015797417678,0.005207239122280905,0.0076892194543003575,0.015239171026417213,0.009659403368540723,0.009630224664277022,0.0026612814857646058,0.001620744149466944,0.0020562489334137552,0.0031250000000000006,0.0018861043456039803,0.0018861043456039808,
20,Vehicle_16,8874226,80,0.033567910995482016,0.021383811006724877,0.021639232179258457,0.03322677374776564,0.021258826544520038,0.021352747793962616,0.0036647313290738863,0.0025913563740149344,0.0025913563740149344,0.00859375,0.004877063036811942,0.005658313036811941,
20,Vehicle_16,8874226,100,0.013184777955785258,0.008141852504831971,0.008335635190064038,0.011533928290668162,0.006782418543997361,0.007476428550867382,0.0013049098172636276,0.00028382895171353585,0.0012484527285474014,0.003125,0.0018861043456039808,0.0018861043456039803,
20,Vehicle_16,8874226,120,0.011831240253116297,0.007328521232721721,0.007346424169127063,0.012424170263310295,0.00757590073244877,0.008218821230286123,0.001881547435230116,0.0013304549505753715,0.0013304549505753712,0.003125,0.0018861043456039803,0.0018861043456039808,
20,Vehicle_16,8874226,140,0.010152050063456536,0.005334708691207961,0.007433130582947386,0.01083165505466233,0.006250370938644202,0.007212271843562822,0.0,0.0,0.0,0.003125,0.0018861043456039803,0.0018861043456039803,
