window_size,vehicle,ride,start,scale,scale x,scale y,offset,offset x,offset y,no scale,no scale x,no scale y,only offset,only offset x,only offset y,
20,Vehicle_16,8874226,0,0.01140174216280242,0.006579337830151789,0.007591865098487157,0.010686368487848947,0.005615482832850421,0.00782434798204979,0.0,0.0,0.0,0.003289473684210526,0.001985372995372526,0.001985372995372526,
20,Vehicle_16,8874226,20,0.01140174216280242,0.006579337830151789,0.007591865098487157,0.010686368487848947,0.005615482832850421,0.00782434798204979,0.0,0.0,0.0,0.003289473684210526,0.001985372995372526,0.001985372995372526,
20,Vehicle_16,8874226,40,0.01140174216280242,0.006579337830151789,0.007591865098487157,0.010686368487848947,0.005615482832850421,0.00782434798204979,0.0,0.0,0.0,0.003289473684210526,0.001985372995372526,0.001985372995372526,
20,Vehicle_16,8874226,60,0.01140174216280242,0.006579337830151789,0.007591865098487157,0.010686368487848947,0.005615482832850421,0.00782434798204979,0.0,0.0,0.0,0.003289473684210526,0.001985372995372526,0.001985372995372526,
20,Vehicle_16,8874226,80,0.01140174216280242,0.006579337830151789,0.007591865098487157,0.010686368487848947,0.005615482832850421,0.00782434798204979,0.0,0.0,0.0,0.003289473684210526,0.001985372995372526,0.001985372995372526,
20,Vehicle_16,8874226,100,0.01140174216280242,0.006579337830151789,0.007591865098487157,0.010686368487848947,0.005615482832850421,0.00782434798204979,0.0,0.0,0.0,0.003289473684210526,0.001985372995372526,0.001985372995372526,
20,Vehicle_16,8874226,120,0.01140174216280242,0.006579337830151789,0.007591865098487157,0.010686368487848947,0.005615482832850421,0.00782434798204979,0.0,0.0,0.0,0.003289473684210526,0.001985372995372526,0.001985372995372526,
20,Vehicle_16,8874226,140,0.01140174216280242,0.006579337830151789,0.007591865098487157,0.010686368487848947,0.005615482832850421,0.00782434798204979,0.0,0.0,0.0,0.003289473684210526,0.001985372995372526,0.001985372995372526,
