window_size,vehicle,ride,start,scale,scale x,scale y,offset,offset x,offset y,no scale,no scale x,no scale y,only offset,only offset x,only offset y,
20,Vehicle_2,9574020,0,0.014323820404480743,0.009400309988674912,0.008601821366000639,0.01446152175077215,0.009142493491278093,0.008950108051262614,0.0004660785528231001,0.00032956730526682664,0.0003295673052668266,0.0015625,0.0009819022445558298,0.0009819022445558298,
20,Vehicle_2,9574020,20,0.009792343329803442,0.007220535300016458,0.005221312438410878,0.010957731885934062,0.008085838520572874,0.005995505109491731,0.0005874478871339662,0.00048120963560822243,0.0002892916853530697,0.0015625,0.0009819022445558298,0.0009819022445558298,
20,Vehicle_2,9574020,40,0.011835878316350494,0.00780070544590225,0.0070356563061913496,0.011956611983329762,0.007740927474949154,0.0072423349665802494,0.0004902533910851199,0.00029601611119601715,0.00029189352988910286,0.001953125,0.0012581158309568248,0.001258115830956825,
20,Vehicle_2,9574020,60,0.01670144963451966,0.009912766482064466,0.011251148290505658,0.018194714170419773,0.011120977940291616,0.012076361850111033,0.0,0.0,0.0,0.00234375,0.0016762119801435487,0.0012694947535239404,
20,Vehicle_2,9574020,80,0.011666669959848398,0.0065842477745715645,0.008199315840683747,0.012558112567912196,0.007014265916985994,0.008846381734537726,0.00036859751752756504,0.00016592516024173056,0.0002998690658165112,0.0015625,0.0009819022445558298,0.0009819022445558298,
20,Vehicle_2,9574020,100,0.010386991362205885,0.007678024346400845,0.005573903607397896,0.010386291332543492,0.0078191521216861,0.005546901284733182,0.0005898524247849663,0.00048358199151370373,0.0002893977743504379,0.001953125,0.0011313879603234427,0.001342792686943051,
20,Vehicle_2,9574020,120,0.012091451971055538,0.008073497625316334,0.007294427563129283,0.011528575496276606,0.008061261542212395,0.0068027432259428365,0.0003669737201288555,0.00029836814966297984,0.00016562849867306,0.0015625,0.0009819022445558296,0.0009819022445558298,
20,Vehicle_2,9574020,140,0.018371353842613354,0.011305196087991161,0.012165826075746454,0.01872405819755196,0.011014223188635906,0.012751303051425524,0.00023562912146181527,0.00016661494963067823,0.00016661494963067823,0.001953125,0.001131387960323443,0.0013427926869430513,
