window_size,vehicle,ride,start,offset,offset x,offset y,scale,scale x,scale y,no scale,no scale x,no scale y,only offset,only offset x,only offset y,
20,Vehicle_4,9471375,0,0.010281775409405104,0.005307507562409648,0.007870639866185091,0.00906143116527387,0.00435549862897735,0.007147872582830535,0.004610800166870846,0.0021234229108667894,0.0037034396515223077,0.005255195119854332,0.002701253396124162,0.004039516866181938,
20,Vehicle_4,9471375,20,0.010661638962322039,0.0056769514219955,0.007949306162419087,0.009707429109846646,0.004940234536832751,0.007355947637446822,0.001207663547353996,0.0005365123244417154,0.0009384958366957611,0.0016171405616519446,0.0008961433163047559,0.001160675000564317,
20,Vehicle_4,9471375,40,0.01041729079007768,0.005425562535951989,0.007917747891077147,0.009325186191347156,0.004660740933517182,0.007126849531887177,0.005078465943617737,0.0024946559718593514,0.0038810442173939025,0.00553561691734441,0.0028585998817893376,0.004229519147547428,
