window_size,vehicle,ride,start,scale,scale x,scale y,offset,offset x,offset y,no scale,no scale x,no scale y,only offset,only offset x,only offset y,
20,Vehicle_17,9492910,0,0.008821441801707582,0.004132465364501479,0.0070414119683230615,0.010306348980924989,0.005355510463626825,0.007811577821506478,0.008821441801707582,0.004132465364501479,0.0070414119683230615,0.010306348980924989,0.005355510463626825,0.007811577821506478,
20,Vehicle_17,9492910,20,0.01321886063623583,0.007468100019317472,0.009362466664488804,0.013530081106122123,0.007501964155871594,0.009762949314260368,0.01321886063623583,0.007468100019317472,0.009362466664488804,0.013530081106122123,0.007501964155871594,0.009762949314260368,
20,Vehicle_17,9492910,40,0.010449106764025903,0.005503152495343331,0.007745863191384694,0.010388076652511716,0.0054364003640242275,0.00785440433377982,0.010449106764025903,0.005503152495343331,0.007745863191384694,0.010388076652511716,0.0054364003640242275,0.00785440433377982,
