window_size,vehicle,ride,start,scale,scale x,scale y,offset,offset x,offset y,no scale,no scale x,no scale y,only offset,only offset x,only offset y,
20,Vehicle_17,9492910,0,0.009493296216980553,0.0048120817180464254,0.0071118020360654245,0.011084604128847634,0.006225070566067886,0.00762785571736248,0.0012619192519187146,0.000733801998972274,0.0007540332515653136,0.003125,0.0023375176415169714,0.0012958509748503045,
20,Vehicle_17,9492910,20,0.014747239985677469,0.008361385250650102,0.010261186311078314,0.012983013032318138,0.006979612405201103,0.009583458001848715,0.0018865805560087181,0.0008766150198932513,0.0013773638114247728,0.0020833333333333333,0.0012958509748503047,0.0012958509748503045,
20,Vehicle_17,9492910,40,0.01012955056595238,0.00519974857374545,0.007616985449703321,0.010036835388071052,0.005183403899401217,0.007621753643252561,0.0021387763477403034,0.0012411779362888954,0.0015016354344654906,0.0020833333333333333,0.0012958509748503047,0.0012958509748503047,
