window_size,vehicle,ride,start,scale,scale x,scale y,offset,offset x,offset y,no scale,no scale x,no scale y,only offset,only offset x,only offset y,
20,Vehicle_2,9574020,0,0.014113220294376007,0.00951412510035056,0.008325818109645356,0.013975953027770232,0.009197231676489235,0.00842369572017279,0.00026872640165045503,0.0001981019035530934,0.00013782707777803969,0.000830078125,0.0005228877256166243,0.0005363593749956742,
20,Vehicle_2,9574020,20,0.009874119402899222,0.00734952375812877,0.005162176801664129,0.010735788602818786,0.007927896465572633,0.005784707319014468,0.0004238995416624848,0.00034754639026341003,0.0001741277519074371,0.0007812500000000002,0.0004957602728324639,0.0004957602728324639,
20,Vehicle_2,9574020,40,0.011916093457208378,0.007890702435823497,0.007040204039432685,0.012061133669892617,0.007913005625610075,0.007210633960859488,0.0004109326087264085,0.0002722474110619264,0.000205608152089676,0.00087890625,0.0005648136694327127,0.0005648136694327127,
20,Vehicle_2,9574020,60,0.01735397892657558,0.010399790248481783,0.011608059544445284,0.01801950613474302,0.010925848380419666,0.012041050790135769,0.00026632916581445954,0.00016286495437546354,0.00013799640822706282,0.001123046875,0.0008057166214319818,0.0006138376421180394,
20,Vehicle_2,9574020,80,0.012425111642764039,0.006979702093744407,0.00874945885188163,0.013305457378714105,0.007666897465212484,0.009276158135776185,0.00046990617878091495,0.0002630836070169346,0.0003148159918482838,0.00087890625,0.000591540085371842,0.0005148120620918515,
20,Vehicle_2,9574020,100,0.010202546590170208,0.0076386775192345754,0.005338406429210032,0.010381090050851608,0.007781680278124901,0.005482055797661125,0.0006453885762112837,0.00047681896700546453,0.00031945533433553014,0.00087890625,0.0005331317017743672,0.0005859828834292693,
20,Vehicle_2,9574020,120,0.011728926220685816,0.008194557303761677,0.006731113460997749,0.012198485650953154,0.008519291558549308,0.007111002941748161,0.0004031270170086431,0.00027513411379919176,0.0002259315650709718,0.000830078125,0.0005052861674621578,0.0005436501791021528,
20,Vehicle_2,9574020,140,0.018117920489845476,0.011524030806614379,0.01156061542170863,0.01902674707888292,0.011668497909377148,0.01257307292110537,0.00013477970713255408,0.00011716081770184251,4.909053570924469e-05,0.001025390625,0.0005793109438179151,0.0007223617981318572,
