window_size,vehicle,ride,start,scale,scale x,scale y,offset,offset x,offset y,no scale,no scale x,no scale y,only offset,only offset x,only offset y,
20,Vehicle_10,8994547,0,0.011593082183121682,0.007170186779761673,0.007607822096874771,0.011521815237239998,0.007039564754160728,0.0075971356529381615,0.0006707818238118526,0.00041076829926813213,0.0004107682992681309,0.0017360785378933436,0.0011221529741193145,0.0011222941801413045,
20,Vehicle_10,8994547,20,0.015545882433002398,0.010163718799895485,0.009262667488617773,0.015159533915558462,0.010049700921978242,0.008917243668577681,0.0013415091963624765,0.0008214949277605169,0.0008215115804090819,0.001736117868036169,0.0011222429524536523,0.0011222435319497947,
20,Vehicle_10,8994547,40,0.011775320457454736,0.007504182984583696,0.007128571872497448,0.011602806514647717,0.00707906865322944,0.007380841518668746,0.0003353909119059239,0.0003239627437125741,8.680555555555309e-05,0.0017361101810789423,0.0011222240531923186,0.0011222547442538997,
