subdir,file,cluster,size,all_feats_scaled_to_max_max_x,all_feats_scaled_to_max_max_y,all_feats_scaled_to_max_surf_trapz_x,all_feats_scaled_to_max_surf_trapz_y,all_feats_scaled_to_max_surf_simpson_x,all_feats_scaled_to_max_surf_simpson_y,all_feats_scaled_to_max_duration,all_feats_scaled_to_max_len,all_feats_scaled_to_max_offset,all_feats_scaled_to_max_mean_speed_len,all_feats_scaled_to_max_mean_speed_offset,all_feats_scaled_to_max_len_vs_offset,all_feats_scaled_to_max_total_surf,all_feats_scaled_to_max_monotonous,all_feats_scaled_to_max_key,all_feats_scaled_to_max_flip,all_feats_scaled_to_max_zone,all_feats_scaled_to_max_engine,all_feats_scaled_to_max_in_zone,all_feats_scaled_to_max_ignition,all_feats_scaled_to_max_sleep_mode,all_feats_scaled_to_max_staff_mode,all_feats_scaled_to_max_buzzer_active,all_feats_scaled_to_max_in_primary_zone,all_feats_scaled_to_max_in_restricted_zone,all_feats_scaled_to_max_onboard_geofencing,all_feats_scaled_to_max_speed_limit_active
no_rays_flags_no_same_no_xy,filenames_in_cluster_train KMeans test nclus 3,2,577,0.028395457153446876,0.04914775839281662,0.031071231932076417,0.07307178614457026,0.008868666131893839,0.04079700789923296,0.022369765156977618,0.030699222305579626,0.028481499872122628,0.029435415399975257,0.0280465070158505,0.04321306035634859,0.010813382312225514,0.10668340697265787,0.011984537243676582,0.02036470238399178,nan,nan,0.13869623853734578,nan,nan,0.24682740163818712,0.050839668517912225,0.2455478495414938,nan,nan,0.19646831606738976
no_rays_flags_no_same_no_xy,filenames_in_cluster_train KMeans test nclus 3,0,243,0.030409794016491513,0.04205050501938025,0.03279757164536788,0.043697852110809725,0.03266400219393582,0.04390036247861815,0.018827992056447956,0.04042724165019867,0.04298550417759279,0.039255109869434646,0.04314471158853088,0.016070040347775646,0.017473005788995678,0.1487916814848685,nan,0.008162712323663397,nan,nan,0.004098291249640129,nan,nan,0.10509915493911835,0.03945875459364258,0.008162712323663395,nan,nan,0.07895137936290199
no_rays_flags_no_same_no_xy,filenames_in_cluster_train KMeans test nclus 3,1,40,0.07076781151415591,0.07408615121860573,0.05719407900816814,0.045470894462664564,0.057017490100557976,0.04548154129305527,0.03836270765240051,0.07531085307190552,0.08094375266077276,0.09108326508607241,0.07503035317976736,0.028637669115306786,0.10461610382435632,nan,nan,0.04749999999999999,nan,nan,nan,nan,nan,0.24937499999999999,nan,0.1275,nan,nan,0.109375
