subdir,file,cluster,size,20all_distances_scaled_to_max_trajs_distances_offset,20all_distances_scaled_to_max_trajs_distances_offset x,20all_distances_scaled_to_max_trajs_distances_offset y,20all_nums_scaled_to_max_trajs_num_intersections_offset
only_rays_acceler_size_20_,filenames_in_cluster_train KMeans test nclus 8,7,319,0.25452920329906364,0.28774666229853446,0.23344265021573835,0.23074315008875165
only_rays_acceler_size_20_,filenames_in_cluster_train KMeans test nclus 8,0,234,0.26728922032304275,0.2177627570737711,0.31176554546710444,0.37645667599222626
only_rays_acceler_size_20_,filenames_in_cluster_train KMeans test nclus 8,1,73,0.22508437624388558,0.18746428217044211,0.21565942543074043,0.3227506309967541
only_rays_acceler_size_20_,filenames_in_cluster_train KMeans test nclus 8,5,50,0.23728555821222877,0.22379724394678677,0.2604519054745524,0.3263263533472111
only_rays_acceler_size_20_,filenames_in_cluster_train KMeans test nclus 8,3,83,0.31546353788553727,0.35051014838379907,0.2305850485790784,0.2711512634922144
only_rays_acceler_size_20_,filenames_in_cluster_train KMeans test nclus 8,4,56,0.24599770638906868,0.22811477408539926,0.2764109021382256,0.2519059996368908
only_rays_acceler_size_20_,filenames_in_cluster_train KMeans test nclus 8,6,34,0.2194788837162089,0.23222265557031452,0.20583929233447004,0.2617212017209654
only_rays_acceler_size_20_,filenames_in_cluster_train KMeans test nclus 8,2,11,0.26292106763344103,0.26269815437741373,0.26614046099422833,0.3029802112367498
