subdir,file,cluster,size,20all_distances_scaled_to_max_trajs_distances_offset,20all_distances_scaled_to_max_trajs_distances_offset x,20all_distances_scaled_to_max_trajs_distances_offset y,20all_nums_scaled_to_max_trajs_num_intersections_offset
only_rays_acceler_size_20_,filenames_in_cluster_test KMeans test nclus 7,1,236,0.2282264066971896,0.29979405161424055,0.2696015377117412,0.28471927842936173
only_rays_acceler_size_20_,filenames_in_cluster_test KMeans test nclus 7,5,172,0.24103502412842376,0.20590194482933352,0.260635536306014,0.3524521992145971
only_rays_acceler_size_20_,filenames_in_cluster_test KMeans test nclus 7,3,81,0.30378495129587935,0.2519771619387392,0.19023028415597698,0.3042903097250923
only_rays_acceler_size_20_,filenames_in_cluster_test KMeans test nclus 7,0,62,0.20509041296380975,0.1917850898902219,0.2129258912450238,0.2961171285118896
only_rays_acceler_size_20_,filenames_in_cluster_test KMeans test nclus 7,6,32,0.2680804035164967,0.24172611683105322,0.24844009700616085,0.24556615071096424
only_rays_acceler_size_20_,filenames_in_cluster_test KMeans test nclus 7,2,20,0.25275141141435004,0.23945210579598153,0.28692671895620403,0.2698379143115363
only_rays_acceler_size_20_,filenames_in_cluster_test KMeans test nclus 7,4,3,0.43289613793301607,0.46633716658793856,0.45718208168238655,0.42491829279939886
