window_size,vehicle,ride,start,scale,scale x,scale y,offset,offset x,offset y,no scale,no scale x,no scale y,only offset,only offset x,only offset y,
20,Vehicle_4,9484077,0,0.01527646562598541,0.009538949429773883,0.009988420579761532,0.015101407101831457,0.009019581463857267,0.010278877371059937,0.001005856472447865,0.0004974835995851865,0.0007344339564013714,0.0020833333333333333,0.0012958509748503047,0.001295850974850305,
20,Vehicle_4,9484077,20,0.00914007363499328,0.004528434286477688,0.006966913217356864,0.011053132464445517,0.006178551609048592,0.007793657784704058,0.0006706745136464784,0.0004106756391469203,0.0004107295318146524,0.0024305555555555556,0.001643073197072527,0.0012958509748503045,
20,Vehicle_4,9484077,40,0.014831013448726362,0.009062858102052958,0.00996398171781802,0.013616618548786269,0.008432004217421232,0.008901513682070754,0.0010061477295105648,0.0007347121315476221,0.0004975621400327337,0.003125,0.0022444797274783867,0.001643073197072527,
20,Vehicle_4,9484077,60,0.011051012232161317,0.006379774583313126,0.007729423997275134,0.010300284316622464,0.005831329386826372,0.007388031859103233,0.0010052573743916907,0.0007338713646419566,0.0004973124490728411,0.0020833333333333333,0.0012958509748503045,0.0012958509748503045,
