subdir,file,cluster,size,36all_distances_scaled_to_max_trajs_distances_offset,36all_distances_scaled_to_max_trajs_distances_offset x,36all_distances_scaled_to_max_trajs_distances_offset y,36all_nums_scaled_to_max_trajs_num_intersections_offset
only_rays_size_36_,filenames_in_cluster_test KMeans test nclus 9,1,201,0.24348988218143988,0.32325487969161415,0.303726862129763,inf
only_rays_size_36_,filenames_in_cluster_test KMeans test nclus 9,6,189,0.19559974679615366,0.17800819910471719,0.2227310898352774,0.23165903998930834
only_rays_size_36_,filenames_in_cluster_test KMeans test nclus 9,3,57,0.2809714442403688,0.2572553074544029,0.26557458698728187,0.4021716977665842
only_rays_size_36_,filenames_in_cluster_test KMeans test nclus 9,8,32,0.19784164954281444,0.1950645201508737,0.226696399219643,0.24550649176752948
only_rays_size_36_,filenames_in_cluster_test KMeans test nclus 9,0,44,0.24439504270960874,0.22157662282075746,0.2444140194435718,0.4562468159064711
only_rays_size_36_,filenames_in_cluster_test KMeans test nclus 9,7,20,0.23129065374654,0.24425160946303415,0.22069151084668548,0.37230513172814456
only_rays_size_36_,filenames_in_cluster_test KMeans test nclus 9,2,41,0.28080308742699156,0.2228182897644942,0.2077699711874287,0.2248140218888373
only_rays_size_36_,filenames_in_cluster_test KMeans test nclus 9,4,19,0.27203505470547973,0.263347690841833,0.2862132789155591,0.2758454643846925
only_rays_size_36_,filenames_in_cluster_test KMeans test nclus 9,5,3,0.42216621582465474,0.418981047065006,0.4532779395736035,0.42491829279939886
