subdir,file,cluster,size,36all_distances_scaled_to_max_trajs_distances_offset,36all_distances_scaled_to_max_trajs_distances_offset x,36all_distances_scaled_to_max_trajs_distances_offset y,36all_nums_scaled_to_max_trajs_num_intersections_offset
only_rays_size_36_,filenames_in_cluster_train KMeans test nclus 6,0,565,0.001619798567807552,0.0014205315445153597,0.0014634833630233698,0.002094281410716093
only_rays_size_36_,filenames_in_cluster_train KMeans test nclus 6,5,91,0.0037980765275081618,0.00238169808954,0.0027214515364584538,0.005033025471026154
only_rays_size_36_,filenames_in_cluster_train KMeans test nclus 6,3,57,0.003451019563666968,0.002331808717853217,0.0023451818526910003,0.001844917747362163
only_rays_size_36_,filenames_in_cluster_train KMeans test nclus 6,1,98,0.002487190718942957,0.0020936097133197316,0.0016816445672045246,0.0031610958757222057
only_rays_size_36_,filenames_in_cluster_train KMeans test nclus 6,2,38,0.005541286405178988,0.003394688650361691,0.003844987612826478,0.006025453100863869
only_rays_size_36_,filenames_in_cluster_train KMeans test nclus 6,4,11,0.006658347912048186,0.0036731832063593337,0.00483060265944498,0.010572768857454357
