subdir,file,cluster,size,36all_distances_scaled_to_max_trajs_distances_offset,36all_distances_scaled_to_max_trajs_distances_offset x,36all_distances_scaled_to_max_trajs_distances_offset y,36all_nums_scaled_to_max_trajs_num_intersections_offset
only_rays_size_36_,filenames_in_cluster_train KMeans test nclus 9,1,290,0.0007854986585594986,0.0012733459870863876,0.0011435329577386066,3.469446951953614e-18
only_rays_size_36_,filenames_in_cluster_train KMeans test nclus 9,6,275,0.0020276205005197306,0.001286030977252733,0.0017359982079680925,0.0016319752847552464
only_rays_size_36_,filenames_in_cluster_train KMeans test nclus 9,8,47,0.0024628781206636773,0.0017287708444396863,0.0018358327751259854,0.0046139556897675
only_rays_size_36_,filenames_in_cluster_train KMeans test nclus 9,0,52,0.0035505866967470144,0.0024269513732335926,0.0023871221526736894,0.0017802691396090952
only_rays_size_36_,filenames_in_cluster_train KMeans test nclus 9,3,75,0.003184346963636476,0.0016677743833228048,0.00255249164156431,0.002607344552228394
only_rays_size_36_,filenames_in_cluster_train KMeans test nclus 9,2,40,0.0022174886713821366,0.0017274861060952481,0.0016357168498549429,0.004531242537485497
only_rays_size_36_,filenames_in_cluster_train KMeans test nclus 9,7,37,0.0005319346545856881,0.00041929897887160765,0.00025573600246608577,0.0031331810431554225
only_rays_size_36_,filenames_in_cluster_train KMeans test nclus 9,4,34,0.005442943181851375,0.00340876173203934,0.003667468582917386,0.0061349995597862585
only_rays_size_36_,filenames_in_cluster_train KMeans test nclus 9,5,10,0.006255933881486809,0.0033451213898473427,0.0046374173964402665,0.010276644310403489
