subdir,file,cluster,size,36all_distances_scaled_to_max_trajs_distances_offset,36all_distances_scaled_to_max_trajs_distances_offset x,36all_distances_scaled_to_max_trajs_distances_offset y,36all_nums_scaled_to_max_trajs_num_intersections_offset
only_rays_size_36_,filenames_in_cluster_train KMeans test nclus 5,0,565,0.001619798567807552,0.0014205315445153597,0.0014634833630233698,0.002094281410716093
only_rays_size_36_,filenames_in_cluster_train KMeans test nclus 5,4,83,0.0037916209487674564,0.0023276883956850087,0.002817987062948062,0.005710890513013649
only_rays_size_36_,filenames_in_cluster_train KMeans test nclus 5,3,62,0.0036610895297710185,0.0023866905137514193,0.002540288705969564,0.002335068026810844
only_rays_size_36_,filenames_in_cluster_train KMeans test nclus 5,1,118,0.0029172314648383693,0.002318508944800665,0.0018849468473253698,0.003616805636141712
only_rays_size_36_,filenames_in_cluster_train KMeans test nclus 5,2,32,0.008139199829791227,0.004978187435832544,0.0054490064639134885,0.012390229583321845
