window_size,vehicle,ride,start,scale,scale x,scale y,offset,offset x,offset y,no scale,no scale x,no scale y,only offset,only offset x,only offset y,
20,Vehicle_16,8446872,0,0.011328841191373243,0.006544667682310558,0.007694672454099752,0.011687593118242443,0.006864549644398267,0.007826266742268613,0.011328841191373243,0.006544667682310558,0.007694672454099752,0.011687593118242443,0.006864549644398267,0.007826266742268613,
20,Vehicle_16,8446872,20,0.010713670978740698,0.005942762044829593,0.007552000971590871,0.011103530982799245,0.006248342740499575,0.0077966719500052965,0.010713670978740698,0.005942762044829593,0.007552000971590871,0.011103530982799245,0.006248342740499575,0.0077966719500052965,
20,Vehicle_16,8446872,40,0.009669166399793877,0.004923890848104179,0.007315684623173061,0.010365932961263135,0.005462147412130386,0.007757119186675564,0.009669166399793877,0.004923890848104179,0.007315684623173061,0.010365932961263135,0.005462147412130386,0.007757119186675564,
20,Vehicle_16,8446872,60,0.012771749942960476,0.007924108356416529,0.008081979877210203,0.012716328264931595,0.007853362169349155,0.008085844372249469,0.012771749942960476,0.007924108356416529,0.008081979877210203,0.012716328264931595,0.007853362169349155,0.008085844372249469,
20,Vehicle_16,8446872,80,0.009912573450176024,0.007590394453697405,0.005017670787774623,0.010141732143697955,0.007810228254243713,0.005216373707883305,0.009912573450176024,0.007590394453697405,0.005017670787774623,0.010141732143697955,0.007810228254243713,0.005216373707883305,
20,Vehicle_16,8446872,100,0.011022101748640057,0.006266002205087923,0.007663977102356918,0.012016883942386904,0.007032392977404081,0.008226214568103043,0.011022101748640057,0.006266002205087923,0.007663977102356918,0.012016883942386904,0.007032392977404081,0.008226214568103043,
20,Vehicle_16,8446872,120,0.011666374655938675,0.006428040846102886,0.00825443835704529,0.012342036821447685,0.007004289719525662,0.008633195669358251,0.011666374655938675,0.006428040846102886,0.00825443835704529,0.012342036821447685,0.007004289719525662,0.008633195669358251,
20,Vehicle_16,8446872,140,0.014769610276653251,0.008124287736108689,0.010658403317438546,0.015484344164377635,0.008594768036834165,0.011186548454571843,0.014769610276653251,0.008124287736108689,0.010658403317438546,0.015484344164377635,0.008594768036834165,0.011186548454571843,
