subdir,file,cluster,size,12all_distances_scaled_to_max_trajs_distances_offset,12all_distances_scaled_to_max_trajs_distances_offset x,12all_distances_scaled_to_max_trajs_distances_offset y,12all_nums_scaled_to_max_trajs_num_intersections_offset
only_rays_heading_size_12_,filenames_in_cluster_test KMeans test nclus 6,0,387,0.010803338404083911,0.006857571399986344,0.006905714262514036,0.024658302733578167
only_rays_heading_size_12_,filenames_in_cluster_test KMeans test nclus 6,5,40,0.01319312288345928,0.008481539309814141,0.008318955908467079,0.03215460526315792
only_rays_heading_size_12_,filenames_in_cluster_test KMeans test nclus 6,1,71,0.017276616043292475,0.01116716775864177,0.010846854679410682,0.04619162342475908
only_rays_heading_size_12_,filenames_in_cluster_test KMeans test nclus 6,3,85,0.013685175111763606,0.008903118059723202,0.008519473657791609,0.03502321981424146
only_rays_heading_size_12_,filenames_in_cluster_test KMeans test nclus 6,4,18,0.022140333990575415,0.014506729598533975,0.013711253270246818,0.05994152046783626
only_rays_heading_size_12_,filenames_in_cluster_test KMeans test nclus 6,2,5,0.027782141718762275,0.01790827237122922,0.017514907352463742,0.07828947368421052
