subdir,file,cluster,size,12all_distances_scaled_to_max_trajs_distances_offset,12all_distances_scaled_to_max_trajs_distances_offset x,12all_distances_scaled_to_max_trajs_distances_offset y,12all_nums_scaled_to_max_trajs_num_intersections_offset
only_rays_heading_size_12_,filenames_in_cluster_train KMeans test nclus 9,0,503,0.006691806927501799,0.0061786584396996,0.0055505657126254,0.003289473684210526
only_rays_heading_size_12_,filenames_in_cluster_train KMeans test nclus 9,8,55,0.011029503088211599,0.008486187025686799,0.008926104726242102,0.009868421052631578
only_rays_heading_size_12_,filenames_in_cluster_train KMeans test nclus 9,4,60,0.0106727227513435,0.0069656335857821,0.0079294333409849,0.006578947368421052
only_rays_heading_size_12_,filenames_in_cluster_train KMeans test nclus 9,2,39,0.0076760900279747996,0.006257466947362699,0.006684880044568399,0.006578947368421056
only_rays_heading_size_12_,filenames_in_cluster_train KMeans test nclus 9,7,45,0.0123356392263048,0.008728045069241599,0.009158797224867201,0.009868421052631578
only_rays_heading_size_12_,filenames_in_cluster_train KMeans test nclus 9,6,42,0.004344391417583301,0.0034885011698501,0.004979433835103,0.0032894736842105296
only_rays_heading_size_12_,filenames_in_cluster_train KMeans test nclus 9,1,73,0.0182078290448298,0.013133943528259799,0.011204064601628101,0.013157894736842105
only_rays_heading_size_12_,filenames_in_cluster_train KMeans test nclus 9,5,32,0.0213116452955205,0.011638136383000099,0.015388194014781701,0.016447368421052634
only_rays_heading_size_12_,filenames_in_cluster_train KMeans test nclus 9,3,11,0.029639575088333796,0.0179135169206029,0.019831280182299002,0.02960526315789473
