subdir,file,cluster,size,28all_distances_scaled_to_max_trajs_distances_offset,28all_distances_scaled_to_max_trajs_distances_offset x,28all_distances_scaled_to_max_trajs_distances_offset y,28all_nums_scaled_to_max_trajs_num_intersections_offset
only_rays_acceler_size_28_,filenames_in_cluster_train KMeans test nclus 6,0,315,0.011096507231520633,0.006914562709746701,0.007247005148742793,0.02631578947368414
only_rays_acceler_size_28_,filenames_in_cluster_train KMeans test nclus 6,5,250,0.011543620720604351,0.007734997614621197,0.006970445282789417,0.022447368421052622
only_rays_acceler_size_28_,filenames_in_cluster_train KMeans test nclus 6,2,97,0.019315567386580797,0.012273016182343652,0.012342632595840812,0.04757867607162234
only_rays_acceler_size_28_,filenames_in_cluster_train KMeans test nclus 6,3,66,0.01578083280013323,0.01020892326135716,0.00988030579982764,0.031349681020733634
only_rays_acceler_size_28_,filenames_in_cluster_train KMeans test nclus 6,1,99,0.012273819652045251,0.007666572366663464,0.00803200790327945,0.0374136097820308
only_rays_acceler_size_28_,filenames_in_cluster_train KMeans test nclus 6,4,33,0.028034125187855728,0.017578932998432332,0.018131520337798242,0.0710725677830941
