subdir,file,cluster,size,28all_distances_scaled_to_max_trajs_distances_offset,28all_distances_scaled_to_max_trajs_distances_offset x,28all_distances_scaled_to_max_trajs_distances_offset y,28all_nums_scaled_to_max_trajs_num_intersections_offset
only_rays_acceler_size_28_,filenames_in_cluster_train KMeans test nclus 7,1,315,0.011096507231520633,0.006914562709746701,0.007247005148742793,0.02631578947368414
only_rays_acceler_size_28_,filenames_in_cluster_train KMeans test nclus 7,6,250,0.011543620720604351,0.007734997614621197,0.006970445282789417,0.022447368421052622
only_rays_acceler_size_28_,filenames_in_cluster_train KMeans test nclus 7,2,85,0.01863317383429941,0.011878953591908326,0.0118655819018612,0.044969040247677984
only_rays_acceler_size_28_,filenames_in_cluster_train KMeans test nclus 7,3,64,0.01571757427928928,0.010174871467956544,0.009830581036795774,0.03124999999999998
only_rays_acceler_size_28_,filenames_in_cluster_train KMeans test nclus 7,5,92,0.012065435700791494,0.007499150581936129,0.00793583914865801,0.03697082379862698
only_rays_acceler_size_28_,filenames_in_cluster_train KMeans test nclus 7,4,44,0.022616152795898282,0.014215326325142469,0.014610119405513282,0.060182416267942566
only_rays_acceler_size_28_,filenames_in_cluster_train KMeans test nclus 7,0,10,0.03605039407765433,0.02270679170790377,0.023217039462493788,0.0861842105263158
