window_size,vehicle,ride,start,scale,scale x,scale y,offset,offset x,offset y,no scale,no scale x,no scale y,only offset,only offset x,only offset y,
20,Vehicle_11,8354807,0,0.007657130172552632,0.005853784742752315,0.003730274500948211,0.007759384903424631,0.005610644736798421,0.004075669237760526,0.0,0.0,0.0,0.0032893826306714734,0.0016450750592104213,0.0016443075714609474,
20,Vehicle_11,8354807,20,0.007657130172552632,0.005853784742752315,0.003730274500948211,0.007759384903424631,0.005610644736798421,0.004075669237760526,0.0,0.0,0.0,0.0032893826306714734,0.0016450750592104213,0.0016443075714609474,
20,Vehicle_11,8354807,40,0.007657130172552632,0.005853784742752315,0.003730274500948211,0.007759384903424631,0.005610644736798421,0.004075669237760526,0.0,0.0,0.0,0.0032893826306714734,0.0016450750592104213,0.0016443075714609474,
20,Vehicle_11,8354807,60,0.007657130172552632,0.005853784742752315,0.003730274500948211,0.007759384903424631,0.005610644736798421,0.004075669237760526,0.0,0.0,0.0,0.0032893826306714734,0.0016450750592104213,0.0016443075714609474,
20,Vehicle_11,8354807,80,0.007657130172552632,0.005853784742752315,0.003730274500948211,0.007759384903424631,0.005610644736798421,0.004075669237760526,0.0,0.0,0.0,0.0032893826306714734,0.0016450750592104213,0.0016443075714609474,
20,Vehicle_11,8354807,100,0.007657130172552632,0.005853784742752315,0.003730274500948211,0.007759384903424631,0.005610644736798421,0.004075669237760526,0.0,0.0,0.0,0.0032893826306714734,0.0016450750592104213,0.0016443075714609474,
