window_size,vehicle,ride,start,scale,scale x,scale y,offset,offset x,offset y,no scale,no scale x,no scale y,only offset,only offset x,only offset y,
20,Vehicle_11,8354807,0,0.010669417382415922,0.00625,0.006250000000000002,0.00975165348214976,0.005332236099733837,0.006250000000000001,0.0,0.0,0.0,0.00625,0.003125,0.0031250000000000006,
20,Vehicle_11,8354807,20,0.007544417382415921,0.0031250000000000006,0.00625,0.013794417382415922,0.009375,0.006250000000000001,0.0,0.0,0.0,0.009375,0.00625,0.0031250000000000006,
20,Vehicle_11,8354807,40,0.007544417382415921,0.003125000000000001,0.00625,0.01066941738241592,0.00625,0.00625,0.0,0.0,0.0,0.00625,0.003125,0.003125,
20,Vehicle_11,8354807,60,0.014822559396167048,0.009233435303302333,0.009250289328032868,0.014219223234109889,0.008728195782341403,0.009152192686936641,0.0,0.0,0.0,0.00625,0.003125,0.003125,
20,Vehicle_11,8354807,80,0.004515131493543712,0.003125,0.003220714111127791,0.009037450318278255,0.00625,0.004618032935862334,0.0,0.0,0.0,0.00625,0.003125,0.003125,
20,Vehicle_11,8354807,100,0.010669417382415924,0.00625,0.006250000000000002,0.007371415658269531,0.005330112499991243,0.0038718857758623664,0.0,0.0,0.0,0.00625,0.0031250000000000006,0.003125,
