window_size,vehicle,ride,start,scale,scale x,scale y,offset,offset x,offset y,no scale,no scale x,no scale y,only offset,only offset x,only offset y,
20,Vehicle_11,8354807,0,0.006902865148725496,0.004197869830468635,0.0045355779358473595,0.008674079759226096,0.00533223609978042,0.0051724262770645206,0.0,0.0,0.0,0.0031252860305137965,0.0015626632471804514,0.001562622783333345,
20,Vehicle_11,8354807,20,0.004665611085937908,0.0031249999999999997,0.0033711937035234662,0.01083099885261294,0.006411581470193443,0.0062500000000101094,0.0,0.0,0.0,0.004687812349945764,0.0031251774487705553,0.0015626349011752083,
20,Vehicle_11,8354807,40,0.0048213922279507476,0.003125,0.003526974845534826,0.007035189575148101,0.003986248803503945,0.0048795233892282314,0.0,0.0,0.0,0.003124475495358514,0.001561777711267609,0.001562697784090905,
20,Vehicle_11,8354807,60,0.011946980740095838,0.009233435303295389,0.0063747106719951995,0.011539837860227596,0.008728195782331133,0.006472807313091211,0.0,0.0,0.0,0.0031231167506281577,0.0015617353940217404,0.0015613813566064173,
20,Vehicle_11,8354807,80,0.007544417382409014,0.003125000000004047,0.006249999999991905,0.00865911219386827,0.005871661875585708,0.004618032935865455,0.0,0.0,0.0,0.003126528915403398,0.0015641241964285569,0.0015624047189748413,
20,Vehicle_11,8354807,100,0.007274273663925017,0.005561095505614759,0.0035437607759008383,0.007371415658253459,0.005330112499958504,0.003871885775872528,0.0,0.0,0.0,0.003124913499137921,0.0015628213062499785,0.0015620921928879428,
