window_size,vehicle,ride,start,scale,scale x,scale y,offset,offset x,offset y,no scale,no scale x,no scale y,only offset,only offset x,only offset y,
20,Vehicle_11,8354807,0,0.005817981739669473,0.004014636309884737,0.0037302745009257896,0.008727687535029683,0.006578947368421052,0.004075669237749789,0.0,0.0,0.0,0.006578947368421052,0.003289473684210526,0.003289473684210526,
20,Vehicle_11,8354807,20,0.005817981739669473,0.004014636309884737,0.0037302745009257896,0.008727687535029683,0.006578947368421052,0.004075669237749789,0.0,0.0,0.0,0.006578947368421052,0.003289473684210526,0.003289473684210526,
20,Vehicle_11,8354807,40,0.005817981739669473,0.004014636309884737,0.0037302745009257896,0.008727687535029683,0.006578947368421052,0.004075669237749789,0.0,0.0,0.0,0.006578947368421052,0.003289473684210526,0.003289473684210526,
20,Vehicle_11,8354807,60,0.005817981739669473,0.004014636309884737,0.0037302745009257896,0.008727687535029683,0.006578947368421052,0.004075669237749789,0.0,0.0,0.0,0.006578947368421052,0.003289473684210526,0.003289473684210526,
20,Vehicle_11,8354807,80,0.005817981739669473,0.004014636309884737,0.0037302745009257896,0.008727687535029683,0.006578947368421052,0.004075669237749789,0.0,0.0,0.0,0.006578947368421052,0.003289473684210526,0.003289473684210526,
20,Vehicle_11,8354807,100,0.005817981739669473,0.004014636309884737,0.0037302745009257896,0.008727687535029683,0.006578947368421052,0.004075669237749789,0.0,0.0,0.0,0.006578947368421052,0.003289473684210526,0.003289473684210526,
