subdir,file,cluster,size,28all_distances_scaled_to_max_trajs_distances_offset,28all_distances_scaled_to_max_trajs_distances_offset x,28all_distances_scaled_to_max_trajs_distances_offset y,28all_nums_scaled_to_max_trajs_num_intersections_offset,8all_distances_scaled_to_max_trajs_distances_offset,8all_distances_scaled_to_max_trajs_distances_offset x,8all_distances_scaled_to_max_trajs_distances_offset y,8all_nums_scaled_to_max_trajs_num_intersections_offset
only_rays_acceler_size_8_,filenames_in_cluster_test KMeans test nclus 10,1,248,0.0099872378197292,0.0050873713163884,0.0050873713163884,0.02631578947368421,0.0098276193539367,0.0053347086912079,0.0053347086912079,0.02631578947368421
only_rays_acceler_size_8_,filenames_in_cluster_test KMeans test nclus 10,6,173,0.0099344317317384,0.0050873713163884,0.0050873713163884,0.019736842105263157,0.0091102321146016,0.0053347086912079,0.0053347086912079,0.019736842105263157
only_rays_acceler_size_8_,filenames_in_cluster_test KMeans test nclus 10,0,76,0.0100799029831746,0.0051511468265925,0.0051511468265925,0.03289473684210526,0.0101239908085133,0.0056154828328504,0.0061159586912079,0.03289473684210526
only_rays_acceler_size_8_,filenames_in_cluster_test KMeans test nclus 10,8,1,0.0223585292962211,0.0156360988269859,0.0129157725847396,0.049342105263157895,0.0210932944984632,0.015028195230731,0.0117458091042308,0.049342105263157895
only_rays_acceler_size_8_,filenames_in_cluster_test KMeans test nclus 10,9,67,0.0102086141003035,0.0052786978470007,0.0052786978470007,0.03618421052631579,0.0101239908085133,0.0056154828328504,0.0072619703027143,0.03618421052631579
only_rays_acceler_size_8_,filenames_in_cluster_test KMeans test nclus 10,5,29,0.0127966682936087,0.007516362612564,0.0081470779836486,0.049342105263157895,0.0101239908085133,0.0056154828328504,0.0072619703027143,0.049342105263157895
only_rays_acceler_size_8_,filenames_in_cluster_test KMeans test nclus 10,2,10,0.0168308977123955,0.0124405098683959,0.00918288043111,0.05921052631578947,0.0105214178534073,0.0056154828328504,0.0076473615021609,0.05921052631578947
only_rays_acceler_size_8_,filenames_in_cluster_test KMeans test nclus 10,3,2,0.0334821007825454,0.0208580166153958,0.0203036074167242,0.0756578947368421,0.0121561220810881,0.0072602196749556,0.0076493647331836,0.0756578947368421
