subdir,file,cluster,size,28all_distances_scaled_to_max_trajs_distances_offset,28all_distances_scaled_to_max_trajs_distances_offset x,28all_distances_scaled_to_max_trajs_distances_offset y,28all_nums_scaled_to_max_trajs_num_intersections_offset,8all_distances_scaled_to_max_trajs_distances_offset,8all_distances_scaled_to_max_trajs_distances_offset x,8all_distances_scaled_to_max_trajs_distances_offset y,8all_nums_scaled_to_max_trajs_num_intersections_offset
only_rays_acceler_size_8_,filenames_in_cluster_test KMeans test nclus 6,0,420,0.0015854697055498884,0.0014685424831107883,0.0014477642655543843,0.0023304354307567775,0.0009365985616487003,0.0008166539591307913,0.0006945311292590476,0.0023304354307567775
only_rays_acceler_size_8_,filenames_in_cluster_test KMeans test nclus 6,2,103,0.003041329826294003,0.0022671799511353964,0.0020442698472780854,0.003543383986530445,0.0008871674241007022,0.0008368677944599547,0.0002634175837383824,0.003543383986530445
only_rays_acceler_size_8_,filenames_in_cluster_test KMeans test nclus 6,5,60,0.004571844744311227,0.0031059028500806767,0.0030400521172347567,0.0032944954358714064,0.0018132316305917147,0.0015846407665348907,0.000735490563711044,0.0032944954358714064
only_rays_acceler_size_8_,filenames_in_cluster_test KMeans test nclus 6,1,21,0.005293395176634546,0.0032830285360152217,0.003698342029169268,0.007283413494713453,0.0007976897475803736,0.0007753363828799564,8.447457470191105e-05,0.007283413494713453
only_rays_acceler_size_8_,filenames_in_cluster_test KMeans test nclus 6,3,2,0.00041920123565465303,0.0007897733434462494,0.0013098767682030495,0.004934210526315791,0.0,0.0,0.0,0.004934210526315791
