subdir,file,cluster,size,28all_distances_scaled_to_max_trajs_distances_offset,28all_distances_scaled_to_max_trajs_distances_offset x,28all_distances_scaled_to_max_trajs_distances_offset y,28all_nums_scaled_to_max_trajs_num_intersections_offset,8all_distances_scaled_to_max_trajs_distances_offset,8all_distances_scaled_to_max_trajs_distances_offset x,8all_distances_scaled_to_max_trajs_distances_offset y,8all_nums_scaled_to_max_trajs_num_intersections_offset
only_rays_acceler_size_8_,filenames_in_cluster_train KMeans test nclus 4,0,597,0.0223533308753878,0.0141195863080318,0.0141634670528464,0.029605263157894735,0.0250693878096448,0.014802486415856,0.0173775860083989,0.029605263157894735
only_rays_acceler_size_8_,filenames_in_cluster_train KMeans test nclus 4,1,163,0.024397799692337,0.0174486309334129,0.0160435191175817,0.046052631578947366,0.0259511135944216,0.0150908025774126,0.0179917441095669,0.046052631578947366
only_rays_acceler_size_8_,filenames_in_cluster_train KMeans test nclus 4,2,77,0.0333347259083372,0.0206788183366723,0.0215581112720068,0.0625,0.0283793051886059,0.0181724862354523,0.0184719606277154,0.0625
only_rays_acceler_size_8_,filenames_in_cluster_train KMeans test nclus 4,3,23,0.0470925473919057,0.0294264160162884,0.030468907807281,0.10526315789473684,0.0453016386618123,0.0282598184373667,0.0286979780592865,0.10526315789473684
