subdir,file,cluster,size,28all_distances_scaled_to_max_trajs_distances_offset,28all_distances_scaled_to_max_trajs_distances_offset x,28all_distances_scaled_to_max_trajs_distances_offset y,28all_nums_scaled_to_max_trajs_num_intersections_offset,8all_distances_scaled_to_max_trajs_distances_offset,8all_distances_scaled_to_max_trajs_distances_offset x,8all_distances_scaled_to_max_trajs_distances_offset y,8all_nums_scaled_to_max_trajs_num_intersections_offset
only_rays_acceler_size_8_,filenames_in_cluster_test KMeans test nclus 7,0,266,0.0099872378197292,0.0050873713163884,0.0050873713163884,0.02631578947368421,0.0098276193539367,0.0053347086912079,0.0053347086912079,0.02631578947368421
only_rays_acceler_size_8_,filenames_in_cluster_test KMeans test nclus 7,5,173,0.0099344317317384,0.0050873713163884,0.0050873713163884,0.019736842105263157,0.0091102321146016,0.0053347086912079,0.0053347086912079,0.019736842105263157
only_rays_acceler_size_8_,filenames_in_cluster_test KMeans test nclus 7,1,55,0.0114104081822196,0.0068526374226258,0.0062755175726804,0.04276315789473684,0.0101239908085133,0.0056154828328504,0.0072619703027143,0.04276315789473684
only_rays_acceler_size_8_,filenames_in_cluster_test KMeans test nclus 7,3,90,0.0101146637508419,0.0052149223367966,0.0052149223367966,0.03289473684210526,0.0101239908085133,0.0056154828328504,0.0068741022172966,0.03289473684210526
only_rays_acceler_size_8_,filenames_in_cluster_test KMeans test nclus 7,4,19,0.0149815088819918,0.0098003237046572,0.0091543255721781,0.05263157894736842,0.0101239908085133,0.0056154828328504,0.0072619703027143,0.05263157894736842
only_rays_acceler_size_8_,filenames_in_cluster_test KMeans test nclus 7,2,3,0.0205803743092346,0.0138893153869671,0.0124228406378532,0.0756578947368421,0.0121561220810881,0.0072602196749556,0.0076493647331836,0.0756578947368421
