subdir,file,cluster,size,28all_distances_scaled_to_max_trajs_distances_offset,28all_distances_scaled_to_max_trajs_distances_offset x,28all_distances_scaled_to_max_trajs_distances_offset y,28all_nums_scaled_to_max_trajs_num_intersections_offset,8all_distances_scaled_to_max_trajs_distances_offset,8all_distances_scaled_to_max_trajs_distances_offset x,8all_distances_scaled_to_max_trajs_distances_offset y,8all_nums_scaled_to_max_trajs_num_intersections_offset
only_rays_acceler_size_8_,filenames_in_cluster_test KMeans test nclus 4,0,420,2.5137141872164496e-06,2.1566170247012e-06,2.0960213686162257e-06,5.4309292969265265e-06,8.772168656824142e-07,6.66923688963996e-07,4.823734895098479e-07,5.4309292969265265e-06
only_rays_acceler_size_8_,filenames_in_cluster_test KMeans test nclus 4,1,120,1.1526490013762488e-05,6.506370287421738e-06,4.70170529109442e-06,1.7661684364419822e-05,1.4000733596629443e-06,1.1111650203912928e-06,1.9582649657633522e-07,1.7661684364419822e-05
only_rays_acceler_size_8_,filenames_in_cluster_test KMeans test nclus 4,2,59,2.2545804238514142e-05,9.815932705094804e-06,1.0353756778869677e-05,3.313023568385879e-05,2.077778007724286e-06,1.6850562658127379e-06,2.8927549875033157e-07,3.313023568385879e-05
only_rays_acceler_size_8_,filenames_in_cluster_test KMeans test nclus 4,3,7,4.7319789928038717e-05,1.3636115974644553e-05,2.6214976674373423e-05,3.091610605461018e-05,6.390362305593433e-07,6.624879868844534e-07,2.899928509101806e-10,3.091610605461018e-05
