subdir,file,cluster,size,28all_distances_scaled_to_max_trajs_distances_offset,28all_distances_scaled_to_max_trajs_distances_offset x,28all_distances_scaled_to_max_trajs_distances_offset y,28all_nums_scaled_to_max_trajs_num_intersections_offset,8all_distances_scaled_to_max_trajs_distances_offset,8all_distances_scaled_to_max_trajs_distances_offset x,8all_distances_scaled_to_max_trajs_distances_offset y,8all_nums_scaled_to_max_trajs_num_intersections_offset
only_rays_acceler_size_8_,filenames_in_cluster_train KMeans test nclus 7,0,364,0.0017323023907073862,0.0016187821544803422,0.0014418959370037752,0.0018575629014046075,0.0010334127533790578,0.0009554598255188282,0.0007215710196163043,0.0018575629014046075
only_rays_acceler_size_8_,filenames_in_cluster_train KMeans test nclus 7,5,242,0.0016029998313227929,0.0010928020191314002,0.0015316521488881738,0.0012339597886892523,0.0010970075137192354,0.0010038399561461823,0.0007600546557899115,0.0012339597886892523
only_rays_acceler_size_8_,filenames_in_cluster_train KMeans test nclus 7,3,107,0.003618381330283202,0.0026446253542402307,0.0022575753678134615,0.0027872668363608305,0.00191961635775302,0.0016646363235053312,0.0010229637989341833,0.0027872668363608305
only_rays_acceler_size_8_,filenames_in_cluster_train KMeans test nclus 7,1,64,0.004284913672449312,0.0026545379273757237,0.00306594676404135,0.003648535880740399,0.0046129446086721594,0.0030659350324991753,0.0029036321059897445,0.003648535880740399
only_rays_acceler_size_8_,filenames_in_cluster_train KMeans test nclus 7,4,33,0.00484899656510336,0.002954961634837601,0.0033791138372942725,0.005306551696254453,0.0068138477316361514,0.004492796646604706,0.004356071935710293,0.005306551696254453
only_rays_acceler_size_8_,filenames_in_cluster_train KMeans test nclus 7,6,38,0.003521631488368397,0.002513294506198013,0.002121643107096415,0.0057446883736277906,0.0023207372202407126,0.0012872003048791606,0.002031315637506522,0.0057446883736277906
only_rays_acceler_size_8_,filenames_in_cluster_train KMeans test nclus 7,2,12,0.008301626388614574,0.005062202223935224,0.005555978738795652,0.010613191163709394,0.012841484104790319,0.008248170802683691,0.007993079596145567,0.010613191163709394
