subdir,file,cluster,size,28all_distances_scaled_to_max_trajs_distances_offset,28all_distances_scaled_to_max_trajs_distances_offset x,28all_distances_scaled_to_max_trajs_distances_offset y,28all_nums_scaled_to_max_trajs_num_intersections_offset,8all_distances_scaled_to_max_trajs_distances_offset,8all_distances_scaled_to_max_trajs_distances_offset x,8all_distances_scaled_to_max_trajs_distances_offset y,8all_nums_scaled_to_max_trajs_num_intersections_offset
only_rays_acceler_size_8_,filenames_in_cluster_test KMeans test nclus 9,4,248,0.011135172140607828,0.006876427121759534,0.007349940088113098,0.026726973684210443,0.010987738779494811,0.006307342537374082,0.0074482831578078,0.026726973684210443
only_rays_acceler_size_8_,filenames_in_cluster_test KMeans test nclus 9,0,173,0.011544673518570327,0.007725056974326894,0.006995505204466405,0.02255095832065722,0.01092121162465098,0.006363917296103197,0.007296321300662129,0.02255095832065722
only_rays_acceler_size_8_,filenames_in_cluster_test KMeans test nclus 9,3,85,0.01316130267966223,0.008515055575298617,0.008308134363442033,0.03595201238390094,0.011249481075626186,0.006449139747333875,0.007565702597145672,0.03595201238390094
only_rays_acceler_size_8_,filenames_in_cluster_test KMeans test nclus 9,8,60,0.017653876225404097,0.011405628242395958,0.011103907596445473,0.04385964912280701,0.011825544169492181,0.006913186925248071,0.007766015699826154,0.04385964912280701
only_rays_acceler_size_8_,filenames_in_cluster_test KMeans test nclus 9,1,31,0.01991949559475478,0.013174065373820962,0.012249982871193952,0.05422325976230899,0.01166911135019303,0.0067827154304734485,0.007639858246770771,0.05422325976230899
only_rays_acceler_size_8_,filenames_in_cluster_test KMeans test nclus 9,7,4,0.0238557212821653,0.015759565150556577,0.01471266638270675,0.06661184210526316,0.0113458717181716,0.006437851253903001,0.0076614827913198,0.06661184210526316
only_rays_acceler_size_8_,filenames_in_cluster_test KMeans test nclus 9,2,5,0.027888205324761862,0.01822235336675954,0.0173902110778228,0.07828947368421052,0.0118344619900865,0.006931272306534561,0.007656652010603079,0.07828947368421052
