subdir,file,cluster,size,28all_distances_scaled_to_max_trajs_distances_offset,28all_distances_scaled_to_max_trajs_distances_offset x,28all_distances_scaled_to_max_trajs_distances_offset y,28all_nums_scaled_to_max_trajs_num_intersections_offset,8all_distances_scaled_to_max_trajs_distances_offset,8all_distances_scaled_to_max_trajs_distances_offset x,8all_distances_scaled_to_max_trajs_distances_offset y,8all_nums_scaled_to_max_trajs_num_intersections_offset
only_rays_acceler_size_8_,filenames_in_cluster_test KMeans test nclus 5,1,420,0.011277349668849596,0.0072096102476542695,0.007186707159281446,0.0250000000000001,0.010957558832212534,0.006328377194808724,0.0073852153491636725,0.0250000000000001
only_rays_acceler_size_8_,filenames_in_cluster_test KMeans test nclus 5,0,126,0.014016175820216786,0.00907664312827975,0.008826474913407729,0.03814223057644112,0.011305751961713373,0.00648789027516067,0.007583876956245648,0.03814223057644112
only_rays_acceler_size_8_,filenames_in_cluster_test KMeans test nclus 5,3,54,0.020655626479352054,0.01352309455320306,0.012824043467288316,0.05165692007797272,0.01203600050265744,0.00709544888093358,0.00779478259677831,0.05165692007797272
only_rays_acceler_size_8_,filenames_in_cluster_test KMeans test nclus 5,2,6,0.028522323653275717,0.018418635195420533,0.017988902601639833,0.07675438596491228,0.011620355801255899,0.006711974060920532,0.0076618440673865175,0.07675438596491228
