window_size,vehicle,ride,start,offset,offset x,offset y,scale,scale x,scale y,no scale,no scale x,no scale y,only offset,only offset x,only offset y,
20,Vehicle_9,8936382,0,0.011702021020930107,0.006548642928442861,0.008400350652856532,0.01034367473376629,0.0054962593163294235,0.0076148275333020685,0.01034367473376629,0.0054962593163294235,0.0076148275333020685,0.011702021020930107,0.006548642928442861,0.008400350652856532,
20,Vehicle_9,8936382,20,0.010846332905947257,0.005729705241371834,0.008182149927484124,0.009447495166704935,0.004670807399933678,0.007284511583653732,0.009447495166704935,0.004670807399933678,0.007284511583653732,0.010846332905947257,0.005729705241371834,0.008182149927484124,
20,Vehicle_9,8936382,40,0.010515605094836886,0.005611315273529163,0.007843437317115872,0.009995148429134241,0.00514011591838377,0.007574692989085671,0.009995148429134241,0.00514011591838377,0.007574692989085671,0.010515605094836886,0.005611315273529163,0.007843437317115872,
20,Vehicle_9,8936382,60,0.011586332389543052,0.008326805226796246,0.006472526805161677,0.011000019155296869,0.007801364681240804,0.006108497555861733,0.011000019155296869,0.007801364681240804,0.006108497555861733,0.011586332389543052,0.008326805226796246,0.006472526805161677,
20,Vehicle_9,8936382,80,0.021061636621673676,0.013640134284935818,0.013200135642346782,0.02033351246842198,0.013098583376308683,0.012753650577496278,0.02033351246842198,0.013098583376308683,0.012753650577496278,0.021061636621673676,0.013640134284935818,0.013200135642346782,
20,Vehicle_9,8936382,100,0.010372829636019949,0.005311455288319212,0.008037814266762864,0.00921226341233283,0.004504920287962831,0.0072139610804907465,0.00921226341233283,0.004504920287962831,0.0072139610804907465,0.010372829636019949,0.005311455288319212,0.008037814266762864,
20,Vehicle_9,8936382,120,0.01755628144693962,0.01003446134130828,0.012465736661029715,0.016580225766169413,0.009464566169401114,0.011620671950633137,0.016580225766169413,0.009464566169401114,0.011620671950633137,0.01755628144693962,0.01003446134130828,0.012465736661029715,
