window_size,vehicle,ride,start,scale,scale x,scale y,offset,offset x,offset y,no scale,no scale x,no scale y,only offset,only offset x,only offset y,
20,Vehicle_17,8700334,0,0.008345892498427038,0.004133440983041408,0.006611081769664115,0.00986114811099882,0.005095093796963928,0.007626793618243883,0.0002724514778298411,0.00017676319057189575,0.0001767724285792453,0.000954882623917675,0.0006159714333962775,0.0006159518350917369,
20,Vehicle_17,8700334,20,0.00883795487714637,0.0046336757157789815,0.006756866546049373,0.010990984691664901,0.005999257738259177,0.008227707751295013,0.0002724484595080308,0.0001767615170053117,0.00017676999183381147,0.0009982253897885215,0.0006593156000629584,0.0006159504342959026,
20,Vehicle_17,8700334,40,0.008819926297671098,0.004587585022761812,0.006760955344919767,0.010020953065523941,0.0053002959529539935,0.007602390787324544,0.00027246520482470754,0.00017677550300056064,0.00017677733856747547,0.001041662616675429,0.0007027520808164239,0.0006159511804293446,
20,Vehicle_17,8700334,60,0.008243529839976036,0.004042962638650912,0.006611379133250372,0.00981516674859235,0.005093366166683788,0.007582539886112936,0.000272467098001432,0.00017677575593907306,0.00017677964466737724,0.0009982629444812666,0.0006593516774818388,0.0006159519115697669,
