subdir,file,cluster,size,32all_distances_scaled_to_max_trajs_distances_offset,32all_distances_scaled_to_max_trajs_distances_offset x,32all_distances_scaled_to_max_trajs_distances_offset y,32all_nums_scaled_to_max_trajs_num_intersections_offset
only_rays_size_32_,filenames_in_cluster_train KMeans test nclus 5,4,372,0.0023124094830260936,0.0018562729609655155,0.0016944986371829867,0.0014402428601798481
only_rays_size_32_,filenames_in_cluster_train KMeans test nclus 5,0,232,0.0011608193374280519,0.0009581347062001318,0.0013092790882841846,0.0012425647856287797
only_rays_size_32_,filenames_in_cluster_train KMeans test nclus 5,2,91,0.003897860737583491,0.0024619309153479656,0.002789337416964076,0.005321505558004033
only_rays_size_32_,filenames_in_cluster_train KMeans test nclus 5,1,125,0.0033068859504375736,0.0025596280408069316,0.0020771912021701313,0.0031880142570332227
only_rays_size_32_,filenames_in_cluster_train KMeans test nclus 5,3,40,0.007739716938704832,0.004836420258390255,0.005088042131646199,0.012652452856228544
