subdir,file,cluster,size,32all_distances_scaled_to_max_trajs_distances_offset,32all_distances_scaled_to_max_trajs_distances_offset x,32all_distances_scaled_to_max_trajs_distances_offset y,32all_nums_scaled_to_max_trajs_num_intersections_offset
only_rays_size_32_,filenames_in_cluster_test KMeans test nclus 6,1,260,0.0197548486788911,0.0121325359458441,0.0128883832254504,0.029605263157894735
only_rays_size_32_,filenames_in_cluster_test KMeans test nclus 6,4,160,0.0152027994311998,0.0100120951022651,0.0095366896124296,0.023026315789473683
only_rays_size_32_,filenames_in_cluster_test KMeans test nclus 6,5,48,0.0236830615620749,0.0156247657666413,0.0147755253927003,0.039473684210526314
only_rays_size_32_,filenames_in_cluster_test KMeans test nclus 6,0,58,0.0344027014081961,0.0226839787962711,0.0210810657198766,0.06907894736842106
only_rays_size_32_,filenames_in_cluster_test KMeans test nclus 6,2,73,0.0164447520475083,0.0116609275841222,0.0118576505989734,0.049342105263157895
only_rays_size_32_,filenames_in_cluster_test KMeans test nclus 6,3,7,0.0337790515341262,0.0224013479440434,0.0226908990701427,0.08552631578947369
