subdir,file,cluster,size,32all_distances_scaled_to_max_trajs_distances_offset,32all_distances_scaled_to_max_trajs_distances_offset x,32all_distances_scaled_to_max_trajs_distances_offset y,32all_nums_scaled_to_max_trajs_num_intersections_offset
only_rays_size_32_,filenames_in_cluster_test KMeans test nclus 9,1,249,0.0015687786042621235,0.0015356508867865812,0.0013757403605833558,0.0012679555644368873
only_rays_size_32_,filenames_in_cluster_test KMeans test nclus 9,6,156,0.0011886745031748818,0.0010880576657388075,0.0013122721198158016,0.00118684609307273
only_rays_size_32_,filenames_in_cluster_test KMeans test nclus 9,4,66,0.0025657532633665005,0.001433035134502356,0.0020880092773488132,0.0029270428349334175
only_rays_size_32_,filenames_in_cluster_test KMeans test nclus 9,2,26,0.0029890351559741547,0.0019772223656678903,0.002294946202306628,0.003944447689301593
only_rays_size_32_,filenames_in_cluster_test KMeans test nclus 9,7,22,0.002588690932407489,0.0014883121442995878,0.0022252353282449823,0.0018913143900528583
only_rays_size_32_,filenames_in_cluster_test KMeans test nclus 9,8,45,0.002839430934654302,0.0023036330915889875,0.0017902879399593209,0.004137711022831843
only_rays_size_32_,filenames_in_cluster_test KMeans test nclus 9,0,21,0.00044314982296992734,0.0003567884012282669,0.0002260505166134387,0.0038624147888276796
only_rays_size_32_,filenames_in_cluster_test KMeans test nclus 9,3,4,0.0012014837569532064,0.0011669936587501014,0.001164224417442497,0.006154041754562402
only_rays_size_32_,filenames_in_cluster_test KMeans test nclus 9,5,17,0.004434602414487918,0.002892707514637378,0.003081499845920308,0.007444034079594173
