subdir,file,cluster,size,32all_distances_scaled_to_max_trajs_distances_offset,32all_distances_scaled_to_max_trajs_distances_offset x,32all_distances_scaled_to_max_trajs_distances_offset y,32all_nums_scaled_to_max_trajs_num_intersections_offset
only_rays_size_32_,filenames_in_cluster_train KMeans test nclus 5,4,372,0.0120595036317544,0.009066416485416201,0.0087159699282762,0.013157894736842105
only_rays_size_32_,filenames_in_cluster_train KMeans test nclus 5,0,232,0.004164832396836401,0.004214860458645901,0.004078686716032401,0.003289473684210526
only_rays_size_32_,filenames_in_cluster_train KMeans test nclus 5,2,91,0.0179332506008736,0.012422010501847899,0.012702935631579999,0.02302631578947368
only_rays_size_32_,filenames_in_cluster_train KMeans test nclus 5,1,125,0.014239469807890098,0.012270840778816901,0.0084992149366061,0.013157894736842105
only_rays_size_32_,filenames_in_cluster_train KMeans test nclus 5,3,40,0.03329433531644341,0.021800224982627202,0.0214548335864748,0.04934210526315789
