subdir,file,cluster,size,32all_distances_scaled_to_max_trajs_distances_offset,32all_distances_scaled_to_max_trajs_distances_offset x,32all_distances_scaled_to_max_trajs_distances_offset y,32all_nums_scaled_to_max_trajs_num_intersections_offset
only_rays_size_32_,filenames_in_cluster_test KMeans test nclus 6,1,260,0.0017547912519355537,0.0016442936628256976,0.0014511648443392008,0.001368737685860174
only_rays_size_32_,filenames_in_cluster_test KMeans test nclus 6,4,160,0.0012578484494393638,0.001089327851155792,0.0013482473089085037,0.001174577044168232
only_rays_size_32_,filenames_in_cluster_test KMeans test nclus 6,5,48,0.0032260581041813913,0.0018118205848773566,0.0025242886220278177,0.0027472179622844636
only_rays_size_32_,filenames_in_cluster_test KMeans test nclus 6,0,58,0.003999587473009928,0.0026729212178462835,0.0027947481492786174,0.006488361908382527
only_rays_size_32_,filenames_in_cluster_test KMeans test nclus 6,2,73,0.0017948334191621826,0.001775348088986406,0.001287312932609787,0.004401267284453779
only_rays_size_32_,filenames_in_cluster_test KMeans test nclus 6,3,7,0.0055108946432947,0.003039586678540514,0.004079445512384583,0.0069701113600523145
