window_size,vehicle,ride,start,offset,offset x,offset y,scale,scale x,scale y,no scale,no scale x,no scale y,only offset,only offset x,only offset y,
20,Vehicle_11,8686476,0,0.011002069520932859,0.0071601315453598356,0.007015424642500481,0.014434472283866406,0.00839939355838475,0.009835788302684664,0.014434472283866406,0.00839939355838475,0.009835788302684664,0.011002069520932859,0.0071601315453598356,0.007015424642500481,
20,Vehicle_11,8686476,20,0.009641951378121483,0.006923031897612337,0.005334708691207962,0.009437180834431794,0.0074540689300838375,0.004749971657534315,0.009437180834431794,0.0074540689300838375,0.004749971657534315,0.009641951378121483,0.006923031897612337,0.005334708691207962,
20,Vehicle_11,8686476,40,0.015925079229929664,0.010258315434658534,0.009935129335123822,0.01613903412162595,0.010305590829472997,0.010276834764748258,0.01613903412162595,0.010305590829472997,0.010276834764748258,0.015925079229929664,0.010258315434658534,0.009935129335123822,
20,Vehicle_11,8686476,60,0.015471766440145075,0.009008724806985193,0.011176352024022054,0.013452707551380675,0.007300111280855814,0.009686582863998384,0.013452707551380675,0.007300111280855814,0.009686582863998384,0.015471766440145075,0.009008724806985193,0.011176352024022054,
20,Vehicle_11,8686476,80,0.01016373619480802,0.005334708691207961,0.00744481671429887,0.010862245060208383,0.006244128186970845,0.007257166590403987,0.010862245060208383,0.006244128186970845,0.007257166590403987,0.01016373619480802,0.005334708691207961,0.00744481671429887,
