window_size,vehicle,ride,start,offset,offset x,offset y,scale,scale x,scale y,no scale,no scale x,no scale y,only offset,only offset x,only offset y,
20,Vehicle_11,8686476,0,0.011002069520932854,0.007160131545359835,0.007015424642500481,0.01433872128008087,0.008277880456119407,0.009861550401164458,0.0018860180641878724,0.00133361616262757,0.0013336161626275698,0.003125,0.0018861043456039803,0.0018861043456039803,
20,Vehicle_11,8686476,20,0.009578595560745284,0.006859676080236135,0.00533470869120796,0.0100268895627075,0.00804377765835954,0.004749971657534315,0.0009430391548000494,0.0006668293812835452,0.0006668293812835452,0.0031249999999999997,0.0018861043456039808,0.0018861043456039803,
20,Vehicle_11,8686476,40,0.015925079229929667,0.010258315434658532,0.009935129335123825,0.016139034121625952,0.010305590829472999,0.010276834764748258,0.0018848004740065634,0.00133275519635366,0.00133275519635366,0.003125,0.0018861043456039803,0.0018861043456039803,
20,Vehicle_11,8686476,60,0.015471766440145076,0.009008724806985193,0.011176352024022054,0.013452707551380678,0.007300111280855814,0.009686582863998388,0.0009423503353261442,0.0006663423123625336,0.0006663423123625335,0.00390625,0.002438531518405971,0.002438531518405971,
20,Vehicle_11,8686476,80,0.009798767901726084,0.00533470869120796,0.007079848421216935,0.011881297304323538,0.006986966844685007,0.007924005176804983,0.0,0.0,0.0,0.003125,0.0018861043456039803,0.0018861043456039808,
