window_size,vehicle,ride,start,scale,scale x,scale y,offset,offset x,offset y,no scale,no scale x,no scale y,only offset,only offset x,only offset y,
20,Vehicle_11,8686476,0,0.011513942243706842,0.006652766587667368,0.007639122726740948,0.010698669678745262,0.005615482832850421,0.007836649172946105,0.0032047999128090527,0.0016541759200389475,0.0022500440317150525,0.003289473684210526,0.001985372995372526,0.001985372995372526,
20,Vehicle_11,8686476,20,0.011513942243706842,0.006652766587667368,0.007639122726740948,0.010698669678745262,0.005615482832850421,0.007836649172946105,0.0032047999128090527,0.0016541759200389475,0.0022500440317150525,0.003289473684210526,0.001985372995372526,0.001985372995372526,
20,Vehicle_11,8686476,40,0.011513942243706842,0.006652766587667368,0.007639122726740948,0.010698669678745262,0.005615482832850421,0.007836649172946105,0.0032047999128090527,0.0016541759200389475,0.0022500440317150525,0.003289473684210526,0.001985372995372526,0.001985372995372526,
20,Vehicle_11,8686476,60,0.011513942243706842,0.006652766587667368,0.007639122726740948,0.010698669678745262,0.005615482832850421,0.007836649172946105,0.0032047999128090527,0.0016541759200389475,0.0022500440317150525,0.003289473684210526,0.001985372995372526,0.001985372995372526,
20,Vehicle_11,8686476,80,0.011513942243706842,0.006652766587667368,0.007639122726740948,0.010698669678745262,0.005615482832850421,0.007836649172946105,0.0032047999128090527,0.0016541759200389475,0.0022500440317150525,0.003289473684210526,0.001985372995372526,0.001985372995372526,
