window_size,vehicle,ride,start,scale,scale x,scale y,offset,offset x,offset y,no scale,no scale x,no scale y,only offset,only offset x,only offset y,
20,Vehicle_11,8686476,0,0.011103583649458001,0.007153931271482843,0.007138783659202736,0.009409036060214948,0.005156652979501684,0.007005845407764,0.0009926864976862106,0.0007019353541062105,0.0007019353541062105,0.0024670710732813683,0.0015741098550743158,0.001574233524741684,
20,Vehicle_11,8686476,20,0.011103583649458001,0.007153931271482843,0.007138783659202736,0.009409036060214948,0.005156652979501684,0.007005845407764,0.0009926864976862106,0.0007019353541062105,0.0007019353541062105,0.0024670710732813683,0.0015741098550743158,0.001574233524741684,
20,Vehicle_11,8686476,40,0.011103583649458001,0.007153931271482843,0.007138783659202736,0.009409036060214948,0.005156652979501684,0.007005845407764,0.0009926864976862106,0.0007019353541062105,0.0007019353541062105,0.0024670710732813683,0.0015741098550743158,0.001574233524741684,
20,Vehicle_11,8686476,60,0.011103583649458001,0.007153931271482843,0.007138783659202736,0.009409036060214948,0.005156652979501684,0.007005845407764,0.0009926864976862106,0.0007019353541062105,0.0007019353541062105,0.0024670710732813683,0.0015741098550743158,0.001574233524741684,
20,Vehicle_11,8686476,80,0.011103583649458001,0.007153931271482843,0.007138783659202736,0.009409036060214948,0.005156652979501684,0.007005845407764,0.0009926864976862106,0.0007019353541062105,0.0007019353541062105,0.0024670710732813683,0.0015741098550743158,0.001574233524741684,
