window_size,vehicle,ride,start,scale,scale x,scale y,offset,offset x,offset y,no scale,no scale x,no scale y,only offset,only offset x,only offset y,
20,Vehicle_10,8994547,0,0.011994734009261017,0.007145704203577084,0.00807998677926787,0.012045879744150471,0.007308816457316006,0.007897201749429567,0.011994734009261017,0.007145704203577084,0.00807998677926787,0.012045879744150471,0.007308816457316006,0.007897201749429567,
20,Vehicle_10,8994547,20,0.01720584705248795,0.01072203866571325,0.010839438678183242,0.01762434417633259,0.010872098520047571,0.011158756331618948,0.01720584705248795,0.01072203866571325,0.010839438678183242,0.01762434417633259,0.010872098520047571,0.011158756331618948,
20,Vehicle_10,8994547,40,0.01216825700160918,0.007469201287169864,0.007697191082274731,0.012235550847251617,0.007598581650822491,0.00762072485679192,0.01216825700160918,0.007469201287169864,0.007697191082274731,0.012235550847251617,0.007598581650822491,0.00762072485679192,
