subdir,file,cluster,size,12all_distances_scaled_to_max_trajs_distances_offset,12all_distances_scaled_to_max_trajs_distances_offset x,12all_distances_scaled_to_max_trajs_distances_offset y,12all_nums_scaled_to_max_trajs_num_intersections_offset
only_rays_acceler_size_12_,filenames_in_cluster_train KMeans test nclus 9,0,503,0.0013176472972684162,0.0012537480745725047,0.0013493343375239907,0.0015964393057863785
only_rays_acceler_size_12_,filenames_in_cluster_train KMeans test nclus 9,8,55,0.0025793423748244697,0.0016957927569459924,0.0018880095477585754,0.002782225681725599
only_rays_acceler_size_12_,filenames_in_cluster_train KMeans test nclus 9,4,60,0.0023746966672825174,0.001383999828605472,0.001782797883478475,0.0017302339734714363
only_rays_acceler_size_12_,filenames_in_cluster_train KMeans test nclus 9,2,39,0.0025017585639669753,0.0017894480312990737,0.0018334071499927628,0.002373692186145461
only_rays_acceler_size_12_,filenames_in_cluster_train KMeans test nclus 9,7,45,0.003433429931110759,0.002438934714137394,0.002234529152664954,0.002224433341330839
only_rays_acceler_size_12_,filenames_in_cluster_train KMeans test nclus 9,6,42,0.001477099752276702,0.001308292443354702,0.0011399871790467554,0.0011510760069469834
only_rays_acceler_size_12_,filenames_in_cluster_train KMeans test nclus 9,1,73,0.004075334523301301,0.002629396709655467,0.0028021326730280588,0.003963344164977654
only_rays_acceler_size_12_,filenames_in_cluster_train KMeans test nclus 9,5,32,0.00502242091985186,0.0028946333839939965,0.0035628345635810937,0.005375948546460891
only_rays_acceler_size_12_,filenames_in_cluster_train KMeans test nclus 9,3,11,0.008022343794962491,0.004613087678482735,0.005606881437529853,0.0100168266892609
