subdir,file,cluster,size,12all_distances_scaled_to_max_trajs_distances_offset,12all_distances_scaled_to_max_trajs_distances_offset x,12all_distances_scaled_to_max_trajs_distances_offset y,12all_nums_scaled_to_max_trajs_num_intersections_offset
only_rays_acceler_size_12_,filenames_in_cluster_train KMeans test nclus 6,0,560,0.010998704764294062,0.007065645906418593,0.006933659143599607,0.024624060150376183
only_rays_acceler_size_12_,filenames_in_cluster_train KMeans test nclus 6,3,130,0.01456956214909899,0.00921863513924756,0.00928772323718528,0.03585526315789472
only_rays_acceler_size_12_,filenames_in_cluster_train KMeans test nclus 6,5,48,0.013413757811431308,0.00840383146661405,0.008602740669080098,0.03159265350877195
only_rays_acceler_size_12_,filenames_in_cluster_train KMeans test nclus 6,1,74,0.018510431612179502,0.011788873700551913,0.011767244835591995,0.04689722617354195
only_rays_acceler_size_12_,filenames_in_cluster_train KMeans test nclus 6,4,37,0.022793471277019767,0.014406522726291187,0.014638764472182559,0.0609886201991465
only_rays_acceler_size_12_,filenames_in_cluster_train KMeans test nclus 6,2,11,0.033567519337844964,0.021039276883190242,0.02171466312763571,0.08552631578947369
