subdir,file,cluster,size,24all_distances_scaled_to_max_trajs_distances_offset,24all_distances_scaled_to_max_trajs_distances_offset x,24all_distances_scaled_to_max_trajs_distances_offset y,24all_nums_scaled_to_max_trajs_num_intersections_offset,4all_distances_scaled_to_max_trajs_distances_offset,4all_distances_scaled_to_max_trajs_distances_offset x,4all_distances_scaled_to_max_trajs_distances_offset y,4all_nums_scaled_to_max_trajs_num_intersections_offset
only_rays_heading_size_4_,filenames_in_cluster_test KMeans test nclus 6,0,284,0.0099606374751916,0.0050950937969601,0.0050950937969601,0.019736842105263157,0.0095842002661783,0.006578947368421,0.0049321819688983,0.019736842105263157
only_rays_heading_size_4_,filenames_in_cluster_test KMeans test nclus 6,4,91,0.0100473714939635,0.0051818993525157,0.0051818993525157,0.03289473684210526,0.0095842002661783,0.006578947368421,0.0049321819688983,0.03289473684210526
only_rays_heading_size_4_,filenames_in_cluster_test KMeans test nclus 6,2,62,0.0115232583469348,0.0070706576444912,0.0063931598072058,0.03618421052631579,0.0096100940512387,0.006578947368421,0.0049580757539588,0.03618421052631579
only_rays_heading_size_4_,filenames_in_cluster_test KMeans test nclus 6,5,137,0.0099585095212276,0.0050950937969601,0.0050950937969601,0.019736842105263157,0.0145204393499114,0.0098684210526315,0.006578947368421,0.019736842105263157
only_rays_heading_size_4_,filenames_in_cluster_test KMeans test nclus 6,1,26,0.0137953383201684,0.0080731075960286,0.0082139384539548,0.05263157894736842,0.0096100940512387,0.006578947368421,0.0049580757539588,0.05263157894736842
only_rays_heading_size_4_,filenames_in_cluster_test KMeans test nclus 6,3,6,0.0199899274553993,0.0139775081635917,0.0115332006899496,0.06907894736842106,0.0112309656657009,0.006578947368421,0.006578947368421,0.06907894736842106
