subdir,file,cluster,size,24all_distances_scaled_to_max_trajs_distances_offset,24all_distances_scaled_to_max_trajs_distances_offset x,24all_distances_scaled_to_max_trajs_distances_offset y,24all_nums_scaled_to_max_trajs_num_intersections_offset,4all_distances_scaled_to_max_trajs_distances_offset,4all_distances_scaled_to_max_trajs_distances_offset x,4all_distances_scaled_to_max_trajs_distances_offset y,4all_nums_scaled_to_max_trajs_num_intersections_offset
only_rays_heading_size_4_,filenames_in_cluster_train KMeans test nclus 7,0,429,0.12815356661903912,0.16825187981724177,0.16867743545384756,0.22370606687517144,0.2438575875581125,inf,0.2438575875581058,0.22370606687517144
only_rays_heading_size_4_,filenames_in_cluster_train KMeans test nclus 7,6,87,0.23654907851085613,0.2021012888749235,0.21647460266154342,0.27387936913664035,0.19819837877731875,0.2327408819691562,0.2916939012617308,0.27387936913664035
only_rays_heading_size_4_,filenames_in_cluster_train KMeans test nclus 7,5,174,0.21939703247493011,0.22163359924476536,0.20466795804440086,0.27260341192021664,0.23459086643374305,0.19378210588570544,0.3047723540822926,0.27260341192021664
only_rays_heading_size_4_,filenames_in_cluster_train KMeans test nclus 7,3,73,0.27789609354254097,0.2775761840397359,0.21551420615045552,0.2745285455319326,0.3352190898322971,0.2905534504743032,0.39103131039232275,0.2745285455319326
only_rays_heading_size_4_,filenames_in_cluster_train KMeans test nclus 7,1,60,0.232258490813386,0.2119201536675159,0.257828541766218,0.2516390713347636,0.24973696395770828,0.28872626259672873,0.15012599706262444,0.2516390713347636
only_rays_heading_size_4_,filenames_in_cluster_train KMeans test nclus 7,4,27,0.24553504982212623,0.2422142691847442,0.2295081328826272,0.2579059810995544,0.32191295839952944,0.34485278769264716,0.3481622296114506,0.2579059810995544
only_rays_heading_size_4_,filenames_in_cluster_train KMeans test nclus 7,2,10,0.26848589631206077,0.26330604838213273,0.27506707755111137,0.34712220781807346,0.46523188816758065,0.4898979485566356,0.44373028904326345,0.34712220781807346
