subdir,file,cluster,size,24all_distances_scaled_to_max_trajs_distances_offset,24all_distances_scaled_to_max_trajs_distances_offset x,24all_distances_scaled_to_max_trajs_distances_offset y,24all_nums_scaled_to_max_trajs_num_intersections_offset,4all_distances_scaled_to_max_trajs_distances_offset,4all_distances_scaled_to_max_trajs_distances_offset x,4all_distances_scaled_to_max_trajs_distances_offset y,4all_nums_scaled_to_max_trajs_num_intersections_offset
only_rays_heading_size_4_,filenames_in_cluster_test KMeans test nclus 8,7,173,1.8947056073292412e-06,2.127563326302564e-06,1.6397917768389702e-06,1.0087065241847994e-06,3.040045477012697e-06,1.7330590407454388e-06,7.528314527222018e-07,1.0087065241847994e-06
only_rays_heading_size_4_,filenames_in_cluster_test KMeans test nclus 8,0,112,2.025067015196023e-06,1.3881708890501762e-06,1.911929034326343e-06,1.0351374795070383e-06,2.9545601182798343e-06,1.8250767685558187e-06,5.409560009865124e-07,1.0351374795070383e-06
only_rays_heading_size_4_,filenames_in_cluster_test KMeans test nclus 8,3,76,8.318558985907775e-06,5.128168222333677e-06,3.4687808951415544e-06,1.2939428771072969e-05,1.0408834223848544e-05,8.462052954819369e-06,5.587078792054701e-07,1.2939428771072969e-05
only_rays_heading_size_4_,filenames_in_cluster_test KMeans test nclus 8,6,51,1.8808606822651342e-05,8.60844258312724e-06,8.55318649794389e-06,1.0683351065699214e-05,1.133350293745446e-05,1.0192449420157109e-05,1.8989552503922656e-07,1.0683351065699214e-05
only_rays_heading_size_4_,filenames_in_cluster_test KMeans test nclus 8,1,19,3.116650686716693e-05,1.1881350462633922e-05,1.489462239174443e-05,5.383341901919108e-05,9.350831171114958e-06,8.392737931722557e-06,1.3099735797852458e-07,5.383341901919108e-05
only_rays_heading_size_4_,filenames_in_cluster_test KMeans test nclus 8,4,135,3.2691433625511657e-06,2.064381621627243e-06,2.5236563285493585e-06,6.694842477647441e-06,1.2037062152420224e-35,2.7083389842945504e-35,6.770847460736376e-36,6.694842477647441e-06
only_rays_heading_size_4_,filenames_in_cluster_test KMeans test nclus 8,2,38,1.3435898441829728e-05,5.4928436237674615e-06,6.939755667727982e-06,1.274647073380346e-05,4.81482486096809e-35,3.009265538105056e-36,3.009265538105056e-36,1.274647073380346e-05
only_rays_heading_size_4_,filenames_in_cluster_test KMeans test nclus 8,5,2,1.9687872941217148e-09,1.3330783470357972e-06,9.86667710863128e-07,2.4346433518005555e-05,0.0,0.0,0.0,2.4346433518005555e-05
