subdir,file,cluster,size,24all_distances_scaled_to_max_trajs_distances_offset,24all_distances_scaled_to_max_trajs_distances_offset x,24all_distances_scaled_to_max_trajs_distances_offset y,24all_nums_scaled_to_max_trajs_num_intersections_offset,4all_distances_scaled_to_max_trajs_distances_offset,4all_distances_scaled_to_max_trajs_distances_offset x,4all_distances_scaled_to_max_trajs_distances_offset y,4all_nums_scaled_to_max_trajs_num_intersections_offset
only_rays_heading_size_4_,filenames_in_cluster_test KMeans test nclus 7,0,284,0.0181507343582046,0.0109327904791313,0.012258851217063,0.029605263157894735,0.0145204393499114,0.0098684210526315,0.0082236842105263,0.029605263157894735
only_rays_heading_size_4_,filenames_in_cluster_test KMeans test nclus 7,6,61,0.0235598987632763,0.0153588843881475,0.014534298089504,0.046052631578947366,0.017809913034122,0.0131578947368421,0.0082236842105263,0.046052631578947366
only_rays_heading_size_4_,filenames_in_cluster_test KMeans test nclus 7,1,46,0.0327781331723546,0.0213968990035909,0.020388754418338,0.05921052631578947,0.017809913034122,0.0131578947368421,0.006578947368421,0.05921052631578947
only_rays_heading_size_4_,filenames_in_cluster_test KMeans test nclus 7,5,137,0.0230302817151219,0.0143961415728241,0.0149612773182293,0.029605263157894735,0.017809913034122,0.0131578947368421,0.006578947368421,0.029605263157894735
only_rays_heading_size_4_,filenames_in_cluster_test KMeans test nclus 7,4,16,0.0349843121781757,0.0229897106489048,0.0215794936175099,0.07894736842105263,0.017809913034122,0.0131578947368421,0.006578947368421,0.07894736842105263
only_rays_heading_size_4_,filenames_in_cluster_test KMeans test nclus 7,3,60,0.0262006094258929,0.0167395260955814,0.0177230470696959,0.046052631578947366,0.017809913034122,0.0131578947368421,0.006578947368421,0.046052631578947366
only_rays_heading_size_4_,filenames_in_cluster_test KMeans test nclus 7,2,2,0.0335034210106647,0.0225615700431462,0.0222279135244772,0.08552631578947369,0.017809913034122,0.0131578947368421,0.006578947368421,0.08552631578947369
