subdir,file,cluster,size,24all_distances_scaled_to_max_trajs_distances_offset,24all_distances_scaled_to_max_trajs_distances_offset x,24all_distances_scaled_to_max_trajs_distances_offset y,24all_nums_scaled_to_max_trajs_num_intersections_offset,4all_distances_scaled_to_max_trajs_distances_offset,4all_distances_scaled_to_max_trajs_distances_offset x,4all_distances_scaled_to_max_trajs_distances_offset y,4all_nums_scaled_to_max_trajs_num_intersections_offset
only_rays_heading_size_4_,filenames_in_cluster_test KMeans test nclus 9,0,192,0.0081519991338117,0.0058376966821712005,0.007163757420102901,0.006578947368421052,0.0049362390837331006,0.0032894736842105,0.0032915022416279997,0.006578947368421052
only_rays_heading_size_4_,filenames_in_cluster_test KMeans test nclus 9,7,112,0.006030388581017402,0.0057703262284022,0.0050301074342132,0.003289473684210526,0.0049362390837331006,0.0032894736842105,0.0032915022416279997,0.003289473684210526
only_rays_heading_size_4_,filenames_in_cluster_test KMeans test nclus 9,5,20,0.0211889738580073,0.013589452667805401,0.013382264318112898,0.013157894736842105,0.0081998189828833,0.006578947368421099,0.0016208716144622002,0.013157894736842105
only_rays_heading_size_4_,filenames_in_cluster_test KMeans test nclus 9,8,50,0.0134247163192568,0.0100901794800763,0.009265593181432802,0.013157894736842105,0.004910345298672699,0.0032894736842105,0.0032656084565674997,0.013157894736842105
only_rays_heading_size_4_,filenames_in_cluster_test KMeans test nclus 9,1,10,0.017165610853393798,0.0081481838438809,0.0134281815478347,0.016447368421052627,0.006578947368421101,0.006578947368421099,0.0,0.016447368421052627
only_rays_heading_size_4_,filenames_in_cluster_test KMeans test nclus 9,3,135,0.009315046387986099,0.0068113422960752,0.0074608248737187,0.009868421052631578,0.0,0.0,0.0,0.009868421052631578
only_rays_heading_size_4_,filenames_in_cluster_test KMeans test nclus 9,4,50,0.012917976735028298,0.009214242220308401,0.009692572410158102,0.013157894736842108,0.0,0.0,0.0,0.013157894736842108
only_rays_heading_size_4_,filenames_in_cluster_test KMeans test nclus 9,2,36,0.021254874825419795,0.014326241359099698,0.0139955946111322,0.009868421052631575,0.0,0.0,0.0,0.009868421052631575
only_rays_heading_size_4_,filenames_in_cluster_test KMeans test nclus 9,6,1,0.0,0.0,0.0,0.0,0.0,0.0,0.0,0.0
