window_size,vehicle,ride,start,scale,scale x,scale y,offset,offset x,offset y,no scale,no scale x,no scale y,only offset,only offset x,only offset y,
20,Vehicle_6,9437017,0,0.009916013779912202,0.005186793807872711,0.0074379583754961825,0.011462816254907119,0.006495985231508096,0.008092708853062692,0.00023574400065985338,0.00016669618149062828,0.00016669618149062828,0.0019531249999999996,0.00137252724455583,0.0009819022445558298,
20,Vehicle_6,9437017,20,0.008758821740203196,0.003999071082917625,0.0071552715265378606,0.010098177704725434,0.005131668431462538,0.007788662368221148,0.0002357626104234493,0.0001667093405806632,0.00016670934058066317,0.0015625,0.0009819022445558298,0.0009819022445558298,
20,Vehicle_6,9437017,40,0.010209929479734633,0.0054201303490433615,0.007527701354900277,0.01186708352260267,0.006815850858223633,0.008273659497836195,0.0,0.0,0.0,0.0015625,0.0009819022445558298,0.0009819022445558298,
20,Vehicle_6,9437017,60,0.010835505714285302,0.005997302439597933,0.007796149309523908,0.012357358702591793,0.007115935965735566,0.008616979436136775,0.00047149729968408406,0.0003333989379177616,0.0003333989379177616,0.0015625,0.0009819022445558298,0.0009819022445558298,
20,Vehicle_6,9437017,80,0.010880726725459861,0.006126244485398284,0.007477448643126198,0.010881522914374851,0.00619405571853426,0.007511833888054209,0.0,0.0,0.0,0.0015624999999999999,0.0009819022445558298,0.0009819022445558298,
20,Vehicle_6,9437017,100,0.01174308871075031,0.0070868880012521125,0.007599863115797293,0.012201539941488808,0.007580608280941182,0.007760916269855825,0.0,0.0,0.0,0.0015625,0.0009819022445558298,0.0009819022445558298,
20,Vehicle_6,9437017,120,0.012173585333178139,0.007306156613923322,0.008010731632835697,0.011467353299161641,0.006732494198913384,0.007600188239255518,0.0004713380107108811,0.0003332863036046416,0.0003332863036046416,0.0015625,0.0009819022445558298,0.0009819022445558298,
20,Vehicle_6,9437017,140,0.008813559007301292,0.004262735133990184,0.006925829396427905,0.009997216901457636,0.005131668431462535,0.007687701564953351,0.0,0.0,0.0,0.0015625,0.0009819022445558298,0.0009819022445558298,
20,Vehicle_6,9437017,160,0.008822899273208968,0.004165896511637711,0.007002780828267012,0.010257961288239798,0.005326980931462533,0.007753133451735511,0.00023576304320049754,0.00016670964660024879,0.00016670964660024876,0.0017578125,0.0011772147445558297,0.0009819022445558296,
