window_size,vehicle,ride,start,scale,scale x,scale y,offset,offset x,offset y,no scale,no scale x,no scale y,only offset,only offset x,only offset y,
20,Vehicle_6,9437017,0,0.00849577080298346,0.004674153982014499,0.006415219903778922,0.01081010432300262,0.006164711574093302,0.0077712705785645654,0.00023575620362597518,0.00016670481029072703,0.0001667048102907201,0.0015624800709206242,0.0010795315295858727,0.0008842530304464163,
20,Vehicle_6,9437017,20,0.007917189204549167,0.004094982382485396,0.006262797843462236,0.009518863168361811,0.004983076563298705,0.007357939700003766,0.00023575542025519196,0.00016670425636393095,0.00016670425636393024,0.0013671419314121005,0.0008842027807774266,0.0008842436397463363,
20,Vehicle_6,9437017,40,0.008905152023881905,0.004976605541579371,0.00656879245650836,0.011255437067981973,0.006648183606828999,0.00782968029460793,0.0,0.0,0.0,0.0013671216457412513,0.0008841991054636649,0.0008842270293892493,
20,Vehicle_6,9437017,60,0.01022653018566562,0.005897194797668584,0.007287281422833236,0.011915566726008051,0.00697045769825746,0.008320665727027703,0.00047149729968409175,0.00033339893791776987,0.00033339893791776434,0.0013671735651432646,0.0008842194533361464,0.0008842586009187803,
20,Vehicle_6,9437017,80,0.009721377639530345,0.005607889917683706,0.006836454124923083,0.010245561178513371,0.0059413027441492525,0.0071286251265885395,0.0,0.0,0.0,0.001367189444215446,0.0008842524239415616,0.0008842415093855471,
20,Vehicle_6,9437017,100,0.01147589265492288,0.0071897884155781725,0.007327422895639987,0.011697239827297668,0.0074731894468081815,0.007364034989812511,0.0,0.0,0.0,0.0013671673367439535,0.0008842373191689068,0.0008842345066867096,
20,Vehicle_6,9437017,120,0.010986725451307692,0.0066838100371375405,0.007426093756174277,0.010937116532385433,0.00663552028306873,0.007166925388331623,0.0,0.0,0.0,0.0013672068213779333,0.0008842908267544941,0.0008842204837351015,
20,Vehicle_6,9437017,140,0.00858614740474757,0.00461230595962605,0.006563381259225408,0.00956571370813393,0.00507187020676112,0.00731599659632917,0.0002357593603526806,0.00016670704243358647,0.00016670704243358024,0.0013672184374557033,0.0008842930596529048,0.0008842298669144613,
20,Vehicle_6,9437017,160,0.008048440858781787,0.004225192399253416,0.00632364060081363,0.009478505192447905,0.00495670124576964,0.007343957041654023,0.0002357547246750477,0.00016670376451449477,0.00016670376451449268,0.0014646734857594493,0.0009817386502371573,0.000884239324633955,
