subdir,file,cluster,size,16all_distances_scaled_to_max_trajs_distances_offset,16all_distances_scaled_to_max_trajs_distances_offset x,16all_distances_scaled_to_max_trajs_distances_offset y,16all_nums_scaled_to_max_trajs_num_intersections_offset
only_rays_acceler_heading_size_16_,filenames_in_cluster_test KMeans test nclus 9,7,111,1.766958487447873e-07,1.6543782229364318e-07,2.4560159255640748e-08,1.0833355937178202e-34
only_rays_acceler_heading_size_16_,filenames_in_cluster_test KMeans test nclus 9,0,238,1.5308676036523152e-06,8.469602565099928e-07,1.835997225837933e-06,2.6562558989703086e-06
only_rays_acceler_heading_size_16_,filenames_in_cluster_test KMeans test nclus 9,1,58,7.48417283920301e-06,2.827870319758446e-06,4.8924790004716205e-06,2.6922928860576875e-06
only_rays_acceler_heading_size_16_,filenames_in_cluster_test KMeans test nclus 9,2,21,1.3562182421512039e-05,6.401031088472234e-06,6.4978466980339995e-06,6.040908976702407e-05
only_rays_acceler_heading_size_16_,filenames_in_cluster_test KMeans test nclus 9,8,47,1.559403822981498e-05,7.2880958883290995e-06,7.168775019806485e-06,1.194237813327247e-05
only_rays_acceler_heading_size_16_,filenames_in_cluster_test KMeans test nclus 9,3,44,4.014314843890599e-06,3.759390651324734e-06,1.3951490363806846e-06,8.49554153979991e-06
only_rays_acceler_heading_size_16_,filenames_in_cluster_test KMeans test nclus 9,6,42,4.923586663353877e-06,2.8871116619440607e-06,2.4877304332665127e-06,1.7427114543878483e-05
only_rays_acceler_heading_size_16_,filenames_in_cluster_test KMeans test nclus 9,5,41,5.3440048367151814e-06,1.5201966470594485e-06,3.579284277171287e-06,4.2741838471691915e-06
only_rays_acceler_heading_size_16_,filenames_in_cluster_test KMeans test nclus 9,4,4,1.6353248161184098e-06,1.1388453388131062e-06,1.5225171681322822e-06,3.787222991689749e-05
