window_size,vehicle,ride,start,scale,scale x,scale y,offset,offset x,offset y,no scale,no scale x,no scale y,only offset,only offset x,only offset y,
20,Vehicle_6,9476572,0,0.00912212811005795,0.004371765910379893,0.0071886133998648365,0.010262756646918041,0.00527208588931324,0.007898026190643618,0.00912212811005795,0.004371765910379893,0.0071886133998648365,0.010262756646918041,0.00527208588931324,0.007898026190643618,
20,Vehicle_6,9476572,20,0.009403574137535363,0.004501229805970947,0.007430221469846579,0.010160755967350736,0.005110419904067469,0.007947812033970662,0.009403574137535363,0.004501229805970947,0.007430221469846579,0.010160755967350736,0.005110419904067469,0.007947812033970662,
20,Vehicle_6,9476572,40,0.009755263326903903,0.004963775118773035,0.007419507918117289,0.010275667420653906,0.00520428062711365,0.007976812967416955,0.009755263326903903,0.004963775118773035,0.007419507918117289,0.010275667420653906,0.00520428062711365,0.007976812967416955,
