window_size,vehicle,ride,start,scale,scale x,scale y,offset,offset x,offset y,no scale,no scale x,no scale y,only offset,only offset x,only offset y,
20,Vehicle_6,9476572,0,0.008796990395838495,0.004410501811049259,0.00686376587764446,0.010053913019584255,0.0052391814153474455,0.007722087037273783,5.893909721788134e-05,4.167623531977707e-05,4.167623531977707e-05,0.0007324176391257725,0.00047134244568403024,0.00047134573910667215,
20,Vehicle_6,9476572,20,0.00887258035373173,0.004446721847641206,0.00695373564437414,0.009984274095830335,0.0050967396839305,0.007785010382598675,5.893999222988481e-05,4.167686818883423e-05,4.167686818883371e-05,0.0007324270486328147,0.00047135211394574924,0.00047134548035199545,
20,Vehicle_6,9476572,40,0.009330800912725477,0.004851892806295748,0.007123666303096223,0.01003894456196103,0.005161402974408703,0.007782967761441859,5.894054703257446e-05,4.167726049357848e-05,4.167726049357761e-05,0.0007324078859375029,0.0004713338397269999,0.00047134459187543316,
