window_size,vehicle,ride,start,scale,scale x,scale y,offset,offset x,offset y,no scale,no scale x,no scale y,only offset,only offset x,only offset y,
20,Vehicle_13,8468422,0,0.014063534885256605,0.008316802336693331,0.009588192056913858,0.014114127856577188,0.008342325082388578,0.009591332986902392,0.0,0.0,0.0,0.0009765624999999998,0.0006190685750010333,0.0006460118737591332,
20,Vehicle_13,8468422,20,0.009108395770915125,0.004302502431037122,0.007291302586003508,0.010035207659493872,0.005082366646475465,0.00782711171641726,5.89402221836311e-05,4.1677030790687336e-05,4.167703079068733e-05,0.00078125,0.0004957602728324639,0.0004957602728324639,
20,Vehicle_13,8468422,40,0.009737402082933482,0.004917398196961525,0.007458778388857339,0.010274415349779817,0.0053868781976264294,0.007727709104129557,0.0,0.0,0.0,0.00078125,0.0004957602728324638,0.0004957602728324639,
20,Vehicle_13,8468422,60,0.011816398685456914,0.007873595952713447,0.007012272356019976,0.011827404951465267,0.007955429247133026,0.006993525883762926,5.8928059160203526e-05,4.166843023434196e-05,4.1668430234341956e-05,0.00078125,0.0004957602728324639,0.000495760272832464,
20,Vehicle_13,8468422,80,0.00930163194916658,0.007213848341775478,0.0045756491290805165,0.010202674637395636,0.007900849293265684,0.005202496142577167,5.8940760800124385e-05,4.1677411650062197e-05,4.167741165006219e-05,0.0007812499999999998,0.0004957602728324637,0.0004957602728324639,
20,Vehicle_13,8468422,100,0.01418687078278777,0.008914352355359846,0.009038414046969631,0.014179732824015646,0.008890321281139904,0.00902716997859946,0.00011786435738108577,8.334268636436045e-05,8.334268636436044e-05,0.00078125,0.0004957602728324639,0.000495760272832464,
20,Vehicle_13,8468422,120,0.010251756560097,0.005462835122682787,0.00749275085220403,0.010914677001916175,0.006016178748573502,0.00783679481141862,0.0,0.0,0.0,0.00078125,0.0004957602728324639,0.0004957602728324639,
20,Vehicle_13,8468422,140,0.01238516032551302,0.007563329618430195,0.007895554132922148,0.01284394094105881,0.007936744476960599,0.008128726186160213,0.0,0.0,0.0,0.0008789062500000001,0.0005648136694327128,0.0005648136694327127,
20,Vehicle_13,8468422,160,0.009268198959140878,0.004644900188829074,0.007140756136858641,0.010868350998171057,0.005827306796665198,0.008080670885175332,0.0,0.0,0.0,0.000830078125,0.0005436501791021528,0.0005052861674621577,
