window_size,vehicle,ride,start,scale,scale x,scale y,offset,offset x,offset y,no scale,no scale x,no scale y,only offset,only offset x,only offset y,
20,Vehicle_6,8585059,0,0.009643961639668108,0.004871276394503556,0.007339842711025402,0.010069546855430603,0.005095093796960161,0.007835192362678758,0.0008523959117282978,0.00034450323963344066,0.0007144127691594692,0.0010416666666666667,0.0006593536556185026,0.0006593536556185026,
20,Vehicle_6,8585059,20,0.009206686428196893,0.004390566253161977,0.007261011045853198,0.011584655900107052,0.006298424737558755,0.008578288498224807,0.0018555899494792625,0.0008020405382110114,0.0015376192123793535,0.0024201586856973396,0.0013557618090693847,0.0016966041125502445,
20,Vehicle_6,8585059,40,0.009104734813041644,0.004386977423870345,0.007184189388213665,0.010034970325037664,0.005095093796960159,0.007800615832285811,0.0020231374032685565,0.0009334360068107955,0.0016019928765929436,0.002246547574586228,0.0011821506979582735,0.0016966041125502447,
