window_size,vehicle,ride,start,scale,scale x,scale y,offset,offset x,offset y,no scale,no scale x,no scale y,only offset,only offset x,only offset y,
20,Vehicle_6,8585059,0,0.008902481290329283,0.00463456669056496,0.00680253079666122,0.009807493937288643,0.0050481205043748974,0.00762011273711616,0.00027244711295873025,0.0001767612888437162,0.0001767685437514571,0.0009548587364570279,0.0006159490804435859,0.0006159503005837797,
20,Vehicle_6,8585059,20,0.00940533423635139,0.0049293461787745145,0.007180548585144119,0.01140213028660439,0.006242204802960681,0.00845198281932521,0.0002724327484273568,0.0001767497284874279,0.000176761891042421,0.001041743224786723,0.0007028328930075323,0.0006159509763495305,
20,Vehicle_6,8585059,40,0.008541049288508294,0.0043675209438599795,0.006665385102270459,0.00976665149474847,0.005047736560139425,0.00757965423882193,0.0002724227020530497,0.0001767435157806283,0.00017675521758989246,0.0009548560889798552,0.0006159461854796162,0.0006159505480705772,
