window_size,vehicle,ride,start,scale,scale x,scale y,offset,offset x,offset y,no scale,no scale x,no scale y,only offset,only offset x,only offset y,
20,Vehicle_6,8585059,0,0.00964396163966811,0.004871276394503551,0.007339842711025405,0.010069546855430612,0.00509509379696016,0.007835192362678756,0.00027247551449068345,0.00017678313501859287,0.00017678286280230993,0.0010416666666666667,0.0006593536556185027,0.0006593536556185027,
20,Vehicle_6,8585059,20,0.009206686428196885,0.004390566253161975,0.007261011045853189,0.011665341140104462,0.006298424737558755,0.008658973738222213,8.384772797648164e-05,2.17013888888889e-05,8.099068592814405e-05,0.0012152777777777778,0.0008329647667296137,0.0006593536556185026,
20,Vehicle_6,8585059,40,0.00910752720981027,0.004386977423870343,0.007186981784982297,0.010075678885167466,0.005095093796960161,0.007841324392415607,0.0002515332049499594,0.00018367312179117196,0.0001243908809559802,0.0010416666666666667,0.0006593536556185028,0.0006593536556185025,
