window_size,vehicle,ride,start,scale,scale x,scale y,offset,offset x,offset y,no scale,no scale x,no scale y,only offset,only offset x,only offset y,
20,Vehicle_6,8585059,0,0.009634996395904271,0.004871276394503552,0.007330877467261564,0.010069546855430619,0.005095093796960163,0.00783519236267876,0.009634996395904271,0.004871276394503552,0.007330877467261564,0.010069546855430619,0.005095093796960163,0.00783519236267876,
20,Vehicle_6,8585059,20,0.00920248596071143,0.004390566253161975,0.0072568105783677415,0.011578705126035703,0.00621178872348998,0.008658973738222211,0.00920248596071143,0.004390566253161975,0.0072568105783677415,0.011578705126035703,0.00621178872348998,0.008658973738222211,
20,Vehicle_6,8585059,40,0.009100337399526148,0.004386977423870345,0.007179791974698169,0.010075678885167461,0.005095093796960158,0.00784132439241561,0.009100337399526148,0.004386977423870345,0.007179791974698169,0.010075678885167461,0.005095093796960158,0.00784132439241561,
