subdir,file,cluster,size,36all_distances_scaled_to_max_trajs_distances_offset,36all_distances_scaled_to_max_trajs_distances_offset x,36all_distances_scaled_to_max_trajs_distances_offset y,36all_nums_scaled_to_max_trajs_num_intersections_offset
only_rays_acceler_size_36_,filenames_in_cluster_test KMeans test nclus 6,0,390,0.0195252695770706,0.012120616146845,0.012569678116592,0.02631578947368421
only_rays_acceler_size_36_,filenames_in_cluster_test KMeans test nclus 6,1,75,0.0173327945738564,0.012655243158862,0.0128014549756488,0.046052631578947366
only_rays_acceler_size_36_,filenames_in_cluster_test KMeans test nclus 6,5,68,0.0325864076726193,0.0215923108329703,0.0198358751037862,0.05263157894736842
only_rays_acceler_size_36_,filenames_in_cluster_test KMeans test nclus 6,3,50,0.0223272059937272,0.0139242056090153,0.0145149369680138,0.03289473684210526
only_rays_acceler_size_36_,filenames_in_cluster_test KMeans test nclus 6,4,4,0.0341187876136257,0.0225354632935453,0.0226927050303012,0.08552631578947369
only_rays_acceler_size_36_,filenames_in_cluster_test KMeans test nclus 6,2,19,0.0347771682490536,0.0229289889583773,0.0213808528555843,0.07894736842105263
