window_size,vehicle,ride,start,scale,scale x,scale y,offset,offset x,offset y,no scale,no scale x,no scale y,only offset,only offset x,only offset y,
20,Vehicle_11,8488890,0,0.007544417382415921,0.003125,0.00625,0.010669417382415922,0.00625,0.00625,0.007544417382415921,0.003125,0.00625,0.010669417382415922,0.00625,0.00625,
20,Vehicle_11,8488890,20,0.01287912607362388,0.0078125,0.0078125,0.010669417382415922,0.00625,0.00625,0.01287912607362388,0.0078125,0.0078125,0.010669417382415922,0.00625,0.00625,
20,Vehicle_11,8488890,40,0.007544417382415921,0.003125,0.00625,0.010669417382415922,0.00625,0.00625,0.007544417382415921,0.003125,0.00625,0.010669417382415922,0.00625,0.00625,
20,Vehicle_11,8488890,60,0.007497466547905017,0.006203049165489095,0.003125,0.014167721531199832,0.008512002908677305,0.009316883857690684,0.007497466547905017,0.006203049165489095,0.003125,0.014167721531199832,0.008512002908677305,0.009316883857690684,
20,Vehicle_11,8488890,80,0.007544417382415921,0.003125,0.00625,0.007654391153242124,0.005029426549108254,0.004455547221717949,0.007544417382415921,0.003125,0.00625,0.007654391153242124,0.005029426549108254,0.004455547221717949,
20,Vehicle_11,8488890,100,0.007544417382415923,0.003125,0.00625,0.009612611285285793,0.005193193902869871,0.006250000000000001,0.007544417382415923,0.003125,0.00625,0.009612611285285793,0.005193193902869871,0.006250000000000001,
20,Vehicle_11,8488890,120,0.010317309622368147,0.005897892239952224,0.00625,0.01725639977845675,0.010895356322416944,0.0109375,0.010317309622368147,0.005897892239952224,0.00625,0.01725639977845675,0.010895356322416944,0.0109375,
20,Vehicle_11,8488890,140,0.007544417382415921,0.003125,0.00625,0.010246985261154718,0.0058275678787387975,0.00625,0.007544417382415921,0.003125,0.00625,0.010246985261154718,0.0058275678787387975,0.00625,
20,Vehicle_11,8488890,160,0.009665917114938869,0.005580306439122641,0.005916193293400306,0.009604273544123633,0.005544404534163193,0.005890451627544519,0.009665917114938869,0.005580306439122641,0.005916193293400306,0.009604273544123633,0.005544404534163193,0.005890451627544519,
