window_size,vehicle,ride,start,scale,scale x,scale y,offset,offset x,offset y,no scale,no scale x,no scale y,only offset,only offset x,only offset y,
20,Vehicle_11,8488890,0,0.004701119014983026,0.003125,0.003406701632567105,0.00899719229760659,0.00625,0.004577774915190668,0.0,0.0,0.0,0.00625,0.003125,0.003125,
20,Vehicle_11,8488890,20,0.0127116174492959,0.0076449913756720155,0.007812500000000002,0.010453831301830899,0.006034413919414977,0.006250000000000001,0.004419417382415922,0.0031249999999999993,0.0031250000000000006,0.00625,0.003125,0.003125,
20,Vehicle_11,8488890,40,0.007544417382415923,0.003125,0.00625,0.010669417382415924,0.00625,0.00625,0.007544417382415921,0.003125,0.00625,0.00625,0.003125,0.003125,
20,Vehicle_11,8488890,60,0.007497466547905018,0.006203049165489094,0.003125,0.014167721531199835,0.008512002908677303,0.009316883857690686,0.0,0.0,0.0,0.00625,0.003125,0.003125,
20,Vehicle_11,8488890,80,0.007544417382415923,0.0031250000000000006,0.006250000000000002,0.008874964604133869,0.00625,0.004455547221717949,0.0,0.0,0.0,0.00625,0.003125,0.003125,
20,Vehicle_11,8488890,100,0.007544417382415923,0.0031250000000000006,0.006250000000000001,0.007544417382415923,0.003125,0.00625,0.0,0.0,0.0,0.00625,0.003125,0.003125,
20,Vehicle_11,8488890,120,0.009506588654839162,0.005897892239952225,0.0054392790324710154,0.01684408185783504,0.010895356322416946,0.010525182079378288,0.002209708691207961,0.0015624999999999997,0.0015625000000000003,0.00625,0.003125,0.003125,
20,Vehicle_11,8488890,140,0.007544417382415923,0.0031250000000000006,0.00625,0.01066941738241592,0.00625,0.00625,0.002209708691207961,0.0015624999999999997,0.0015625000000000003,0.00625,0.003125,0.003125,
20,Vehicle_11,8488890,160,0.009999723821538563,0.00558030643912264,0.00625,0.009604273544123633,0.005544404534163193,0.005890451627544519,0.0,0.0,0.0,0.00625,0.003125,0.003125,
