window_size,vehicle,ride,start,scale,scale x,scale y,offset,offset x,offset y,no scale,no scale x,no scale y,only offset,only offset x,only offset y,
20,Vehicle_10,8642584,0,0.015088834764831846,0.009375,0.009375,0.01066941738241592,0.00625,0.006250000000000001,0.0,0.0,0.0,0.00625,0.003125,0.003125,
20,Vehicle_10,8642584,20,0.009819544802447906,0.005400127420031983,0.006250000000000002,0.009255635111080402,0.005682346851180741,0.0054038708774837374,0.0,0.0,0.0,0.00625,0.003125,0.003125,
20,Vehicle_10,8642584,40,0.00705740109709212,0.003125000000000001,0.005762983714676198,0.010669417382415922,0.00625,0.00625,0.002209708691207961,0.0015624999999999997,0.0015625000000000003,0.00625,0.003125,0.003125,
20,Vehicle_10,8642584,60,0.007544417382415923,0.0031250000000000006,0.00625,0.01066941738241592,0.00625,0.006250000000000002,0.0,0.0,0.0,0.00625,0.003125,0.0031250000000000006,
20,Vehicle_10,8642584,80,0.011143014962457948,0.0046875,0.009201388888834063,0.0132819038514203,0.005958333333379387,0.010069444444417031,0.0,0.0,0.0,0.009375,0.003125,0.00625,
20,Vehicle_10,8642584,100,0.007544417382415922,0.0031250000000000006,0.00625,0.010669417382415922,0.00625,0.00625,0.0,0.0,0.0,0.00625,0.003125,0.003125,
20,Vehicle_10,8642584,120,0.007544417382415922,0.0031250000000000006,0.006250000000000001,0.010669417382415922,0.00625,0.006250000000000002,0.0,0.0,0.0,0.00625,0.003125,0.003125,
20,Vehicle_10,8642584,140,0.007544417382415922,0.003125,0.00625,0.012879126073623882,0.0078125,0.007812500000000002,0.0,0.0,0.0,0.00625,0.003125,0.003125,
20,Vehicle_10,8642584,160,0.007544417382415922,0.003125,0.00625,0.010669417382415922,0.00625,0.00625,0.0,0.0,0.0,0.00625,0.003125,0.003125,
20,Vehicle_10,8642584,180,0.013794417382415923,0.009375,0.00625,0.010669417382415922,0.00625,0.00625,0.0,0.0,0.0,0.00625,0.003125,0.003125,
20,Vehicle_10,8642584,200,0.010119240367179122,0.00625,0.005699822984763198,0.01066941738241592,0.00625,0.006250000000000001,0.0,0.0,0.0,0.00625,0.003125,0.003125,
