window_size,vehicle,ride,start,scale,scale x,scale y,offset,offset x,offset y,no scale,no scale x,no scale y,only offset,only offset x,only offset y,
20,Vehicle_10,8642584,0,0.014617650554339504,0.009375000000000001,0.00890381578950766,0.010669417382415924,0.00625,0.00625,0.0,0.0,0.0,0.00625,0.003125,0.003125,
20,Vehicle_10,8642584,20,0.010669417382415922,0.00625,0.006250000000000002,0.010101764233596666,0.005682346851180741,0.00625,0.0,0.0,0.0,0.00625,0.003125,0.0031250000000000006,
20,Vehicle_10,8642584,40,0.007544417382415922,0.0031249999999999997,0.0062499999999999995,0.010669417382415922,0.0062499999999999995,0.006250000000000001,0.0,0.0,0.0,0.00625,0.003125,0.0031250000000000006,
20,Vehicle_10,8642584,60,0.007544417382415922,0.003125,0.00625,0.010669417382415924,0.00625,0.006250000000000001,0.0,0.0,0.0,0.00625,0.003125,0.003125,
20,Vehicle_10,8642584,80,0.011000653851516969,0.0046875000000000016,0.009059027777893087,0.01053537607373042,0.005958333333379386,0.00732291666672715,0.0,0.0,0.0,0.009375,0.003125,0.00625,
20,Vehicle_10,8642584,100,0.007544417382415923,0.0031249999999999997,0.0062499999999999995,0.01066941738241592,0.0062499999999999995,0.0062499999999999995,0.0,0.0,0.0,0.00625,0.003125,0.003125,
20,Vehicle_10,8642584,120,0.007544417382415923,0.0031249999999999997,0.0062499999999999995,0.010669417382415922,0.0062499999999999995,0.0062499999999999995,0.0,0.0,0.0,0.00625,0.0031250000000000006,0.003125,
20,Vehicle_10,8642584,140,0.0071110000381881255,0.0031250000000000006,0.005816582655772204,0.012879126073623882,0.007812499999999999,0.0078125,0.0,0.0,0.0,0.00625,0.003125,0.0031250000000000006,
20,Vehicle_10,8642584,160,0.007078013478507256,0.0031250000000000006,0.005783596096091333,0.01066941738241592,0.00625,0.00625,0.0,0.0,0.0,0.00625,0.003125,0.003125,
20,Vehicle_10,8642584,180,0.012886870637373255,0.009145493922940028,0.005571959332017307,0.01066941738241592,0.0062499999999999995,0.0062499999999999995,0.0,0.0,0.0,0.00625,0.0031250000000000006,0.003125,
20,Vehicle_10,8642584,200,0.009904925501079846,0.005485508118663924,0.00625,0.008854379922275422,0.005235508118669586,0.005449454421189914,0.0,0.0,0.0,0.00625,0.003125,0.003125,
