window_size,vehicle,ride,start,scale,scale x,scale y,offset,offset x,offset y,no scale,no scale x,no scale y,only offset,only offset x,only offset y,
20,Vehicle_10,8642584,0,0.015088834764831843,0.009375,0.009375,0.010210149335241869,0.005790731952825948,0.00625,0.015088834764831843,0.009375,0.009375,0.010210149335241869,0.005790731952825948,0.00625,
20,Vehicle_10,8642584,20,0.009819544802447906,0.005400127420031983,0.006250000000000001,0.010101764233596664,0.005682346851180742,0.006250000000000001,0.009819544802447906,0.005400127420031983,0.006250000000000001,0.010101764233596664,0.005682346851180742,0.006250000000000001,
20,Vehicle_10,8642584,40,0.007544417382415923,0.003125,0.00625,0.010669417382415922,0.00625,0.00625,0.007544417382415923,0.003125,0.00625,0.010669417382415922,0.00625,0.00625,
20,Vehicle_10,8642584,60,0.007544417382415923,0.003125,0.00625,0.010669417382415922,0.00625,0.00625,0.007544417382415923,0.003125,0.00625,0.010669417382415922,0.00625,0.00625,
20,Vehicle_10,8642584,80,0.012879126073623884,0.0046875,0.0109375,0.015136070518040914,0.0078125,0.010069444444417033,0.012879126073623884,0.0046875,0.0109375,0.015136070518040914,0.0078125,0.010069444444417033,
20,Vehicle_10,8642584,100,0.007544417382415921,0.003125,0.00625,0.010669417382415922,0.00625,0.00625,0.007544417382415921,0.003125,0.00625,0.010669417382415922,0.00625,0.00625,
20,Vehicle_10,8642584,120,0.007544417382415923,0.003125,0.00625,0.010669417382415922,0.00625,0.00625,0.007544417382415923,0.003125,0.00625,0.010669417382415922,0.00625,0.00625,
20,Vehicle_10,8642584,140,0.007544417382415921,0.003125,0.00625,0.01287912607362388,0.0078125,0.007812500000000002,0.007544417382415921,0.003125,0.00625,0.01287912607362388,0.0078125,0.007812500000000002,
20,Vehicle_10,8642584,160,0.007544417382415921,0.003125,0.00625,0.010669417382415922,0.00625,0.006250000000000001,0.007544417382415921,0.003125,0.00625,0.010669417382415922,0.00625,0.006250000000000001,
20,Vehicle_10,8642584,180,0.010669417382415922,0.00625,0.00625,0.010669417382415922,0.00625,0.00625,0.010669417382415922,0.00625,0.00625,0.010669417382415922,0.00625,0.00625,
20,Vehicle_10,8642584,200,0.009354748485843044,0.005485508118663924,0.005699822984763198,0.00885437992227542,0.005235508118669584,0.005449454421189914,0.009354748485843044,0.005485508118663924,0.005699822984763198,0.00885437992227542,0.005235508118669584,0.005449454421189914,
