window_size,vehicle,ride,start,offset,offset x,offset y,scale,scale x,scale y,no scale,no scale x,no scale y,only offset,only offset x,only offset y,
20,Vehicle_4,9530337,0,0.010373527446153719,0.007348199611403528,0.005890143630513071,0.011698131438599895,0.007824323263989547,0.0069137911263366875,0.0009430347476706066,0.0006668262649724306,0.0006668262649724306,0.003125,0.0018861043456039803,0.0018861043456039803,
20,Vehicle_4,9530337,20,0.012711331548725729,0.007417261470468219,0.00824846820755753,0.01468768033342168,0.0092732991842775,0.009471688612369267,0.0028285975050254936,0.0020001204770508764,0.002000120477050876,0.0031249999999999997,0.0018861043456039808,0.0018861043456039803,
