subdir,file,cluster,size,28all_distances_scaled_to_max_trajs_distances_offset,28all_distances_scaled_to_max_trajs_distances_offset x,28all_distances_scaled_to_max_trajs_distances_offset y,28all_nums_scaled_to_max_trajs_num_intersections_offset,8all_distances_scaled_to_max_trajs_distances_offset,8all_distances_scaled_to_max_trajs_distances_offset x,8all_distances_scaled_to_max_trajs_distances_offset y,8all_nums_scaled_to_max_trajs_num_intersections_offset
only_rays_heading_size_8_,filenames_in_cluster_test KMeans test nclus 6,0,420,0.011277349668849596,0.0072096102476542695,0.007186707159281446,0.0250000000000001,0.010957558832212534,0.006328377194808724,0.0073852153491636725,0.0250000000000001
only_rays_heading_size_8_,filenames_in_cluster_test KMeans test nclus 6,2,103,0.013704048422837206,0.008813390628765292,0.00869296318772286,0.03669519672968829,0.011324915297017582,0.0065070481966167755,0.007586685454372967,0.03669519672968829
only_rays_heading_size_8_,filenames_in_cluster_test KMeans test nclus 6,5,60,0.018305928680165204,0.011985113612791679,0.011370456148031838,0.04676535087719299,0.01183202291270666,0.0069200399954235095,0.007756137027537293,0.04676535087719299
only_rays_heading_size_8_,filenames_in_cluster_test KMeans test nclus 6,1,21,0.022614314893020786,0.014963539036225068,0.013892288397407738,0.06234335839598997,0.01159481021950172,0.006711974060920536,0.007636298485632374,0.06234335839598997
only_rays_heading_size_8_,filenames_in_cluster_test KMeans test nclus 6,3,2,0.03390130201820005,0.021647789958842048,0.02161348418492725,0.0805921052631579,0.0121561220810881,0.0072602196749556,0.0076493647331836,0.0805921052631579
