subdir,file,cluster,size,28all_distances_scaled_to_max_trajs_distances_offset,28all_distances_scaled_to_max_trajs_distances_offset x,28all_distances_scaled_to_max_trajs_distances_offset y,28all_nums_scaled_to_max_trajs_num_intersections_offset,8all_distances_scaled_to_max_trajs_distances_offset,8all_distances_scaled_to_max_trajs_distances_offset x,8all_distances_scaled_to_max_trajs_distances_offset y,8all_nums_scaled_to_max_trajs_num_intersections_offset
only_rays_heading_size_8_,filenames_in_cluster_train KMeans test nclus 5,1,579,0.02198062062790861,0.03029354986664924,0.03132403452247986,0.054586269446623634,0.01862852310969038,0.021417159618117257,0.01054705887616967,0.054586269446623634
only_rays_heading_size_8_,filenames_in_cluster_train KMeans test nclus 5,0,145,0.07018612677937339,0.05030149916935673,0.05470101720880134,0.0802199762187872,0.04747322667371111,0.046278785974941346,0.02726416136891164,0.0802199762187872
only_rays_heading_size_8_,filenames_in_cluster_train KMeans test nclus 5,3,76,0.034960996867111675,0.031103318791408027,0.04034527878300691,0.07288781163434904,0.060731897976259185,0.06970357297505811,0.05823858460560956,0.07288781163434904
only_rays_heading_size_8_,filenames_in_cluster_train KMeans test nclus 5,2,21,0.08015165789457113,0.07156289553775744,0.07607312058308272,0.08106575963718819,0.09384342837262481,0.0936265613274968,0.09938871506995071,0.08106575963718819
only_rays_heading_size_8_,filenames_in_cluster_train KMeans test nclus 5,4,39,0.0701573616861238,0.0757592812204099,0.05581421050076788,0.08254803126598001,0.05777583412159932,0.07174193179404725,0.061073607076360115,0.08254803126598001
