subdir,file,cluster,size,28all_distances_scaled_to_max_trajs_distances_offset,28all_distances_scaled_to_max_trajs_distances_offset x,28all_distances_scaled_to_max_trajs_distances_offset y,28all_nums_scaled_to_max_trajs_num_intersections_offset,8all_distances_scaled_to_max_trajs_distances_offset,8all_distances_scaled_to_max_trajs_distances_offset x,8all_distances_scaled_to_max_trajs_distances_offset y,8all_nums_scaled_to_max_trajs_num_intersections_offset
only_rays_heading_size_8_,filenames_in_cluster_train KMeans test nclus 6,0,577,0.009913543674783,0.0050873713163884,0.0050873713163884,0.019736842105263157,0.009490265293792,0.0050810240456375,0.0050581061334676,0.019736842105263157
only_rays_heading_size_8_,filenames_in_cluster_train KMeans test nclus 6,2,125,0.0100787010877895,0.0051511468265925,0.0051511468265925,0.029605263157894735,0.0101552127210985,0.0056154828328504,0.0061159586912079,0.029605263157894735
only_rays_heading_size_8_,filenames_in_cluster_train KMeans test nclus 6,5,74,0.0102572808410931,0.0052786978470007,0.0059910429962685,0.039473684210526314,0.0100936882508488,0.0056154828328504,0.0072316677450496,0.039473684210526314
only_rays_heading_size_8_,filenames_in_cluster_train KMeans test nclus 6,1,34,0.0142840760528773,0.0081596959768286,0.008086596239929,0.05592105263157895,0.0100936882508488,0.0056154828328504,0.0072316677450496,0.05592105263157895
only_rays_heading_size_8_,filenames_in_cluster_train KMeans test nclus 6,4,39,0.0100496730084714,0.0050873713163884,0.0071781395470595,0.019736842105263157,0.0151087640232454,0.0098684990710057,0.0088964439979204,0.019736842105263157
only_rays_heading_size_8_,filenames_in_cluster_train KMeans test nclus 6,3,11,0.0238235354699084,0.0166019358328631,0.0137892288196358,0.06907894736842106,0.0100936882508488,0.0056154828328504,0.0072316677450496,0.06907894736842106
