subdir,file,cluster,size,28all_distances_scaled_to_max_trajs_distances_offset,28all_distances_scaled_to_max_trajs_distances_offset x,28all_distances_scaled_to_max_trajs_distances_offset y,28all_nums_scaled_to_max_trajs_num_intersections_offset,8all_distances_scaled_to_max_trajs_distances_offset,8all_distances_scaled_to_max_trajs_distances_offset x,8all_distances_scaled_to_max_trajs_distances_offset y,8all_nums_scaled_to_max_trajs_num_intersections_offset
only_rays_heading_size_8_,filenames_in_cluster_train KMeans test nclus 8,5,316,0.029754989307875648,0.04224328116313727,0.05391202190327963,0.027669844576189706,0.019071452086811977,0.02879176524845675,0.011725260109829277,0.027669844576189706
only_rays_heading_size_8_,filenames_in_cluster_train KMeans test nclus 8,0,242,0.025385693060866764,0.022749612322820557,0.038649964383409625,0.14071784714158872,0.019734417781594283,0.02266204623872315,0.010919106138018083,0.14071784714158872
only_rays_heading_size_8_,filenames_in_cluster_train KMeans test nclus 8,6,98,0.07958665821875324,0.08280519461508769,0.052951419552163745,0.05955851728446483,0.05482486136036501,0.05401843187363228,0.040103459582669566,0.05955851728446483
only_rays_heading_size_8_,filenames_in_cluster_train KMeans test nclus 8,2,68,0.05225943619647362,0.04210315338524538,0.05984528088680258,0.09645328719723181,0.034636729634945025,0.0638405272548456,0.014695126626034392,0.09645328719723181
only_rays_heading_size_8_,filenames_in_cluster_train KMeans test nclus 8,3,58,0.0539522263556575,0.04453560430141167,0.06710205872986262,0.0808003864447087,0.09158606218562251,0.10367283781206776,0.08286424110137956,0.0808003864447087
only_rays_heading_size_8_,filenames_in_cluster_train KMeans test nclus 8,1,30,0.060473035211980664,0.057698864136388014,0.05251569855656821,0.06802721088435378,0.08532905875984911,0.0958722781048098,0.08556355476110959,0.06802721088435378
only_rays_heading_size_8_,filenames_in_cluster_train KMeans test nclus 8,7,37,0.07378330765254952,0.07928680650587754,0.058759189784084384,0.08700592484376272,0.06161275155052385,0.04941068995502537,0.08722180995503274,0.08700592484376272
only_rays_heading_size_8_,filenames_in_cluster_train KMeans test nclus 8,4,11,0.0650818050513035,0.06281193001229042,0.06849882066514427,0.09179700840106551,0.14494331753335252,0.1446304006152169,0.1507889907988927,0.09179700840106551
