subdir,file,cluster,size,28all_distances_scaled_to_max_trajs_distances_offset,28all_distances_scaled_to_max_trajs_distances_offset x,28all_distances_scaled_to_max_trajs_distances_offset y,28all_nums_scaled_to_max_trajs_num_intersections_offset,8all_distances_scaled_to_max_trajs_distances_offset,8all_distances_scaled_to_max_trajs_distances_offset x,8all_distances_scaled_to_max_trajs_distances_offset y,8all_nums_scaled_to_max_trajs_num_intersections_offset
only_rays_heading_size_8_,filenames_in_cluster_test KMeans test nclus 4,0,420,0.011277349668849596,0.0072096102476542695,0.007186707159281446,0.0250000000000001,0.010957558832212534,0.006328377194808724,0.0073852153491636725,0.0250000000000001
only_rays_heading_size_8_,filenames_in_cluster_test KMeans test nclus 4,1,120,0.014079032381129515,0.009092625663821793,0.008886680088780352,0.037719298245614034,0.01138907992096142,0.006557104344545332,0.0076195706555971885,0.037719298245614034
only_rays_heading_size_8_,filenames_in_cluster_test KMeans test nclus 4,2,59,0.019917410165837094,0.013056755093376312,0.012356774495562552,0.05084745762711865,0.011817928236451006,0.006917973051904535,0.0077030318761645705,0.05084745762711865
only_rays_heading_size_8_,filenames_in_cluster_test KMeans test nclus 4,3,7,0.026852119947435686,0.01756461729155987,0.016730899434421288,0.0756578947368421,0.011463364665848954,0.006555332456910513,0.00766149453598963,0.0756578947368421
