subdir,file,cluster,size,28all_distances_scaled_to_max_trajs_distances_offset,28all_distances_scaled_to_max_trajs_distances_offset x,28all_distances_scaled_to_max_trajs_distances_offset y,28all_nums_scaled_to_max_trajs_num_intersections_offset,8all_distances_scaled_to_max_trajs_distances_offset,8all_distances_scaled_to_max_trajs_distances_offset x,8all_distances_scaled_to_max_trajs_distances_offset y,8all_nums_scaled_to_max_trajs_num_intersections_offset
only_rays_heading_size_8_,filenames_in_cluster_test KMeans test nclus 10,1,248,0.012277110846847399,0.0086651074237345,0.0095031640101389,0.003289473684210526,0.0038221636707630995,0.003355096246842001,0.0033275067296871996,0.003289473684210526
only_rays_heading_size_8_,filenames_in_cluster_test KMeans test nclus 10,6,173,0.0099633614561009,0.007411839746079899,0.0076349783425273005,0.003289473684210526,0.0030772957239976004,0.0019255109837477006,0.0033275067296871996,0.003289473684210526
only_rays_heading_size_8_,filenames_in_cluster_test KMeans test nclus 10,0,76,0.0101246184970264,0.007529651528215801,0.0080085587462163,0.009868421052631582,0.0023541086703249992,0.0029093952202811,0.002546256729687199,0.009868421052631582
only_rays_heading_size_8_,filenames_in_cluster_test KMeans test nclus 10,8,1,0.0,0.0,0.0,0.0,0.0,0.0,0.0,0.0
only_rays_heading_size_8_,filenames_in_cluster_test KMeans test nclus 10,9,67,0.0224781989147008,0.0163809883101106,0.0146191450046671,0.009868421052631575,0.009828443101772898,0.008005454198613399,0.004337248385887899,0.009868421052631575
only_rays_heading_size_8_,filenames_in_cluster_test KMeans test nclus 10,5,29,0.021981496505372396,0.015272771098477,0.0132973021249135,0.009868421052631575,0.002032131272574799,0.0016447368421051997,0.00040664810956509995,0.009868421052631575
only_rays_heading_size_8_,filenames_in_cluster_test KMeans test nclus 10,2,10,0.014862017583449502,0.0080564322145977,0.011799479789615,0.019736842105263157,0.0016347042276808003,0.0016447368421051997,4.0442849142800254e-05,0.019736842105263157
only_rays_heading_size_8_,filenames_in_cluster_test KMeans test nclus 10,3,2,0.0008384024713093061,0.0015795466868924989,0.002619753536406099,0.009868421052631582,0.0,0.0,0.0,0.009868421052631582
