subdir,file,cluster,size,28all_distances_scaled_to_max_trajs_distances_offset,28all_distances_scaled_to_max_trajs_distances_offset x,28all_distances_scaled_to_max_trajs_distances_offset y,28all_nums_scaled_to_max_trajs_num_intersections_offset,8all_distances_scaled_to_max_trajs_distances_offset,8all_distances_scaled_to_max_trajs_distances_offset x,8all_distances_scaled_to_max_trajs_distances_offset y,8all_nums_scaled_to_max_trajs_num_intersections_offset
only_rays_heading_size_8_,filenames_in_cluster_test KMeans test nclus 7,0,266,0.1250229136875917,0.17929127706230052,0.1453868135291961,0.2845060026693015,0.23778502415242633,0.24805112430456694,0.1860580207958114,0.2845060026693015
only_rays_heading_size_8_,filenames_in_cluster_test KMeans test nclus 7,5,173,0.17820147424790345,0.1691788792601874,0.20850785929690438,0.3516047705374693,0.31408403799011925,0.407561535791572,0.23104624820362857,0.3516047705374693
only_rays_heading_size_8_,filenames_in_cluster_test KMeans test nclus 7,1,55,0.20210243954976143,0.19282470769668303,0.2159226064632985,0.25833222251605126,0.16970189408872846,0.1725816071201399,0.17055575705184958,0.25833222251605126
only_rays_heading_size_8_,filenames_in_cluster_test KMeans test nclus 7,3,90,0.22586432179171526,0.2134939624522406,0.2109206798026595,0.2741428842550073,0.3739299553542552,0.28961694372960567,0.1064644424571683,0.2741428842550073
only_rays_heading_size_8_,filenames_in_cluster_test KMeans test nclus 7,4,19,0.27815111526935576,0.26410550741186917,0.31192020283819466,0.24528094581983226,0.3891401603695163,0.464829519280413,0.20801530318440167,0.24528094581983226
only_rays_heading_size_8_,filenames_in_cluster_test KMeans test nclus 7,2,3,0.45770071029809,0.4344507496477758,0.42498530048139643,0.41573970964154905,nan,nan,nan,0.41573970964154905
