subdir,file,cluster,size,28all_distances_scaled_to_max_trajs_distances_offset,28all_distances_scaled_to_max_trajs_distances_offset x,28all_distances_scaled_to_max_trajs_distances_offset y,28all_nums_scaled_to_max_trajs_num_intersections_offset,8all_distances_scaled_to_max_trajs_distances_offset,8all_distances_scaled_to_max_trajs_distances_offset x,8all_distances_scaled_to_max_trajs_distances_offset y,8all_nums_scaled_to_max_trajs_num_intersections_offset
only_rays_heading_size_8_,filenames_in_cluster_train KMeans test nclus 3,1,637,0.0114852262422086,0.007393548041313196,0.007254673577623131,0.02533462777823708,0.011292168053161007,0.006368764566644655,0.007823155900263043,0.02533462777823708
only_rays_heading_size_8_,filenames_in_cluster_train KMeans test nclus 3,0,178,0.016534994658443165,0.010492011631747454,0.010588227686049133,0.04195002956830285,0.01352183332573716,0.007908175855875435,0.009087183770284744,0.04195002956830285
only_rays_heading_size_8_,filenames_in_cluster_train KMeans test nclus 3,2,45,0.026163690458870667,0.01639856539206257,0.016940685414352077,0.06732456140350875,0.01844803118136855,0.01098331703757854,0.01235154178160109,0.06732456140350875
