subdir,file,cluster,size,36all_distances_scaled_to_max_trajs_distances_offset,36all_distances_scaled_to_max_trajs_distances_offset x,36all_distances_scaled_to_max_trajs_distances_offset y,36all_nums_scaled_to_max_trajs_num_intersections_offset
only_rays_acceler_heading_size_36_,filenames_in_cluster_train KMeans test nclus 9,1,290,6.170081425987718e-07,1.6214100028290067e-06,1.3076676254344057e-06,1.2037062152420224e-35
only_rays_acceler_heading_size_36_,filenames_in_cluster_train KMeans test nclus 9,6,275,4.1112448941278835e-06,1.6538756744536196e-06,3.0136897780684284e-06,2.6633433300519674e-06
only_rays_acceler_heading_size_36_,filenames_in_cluster_train KMeans test nclus 9,8,47,6.065768637243848e-06,2.9886486325847063e-06,3.370281978226777e-06,2.1288587107137886e-05
only_rays_acceler_heading_size_36_,filenames_in_cluster_train KMeans test nclus 9,0,52,1.2606665891116874e-05,5.890092968040421e-06,5.6983521717854695e-06,3.169358209444508e-06
only_rays_acceler_heading_size_36_,filenames_in_cluster_train KMeans test nclus 9,3,75,1.0140065584820843e-05,2.7814713936677617e-06,6.515213580255666e-06,6.798245614035083e-06
only_rays_acceler_heading_size_36_,filenames_in_cluster_train KMeans test nclus 9,2,40,4.917256007708114e-06,2.9842082467521227e-06,2.6755696128993776e-06,2.0532158933518e-05
only_rays_acceler_heading_size_36_,filenames_in_cluster_train KMeans test nclus 9,7,37,2.829544767491953e-07,1.7581163368277288e-07,6.540090295733384e-08,9.816823449188503e-06
only_rays_acceler_heading_size_36_,filenames_in_cluster_train KMeans test nclus 9,4,34,2.9625630480862368e-05,1.161965654581584e-05,1.345032580668606e-05,3.7638219598577584e-05
only_rays_acceler_heading_size_36_,filenames_in_cluster_train KMeans test nclus 9,5,10,3.9136708729534606e-05,1.1189837112814218e-05,2.150564010880682e-05,0.00010560941828254842
