window_size,vehicle,ride,start,scale,scale x,scale y,offset,offset x,offset y,no scale,no scale x,no scale y,only offset,only offset x,only offset y,
20,Vehicle_16,8874226,0,0.011116262732058546,0.00624414402786197,0.0077271867529604505,0.011167927246652441,0.006447808637070482,0.007588073779023597,0.0001304806746983639,1.8973538018496326e-20,0.0001304806746983639,0.0015625,0.0009819022445558298,0.0009819022445558296,
20,Vehicle_16,8874226,20,0.013095110082904982,0.008175639829474026,0.008247502714200555,0.01283751873250103,0.00799574404616438,0.00801253569808616,0.0007151164875849353,0.0004532334618038025,0.00045229926865927134,0.0015625,0.0009819022445558298,0.0009819022445558298,
20,Vehicle_16,8874226,40,0.011364985551382344,0.006397441670632597,0.007951079714478945,0.011573668878966227,0.006723460945142637,0.007922267353030282,0.0016232365783364403,0.000532976838969439,0.0013770324265510734,0.0015625,0.0009819022445558298,0.0009819022445558298,
20,Vehicle_16,8874226,60,0.014222864951827618,0.008474407059533477,0.00947834403866799,0.014449973509258583,0.008507765997170217,0.009982045138175433,0.0016520957811885038,0.0009492739365018326,0.0010878345800263054,0.00234375,0.0017036831293302727,0.001280873676091056,
20,Vehicle_16,8874226,80,0.03501878211111638,0.021489670841907935,0.023031322699236346,0.03661968953053558,0.022102361634005543,0.024480354036461035,0.002220134819771331,0.001390146476258096,0.0014671988365050565,0.0044921875,0.0025389895070478804,0.0031571114602870964,
20,Vehicle_16,8874226,100,0.011912989516776246,0.00732344362069325,0.007539519652891995,0.012410377948515686,0.007726488868100742,0.007867822267649543,0.0012252365060238207,0.00045953067857101154,0.0009783225392698274,0.0019456192501575119,0.0011947518956401339,0.001300454258949938,
20,Vehicle_16,8874226,120,0.012175709307649966,0.0072735529979580955,0.008043197003133818,0.011497669597243727,0.006732392130934227,0.007629630382845498,0.0008118310038117263,0.00047531829688189295,0.0005466243262787545,0.0015625,0.0009819022445558298,0.0009819022445558298,
20,Vehicle_16,8874226,140,0.010693927707580712,0.005915258577008845,0.007488221414443851,0.010969300995440951,0.006126556879312905,0.00769917818741463,0.00013078003721006185,1.8973538018496326e-20,0.00013078003721006185,0.0015625,0.0009819022445558298,0.0009819022445558298,
