window_size,vehicle,ride,start,scale,scale x,scale y,offset,offset x,offset y,no scale,no scale x,no scale y,only offset,only offset x,only offset y,
20,Vehicle_16,8874226,0,0.010278443186107655,0.0059394747515676945,0.007291692733315505,0.010470318446762036,0.006063463073731175,0.007274810542473574,0.00023573907799747718,0.00016669270064267953,0.0001666927006426816,0.0013671795579892113,0.0008842410961648305,0.00088424295093604,
20,Vehicle_16,8874226,20,0.011715788878169585,0.007340397716837412,0.007605767372109144,0.011607253623532383,0.007215527168737465,0.00756248746655243,0.00023572209778264776,0.00016668069381762797,0.00016668069381762935,0.0013672028662838212,0.0008842535531495811,0.000884253802245899,
20,Vehicle_16,8874226,40,0.010651413117622936,0.0062521949312810965,0.007480410270073482,0.01073073029087439,0.006371366575108904,0.007374217428178994,0.00023568828253797878,0.0001666567828288147,0.0001666567828288168,0.0013671569376065755,0.0008842250891478096,0.0008842363375704251,
20,Vehicle_16,8874226,60,0.012731836141164106,0.007763457760312521,0.008698264527226707,0.013568924929525708,0.008106254949028925,0.009502507606594737,0.00023569732444011425,0.00016666317641913023,0.00016666317641913093,0.0021484149379319755,0.001606000410332361,0.001183221333020941,
20,Vehicle_16,8874226,80,0.03344780020901587,0.02118216860912687,0.021767843029936205,0.0350014276534556,0.021703363791290963,0.023318295708892676,0.0009429178260993235,0.0006667435889365053,0.0006667435889365136,0.004003931979818218,0.0023437126420125785,0.0028641328051406205,
20,Vehicle_16,8874226,100,0.011368111108265605,0.007119963975441659,0.007363357493857145,0.01152205085822681,0.007223376932894403,0.007482607112562435,0.00023566401135758597,0.00016663962051257156,0.00016663962051257364,0.001367191445495145,0.0008842480738945203,0.0008842478607122839,
20,Vehicle_16,8874226,120,0.01052236575448389,0.00629731820431598,0.00718973880946818,0.010501684486217229,0.006163567986163829,0.007202469416596027,0.000235711841239202,0.00016667344134620594,0.00016667344134620732,0.0013671798727094397,0.0008842414784612257,0.0008842428833598731,
20,Vehicle_16,8874226,140,0.009761938705403997,0.0056158012909933875,0.0069649846280764715,0.010195229914450224,0.005732535850371173,0.007319128135359386,0.00023573352545007008,0.0001666887743987551,0.00016668877439875718,0.0013671842697916717,0.000884243865649581,0.0008842448932537495,
