window_size,vehicle,ride,start,scale,scale x,scale y,offset,offset x,offset y,no scale,no scale x,no scale y,only offset,only offset x,only offset y,
20,Vehicle_16,8874226,0,0.011089603167504066,0.00621748446330749,0.00772718675296045,0.011278265245787235,0.0064478086370704825,0.007698411778158404,0.0,0.0,0.0,0.0015625,0.0009819022445558298,0.0009819022445558298,
20,Vehicle_16,8874226,20,0.01288471339480095,0.0081027306374554,0.008110015218115135,0.012626451008052247,0.007927159310590471,0.007870052709211291,0.00047146698334925264,0.00033337750103182165,0.0003333775010318216,0.0015625,0.0009819022445558298,0.0009819022445558298,
20,Vehicle_16,8874226,40,0.01139334000660898,0.006425796125859243,0.007951079714478946,0.011461866400018865,0.00676209227676516,0.007714627835660898,0.0,0.0,0.0,0.0015625,0.0009819022445558298,0.0009819022445558298,
20,Vehicle_16,8874226,60,0.014111598934359336,0.008474407059533479,0.009367078021199713,0.014298997077473506,0.008568236242801725,0.009770598460758836,0.00047148917293569784,0.0003333931914388688,0.00033339319143886874,0.0023437500000000003,0.0017036831293302727,0.001280873676091056,
20,Vehicle_16,8874226,80,0.03488657002695966,0.021621498733328158,0.02276728272365943,0.036464921821994505,0.02222912790570608,0.024198820056219445,0.0009429178260993227,0.0006667435889365087,0.0006667435889365087,0.0044921875,0.0025389895070478813,0.0031571114602870973,
20,Vehicle_16,8874226,100,0.01230889697007998,0.007605037207018726,0.007751489769870263,0.012574437237606133,0.007826936176746718,0.007931434248094017,0.0,0.0,0.0,0.0015625,0.0009819022445558298,0.0009819022445558298,
20,Vehicle_16,8874226,120,0.012159509391432106,0.00727515889850443,0.008025391186369621,0.01147986378047953,0.00673239213093423,0.007611824566081296,0.00047152039026302536,0.00033341526542271255,0.00033341526542271255,0.0015625,0.0009819022445558298,0.0009819022445558296,
20,Vehicle_16,8874226,140,0.010611632653943255,0.005930181955700269,0.007391002982114968,0.011081008032450665,0.006126556879312904,0.007810885224424351,0.0,0.0,0.0,0.0015625,0.0009819022445558298,0.0009819022445558298,
