subdir,file,cluster,size,32all_distances_scaled_to_max_trajs_distances_offset,32all_distances_scaled_to_max_trajs_distances_offset x,32all_distances_scaled_to_max_trajs_distances_offset y,32all_nums_scaled_to_max_trajs_num_intersections_offset
only_rays_acceler_heading_size_32_,filenames_in_cluster_train KMeans test nclus 8,7,315,0.0100059275282502,0.0050823666464754,0.0050823666464754,0.02631578947368421
only_rays_acceler_heading_size_32_,filenames_in_cluster_train KMeans test nclus 8,6,243,0.009984406520203,0.0050823666464754,0.0050823666464754,0.019736842105263157
only_rays_acceler_heading_size_32_,filenames_in_cluster_train KMeans test nclus 8,4,74,0.0128177746509476,0.0073827962219342,0.0085413309750239,0.03618421052631579
only_rays_acceler_heading_size_32_,filenames_in_cluster_train KMeans test nclus 8,2,58,0.0136312731210751,0.0072758430271081,0.0085057911280898,0.019736842105263157
only_rays_acceler_heading_size_32_,filenames_in_cluster_train KMeans test nclus 8,0,83,0.0100715168336121,0.0051311947714754,0.0051311947714754,0.03289473684210526
only_rays_acceler_heading_size_32_,filenames_in_cluster_train KMeans test nclus 8,1,53,0.0102384495757257,0.0052776791464754,0.0067104912972163,0.046052631578947366
only_rays_acceler_heading_size_32_,filenames_in_cluster_train KMeans test nclus 8,5,24,0.0138971483370792,0.0077933762618813,0.0089286534400454,0.05592105263157895
only_rays_acceler_heading_size_32_,filenames_in_cluster_train KMeans test nclus 8,3,10,0.0296160449594509,0.0192193216447137,0.0185783449694738,0.06907894736842106
