window_size,vehicle,ride,start,scale,scale x,scale y,offset,offset x,offset y,no scale,no scale x,no scale y,only offset,only offset x,only offset y,
20,Vehicle_11,8354936,0,0.011996762950129383,0.007807732467957565,0.0072331149345747124,0.012003883519277775,0.0077278669485644136,0.007351793275272769,0.0,0.0,0.0,0.001124999999999999,0.0007267206893343792,0.00072671718933438,
20,Vehicle_11,8354936,20,0.010026196766848504,0.005829065232342422,0.00715355027151385,0.010523159335443896,0.005855776249695796,0.0076735199836364945,0.0,0.0,0.0,0.0011874627831095711,0.0007892123600397369,0.0007266883017385944,
20,Vehicle_11,8354936,40,0.010526831531549681,0.0062500792968589215,0.00724282897250881,0.011804534829398286,0.006932610343024163,0.008220909581321769,0.0,0.0,0.0,0.0012500267399867774,0.000845612045608053,0.0007653617618812465,
20,Vehicle_11,8354936,60,0.014830674853486912,0.008054309009636709,0.011109747658660258,0.01537494675520861,0.008079383177764294,0.011720936127731245,0.0,0.0,0.0,0.0015624535684294388,0.0009399036592492709,0.0010826975383495458,
20,Vehicle_11,8354936,80,0.013846137638248808,0.008133970483235758,0.00980612386763251,0.013462961505554068,0.007689077346496369,0.009588483532495548,0.0,0.0,0.0,0.0012500994810763885,0.0008279123761312481,0.0008002252644473282,
20,Vehicle_11,8354936,100,0.010041401588333658,0.007445526491522049,0.005423151675206728,0.010468232141209096,0.007607747872194152,0.005840638870273857,0.0,0.0,0.0,0.001187506501971467,0.0007267037095843801,0.0007892406710558477,
20,Vehicle_11,8354936,120,0.010175543471900979,0.005849828239598088,0.007072069252142749,0.010661348275081311,0.006097208735309242,0.0074768742286241315,0.0,0.0,0.0,0.0011249996282238037,0.0007267179020787948,0.000726719604813769,
20,Vehicle_11,8354936,140,0.01721850119622265,0.010654417555117953,0.01148112695264026,0.017201107778005285,0.01073953631379801,0.011246754001558603,0.0,0.0,0.0,0.001250102806593928,0.0008002477542237974,0.0008278932118723183,
20,Vehicle_11,8354936,160,0.009154277628315588,0.004971580137372093,0.006846531691377973,0.01046154064160606,0.005419978552453111,0.008146140760929281,0.0,0.0,0.0,0.0011249906848500011,0.0007267114393343812,0.00072671712418438,
20,Vehicle_11,8354936,180,0.009358637735524391,0.005052906362206646,0.006997776556532266,0.010617203597531764,0.005826241512455759,0.007874431901820904,0.0,0.0,0.0,0.0013749953171661201,0.0009644799048539512,0.0008039716686484537,
