window_size,vehicle,ride,start,scale,scale x,scale y,offset,offset x,offset y,no scale,no scale x,no scale y,only offset,only offset x,only offset y,
20,Vehicle_17,8577509,0,0.013843320627125405,0.008454255248093009,0.009209092492766333,0.013695942470773059,0.00815499109499505,0.009321974587949224,0.013843320627125405,0.008454255248093009,0.009209092492766333,0.013695942470773059,0.00815499109499505,0.009321974587949224,
20,Vehicle_17,8577509,20,0.016633853350513473,0.011053622293011132,0.009867171368767455,0.017950050230976948,0.012171757217071855,0.010632550034637412,0.016633853350513473,0.011053622293011132,0.009867171368767455,0.017950050230976948,0.012171757217071855,0.010632550034637412,
20,Vehicle_17,8577509,40,0.02092911376664556,0.01176782740427901,0.01494232232992675,0.021150417167483452,0.01204626536895875,0.014896780461092598,0.02092911376664556,0.01176782740427901,0.01494232232992675,0.021150417167483452,0.01204626536895875,0.014896780461092598,
20,Vehicle_17,8577509,60,0.012089461775928855,0.006561547655861739,0.008677790940127177,0.013685406268455621,0.00739179576186322,0.010213118284692256,0.012089461775928855,0.006561547655861739,0.008677790940127177,0.013685406268455621,0.00739179576186322,0.010213118284692256,
