subdir,file,cluster,size,24all_distances_scaled_to_max_trajs_distances_offset,24all_distances_scaled_to_max_trajs_distances_offset x,24all_distances_scaled_to_max_trajs_distances_offset y,24all_nums_scaled_to_max_trajs_num_intersections_offset,4all_distances_scaled_to_max_trajs_distances_offset,4all_distances_scaled_to_max_trajs_distances_offset x,4all_distances_scaled_to_max_trajs_distances_offset y,4all_nums_scaled_to_max_trajs_num_intersections_offset
only_rays_acceler_size_4_,filenames_in_cluster_test KMeans test nclus 6,0,284,0.008190096883013,0.0058376966821712005,0.007163757420102901,0.009868421052631578,0.0049362390837331006,0.0032894736842105,0.0032915022416279997,0.009868421052631578
only_rays_acceler_size_4_,filenames_in_cluster_test KMeans test nclus 6,4,91,0.0105491893705412,0.0078008404126803,0.0082094702603417,0.013157894736842105,0.008225712767943701,0.006578947368421099,0.0032915022416279997,0.013157894736842105
only_rays_acceler_size_4_,filenames_in_cluster_test KMeans test nclus 6,2,62,0.021254874825419795,0.014326241359099698,0.0139955946111322,0.013157894736842105,0.0081998189828833,0.006578947368421099,0.0016208716144622002,0.013157894736842105
only_rays_acceler_size_4_,filenames_in_cluster_test KMeans test nclus 6,5,137,0.013071772193894299,0.009301047775864001,0.009866183521269202,0.009868421052631578,0.0032894736842106007,0.003289473684210599,0.0,0.009868421052631578
only_rays_acceler_size_4_,filenames_in_cluster_test KMeans test nclus 6,1,26,0.0211889738580073,0.014916603052876202,0.0133655551635551,0.01644736842105264,0.0081998189828833,0.006578947368421099,0.0016208716144622002,0.01644736842105264
only_rays_acceler_size_4_,filenames_in_cluster_test KMeans test nclus 6,3,6,0.013513493555265398,0.008584061879554501,0.0106947128345276,0.016447368421052627,0.006578947368421101,0.006578947368421099,0.0,0.016447368421052627
