subdir,file,cluster,size,24all_distances_scaled_to_max_trajs_distances_offset,24all_distances_scaled_to_max_trajs_distances_offset x,24all_distances_scaled_to_max_trajs_distances_offset y,24all_nums_scaled_to_max_trajs_num_intersections_offset,4all_distances_scaled_to_max_trajs_distances_offset,4all_distances_scaled_to_max_trajs_distances_offset x,4all_distances_scaled_to_max_trajs_distances_offset y,4all_nums_scaled_to_max_trajs_num_intersections_offset
only_rays_acceler_size_4_,filenames_in_cluster_train KMeans test nclus 6,0,429,0.011098595455568098,0.007947352094930001,0.008454656572349402,0.009868421052631578,0.001788691558354599,0.0,0.0017886915583547004,0.009868421052631578
only_rays_acceler_size_4_,filenames_in_cluster_train KMeans test nclus 6,2,78,0.016871600541836403,0.009963248438668998,0.012527924747443102,0.013157894736842105,0.020894612388491902,0.013157894736842101,0.0115905757939321,0.013157894736842105
only_rays_acceler_size_4_,filenames_in_cluster_train KMeans test nclus 6,4,113,0.0143443846334203,0.012207497031334998,0.0084598178724597,0.013157894736842105,0.0144856271052728,0.0113343909338488,0.0067229020846705,0.013157894736842105
only_rays_acceler_size_4_,filenames_in_cluster_train KMeans test nclus 6,5,178,0.0115406776880543,0.008377630312806101,0.0085878354892104,0.013157894736842105,0.0125935102787703,0.008223684210526301,0.0098684210526316,0.013157894736842105
only_rays_acceler_size_4_,filenames_in_cluster_train KMeans test nclus 6,1,49,0.025135604655580096,0.0161506037443479,0.0166333086707309,0.019736842105263164,0.020961149205546002,0.013157894736842101,0.0116571126109863,0.019736842105263164
only_rays_acceler_size_4_,filenames_in_cluster_train KMeans test nclus 6,3,13,0.033052898326798905,0.0214271416319493,0.0205238214816996,0.03618421052631578,0.014419090288218701,0.0113343909338488,0.005011628425511,0.03618421052631578
