subdir,file,cluster,size,24all_distances_scaled_to_max_trajs_distances_offset,24all_distances_scaled_to_max_trajs_distances_offset x,24all_distances_scaled_to_max_trajs_distances_offset y,24all_nums_scaled_to_max_trajs_num_intersections_offset,4all_distances_scaled_to_max_trajs_distances_offset,4all_distances_scaled_to_max_trajs_distances_offset x,4all_distances_scaled_to_max_trajs_distances_offset y,4all_nums_scaled_to_max_trajs_num_intersections_offset
only_rays_acceler_size_4_,filenames_in_cluster_test KMeans test nclus 10,1,164,0.019721560045292838,0.054070191614833236,0.02897062957479808,0.05725758477096967,0.12393106620096477,0.15608268887566976,0.07183982809912506,0.05725758477096967
only_rays_acceler_size_4_,filenames_in_cluster_test KMeans test nclus 10,8,112,0.05568635662303847,0.041690989116508884,0.07556440143796883,0.09566326530612247,0.12125522410401776,0.16866629464285723,0.049931387277357894,0.09566326530612247
only_rays_acceler_size_4_,filenames_in_cluster_test KMeans test nclus 10,7,53,0.07014596881009309,0.07709739740783018,0.05695261868673184,0.08882164471342116,0.13807838354663807,0.17372730509077935,0.04943261909749835,0.08882164471342116
only_rays_acceler_size_4_,filenames_in_cluster_test KMeans test nclus 10,4,40,0.04135684676435638,0.040213066760831244,0.048010841612380666,0.05440000000000003,0.21734375000000003,0.21734375000000009,inf,0.05440000000000003
only_rays_acceler_size_4_,filenames_in_cluster_test KMeans test nclus 10,3,136,0.0376622667145312,0.044667733323226134,0.04503107859604339,0.0684111880046136,0.007298875432525955,0.007298875432525949,inf,0.0684111880046136
only_rays_acceler_size_4_,filenames_in_cluster_test KMeans test nclus 10,6,36,0.06661551338421261,0.06912300294197687,0.06336314821089153,0.07465277777777775,0.027006172839506182,0.027006172839506164,inf,0.07465277777777775
only_rays_acceler_size_4_,filenames_in_cluster_test KMeans test nclus 10,0,49,0.04980129446819925,0.0574677995613439,0.03971713829660319,0.09190615021518816,0.17735205406583993,0.22730112453144516,0.04717030598075647,0.09190615021518816
only_rays_acceler_size_4_,filenames_in_cluster_test KMeans test nclus 10,2,14,0.11911348340785033,0.10355275652712309,0.09708712300527504,0.12089002267573702,0.1501487063519843,0.20408163265306117,0.06632653061224489,0.12089002267573702
only_rays_acceler_size_4_,filenames_in_cluster_test KMeans test nclus 10,5,2,0.25,0.25,0.25,0.25,nan,nan,nan,0.25
