subdir,file,cluster,size,24all_distances_scaled_to_max_trajs_distances_offset,24all_distances_scaled_to_max_trajs_distances_offset x,24all_distances_scaled_to_max_trajs_distances_offset y,24all_nums_scaled_to_max_trajs_num_intersections_offset,4all_distances_scaled_to_max_trajs_distances_offset,4all_distances_scaled_to_max_trajs_distances_offset x,4all_distances_scaled_to_max_trajs_distances_offset y,4all_nums_scaled_to_max_trajs_num_intersections_offset
only_rays_acceler_size_4_,filenames_in_cluster_train KMeans test nclus 4,0,595,0.02313151187571634,0.030451978737212643,0.03159055435465842,0.054730598121601574,0.03331760909859367,0.06147079550772515,0.01973930570694645,0.054730598121601574
only_rays_acceler_size_4_,filenames_in_cluster_train KMeans test nclus 4,3,165,0.07232767165999374,0.05028929670753814,0.050848299251840194,0.0548966023875115,0.059643847624711296,0.09075532524247144,0.060775964257972846,0.0548966023875115
only_rays_acceler_size_4_,filenames_in_cluster_train KMeans test nclus 4,1,79,0.03603119032391095,0.03291912227928288,0.041108116565497226,0.0734657907386637,0.06665768725932317,0.0950619827354609,0.05961879585148636,0.0734657907386637
only_rays_acceler_size_4_,filenames_in_cluster_train KMeans test nclus 4,2,21,0.077476444179778,0.07108539490896684,0.07292141870287755,0.08106575963718819,0.07672540544067764,0.09536973300106255,0.07238993645851038,0.08106575963718819
