subdir,file,cluster,size,24all_distances_scaled_to_max_trajs_distances_offset,24all_distances_scaled_to_max_trajs_distances_offset x,24all_distances_scaled_to_max_trajs_distances_offset y,24all_nums_scaled_to_max_trajs_num_intersections_offset,4all_distances_scaled_to_max_trajs_distances_offset,4all_distances_scaled_to_max_trajs_distances_offset x,4all_distances_scaled_to_max_trajs_distances_offset y,4all_nums_scaled_to_max_trajs_num_intersections_offset
only_rays_acceler_size_4_,filenames_in_cluster_test KMeans test nclus 5,3,301,0.0181507343582046,0.0109327904791313,0.012258851217063,0.03289473684210526,0.0145204393499114,0.0098684210526315,0.0082236842105263,0.03289473684210526
only_rays_acceler_size_4_,filenames_in_cluster_test KMeans test nclus 5,4,36,0.0349843121781757,0.0229897106489048,0.0215794936175099,0.06907894736842106,0.017809913034122,0.0131578947368421,0.006578947368421,0.06907894736842106
only_rays_acceler_size_4_,filenames_in_cluster_test KMeans test nclus 5,0,145,0.0230302817151219,0.0143961415728241,0.0149612773182293,0.03289473684210526,0.017809913034122,0.0131578947368421,0.006578947368421,0.03289473684210526
only_rays_acceler_size_4_,filenames_in_cluster_test KMeans test nclus 5,1,118,0.0262006094258929,0.017025823971602,0.0177230470696959,0.049342105263157895,0.017809913034122,0.0131578947368421,0.0082236842105263,0.049342105263157895
only_rays_acceler_size_4_,filenames_in_cluster_test KMeans test nclus 5,2,6,0.0335034210106647,0.0225615700431462,0.0222279135244772,0.08552631578947369,0.017809913034122,0.0131578947368421,0.006578947368421,0.08552631578947369
