subdir,file,cluster,size,24all_distances_scaled_to_max_trajs_distances_offset,24all_distances_scaled_to_max_trajs_distances_offset x,24all_distances_scaled_to_max_trajs_distances_offset y,24all_nums_scaled_to_max_trajs_num_intersections_offset,4all_distances_scaled_to_max_trajs_distances_offset,4all_distances_scaled_to_max_trajs_distances_offset x,4all_distances_scaled_to_max_trajs_distances_offset y,4all_nums_scaled_to_max_trajs_num_intersections_offset
only_rays_acceler_size_4_,filenames_in_cluster_train KMeans test nclus 4,0,595,0.0017600623778850123,0.001465293756033824,0.0015263788507762777,0.002308674830779122,0.0038260620025133483,0.003262276926595485,0.001637785147957072,0.002308674830779122
only_rays_acceler_size_4_,filenames_in_cluster_train KMeans test nclus 4,3,165,0.0038577507496812716,0.002737564802348033,0.002458125335401379,0.0038536223657343674,0.005119150708044366,0.003963897962512983,0.0028738025174922027,0.0038536223657343674
only_rays_acceler_size_4_,filenames_in_cluster_train KMeans test nclus 4,1,79,0.004771211206193488,0.0029303053998851664,0.0033724260602690753,0.005349586885084242,0.005411780956482887,0.0040568583293062845,0.002846312577980096,0.005349586885084242
only_rays_acceler_size_4_,filenames_in_cluster_train KMeans test nclus 4,2,21,0.00940101948072343,0.005712871170439128,0.006304796333526665,0.011238966863817102,0.00578767205795989,0.004063419787226021,0.0031184882281447895,0.011238966863817102
