subdir,file,cluster,size,24all_distances_scaled_to_max_trajs_distances_offset,24all_distances_scaled_to_max_trajs_distances_offset x,24all_distances_scaled_to_max_trajs_distances_offset y,24all_nums_scaled_to_max_trajs_num_intersections_offset,4all_distances_scaled_to_max_trajs_distances_offset,4all_distances_scaled_to_max_trajs_distances_offset x,4all_distances_scaled_to_max_trajs_distances_offset y,4all_nums_scaled_to_max_trajs_num_intersections_offset
only_rays_acceler_size_4_,filenames_in_cluster_train KMeans test nclus 4,0,595,0.011389349309375617,0.007338113521542096,0.007181009004085163,0.02484520123839037,0.013273641008186617,0.008536414451666665,0.006796935614075814,0.02484520123839037
only_rays_acceler_size_4_,filenames_in_cluster_train KMeans test nclus 4,3,165,0.014627244287332686,0.009237098575759693,0.009412628967659778,0.03716108452950563,0.015343072056794284,0.010199629757135219,0.007502470617056048,0.03716108452950563
only_rays_acceler_size_4_,filenames_in_cluster_train KMeans test nclus 4,1,79,0.020447842317692592,0.012990630070504933,0.01307212404895883,0.05179880079946702,0.014801959435601045,0.00992572387476767,0.007181232994033819,0.05179880079946702
only_rays_acceler_size_4_,filenames_in_cluster_train KMeans test nclus 4,2,21,0.029028356440668486,0.018174344952632777,0.018837298912955384,0.07753759398496242,0.01710110205610614,0.012131211598353672,0.0073556121648795485,0.07753759398496242
