subdir,file,cluster,size,24all_distances_scaled_to_max_trajs_distances_offset,24all_distances_scaled_to_max_trajs_distances_offset x,24all_distances_scaled_to_max_trajs_distances_offset y,24all_nums_scaled_to_max_trajs_num_intersections_offset,4all_distances_scaled_to_max_trajs_distances_offset,4all_distances_scaled_to_max_trajs_distances_offset x,4all_distances_scaled_to_max_trajs_distances_offset y,4all_nums_scaled_to_max_trajs_num_intersections_offset
only_rays_acceler_size_4_,filenames_in_cluster_train KMeans test nclus 3,0,637,0.0115724696428037,0.0083968605363921,0.0085878354892104,0.013157894736842105,0.020961149205546002,0.013157894736842101,0.0116571126109863,0.013157894736842105
only_rays_acceler_size_4_,filenames_in_cluster_train KMeans test nclus 3,2,178,0.018021154165430403,0.012233036600847898,0.013318923743340101,0.023026315789473686,0.020961149205546002,0.013157894736842101,0.0116571126109863,0.023026315789473686
only_rays_acceler_size_4_,filenames_in_cluster_train KMeans test nclus 3,1,45,0.0337745920812037,0.0214271416319493,0.0233476679017088,0.04934210526315789,0.020961149205546002,0.013157894736842101,0.0116571126109863,0.04934210526315789
