subdir,file,cluster,size,24all_distances_scaled_to_max_trajs_distances_offset,24all_distances_scaled_to_max_trajs_distances_offset x,24all_distances_scaled_to_max_trajs_distances_offset y,24all_nums_scaled_to_max_trajs_num_intersections_offset,4all_distances_scaled_to_max_trajs_distances_offset,4all_distances_scaled_to_max_trajs_distances_offset x,4all_distances_scaled_to_max_trajs_distances_offset y,4all_nums_scaled_to_max_trajs_num_intersections_offset
only_rays_acceler_size_4_,filenames_in_cluster_test KMeans test nclus 5,3,301,0.02864526220189235,0.06172802542505178,0.035577224357597075,0.044704252712442466,0.12227284704075715,0.1593470270747567,0.06355646883437151,0.044704252712442466
only_rays_acceler_size_4_,filenames_in_cluster_test KMeans test nclus 5,4,36,0.05144529913512719,0.04542499345175816,0.05830997632529561,0.05328798185941039,0.13581899268985437,0.1996527777777779,0.02700617283950617,0.05328798185941039
only_rays_acceler_size_4_,filenames_in_cluster_test KMeans test nclus 5,0,145,0.02382012150702787,0.027986240640660385,0.028856067536303535,0.057175980975029725,0.006848989298454218,0.006848989298454219,inf,0.057175980975029725
only_rays_acceler_size_4_,filenames_in_cluster_test KMeans test nclus 5,1,118,0.06063779181971116,0.05291726731120385,0.045229267583840056,0.06786555587474864,0.17815010884548074,0.23774148951450735,0.028395424422826155,0.06786555587474864
only_rays_acceler_size_4_,filenames_in_cluster_test KMeans test nclus 5,2,6,0.17762160004357044,0.14081853965924218,0.15030366433435366,0.1022222222222222,0.22222222222222218,0.22222222222222227,inf,0.1022222222222222
