window_size,vehicle,ride,start,scale,scale x,scale y,offset,offset x,offset y,no scale,no scale x,no scale y,only offset,only offset x,only offset y,
20,Vehicle_16,8446872,0,0.010669417382415922,0.00625,0.00625,0.010669417382415922,0.00625,0.00625,0.0,0.0,0.0,0.00625,0.003125,0.003125,
20,Vehicle_16,8446872,20,0.010669417382415922,0.00625,0.006250000000000001,0.00912372293796124,0.00625,0.0047043055555453205,0.0,0.0,0.0,0.00625,0.003125,0.003125,
20,Vehicle_16,8446872,40,0.007544417382415922,0.003125,0.00625,0.010669417382415922,0.00625,0.00625,0.0,0.0,0.0,0.00625,0.003125,0.003125,
20,Vehicle_16,8446872,60,0.008495096644980788,0.004075679262564866,0.00625,0.01066941738241592,0.00625,0.00625,0.0,0.0,0.0,0.00625,0.0031250000000000006,0.003125,
20,Vehicle_16,8446872,80,0.007526131847116788,0.006231714464700865,0.0031250000000000006,0.010669417382415924,0.00625,0.006250000000000001,0.0,0.0,0.0,0.00625,0.003125,0.003125,
20,Vehicle_16,8446872,100,0.007544417382415922,0.0031250000000000006,0.00625,0.01066941738241592,0.0062499999999999995,0.006250000000000001,0.0,0.0,0.0,0.00625,0.003125,0.0031250000000000006,
20,Vehicle_16,8446872,120,0.009968524525274027,0.0062499999999999995,0.005549107142858105,0.01066941738241592,0.0062499999999999995,0.0062499999999999995,0.0,0.0,0.0,0.00625,0.003125,0.003125,
20,Vehicle_16,8446872,140,0.01262375464005029,0.007812500000000002,0.0075571285664264055,0.017298543456039806,0.0109375,0.0109375,0.0,0.0,0.0,0.00625,0.003125,0.003125,
