window_size,vehicle,ride,start,scale,scale x,scale y,offset,offset x,offset y,no scale,no scale x,no scale y,only offset,only offset x,only offset y,
20,Vehicle_16,8446872,0,0.010669417382415924,0.00625,0.00625,0.00805765522967721,0.005013020833342006,0.004875217013919283,0.0,0.0,0.0,0.00625,0.003125,0.0031250000000000006,
20,Vehicle_16,8446872,20,0.010669417382415922,0.00625,0.00625,0.010669417382415922,0.00625,0.00625,0.0,0.0,0.0,0.00625,0.003125,0.003125,
20,Vehicle_16,8446872,40,0.007544417382415921,0.0031250000000000006,0.00625,0.010669417382415924,0.00625,0.006250000000000001,0.007544417382415921,0.003125,0.00625,0.010669417382415922,0.00625,0.00625,
20,Vehicle_16,8446872,60,0.00849509664498079,0.004075679262564867,0.00625,0.010669417382415922,0.00625,0.00625,0.00845970869120796,0.0046875,0.0046875,0.010669417382415922,0.00625,0.00625,
20,Vehicle_16,8446872,80,0.0075261318471167874,0.006231714464700866,0.003125,0.009342083175824476,0.004922665793408552,0.00625,0.007429351574996688,0.006134934192580767,0.003125,0.00625,0.003125,0.003125,
20,Vehicle_16,8446872,100,0.007544417382415922,0.003125,0.00625,0.010054134949982219,0.005634717567566297,0.00625,0.002209708691207961,0.0015624999999999997,0.0015625000000000003,0.00625,0.003125,0.003125,
20,Vehicle_16,8446872,120,0.008245310239557819,0.00625,0.003825892857141896,0.007210407642165479,0.004531655844177795,0.004509334415571763,0.0,0.0,0.0,0.00625,0.003125,0.003125,
20,Vehicle_16,8446872,140,0.012879126073623882,0.0078125,0.0078125,0.017298543456039806,0.0109375,0.0109375,0.0,0.0,0.0,0.00625,0.003125,0.003125,
