window_size,vehicle,ride,start,scale,scale x,scale y,offset,offset x,offset y,no scale,no scale x,no scale y,only offset,only offset x,only offset y,
20,Vehicle_16,8446872,0,0.008541813215741045,0.0041223958334639,0.0062499999999074815,0.00805765522983844,0.005013020833457655,0.00487521701403822,0.0,0.0,0.0,0.0031251231770833554,0.0015625781250000026,0.0015625450520833529,
20,Vehicle_16,8446872,20,0.00804407472601192,0.0058458875023511166,0.004028769841262825,0.007591472937969541,0.004717749999990598,0.004704305555563021,0.0,0.0,0.0,0.0031250411736110984,0.0015625264687499918,0.0015625147048611066,
20,Vehicle_16,8446872,40,0.005082564023395343,0.003125,0.0037881466409802203,0.009435903289905621,0.005016485907488569,0.0062500000000054535,0.0,0.0,0.0,0.0031267634731343198,0.0015638394990209025,0.001562923974113417,
20,Vehicle_16,8446872,60,0.006371027151960254,0.004075679262568214,0.004125930506976118,0.006552923870155472,0.004166690710891043,0.004216815776848507,0.0,0.0,0.0,0.0031221857448147984,0.0015610217349137923,0.001561164009901006,
20,Vehicle_16,8446872,80,0.004437702917717076,0.0031432855353011532,0.003125,0.010078990272446737,0.00625,0.0056595728900390805,0.0,0.0,0.0,0.003127559499418697,0.0015616831986497548,0.0015658763007689424,
20,Vehicle_16,8446872,100,0.0075444173824261666,0.003125000000006001,0.006250000000012002,0.008159699814833998,0.003740282432432564,0.006249999999987998,0.0,0.0,0.0,0.003124368609578665,0.0015607476474999936,0.0015636209620786712,
20,Vehicle_16,8446872,120,0.0061324855642702495,0.00378084415592794,0.004182224025934833,0.007878427122523225,0.004843344155806248,0.004865665584292608,0.0,0.0,0.0,0.0031251285937499594,0.0015625599999999906,0.001562568593749969,
20,Vehicle_16,8446872,140,0.009055421209721597,0.00625,0.004636003827387621,0.016363859652903354,0.0109375,0.010002816196962465,0.0,0.0,0.0,0.0031254196645833397,0.0015627993750000012,0.0015626202895833385,
