window_size,vehicle,ride,start,offset,offset x,offset y,scale,scale x,scale y,no scale,no scale x,no scale y,only offset,only offset x,only offset y,
20,Vehicle_17,9492910,0,0.010320640987157147,0.005345501688683268,0.007876745964288518,0.008857588445272365,0.004159162863769394,0.0070825019376092105,0.00011179643629245686,8.163626641785119e-05,5.528584557119185e-05,0.000810185185185185,0.00055671498081641,0.00044097424007566904,
20,Vehicle_17,9492910,20,0.014074743281261362,0.007960294469965616,0.010101536196073947,0.012904580154853077,0.007183434713016663,0.009218424825570486,0.0001863048290021677,0.00010090927982453623,0.0001272666040113556,0.0007330246913580247,0.0004789683663492883,0.0004476736296461526,
20,Vehicle_17,9492910,40,0.011299853316528347,0.006143098586825202,0.008316547259834307,0.010493933493849921,0.005491983464462857,0.007836970173340462,7.45266735280352e-05,4.5637852900723514e-05,4.5638308284612884e-05,0.0007330246913580247,0.0004789683663492881,0.0004476736296461526,
