window_size,vehicle,ride,start,scale,scale x,scale y,offset,offset x,offset y,no scale,no scale x,no scale y,only offset,only offset x,only offset y,
20,Vehicle_6,9476572,0,0.008850818928159702,0.004601301368601366,0.0067458284857654285,0.010102987606784112,0.005366273782251818,0.007671214908372988,0.00027246290281598187,0.00017677225306032859,0.0001767779362035732,0.0009548535806680366,0.0006159441851323913,0.0006159500401059831,
20,Vehicle_6,9476572,20,0.00859191217669873,0.004294660356066008,0.006787562578489604,0.009889064666447898,0.005079445317209089,0.007678462178001688,0.000272473397823153,0.00017678089719707572,0.00017678244724281532,0.0009548703086805559,0.0006159613731532251,0.0006159495800976689,
20,Vehicle_6,9476572,40,0.0092140746372098,0.004873900659083487,0.006989012221822146,0.00991345564029605,0.005189520142308016,0.007605669172756271,0.00027247747121780796,0.00017678404914854838,0.00017678447103653774,0.0009548362416666682,0.0006159288856532262,0.0006159480005837804,
