subdir,file,cluster,size,24all_distances_scaled_to_max_trajs_distances_offset,24all_distances_scaled_to_max_trajs_distances_offset x,24all_distances_scaled_to_max_trajs_distances_offset y,24all_nums_scaled_to_max_trajs_num_intersections_offset,4all_distances_scaled_to_max_trajs_distances_offset,4all_distances_scaled_to_max_trajs_distances_offset x,4all_distances_scaled_to_max_trajs_distances_offset y,4all_nums_scaled_to_max_trajs_num_intersections_offset
only_rays_size_4_,filenames_in_cluster_test KMeans test nclus 8,7,173,0.16885220849669635,0.2498617180388321,0.17875305825215887,0.305320523612584,0.353218835072449,0.40020292891173725,0.26360565483190684,0.305320523612584
only_rays_size_4_,filenames_in_cluster_test KMeans test nclus 8,0,112,0.23597956823216384,0.20418371413143824,0.27488979871571956,0.309294787065871,0.3482172082250068,0.4106900225752474,0.22345332236813553,0.309294787065871
only_rays_size_4_,filenames_in_cluster_test KMeans test nclus 8,3,76,0.21344572789351726,0.22251638493621553,0.19914317168909978,0.2733827730156337,0.39221798619206827,0.4421620420933302,0.22709012158640526,0.2733827730156337
only_rays_size_4_,filenames_in_cluster_test KMeans test nclus 8,6,51,0.1926260695402367,0.18290279222322378,0.1945410545552556,0.24840900900627308,0.4105611164123835,0.4852693596378268,0.26884920001572726,0.24840900900627308
only_rays_size_4_,filenames_in_cluster_test KMeans test nclus 8,1,19,0.2749393297518186,0.2573944774610601,0.30198960565040955,0.27881079079496174,0.37292443707079337,0.44034738238635557,0.22329687826943603,0.27881079079496174
only_rays_size_4_,filenames_in_cluster_test KMeans test nclus 8,4,135,0.19410287188951175,0.21094162448474815,0.21292578653710353,0.26219385585102783,inf,inf,inf,0.26219385585102783
only_rays_size_4_,filenames_in_cluster_test KMeans test nclus 8,2,38,0.26420876014113637,0.24398557907754445,0.2579985072221695,0.27133671878028,inf,inf,inf,0.27133671878028
only_rays_size_4_,filenames_in_cluster_test KMeans test nclus 8,5,2,0.5,0.5,0.5,0.5,nan,nan,nan,0.5
