subdir,file,cluster,size,24all_distances_scaled_to_max_trajs_distances_offset,24all_distances_scaled_to_max_trajs_distances_offset x,24all_distances_scaled_to_max_trajs_distances_offset y,24all_nums_scaled_to_max_trajs_num_intersections_offset,4all_distances_scaled_to_max_trajs_distances_offset,4all_distances_scaled_to_max_trajs_distances_offset x,4all_distances_scaled_to_max_trajs_distances_offset y,4all_nums_scaled_to_max_trajs_num_intersections_offset
only_rays_size_4_,filenames_in_cluster_test KMeans test nclus 3,0,454,0.013071772193894299,0.009301047775864001,0.009866183521269202,0.013157894736842105,0.008225712767943701,0.006578947368421099,0.0032915022416279997,0.013157894736842105
only_rays_size_4_,filenames_in_cluster_test KMeans test nclus 3,2,129,0.022642950728335096,0.016128194095519698,0.015120049510266801,0.019736842105263157,0.0081998189828833,0.006578947368421099,0.0032656084565674997,0.019736842105263157
only_rays_size_4_,filenames_in_cluster_test KMeans test nclus 3,1,23,0.0203051964270515,0.013391637306406601,0.0134281815478347,0.03289473684210527,0.0081998189828833,0.006578947368421099,0.0016208716144622002,0.03289473684210527
