subdir,file,cluster,size,24all_distances_scaled_to_max_trajs_distances_offset,24all_distances_scaled_to_max_trajs_distances_offset x,24all_distances_scaled_to_max_trajs_distances_offset y,24all_nums_scaled_to_max_trajs_num_intersections_offset,4all_distances_scaled_to_max_trajs_distances_offset,4all_distances_scaled_to_max_trajs_distances_offset x,4all_distances_scaled_to_max_trajs_distances_offset y,4all_nums_scaled_to_max_trajs_num_intersections_offset
only_rays_size_4_,filenames_in_cluster_train KMeans test nclus 9,0,278,0.03622465331365034,0.046269011514875495,0.039874771279263546,0.09386160136638891,0.05037791700436164,inf,0.05037791700435978,0.09386160136638891
only_rays_size_4_,filenames_in_cluster_train KMeans test nclus 9,7,177,0.01708299368217001,0.016315802492777993,0.031107594907461122,0.12531520316639536,0.07359437459265959,inf,0.07359437459265417,0.12531520316639536
only_rays_size_4_,filenames_in_cluster_train KMeans test nclus 9,8,68,0.06622672807657297,0.04929675893809245,0.05179843122604188,0.07151546280276816,0.10443080934758706,inf,0.10443080934758253,0.07151546280276816
only_rays_size_4_,filenames_in_cluster_train KMeans test nclus 9,3,169,0.03892413114900587,0.04263495573342083,0.03518260582812512,0.06969099276791585,0.05473535963731038,0.03858042544264052,0.08618979260763505,0.06969099276791585
only_rays_size_4_,filenames_in_cluster_train KMeans test nclus 9,4,68,0.08413248968653377,0.08898012574756918,0.04745740553182551,0.061148356401384066,0.07875050945313294,0.05537141254414924,0.13611952133794686,0.061148356401384066
only_rays_size_4_,filenames_in_cluster_train KMeans test nclus 9,2,36,0.06620026108611556,0.06762733192030945,0.0635299132965445,0.07691936728395062,0.12809955490140063,0.09706714178875243,0.15509259259259256,0.07691936728395062
only_rays_size_4_,filenames_in_cluster_train KMeans test nclus 9,1,17,0.0735143484426983,0.07426702388316389,0.06363404728574105,0.08342945021145712,0.09014767455199509,0.09546684404035535,0.11292130600831254,0.08342945021145712
only_rays_size_4_,filenames_in_cluster_train KMeans test nclus 9,6,7,0.08829553091481744,0.08622167266284106,0.09508559344419641,0.15051020408163254,0.2127859287193188,0.2448979591836735,0.18489290913339496,0.15051020408163254
only_rays_size_4_,filenames_in_cluster_train KMeans test nclus 9,5,40,0.041026096068104596,0.034773301171837794,0.048483327289693415,0.061599999999999974,0.10107985163240983,0.1275,0.1807644485342136,0.061599999999999974
