subdir,file,cluster,size,24all_distances_scaled_to_max_trajs_distances_offset,24all_distances_scaled_to_max_trajs_distances_offset x,24all_distances_scaled_to_max_trajs_distances_offset y,24all_nums_scaled_to_max_trajs_num_intersections_offset,4all_distances_scaled_to_max_trajs_distances_offset,4all_distances_scaled_to_max_trajs_distances_offset x,4all_distances_scaled_to_max_trajs_distances_offset y,4all_nums_scaled_to_max_trajs_num_intersections_offset
only_rays_size_4_,filenames_in_cluster_test KMeans test nclus 4,0,420,0.01122016660658751,0.007174117694450687,0.007147978323428163,0.0250000000000001,0.013567136769621369,0.009190946115288093,0.0063283533204535405,0.0250000000000001
only_rays_size_4_,filenames_in_cluster_test KMeans test nclus 4,3,120,0.014120042310755553,0.009113055530818377,0.008916114235867273,0.037719298245614034,0.014397880705907045,0.009978070175438584,0.00636279734386909,0.037719298245614034
only_rays_size_4_,filenames_in_cluster_test KMeans test nclus 4,1,59,0.019863871585485596,0.013015579353629647,0.012344170128095269,0.05084745762711865,0.015637133156602704,0.011095004460303285,0.006469057767440513,0.05084745762711865
only_rays_size_4_,filenames_in_cluster_test KMeans test nclus 4,2,7,0.026602087374594623,0.01743406942847531,0.016526460199595628,0.0756578947368421,0.014990364161941525,0.01033834586466163,0.006578947368421002,0.0756578947368421
