subdir,file,cluster,size,24all_distances_scaled_to_max_trajs_distances_offset,24all_distances_scaled_to_max_trajs_distances_offset x,24all_distances_scaled_to_max_trajs_distances_offset y,24all_nums_scaled_to_max_trajs_num_intersections_offset,4all_distances_scaled_to_max_trajs_distances_offset,4all_distances_scaled_to_max_trajs_distances_offset x,4all_distances_scaled_to_max_trajs_distances_offset y,4all_nums_scaled_to_max_trajs_num_intersections_offset
only_rays_size_4_,filenames_in_cluster_train KMeans test nclus 8,7,252,0.007303898990514998,0.0069140728880334,0.006602528107170801,0.003289473684210526,0.001788691558354599,0.0,0.0017886915583547004,0.003289473684210526
only_rays_size_4_,filenames_in_cluster_train KMeans test nclus 8,0,177,0.0110799372278707,0.007947352094930001,0.008454656572349402,0.003289473684210526,0.001788691558354599,0.0,0.0017886915583547004,0.003289473684210526
only_rays_size_4_,filenames_in_cluster_train KMeans test nclus 8,3,101,0.0143443846334203,0.012207497031334998,0.010458046192476998,0.009868421052631582,0.008766719004274498,0.006578947368421099,0.0067229020846705,0.009868421052631582
only_rays_size_4_,filenames_in_cluster_train KMeans test nclus 8,4,174,0.0115406776880543,0.008377630312806101,0.0085878354892104,0.009868421052631578,0.0125935102787703,0.008223684210526301,0.0098684210526316,0.009868421052631578
only_rays_size_4_,filenames_in_cluster_train KMeans test nclus 8,2,57,0.0120311480942454,0.0084405572820379,0.010023277315987,0.013157894736842105,0.0125935102787703,0.008223684210526301,0.0098684210526316,0.013157894736842105
only_rays_size_4_,filenames_in_cluster_train KMeans test nclus 8,6,59,0.0178484617508457,0.012146231045292298,0.011630675180959902,0.013157894736842105,0.0144856271052728,0.0113343909338488,0.0067229020846705,0.013157894736842105
only_rays_size_4_,filenames_in_cluster_train KMeans test nclus 8,1,30,0.023976756029448903,0.0147100062271227,0.017536578252676002,0.02302631578947368,0.020894612388491902,0.013157894736842101,0.0115905757939321,0.02302631578947368
only_rays_size_4_,filenames_in_cluster_train KMeans test nclus 8,5,10,0.0246637934764394,0.0133172676811208,0.0178871253052513,0.02960526315789473,0.008301102109721601,0.006578947368421099,0.0017221547413005002,0.02960526315789473
