subdir,file,cluster,size,24all_distances_scaled_to_max_trajs_distances_offset,24all_distances_scaled_to_max_trajs_distances_offset x,24all_distances_scaled_to_max_trajs_distances_offset y,24all_nums_scaled_to_max_trajs_num_intersections_offset,4all_distances_scaled_to_max_trajs_distances_offset,4all_distances_scaled_to_max_trajs_distances_offset x,4all_distances_scaled_to_max_trajs_distances_offset y,4all_nums_scaled_to_max_trajs_num_intersections_offset
only_rays_size_4_,filenames_in_cluster_test KMeans test nclus 3,0,454,0.0017271038424283521,0.0015490499492375152,0.001500062222870445,0.003043065054660279,0.0032698990237481256,0.002954953391551952,0.0007022108477681418,0.003043065054660279
only_rays_size_4_,filenames_in_cluster_test KMeans test nclus 3,2,129,0.004295866542470055,0.0029541398367208056,0.0028174692620664774,0.005053722475224745,0.0033989961148016257,0.0031722402162554257,0.0005128848174135468,0.005053722475224745
only_rays_size_4_,filenames_in_cluster_test KMeans test nclus 3,1,23,0.005966994970358655,0.003691277663996487,0.004132949341170113,0.008774520394838654,0.003149303191785756,0.0030271754131174014,0.0003305461637010413,0.008774520394838654
