subdir,file,cluster,size,24all_distances_scaled_to_max_trajs_distances_offset,24all_distances_scaled_to_max_trajs_distances_offset x,24all_distances_scaled_to_max_trajs_distances_offset y,24all_nums_scaled_to_max_trajs_num_intersections_offset,4all_distances_scaled_to_max_trajs_distances_offset,4all_distances_scaled_to_max_trajs_distances_offset x,4all_distances_scaled_to_max_trajs_distances_offset y,4all_nums_scaled_to_max_trajs_num_intersections_offset
only_rays_size_4_,filenames_in_cluster_train KMeans test nclus 4,0,595,3.0978195740462436e-06,2.1470857914717118e-06,2.32983239609711e-06,5.329979474273006e-06,1.4638750447076452e-05,1.0642450745797284e-05,2.6823401908687687e-06,5.329979474273006e-06
only_rays_size_4_,filenames_in_cluster_train KMeans test nclus 4,3,165,1.4882240846666411e-05,7.494261047054826e-06,6.0423801645421405e-06,1.4850405337688141e-05,2.620570397167113e-05,1.5712487057214575e-05,8.258740909544523e-06,1.4850405337688141e-05
only_rays_size_4_,filenames_in_cluster_train KMeans test nclus 4,1,79,2.276445637410632e-05,8.586689736596165e-06,1.1373257531981998e-05,2.8618079841065325e-05,2.9287373120950836e-05,1.645809950406178e-05,8.101495291567699e-06,2.8618079841065325e-05
only_rays_size_4_,filenames_in_cluster_train KMeans test nclus 4,2,21,8.837916727694142e-05,3.263689701003453e-05,3.9750456807251284e-05,0.00012631437616597883,3.349714785048967e-05,1.651138036721996e-05,9.72496882907763e-06,0.00012631437616597883
