subdir,file,cluster,size,24all_distances_scaled_to_max_trajs_distances_offset,24all_distances_scaled_to_max_trajs_distances_offset x,24all_distances_scaled_to_max_trajs_distances_offset y,24all_nums_scaled_to_max_trajs_num_intersections_offset,4all_distances_scaled_to_max_trajs_distances_offset,4all_distances_scaled_to_max_trajs_distances_offset x,4all_distances_scaled_to_max_trajs_distances_offset y,4all_nums_scaled_to_max_trajs_num_intersections_offset
only_rays_size_4_,filenames_in_cluster_train KMeans test nclus 5,3,454,0.011098595455568098,0.007947352094930001,0.008454656572349402,0.013157894736842105,0.001788691558354599,0.0,0.0017886915583547004,0.013157894736842105
only_rays_size_4_,filenames_in_cluster_train KMeans test nclus 5,1,146,0.015598487030158802,0.012120691475779499,0.011769658044209898,0.016447368421052634,0.020961149205546002,0.013157894736842101,0.0116571126109863,0.016447368421052634
only_rays_size_4_,filenames_in_cluster_train KMeans test nclus 5,0,183,0.0115406776880543,0.008377630312806101,0.0085878354892104,0.013157894736842105,0.0125935102787703,0.008223684210526301,0.0098684210526316,0.013157894736842105
only_rays_size_4_,filenames_in_cluster_train KMeans test nclus 5,4,64,0.025135604655580096,0.0161506037443479,0.0166333086707309,0.026315789473684216,0.020961149205546002,0.013157894736842101,0.0116571126109863,0.026315789473684216
only_rays_size_4_,filenames_in_cluster_train KMeans test nclus 5,2,13,0.033052898326798905,0.0214271416319493,0.0205238214816996,0.03618421052631578,0.014419090288218701,0.0113343909338488,0.005011628425511,0.03618421052631578
