subdir,file,cluster,size,24all_distances_scaled_to_max_trajs_distances_offset,24all_distances_scaled_to_max_trajs_distances_offset x,24all_distances_scaled_to_max_trajs_distances_offset y,24all_nums_scaled_to_max_trajs_num_intersections_offset,4all_distances_scaled_to_max_trajs_distances_offset,4all_distances_scaled_to_max_trajs_distances_offset x,4all_distances_scaled_to_max_trajs_distances_offset y,4all_nums_scaled_to_max_trajs_num_intersections_offset
only_rays_size_4_,filenames_in_cluster_train KMeans test nclus 4,0,595,0.0215038459676468,0.0134727241097662,0.0136829292861705,0.029605263157894735,0.0304034233128923,0.0197368421052631,0.0164473684210526,0.029605263157894735
only_rays_size_4_,filenames_in_cluster_train KMeans test nclus 4,3,165,0.0244333779909639,0.0173893963838507,0.0160828859902372,0.046052631578947366,0.0304034233128923,0.0197368421052631,0.0164473684210526,0.046052631578947366
only_rays_size_4_,filenames_in_cluster_train KMeans test nclus 4,1,79,0.0355280864604177,0.0215929197635302,0.0235901669114643,0.0625,0.0304034233128923,0.0197368421052631,0.0164473684210526,0.0625
only_rays_size_4_,filenames_in_cluster_train KMeans test nclus 4,2,21,0.0474275302061675,0.0295748252147564,0.0307684485950234,0.10526315789473684,0.0304034233128923,0.0197368421052631,0.0164473684210526,0.10526315789473684
