window_size,vehicle,ride,start,scale,scale x,scale y,offset,offset x,offset y,no scale,no scale x,no scale y,only offset,only offset x,only offset y,
20,Vehicle_12,8478762,0,0.012401867434022443,0.007595299934077706,0.0079040125403216,0.012284638948655212,0.007543590143439552,0.0077868837696648385,0.012401867434022443,0.007595299934077706,0.0079040125403216,0.012284638948655212,0.007543590143439552,0.0077868837696648385,
20,Vehicle_12,8478762,20,0.012404283542532925,0.007928310991836987,0.0075858171819647244,0.012275312949495423,0.007813870492707594,0.007507502611376625,0.012404283542532925,0.007928310991836987,0.0075858171819647244,0.012275312949495423,0.007813870492707594,0.007507502611376625,
20,Vehicle_12,8478762,40,0.011096677181106124,0.007393169870400289,0.006513653987967771,0.012237037308372976,0.00828459540479638,0.0072609433104421665,0.011096677181106124,0.007393169870400289,0.006513653987967771,0.012237037308372976,0.00828459540479638,0.0072609433104421665,
20,Vehicle_12,8478762,60,0.01114165417468526,0.0062748672210019615,0.00773526838406519,0.01134371630417157,0.006510255814711799,0.007798894527185465,0.01114165417468526,0.0062748672210019615,0.00773526838406519,0.01134371630417157,0.006510255814711799,0.007798894527185465,
