window_size,vehicle,ride,start,scale,scale x,scale y,offset,offset x,offset y,no scale,no scale x,no scale y,only offset,only offset x,only offset y,
20,Vehicle_12,8478762,0,0.012347187556726246,0.007596541704505246,0.007848090892597836,0.012196359831656942,0.007517969011969774,0.0077242257841363205,0.00034963261102886396,0.00021256996771159986,0.00021652162879919873,0.00078125,0.0004957602728324639,0.0004957602728324639,
20,Vehicle_12,8478762,20,0.012427815275344074,0.007951842724648136,0.007585817181964731,0.012299494443459943,0.00784329191978946,0.0075022626782592595,0.0005265719065499024,0.0003526028330676354,0.00028891024555512823,0.00078125,0.0004957602728324639,0.0004957602728324638,
20,Vehicle_12,8478762,40,0.011091844500184826,0.00739386741504283,0.006508123762403944,0.012269074090349935,0.008316632186773296,0.007260943310442166,0.0005787751568107554,0.0004394545777970358,0.00026216111372494235,0.000927734375,0.0005148120620918513,0.0006403682103718418,
20,Vehicle_12,8478762,60,0.011093143738209476,0.006242719693034226,0.0077189054755571395,0.011322176357533204,0.006510255814711789,0.007777354580547082,0.0013774703613800726,0.000658811771067907,0.0009698303249171729,0.002329195155801788,0.0013309872498521581,0.001649955606012597,
