subdir,file,cluster,size,28all_distances_scaled_to_max_trajs_distances_offset,28all_distances_scaled_to_max_trajs_distances_offset x,28all_distances_scaled_to_max_trajs_distances_offset y,28all_nums_scaled_to_max_trajs_num_intersections_offset,8all_distances_scaled_to_max_trajs_distances_offset,8all_distances_scaled_to_max_trajs_distances_offset x,8all_distances_scaled_to_max_trajs_distances_offset y,8all_nums_scaled_to_max_trajs_num_intersections_offset
only_rays_acceler_heading_size_8_,filenames_in_cluster_train KMeans test nclus 5,1,579,0.021321785712875,0.0134027005245066,0.0135684707584201,0.029605263157894735,0.0172993016212188,0.0117493207800843,0.0123317373831292,0.029605263157894735
only_rays_acceler_heading_size_8_,filenames_in_cluster_train KMeans test nclus 5,0,145,0.024397799692337,0.0174486309334129,0.0153899425237434,0.046052631578947366,0.0185365476969957,0.0128876393162997,0.0123317373831292,0.046052631578947366
only_rays_acceler_heading_size_8_,filenames_in_cluster_train KMeans test nclus 5,3,76,0.0359186355201117,0.0218296943374183,0.0238373526360871,0.0625,0.0334851298868139,0.0200997357464578,0.0222427157366701,0.0625
only_rays_acceler_heading_size_8_,filenames_in_cluster_train KMeans test nclus 5,2,21,0.0470925473919057,0.0294264160162884,0.030468907807281,0.10526315789473684,0.0453016386618123,0.0282598184373667,0.0286979780592865,0.10526315789473684
only_rays_acceler_heading_size_8_,filenames_in_cluster_train KMeans test nclus 5,4,39,0.0231862994654903,0.0141195863080318,0.0160435191175817,0.039473684210526314,0.0259511135944216,0.0150908025774126,0.0179917441095669,0.039473684210526314
