subdir,file,cluster,size,28all_distances_scaled_to_max_trajs_distances_offset,28all_distances_scaled_to_max_trajs_distances_offset x,28all_distances_scaled_to_max_trajs_distances_offset y,28all_nums_scaled_to_max_trajs_num_intersections_offset,8all_distances_scaled_to_max_trajs_distances_offset,8all_distances_scaled_to_max_trajs_distances_offset x,8all_distances_scaled_to_max_trajs_distances_offset y,8all_nums_scaled_to_max_trajs_num_intersections_offset
only_rays_acceler_heading_size_8_,filenames_in_cluster_test KMeans test nclus 7,0,266,0.012277110846847399,0.0086651074237345,0.0095031640101389,0.006578947368421052,0.0038221636707630995,0.003355096246842001,0.0033275067296871996,0.006578947368421052
only_rays_acceler_heading_size_8_,filenames_in_cluster_test KMeans test nclus 7,5,173,0.0099633614561009,0.007411839746079899,0.0076349783425273005,0.003289473684210526,0.0030772957239976004,0.0019255109837477006,0.0033275067296871996,0.003289473684210526
only_rays_acceler_heading_size_8_,filenames_in_cluster_test KMeans test nclus 7,1,55,0.0212764048327847,0.0148070487344855,0.0136223252789874,0.013157894736842105,0.010969303689949899,0.0094127123978806,0.0044838388015165,0.013157894736842105
only_rays_acceler_heading_size_8_,filenames_in_cluster_test KMeans test nclus 7,3,90,0.013224320840822099,0.0101995533052313,0.0096335740617653,0.013157894736842105,0.0023541086703249992,0.0029093952202811,0.0017881132035984992,0.013157894736842105
only_rays_acceler_heading_size_8_,filenames_in_cluster_test KMeans test nclus 7,4,19,0.019796655916989297,0.0129888100063838,0.012290054536384,0.02631578947368421,0.002032131272574799,0.0016447368421051997,0.0004258340485893998,0.02631578947368421
only_rays_acceler_heading_size_8_,filenames_in_cluster_test KMeans test nclus 7,2,3,0.013740128944620102,0.0085482479153212,0.0105005203152771,0.009868421052631582,0.0,0.0,0.0,0.009868421052631582
