subdir,file,cluster,size,28all_distances_scaled_to_max_trajs_distances_offset,28all_distances_scaled_to_max_trajs_distances_offset x,28all_distances_scaled_to_max_trajs_distances_offset y,28all_nums_scaled_to_max_trajs_num_intersections_offset,8all_distances_scaled_to_max_trajs_distances_offset,8all_distances_scaled_to_max_trajs_distances_offset x,8all_distances_scaled_to_max_trajs_distances_offset y,8all_nums_scaled_to_max_trajs_num_intersections_offset
only_rays_acceler_heading_size_8_,filenames_in_cluster_test KMeans test nclus 10,1,248,0.016418802443058274,0.032387371871711854,0.021600154522012045,0.10937499999999999,0.05735426003493665,0.06236629572882412,0.035710196436269014,0.10937499999999999
only_rays_acceler_heading_size_8_,filenames_in_cluster_test KMeans test nclus 10,6,173,0.0317557654241262,0.02862149318773307,0.04347552738857768,0.12362591466470647,0.09864878292017866,0.16610640545678482,0.05338236880897274,0.12362591466470647
only_rays_acceler_heading_size_8_,filenames_in_cluster_test KMeans test nclus 10,0,76,0.06471087470745963,0.08002540829003753,0.04520677416455319,0.09070098491843641,0.1445323722769465,0.08523849195843906,0.011408343094301396,0.09070098491843641
only_rays_acceler_heading_size_8_,filenames_in_cluster_test KMeans test nclus 10,8,1,nan,nan,nan,nan,nan,nan,nan,nan
only_rays_acceler_heading_size_8_,filenames_in_cluster_test KMeans test nclus 10,9,67,0.04172232952885932,0.03576319881014946,0.04314362012932761,0.08668102274696174,0.018418994259188356,0.021131258757637588,0.013954295681927914,0.08668102274696174
only_rays_acceler_heading_size_8_,filenames_in_cluster_test KMeans test nclus 10,5,29,0.0349239485856072,0.03455165062988041,0.042577839975083284,0.1255119566653455,0.14684540534336907,0.2140309155766944,0.03094560232574717,0.1255119566653455
only_rays_acceler_heading_size_8_,filenames_in_cluster_test KMeans test nclus 10,2,10,0.13278969929325504,0.13519685285402153,0.11588110714445345,0.11138888888888888,0.20511008857647592,0.21000000000000005,0.14299908373216802,0.11138888888888888
only_rays_acceler_heading_size_8_,filenames_in_cluster_test KMeans test nclus 10,3,2,0.25,0.25,0.25,0.25,nan,nan,nan,0.25
