subdir,file,cluster,size,28all_distances_scaled_to_max_trajs_distances_offset,28all_distances_scaled_to_max_trajs_distances_offset x,28all_distances_scaled_to_max_trajs_distances_offset y,28all_nums_scaled_to_max_trajs_num_intersections_offset,8all_distances_scaled_to_max_trajs_distances_offset,8all_distances_scaled_to_max_trajs_distances_offset x,8all_distances_scaled_to_max_trajs_distances_offset y,8all_nums_scaled_to_max_trajs_num_intersections_offset
only_rays_acceler_heading_size_8_,filenames_in_cluster_test KMeans test nclus 4,0,420,0.0099633614561009,0.007411839746079899,0.0076349783425273005,0.009868421052631578,0.0045395509100982,0.003355096246842001,0.0033275067296871996,0.009868421052631578
only_rays_acceler_heading_size_8_,filenames_in_cluster_test KMeans test nclus 4,1,120,0.013259081608489398,0.0102633288154354,0.0096973495719694,0.01644736842105263,0.009828443101772898,0.008005454198613399,0.005483259997394299,0.01644736842105263
only_rays_acceler_heading_size_8_,filenames_in_cluster_test KMeans test nclus 4,2,59,0.021981496505372396,0.015272771098477,0.014457791491958298,0.02302631578947368,0.010969303689949899,0.0094127123978806,0.0044838388015165,0.02302631578947368
only_rays_acceler_heading_size_8_,filenames_in_cluster_test KMeans test nclus 4,3,7,0.017489605541459202,0.0099970534338924,0.013740480522020301,0.016447368421052627,0.0016347042276808003,0.0016447368421051997,4.0442849142800254e-05,0.016447368421052627
