subdir,file,cluster,size,28all_distances_scaled_to_max_trajs_distances_offset,28all_distances_scaled_to_max_trajs_distances_offset x,28all_distances_scaled_to_max_trajs_distances_offset y,28all_nums_scaled_to_max_trajs_num_intersections_offset,8all_distances_scaled_to_max_trajs_distances_offset,8all_distances_scaled_to_max_trajs_distances_offset x,8all_distances_scaled_to_max_trajs_distances_offset y,8all_nums_scaled_to_max_trajs_num_intersections_offset
only_rays_acceler_heading_size_8_,filenames_in_cluster_test KMeans test nclus 10,1,248,0.0222643486665766,0.0137524787401229,0.0145905353265273,0.029605263157894735,0.0136497830246998,0.0086898049380499,0.0086622154208951,0.029605263157894735
only_rays_acceler_heading_size_8_,filenames_in_cluster_test KMeans test nclus 10,6,173,0.0198977931878393,0.0124992110624683,0.0127223496589157,0.023026315789473683,0.0121875278385992,0.0072602196749556,0.0086622154208951,0.023026315789473683
only_rays_acceler_heading_size_8_,filenames_in_cluster_test KMeans test nclus 10,0,76,0.020204521480201,0.0126807983548083,0.0131597055728088,0.04276315789473684,0.0124780994788383,0.0085248780531315,0.0086622154208951,0.04276315789473684
only_rays_acceler_heading_size_8_,filenames_in_cluster_test KMeans test nclus 10,8,1,0.0223585292962211,0.0156360988269859,0.0129157725847396,0.049342105263157895,0.0210932944984632,0.015028195230731,0.0117458091042308,0.049342105263157895
only_rays_acceler_heading_size_8_,filenames_in_cluster_test KMeans test nclus 10,9,67,0.0326868130150043,0.0216596861571113,0.0198978428516678,0.046052631578947366,0.0199524339102862,0.0136209370314638,0.0115992186886022,0.046052631578947366
only_rays_acceler_heading_size_8_,filenames_in_cluster_test KMeans test nclus 10,5,29,0.0347781647989811,0.022789133711041,0.0214443801085621,0.05921052631578947,0.0121561220810881,0.0072602196749556,0.0076686184122794,0.05921052631578947
only_rays_acceler_heading_size_8_,filenames_in_cluster_test KMeans test nclus 10,2,10,0.031692915295845,0.0204969420829936,0.020982360220725,0.07894736842105263,0.0121561220810881,0.0072602196749556,0.0076878043513037,0.07894736842105263
only_rays_acceler_heading_size_8_,filenames_in_cluster_test KMeans test nclus 10,3,2,0.0343205032538547,0.0224375633022883,0.0229233609531303,0.08552631578947369,0.0121561220810881,0.0072602196749556,0.0076493647331836,0.08552631578947369
