subdir,file,cluster,size,28all_distances_scaled_to_max_trajs_distances_offset,28all_distances_scaled_to_max_trajs_distances_offset x,28all_distances_scaled_to_max_trajs_distances_offset y,28all_nums_scaled_to_max_trajs_num_intersections_offset,8all_distances_scaled_to_max_trajs_distances_offset,8all_distances_scaled_to_max_trajs_distances_offset x,8all_distances_scaled_to_max_trajs_distances_offset y,8all_nums_scaled_to_max_trajs_num_intersections_offset
only_rays_acceler_heading_size_8_,filenames_in_cluster_test KMeans test nclus 8,5,229,0.0079173907350924,0.00566533760274,0.007037453198522,0.003289473684210526,0.0023932389780214995,0.002855782294771501,0.0033275067296871996,0.003289473684210526
only_rays_acceler_heading_size_8_,filenames_in_cluster_test KMeans test nclus 8,0,173,0.0099633614561009,0.007411839746079899,0.0076349783425273005,0.003289473684210526,0.0030772957239976004,0.0019255109837477006,0.0033275067296871996,0.003289473684210526
only_rays_acceler_heading_size_8_,filenames_in_cluster_test KMeans test nclus 8,2,66,0.012184445683401999,0.008601331913530401,0.0094393884999348,0.006578947368421056,0.003525792216186499,0.0030743221051995,0.002546256729687199,0.006578947368421056
only_rays_acceler_heading_size_8_,filenames_in_cluster_test KMeans test nclus 8,3,44,0.021981496505372396,0.015272771098477,0.0132973021249135,0.013157894736842105,0.0105718766450559,0.0094127123978806,0.004098447602069901,0.013157894736842105
only_rays_acceler_heading_size_8_,filenames_in_cluster_test KMeans test nclus 8,6,77,0.013148212361687998,0.0101995533052313,0.0095697985515612,0.009868421052631575,0.0020635370300858998,0.0020629758583574995,0.0017881132035984992,0.009868421052631575
only_rays_acceler_heading_size_8_,filenames_in_cluster_test KMeans test nclus 8,1,15,0.016711406413853203,0.010696618378336398,0.0118280346485469,0.019736842105263157,0.002032131272574799,0.0016447368421051997,0.0004258340485893998,0.019736842105263157
only_rays_acceler_heading_size_8_,filenames_in_cluster_test KMeans test nclus 8,4,2,0.0008384024713093061,0.0015795466868924989,0.002619753536406099,0.009868421052631582,0.0,0.0,0.0,0.009868421052631582
