subdir,file,cluster,size,28all_distances_scaled_to_max_trajs_distances_offset,28all_distances_scaled_to_max_trajs_distances_offset x,28all_distances_scaled_to_max_trajs_distances_offset y,28all_nums_scaled_to_max_trajs_num_intersections_offset,8all_distances_scaled_to_max_trajs_distances_offset,8all_distances_scaled_to_max_trajs_distances_offset x,8all_distances_scaled_to_max_trajs_distances_offset y,8all_nums_scaled_to_max_trajs_num_intersections_offset
only_rays_acceler_heading_size_8_,filenames_in_cluster_test KMeans test nclus 9,4,248,0.12813587492602638,0.17996491844721252,0.146969910260611,0.3307189138830738,0.23948749452724383,0.24973244828981297,0.1889714169822225,0.3307189138830738
only_rays_acceler_heading_size_8_,filenames_in_cluster_test KMeans test nclus 9,0,173,0.17820147424790345,0.1691788792601874,0.20850785929690438,0.3516047705374693,0.31408403799011925,0.407561535791572,0.23104624820362857,0.3516047705374693
only_rays_acceler_heading_size_8_,filenames_in_cluster_test KMeans test nclus 9,3,85,0.2683553663623119,0.2795753680486632,0.2264072152797245,0.31844489491234174,0.37863945539603716,0.2910599153110187,0.10241622961312341,0.31844489491234174
only_rays_acceler_heading_size_8_,filenames_in_cluster_test KMeans test nclus 9,8,60,0.21098296506360056,0.2003775414997977,0.20990274651249236,0.2074983266331455,0.16583231323980152,0.1682877070657721,0.1666457781384011,0.2074983266331455
only_rays_acceler_heading_size_8_,filenames_in_cluster_test KMeans test nclus 9,1,31,0.2035348974055931,0.20322199585962347,0.21554751489538373,0.3102481300269571,0.37596379774195293,0.45391120256355777,0.1702762139628906,0.3102481300269571
only_rays_acceler_heading_size_8_,filenames_in_cluster_test KMeans test nclus 9,7,4,0.41268025608677605,0.4347432493659175,0.4029779590655421,0.41457809879442503,0.4956937119460419,0.5,0.40944813633340515,0.41457809879442503
only_rays_acceler_heading_size_8_,filenames_in_cluster_test KMeans test nclus 9,2,5,0.43884815224514484,0.41743264957108905,0.39945488221725794,0.33166247903554,0.39987558060163975,0.39999999999999997,0.38561775891538597,0.33166247903554
