window_size,vehicle,ride,start,offset,offset x,offset y,scale,scale x,scale y,no scale,no scale x,no scale y,only offset,only offset x,only offset y,
20,Vehicle_4,9389871,0,0.013045671328061356,0.008343505659248776,0.008218143109962503,0.012494791535962821,0.007605792416501915,0.007834301540953076,0.012494791535962821,0.007605792416501915,0.007834301540953076,0.013045671328061356,0.008343505659248776,0.008218143109962503,
20,Vehicle_4,9389871,20,0.009749443072207672,0.007030523591698523,0.00533470869120796,0.009508077761717753,0.007050466986089401,0.0050722713877070225,0.009508077761717753,0.007050466986089401,0.0050722713877070225,0.009749443072207672,0.007030523591698523,0.00533470869120796,
