window_size,vehicle,ride,start,offset,offset x,offset y,scale,scale x,scale y,no scale,no scale x,no scale y,only offset,only offset x,only offset y,
20,Vehicle_4,9389871,0,0.011307706762190011,0.007893983507126088,0.006929700696230834,0.009997778780288206,0.007467769296747597,0.005475311905030318,0.0009428064477394497,0.0006666648325429736,0.000666664832542957,0.0027337948224273037,0.0014955638011562745,0.0018854397124790034,
20,Vehicle_4,9389871,20,0.00847569396970525,0.006492933530361935,0.004598549650109026,0.008806011760986254,0.006793538945628345,0.004831250897338447,0.0009429412938842247,0.0006667601831663484,0.0006667601831663566,0.00234321687568022,0.0014953896451192273,0.0014950359217689724,
