window_size,vehicle,ride,start,offset,offset x,offset y,scale,scale x,scale y,no scale,no scale x,no scale y,only offset,only offset x,only offset y,
20,Vehicle_4,9389871,0,0.013045671328061349,0.008343505659248775,0.008218143109962502,0.012494791535962823,0.007605792416501915,0.007834301540953078,0.00281975432047375,0.0024549625206830273,0.0011269282602182945,0.00390625,0.0018861043456039803,0.0026673543456039806,
20,Vehicle_4,9389871,20,0.009749443072207672,0.007030523591698526,0.005334708691207963,0.009508077761717755,0.0070504669860894055,0.0050722713877070225,0.0027330693056370537,0.0023763200381308734,0.0010985461070727733,0.003125,0.0018861043456039808,0.0018861043456039808,
