window_size,vehicle,ride,start,scale,scale x,scale y,offset,offset x,offset y,no scale,no scale x,no scale y,only offset,only offset x,only offset y,
20,Vehicle_4,9389871,0,0.010008502907071263,0.007421544195883579,0.0053392330396915795,0.010262571654955368,0.007400551149156317,0.005615482832850421,0.002876915058565263,0.002501389513821895,0.0011563643232344212,0.003289473684210526,0.001985372995372526,0.001985372995372526,
20,Vehicle_4,9389871,20,0.010008502907071263,0.007421544195883579,0.0053392330396915795,0.010262571654955368,0.007400551149156317,0.005615482832850421,0.002876915058565263,0.002501389513821895,0.0011563643232344212,0.003289473684210526,0.001985372995372526,0.001985372995372526,
