window_size,vehicle,ride,start,offset,offset x,offset y,scale,scale x,scale y,no scale,no scale x,no scale y,only offset,only offset x,only offset y,
20,Vehicle_4,9389871,0,0.01304567132806135,0.008343505659248778,0.008218143109962503,0.01242773327878089,0.0076057924165019155,0.007767243283771149,0.0009429556378970829,0.000666770325915114,0.0006667703259151139,0.00390625,0.0018861043456039803,0.0026673543456039806,
20,Vehicle_4,9389871,20,0.010055063352887687,0.00733614387237854,0.00533470869120796,0.009508077761717753,0.007050466986089404,0.00507227138770702,0.0009428769149500847,0.0006667146603854566,0.0006667146603854565,0.003125,0.0018861043456039808,0.0018861043456039803,
