window_size,vehicle,ride,start,scale,scale x,scale y,offset,offset x,offset y,no scale,no scale x,no scale y,only offset,only offset x,only offset y,
20,Vehicle_4,9389871,0,0.00749308726365213,0.006198669881236209,0.0031250000000000006,0.016864638339263792,0.008076774590621739,0.01244902898381021,0.00749308726365213,0.006198669881236209,0.0031250000000000006,0.016864638339263792,0.008076774590621739,0.01244902898381021,
20,Vehicle_4,9389871,20,0.007544417382415921,0.00625,0.003125,0.010669417382415922,0.00625,0.006250000000000001,0.007544417382415921,0.00625,0.003125,0.010669417382415922,0.00625,0.006250000000000001,
