window_size,vehicle,ride,start,scale,scale x,scale y,offset,offset x,offset y,no scale,no scale x,no scale y,only offset,only offset x,only offset y,
20,Vehicle_2,9574020,0,0.013734621401259734,0.009308686159155134,0.008183089827958581,0.013678461416704688,0.008950154777246814,0.008345795710545601,0.0002724512397984047,0.00017676828335272892,0.0001767665333801676,0.0009548667723379649,0.0006159532939286887,0.0006159541229796167,
20,Vehicle_2,9574020,20,0.009735344611001853,0.007427362063295687,0.005041497206530564,0.010239551901074362,0.007516397022682027,0.005572506506358673,0.0003563051488033272,0.0001984808334822372,0.0002577552350433357,0.0009548635935178919,0.0006159479772613935,0.0006159562608268382,
20,Vehicle_2,9574020,40,0.011850951932684926,0.007918159199993436,0.007080920675409179,0.011609385654585656,0.007698811863703786,0.006959673784655571,0.0,0.0,0.0,0.0011284722029533865,0.0007387125375374658,0.0007387123867871449,
20,Vehicle_2,9574020,60,0.01712140463320109,0.010744601709972983,0.011158381522362613,0.017336781513189407,0.0106858132953862,0.011458769032827174,0.000440159126070787,0.00027946695439918666,0.00027946869609465165,0.0013454918451216884,0.0009636135320038905,0.0007656662414503542,
20,Vehicle_2,9574020,80,0.011483486377583247,0.006658876488607131,0.00810095301014911,0.012319751364208962,0.007106855793701328,0.008695898708999355,0.00044013970548624563,0.00027944811937354383,0.0002794634672452457,0.001041670705360277,0.0006998071827243398,0.0006384132706256855,
20,Vehicle_2,9574020,100,0.00952065707265784,0.007211507005816593,0.004937690197331923,0.010445877450252043,0.0077686448472253,0.005656795094938235,0.00025152505607510853,0.00012438877187197372,0.000183665250582495,0.0009548615497157581,0.0006159495461302814,0.0006159526481558166,
20,Vehicle_2,9574020,120,0.011219836607493136,0.0080176851560764,0.00631756743910853,0.012026751769558783,0.00839994661625483,0.007053571050318755,0.0003562969806423655,0.00019847548254293198,0.0002577499801748681,0.0010416752763310194,0.0006384194755058741,0.0006998055488148944,
20,Vehicle_2,9574020,140,0.01720136683618991,0.010812987279008226,0.011169041250112526,0.017258181707649933,0.01089488518731003,0.011193155465589502,0.0004401569103845437,0.00022017979382434635,0.0003387526549489354,0.001128472338169644,0.0006608834377543572,0.0007836477518244431,
