window_size,vehicle,ride,start,scale,scale x,scale y,offset,offset x,offset y,no scale,no scale x,no scale y,only offset,only offset x,only offset y,
20,Vehicle_17,9335706,0,0.009403848851140085,0.0046093006877454224,0.007341377503178899,0.010845251025048052,0.006035428206845502,0.0078099928860944825,0.0013957716683401517,0.0004546901992467014,0.0012648768271195801,0.0017578125,0.0011772147445558295,0.0009819022445558298,
20,Vehicle_17,9335706,20,0.008807180736897126,0.004277200466227495,0.006889911967349205,0.009988561980380511,0.005131668431462536,0.007679046643876229,0.0014465275648787546,0.0004996554736131992,0.0012328466207285524,0.0034780962507875595,0.00187563927688616,0.002583371366815571,
20,Vehicle_17,9335706,40,0.01320994862082231,0.006569175157217019,0.010256883805703103,0.014503508156988759,0.007401864024915892,0.011134221529954405,0.0008230516400971249,0.00045460795355242896,0.0006484341231773144,0.0017578125,0.0011772147445558297,0.0009819022445558298,
20,Vehicle_17,9335706,60,0.008730471633327753,0.004311331459169217,0.006826115112037481,0.00989959981251722,0.005131668431462536,0.007590084476012937,0.0011472090161661497,0.00028571401801317717,0.0010856004919623824,0.0015625,0.0009819022445558298,0.0009819022445558298,
20,Vehicle_17,9335706,80,0.008591928037207602,0.003876805731316923,0.0070338117776426335,0.0103982015451437,0.005522293431462533,0.0076980612086394165,0.0010031603873301136,0.0004021476596812335,0.0008289128433945118,0.001953125,0.00137252724455583,0.0009819022445558298,
20,Vehicle_17,9335706,100,0.008570433240447163,0.004085339598159238,0.006838186376629582,0.010081029860282802,0.005131668431462536,0.00777151452377852,0.0003589789960494233,0.00012479579693151018,0.0003211226049221143,0.0015624999999999999,0.0009819022445558298,0.0009819022445558298,
