window_size,vehicle,ride,start,scale,scale x,scale y,offset,offset x,offset y,no scale,no scale x,no scale y,only offset,only offset x,only offset y,
20,Vehicle_17,9335706,0,0.009286705471310676,0.0046093006877454224,0.007224234123349496,0.011005158671345794,0.006035428206845497,0.00796990053239222,0.00023575562812913983,0.00016670440335300876,0.00016670440335300876,0.0017578125,0.00117721474455583,0.0009819022445558296,
20,Vehicle_17,9335706,20,0.009144832304962346,0.004443910112827745,0.007158510138814173,0.010010483600937137,0.005131668431462533,0.007700968264432847,0.0,0.0,0.0,0.0015624999999999999,0.0009819022445558298,0.0009819022445558298,
20,Vehicle_17,9335706,40,0.013104650223119796,0.006431068364016525,0.010208791114800097,0.014448099990920619,0.007401864024915887,0.011078813363886277,0.0004715100486829231,0.0003334079528212941,0.00033340795282129406,0.0017578125,0.00117721474455583,0.0009819022445558298,
20,Vehicle_17,9335706,60,0.009000049724483426,0.004311331459169218,0.00709569320319315,0.010079449162540551,0.005131668431462535,0.007769933826036268,0.0,0.0,0.0,0.0015625000000000003,0.0009819022445558298,0.0009819022445558298,
20,Vehicle_17,9335706,80,0.008457838435852743,0.003876805731316923,0.0068997221762877705,0.010453241482002914,0.005522293431462531,0.007753101145498631,0.0,0.0,0.0,0.001953125,0.00137252724455583,0.0009819022445558298,
20,Vehicle_17,9335706,100,0.008489822735886051,0.0040725325285507746,0.00677038294167694,0.01002150618237397,0.0051316684314625365,0.007711990845869688,0.0,0.0,0.0,0.0015624999999999999,0.0009819022445558298,0.0009819022445558298,
