window_size,vehicle,ride,start,scale,scale x,scale y,offset,offset x,offset y,no scale,no scale x,no scale y,only offset,only offset x,only offset y,
20,Vehicle_11,8363277,0,0.008923884064794874,0.004504466682378952,0.00625,0.010669417382415922,0.00625,0.00625,0.008923884064794874,0.004504466682378952,0.00625,0.010669417382415922,0.00625,0.00625,
20,Vehicle_11,8363277,20,0.007544417382415921,0.003125,0.00625,0.01345970148797585,0.009040284105559928,0.00625,0.007544417382415921,0.003125,0.00625,0.01345970148797585,0.009040284105559928,0.00625,
20,Vehicle_11,8363277,40,0.017501566741172432,0.008843270115426866,0.012319461860913723,0.01810243379388455,0.009375000000000001,0.01238859902905271,0.017501566741172432,0.008843270115426866,0.012319461860913723,0.01810243379388455,0.009375000000000001,0.01238859902905271,
20,Vehicle_11,8363277,60,0.007544417382415921,0.003125,0.00625,0.010669417382415922,0.006249999999999999,0.006250000000000001,0.007544417382415921,0.003125,0.00625,0.010669417382415922,0.006249999999999999,0.006250000000000001,
20,Vehicle_11,8363277,80,0.010669417382415922,0.00625,0.00625,0.010669417382415924,0.00625,0.006250000000000001,0.010669417382415922,0.00625,0.00625,0.010669417382415924,0.00625,0.006250000000000001,
20,Vehicle_11,8363277,100,0.010314238281326,0.005894820898910078,0.006250000000000001,0.010669417382415922,0.00625,0.006250000000000001,0.010314238281326,0.005894820898910078,0.006250000000000001,0.010669417382415922,0.00625,0.006250000000000001,
20,Vehicle_11,8363277,120,0.007544417382415921,0.003125,0.00625,0.01170058705885545,0.007674560358305185,0.006771900626926383,0.007544417382415921,0.003125,0.00625,0.01170058705885545,0.007674560358305185,0.006771900626926383,
20,Vehicle_11,8363277,140,0.007544417382415921,0.003125,0.00625,0.013729081037030744,0.009309663654614825,0.00625,0.007544417382415921,0.003125,0.00625,0.013729081037030744,0.009309663654614825,0.00625,
