window_size,vehicle,ride,start,scale,scale x,scale y,offset,offset x,offset y,no scale,no scale x,no scale y,only offset,only offset x,only offset y,
20,Vehicle_17,9568608,0,0.01327328667404692,0.008245473648318548,0.008431839904979229,0.013266512246255207,0.008284998989916836,0.008379625577902923,0.0,0.0,0.0,0.0008928571428571427,0.0005660233083526631,0.0005660233083526631,
20,Vehicle_17,9568608,20,0.01792482661612979,0.011576549173680584,0.011167731046667698,0.01797390334169565,0.011505184183465831,0.011359392225551164,0.0,0.0,0.0,0.0012117346938775508,0.0008614733194964192,0.0006618406175930281,
20,Vehicle_17,9568608,40,0.010979128442089734,0.0077974495784268235,0.006074194170491473,0.011412521514907159,0.007994502410048596,0.006522305796850726,0.0,0.0,0.0,0.0008928571428571428,0.0005660233083526631,0.0005660233083526631,
