window_size,vehicle,ride,start,scale,scale x,scale y,offset,offset x,offset y,no scale,no scale x,no scale y,only offset,only offset x,only offset y,
20,Vehicle_17,9568608,0,0.013258249316127086,0.008237059522486986,0.008425216672890978,0.013211637792162684,0.008258902740028742,0.008350847373698506,0.013258249316127086,0.008237059522486986,0.008425216672890978,0.013211637792162684,0.008258902740028742,0.008350847373698506,
20,Vehicle_17,9568608,20,0.018053425281894003,0.011654968353855015,0.011217910532257477,0.017946231195556408,0.011436069474536086,0.011400834788341694,0.018053425281894003,0.011654968353855015,0.011217910532257477,0.017946231195556408,0.011436069474536086,0.011400834788341694,
20,Vehicle_17,9568608,40,0.010959919145263664,0.007778240281600758,0.006074194170491476,0.01139880513864253,0.007980786033783972,0.006522305796850728,0.010959919145263664,0.007778240281600758,0.006074194170491476,0.01139880513864253,0.007980786033783972,0.006522305796850728,
