window_size,vehicle,ride,start,scale,scale x,scale y,offset,offset x,offset y,no scale,no scale x,no scale y,only offset,only offset x,only offset y,
20,Vehicle_11,8354807,0,0.01171717858709028,0.006648522551898292,0.008185101367080115,0.0121914662366782,0.007169032822809861,0.008336634339674092,0.01171717858709028,0.006648522551898292,0.008185101367080115,0.0121914662366782,0.007169032822809861,0.008336634339674092,
20,Vehicle_11,8354807,20,0.008810404801016586,0.004065841915899553,0.007096919132986933,0.010149114388053717,0.0051818993525157165,0.007827954339746306,0.008810404801016586,0.004065841915899553,0.007096919132986933,0.010149114388053717,0.0051818993525157165,0.007827954339746306,
20,Vehicle_11,8354807,40,0.009622304088516961,0.004795435606557416,0.007410390328951697,0.010057117829402147,0.00509509379696016,0.007822763336650296,0.009622304088516961,0.004795435606557416,0.007410390328951697,0.010057117829402147,0.00509509379696016,0.007822763336650296,
20,Vehicle_11,8354807,60,0.015582370749477614,0.00987711753881695,0.009976336384915626,0.015182344110851667,0.009609232618585614,0.009756582239303204,0.015582370749477614,0.00987711753881695,0.009976336384915626,0.015182344110851667,0.009609232618585614,0.009756582239303204,
20,Vehicle_11,8354807,80,0.009520194500659496,0.0046380158869832565,0.007464784530306581,0.010240118029688172,0.005265747080492196,0.007856104623946291,0.009520194500659496,0.0046380158869832565,0.007464784530306581,0.010240118029688172,0.005265747080492196,0.007856104623946291,
20,Vehicle_11,8354807,100,0.012690054774758002,0.007663031900352789,0.0083240995877605,0.012693089178408846,0.007751946794726639,0.008239315299583787,0.012690054774758002,0.007663031900352789,0.0083240995877605,0.012693089178408846,0.007751946794726639,0.008239315299583787,
