window_size,vehicle,ride,start,scale,scale x,scale y,offset,offset x,offset y,no scale,no scale x,no scale y,only offset,only offset x,only offset y,
20,Vehicle_11,9521365,0,0.007478182491833273,0.006183765109417351,0.003125,0.008754451803507425,0.005156650016917553,0.00542838440417395,0.0,0.0,0.0,0.00625,0.003125,0.003125,
20,Vehicle_11,9521365,20,0.010669417382415922,0.00625,0.006250000000000001,0.008475904888919675,0.005201562813468766,0.00510492469303499,0.002209708691207961,0.0015624999999999997,0.0015625000000000003,0.00625,0.003125,0.003125,
20,Vehicle_11,9521365,40,0.007063373396003055,0.003125000000000001,0.005768956013587133,0.009216582929163147,0.00625,0.0047971655467472256,0.0,0.0,0.0,0.00625,0.0031250000000000006,0.003125,
20,Vehicle_11,9521365,60,0.010669417382415922,0.00625,0.00625,0.010669417382415922,0.00625,0.00625,0.0,0.0,0.0,0.00625,0.003125,0.003125,
20,Vehicle_11,9521365,80,0.010669417382415922,0.00625,0.00625,0.01066941738241592,0.00625,0.00625,0.0,0.0,0.0,0.00625,0.003125,0.003125,
20,Vehicle_11,9521365,100,0.010669417382415924,0.00625,0.006250000000000001,0.010669417382415924,0.00625,0.006250000000000001,0.0,0.0,0.0,0.00625,0.003125,0.003125,
20,Vehicle_11,9521365,120,0.010669417382415922,0.00625,0.00625,0.010669417382415922,0.00625,0.006250000000000001,0.0,0.0,0.0,0.00625,0.003125,0.003125,
20,Vehicle_11,9521365,140,0.007544417382415922,0.003125,0.00625,0.010669417382415922,0.00625,0.00625,0.0,0.0,0.0,0.00625,0.003125,0.003125,
20,Vehicle_11,9521365,160,0.00505229045575951,0.003125,0.0037578730733435883,0.009210686065275375,0.00625,0.004791268682859454,0.0,0.0,0.0,0.00625,0.003125,0.003125,
20,Vehicle_11,9521365,180,0.007544417382415922,0.0031250000000000006,0.00625,0.010669417382415922,0.00625,0.00625,0.0,0.0,0.0,0.00625,0.003125,0.003125,
20,Vehicle_11,9521365,200,0.004762222909812162,0.0031250000000000006,0.003467805527396239,0.00902104643920374,0.00625,0.0046016290567878195,0.0,0.0,0.0,0.00625,0.0031250000000000006,0.003125,
20,Vehicle_11,9521365,220,0.007544417382415922,0.0031250000000000006,0.00625,0.010669417382415922,0.00625,0.00625,0.0,0.0,0.0,0.00625,0.003125,0.003125,
20,Vehicle_11,9521365,240,0.007544417382415924,0.003125,0.006250000000000001,0.01066941738241592,0.00625,0.00625,0.0,0.0,0.0,0.00625,0.003125,0.003125,
20,Vehicle_11,9521365,260,0.007520344520316494,0.003125,0.006225927137900572,0.01379441738241592,0.009375,0.00625,0.0,0.0,0.0,0.009375,0.00625,0.003125,
