window_size,vehicle,ride,start,scale,scale x,scale y,offset,offset x,offset y,no scale,no scale x,no scale y,only offset,only offset x,only offset y,
20,Vehicle_9,9571672,0,0.008853076123795515,0.004157297874238067,0.0070696828376665,0.010318906252369942,0.00553062612162344,0.007556602285329227,0.0006707658474969827,0.0004107566800976126,0.0004107603515289494,0.0024305555555555556,0.0016430731970725272,0.0012958509748503047,
20,Vehicle_9,9571672,20,0.008803140602988436,0.004017529260422055,0.007159664449064047,0.010129313325660937,0.005530626121623441,0.007367009358620223,0.00033539091190592656,8.68055555555556e-05,0.0003239627437125762,0.0024305555555555556,0.001643073197072527,0.001295850974850305,
20,Vehicle_9,9571672,40,0.00843597001411963,0.003953359015891705,0.006768204718903314,0.009978997769455532,0.005183403899401219,0.0075639160246370445,0.00033539091190592656,8.68055555555556e-05,0.0003239627437125762,0.002083333333333333,0.0012958509748503047,0.0012958509748503045,
20,Vehicle_9,9571672,60,0.012711982268146382,0.007730046191984969,0.008129118784360397,0.011607183440179497,0.006904268481013509,0.007538924650612817,0.0006707818238118524,0.0004107682992681311,0.0004107682992681314,0.0020833333333333333,0.0012958509748503045,0.0012958509748503047,
20,Vehicle_9,9571672,80,0.009397275172897141,0.0071867109970171475,0.004648444661276379,0.010296218728389527,0.007533914761348816,0.0055306261216234425,0.0006707784812411278,0.0004107666700198856,0.0004107658347200247,0.0024305555555555556,0.0012958509748503047,0.001643073197072527,
20,Vehicle_9,9571672,100,0.010989554536068731,0.005752735331852608,0.008068486146728808,0.01004512045875067,0.005183403899401219,0.007630038713932177,0.0016769420156511501,0.0009083367917586222,0.0011454893415311974,0.0020833333333333333,0.0012958509748503047,0.0012958509748503047,
20,Vehicle_9,9571672,120,0.009575360529283903,0.00478680108019379,0.00738151726676374,0.010067328072816519,0.005183403899401218,0.007652246327998028,0.0010060079712639388,0.0007345718927394888,0.0004975312106450772,0.0020833333333333333,0.0012958509748503047,0.0012958509748503045,
20,Vehicle_9,9571672,140,0.008777681794649104,0.0040309858534722035,0.007104629028106809,0.010047919973704836,0.005183403899401218,0.007632838228886346,0.00033539091190592656,8.68055555555556e-05,0.0003239627437125762,0.0020833333333333333,0.0012958509748503045,0.0012958509748503045,
