window_size,vehicle,ride,start,scale,scale x,scale y,offset,offset x,offset y,no scale,no scale x,no scale y,only offset,only offset x,only offset y,
20,Vehicle_9,9571672,0,0.00802747849022841,0.004157297874215447,0.0062440852041179195,0.009342832578873002,0.004971357042505867,0.007139797690940093,0.0006707658474969821,0.00041075668009761383,0.0004107603515289505,0.0019096304127209664,0.001295756274724047,0.0011222427543641962,
20,Vehicle_9,9571672,20,0.00798327498422977,0.004342364684165115,0.006104374617691787,0.00983185202718947,0.005478309670903272,0.007121864510865222,0.0006707442935706731,0.00041073940848284333,0.0004107512250830145,0.0022568662784722467,0.0016429991692947738,0.00112223572554475,
20,Vehicle_9,9571672,40,0.007523684411250747,0.0038301136428466618,0.0059791644890788915,0.009588729483824516,0.005093677280218197,0.007263374358197612,0.0,0.0,0.0,0.0017361761924490468,0.0011223156449891962,0.0011222291638271276,
20,Vehicle_9,9571672,60,0.010992495809363808,0.006821482116286539,0.007167441626594114,0.010502992135969181,0.006256037416977335,0.007082964410513389,0.00033539091190592775,0.0003239627437125778,8.680555555555433e-05,0.0017361118969408367,0.0011222465105222006,0.0011222340027859145,
20,Vehicle_9,9571672,80,0.009339922872290378,0.006951009937939532,0.004753458159422179,0.00953510979638755,0.007120028051623638,0.005183403899637404,0.0006707672746474814,0.00041076225138255335,0.0004107565281392654,0.0019097235743055561,0.0011222412158225293,0.0012958509748503075,
20,Vehicle_9,9571672,100,0.00870321786253232,0.004905033708212086,0.006330157550002531,0.00954859218912504,0.005029881217861239,0.007287033125850061,0.0003353909119059257,8.680555555555556e-05,0.0003239627437125753,0.0017361212914907664,0.0011222560710841822,0.001122233836773861,
20,Vehicle_9,9571672,120,0.008648319676552368,0.004545885964768422,0.006706126632995371,0.009381979638958132,0.0050622852425681025,0.0070880165509794426,0.0006707793005241373,0.00041076626576890755,0.00041076724238366574,0.0017361648074073004,0.001122309762691293,0.0011222236610832844,
20,Vehicle_9,9571672,140,0.007899164584030165,0.00425752581305276,0.006063983287357172,0.00954462218408963,0.005008603202103471,0.007304341136556514,0.0006707798439665015,0.0004107668001718936,0.0004107673735589352,0.001736110231635806,0.001122238791208331,0.0011222400567947519,
