window_size,vehicle,ride,start,scale,scale x,scale y,offset,offset x,offset y,no scale,no scale x,no scale y,only offset,only offset x,only offset y,
20,Vehicle_11,8686342,0,0.009168559460187038,0.007091430778734134,0.00459715944896754,0.010375006974953164,0.007908847140528573,0.005473778266233434,0.0,0.0,0.0,0.000829079264987247,0.0005341361846281732,0.0005341325542072582,
20,Vehicle_11,8686342,20,0.012615196591572357,0.0076896645099864,0.008563930022666814,0.012708268114128684,0.007824967002300558,0.008523427352158686,0.0,0.0,0.0,0.0008928676257245378,0.000591624820775578,0.0005617876746530103,
20,Vehicle_11,8686342,40,0.015617746018129113,0.008795377322852333,0.011207977177897815,0.016420827228972618,0.009229175050452464,0.011859332823109893,0.0,0.0,0.0,0.0010841372253785149,0.0006655914085128508,0.0007433822308804075,
20,Vehicle_11,8686342,60,0.010337810236764763,0.0058442359092855944,0.007279428306329151,0.010845652557415968,0.006161930765828609,0.007663142369715513,0.0,0.0,0.0,0.0008290800269551925,0.0005341310678373812,0.0005341384329659956,
