window_size,vehicle,ride,start,scale,scale x,scale y,offset,offset x,offset y,no scale,no scale x,no scale y,only offset,only offset x,only offset y,
20,Vehicle_10,8994547,0,0.011795917607394197,0.00711957985990768,0.007800950038210655,0.01215055960868126,0.007321946722046756,0.008047409631382086,5.8902013091383974e-05,4.165001288245623e-05,4.165001288245658e-05,0.0007324172943912521,0.0004713339914796685,0.00047135384857651156,
20,Vehicle_10,8994547,20,0.017062323772740053,0.010895374428887605,0.010466085265490591,0.017469182554456297,0.01114253607490726,0.01078906086245522,5.8940414240006576e-05,4.1677166595052546e-05,4.167716659505306e-05,0.0008300790751925872,0.0005404000412831834,0.0005404001227748298,
20,Vehicle_10,8994547,40,0.012572016154667156,0.007938602329955802,0.007815834567994956,0.012358218954986476,0.0077670772698575676,0.007727314280865753,5.887815992029693e-05,4.163314614342769e-05,4.163314614342821e-05,0.000732421744214227,0.00047134398697430967,0.0004713483029048452,
