window_size,vehicle,ride,start,scale,scale x,scale y,offset,offset x,offset y,no scale,no scale x,no scale y,only offset,only offset x,only offset y,
20,Vehicle_10,8994547,0,0.012373828938494017,0.007338048891220541,0.00828323644950042,0.012392586576099417,0.00741698014408899,0.008194403176758309,0.0,0.0,0.0,0.0007812499999999999,0.0004957602728324638,0.0004957602728324639,
20,Vehicle_10,8994547,20,0.01780048140638228,0.011053430547433804,0.01119088490978998,0.017846250755175957,0.011115766342441605,0.0111928987956381,5.891209134903004e-05,4.1657139286780485e-05,4.165713928678048e-05,0.00087890625,0.0005648136694327126,0.0005648136694327128,
20,Vehicle_10,8994547,40,0.012762038335560333,0.007988949035449203,0.007955510043403427,0.012580411732531748,0.007854959270027554,0.007861625058242328,0.00011781892072042489,8.331055779349267e-05,8.331055779349267e-05,0.0007812500000000002,0.0004957602728324639,0.0004957602728324639,
