window_size,vehicle,ride,start,scale,scale x,scale y,offset,offset x,offset y,no scale,no scale x,no scale y,only offset,only offset x,only offset y,
20,Vehicle_11,8354807,0,0.011094469216654919,0.0062439078725019526,0.00761084051856572,0.013047848606478854,0.007721486587715523,0.00886198606219105,0.0006707818238118528,0.0004107682992681315,0.0004107682992681315,0.0020833333333333333,0.0012958509748503047,0.0012958509748503045,
20,Vehicle_11,8354807,20,0.009026124754615781,0.004296344768039691,0.007067593721604718,0.010383320510711194,0.00553062612162344,0.00762101654367048,0.00033539091190592656,8.68055555555556e-05,0.0003239627437125762,0.0024305555555555556,0.001643073197072527,0.0012958509748503047,
20,Vehicle_11,8354807,40,0.009664707404766314,0.00484458941519499,0.007385184053335891,0.010042407852025962,0.005183403899401218,0.007627326107207471,0.0006707510731929523,0.00041074401093729723,0.0004107549259361753,0.0020833333333333333,0.0012958509748503045,0.0012958509748503047,
20,Vehicle_11,8354807,60,0.014796334833820828,0.009337998822670581,0.00949810263448584,0.01516610429595199,0.009377970028494635,0.009999900792332683,0.00100571431913357,0.0004974085624319409,0.0007343348920119827,0.0024305555555555556,0.0014694620859614159,0.0015965542400532347,
20,Vehicle_11,8354807,80,0.009239338933914867,0.004500340604128281,0.007163356007706505,0.01003221707597975,0.005183403899401218,0.007617135331161257,0.000670773090260005,0.0004107615181122937,0.0004107643840511349,0.0020833333333333333,0.0012958509748503045,0.0012958509748503045,
20,Vehicle_11,8354807,100,0.012647029354160448,0.007893124323696623,0.008127833771849932,0.011984181275544875,0.007375289885823752,0.007721332173162603,0.000670691969784912,0.00041068150694291335,0.0004107450433346801,0.0020833333333333333,0.0012958509748503047,0.0012958509748503045,
