window_size,vehicle,ride,start,scale,scale x,scale y,offset,offset x,offset y,no scale,no scale x,no scale y,only offset,only offset x,only offset y,
20,Vehicle_11,8354807,0,0.011032019141995468,0.006243907872501955,0.007548390443906266,0.01304784860647885,0.007721486587715523,0.008861986062191048,0.011032019141995468,0.006243907872501955,0.007548390443906266,0.01304784860647885,0.007721486587715523,0.008861986062191048,
20,Vehicle_11,8354807,20,0.009004542120893189,0.004274762134317099,0.007067593721604713,0.010383320510711197,0.005530626121623441,0.007621016543670478,0.009004542120893189,0.004274762134317099,0.007067593721604713,0.010383320510711197,0.005530626121623441,0.007621016543670478,
20,Vehicle_11,8354807,40,0.009655621943747741,0.00483550395417642,0.007385184053335889,0.009969928105603008,0.005183403899401218,0.0075548463607845165,0.009655621943747741,0.00483550395417642,0.007385184053335889,0.009969928105603008,0.005183403899401218,0.0075548463607845165,
20,Vehicle_11,8354807,60,0.014782478092491148,0.009337998822670581,0.00948424589315616,0.015214601826645599,0.009426467559188254,0.009999900792332683,0.014782478092491148,0.009337998822670581,0.00948424589315616,0.015214601826645599,0.009426467559188254,0.009999900792332683,
20,Vehicle_11,8354807,80,0.009239338933914869,0.004500340604128279,0.007163356007706504,0.010032217075979748,0.005183403899401218,0.007617135331161257,0.009239338933914869,0.004500340604128279,0.007163356007706504,0.010032217075979748,0.005183403899401218,0.007617135331161257,
20,Vehicle_11,8354807,100,0.013141854935864809,0.008087256658276492,0.008428527018974424,0.012003403689338924,0.007130277385824724,0.007985567086955673,0.013141854935864809,0.008087256658276492,0.008428527018974424,0.012003403689338924,0.007130277385824724,0.007985567086955673,
