window_size,vehicle,ride,start,scale,scale x,scale y,offset,offset x,offset y,no scale,no scale x,no scale y,only offset,only offset x,only offset y,
20,Vehicle_11,8354807,0,0.009658464333097071,0.00558777596127691,0.0068309675462336445,0.012007938439901394,0.007186716538390635,0.008356845944953754,0.0006706662666582684,0.0004106916882486291,0.0004107033822564289,0.0017361428922793073,0.0011222580023147986,0.0011222535063317841,
20,Vehicle_11,8354807,20,0.008000769473880214,0.004401985774409627,0.0060119748218615855,0.009711209608440994,0.005201357396089206,0.007278174366935437,0.0006707521966354009,0.0004107439420165572,0.00041075637078729076,0.0019097569277717484,0.001295870691380366,0.0011222548527586578,
20,Vehicle_11,8354807,40,0.008552713086435614,0.005034612873237842,0.0060129825199765185,0.009330542792515868,0.004931875988680257,0.007166988958425236,0.0013412018503248086,0.0012955015054954184,0.0003471285821907995,0.0017360528328176092,0.001122159609435594,0.0011222618397492908,
20,Vehicle_11,8354807,60,0.01381686471614827,0.009236627873347869,0.00862000346614231,0.014033356543219772,0.009248080176580138,0.008997042891519133,0.0006706253860561023,0.00041066357647881593,0.0004106814257183992,0.002083124083403124,0.0012957660186304976,0.0014228188352317205,
20,Vehicle_11,8354807,80,0.008197471148217509,0.004272827276681482,0.006349001549453395,0.009460268316148492,0.005141366330023659,0.007087224140708157,0.0006707730902600037,0.00041076151811229405,0.0004107643840511309,0.0017362809906003743,0.0011224203300090327,0.001122229276958617,
20,Vehicle_11,8354807,100,0.012065485313470797,0.007875736205971743,0.007563677848900145,0.011234475108834243,0.007116822975443502,0.007230092916831878,0.000670691969784909,0.0004106815069429115,0.0004107450433346778,0.0017361014999042104,0.001122275564433635,0.0011221945518378506,
