window_size,vehicle,ride,start,scale,scale x,scale y,offset,offset x,offset y,no scale,no scale x,no scale y,only offset,only offset x,only offset y,
20,Vehicle_11,8686476,0,0.013725607246263354,0.009001690370025572,0.008326305598241877,0.014162824461065567,0.009270183107617928,0.008680049154166404,0.0002693181347800472,0.00019861829447866312,0.00013809084170607092,0.0008789062499999998,0.0005415734400875758,0.000581470680294077,
20,Vehicle_11,8686476,20,0.009383062794729637,0.0073898961868720655,0.004546354081471618,0.010005897132546836,0.0077978011894702295,0.005082366646475458,0.0004850490124020493,0.0004100948408432439,0.00019008975063543454,0.0007812499999999999,0.0004957602728324639,0.0004957602728324639,
20,Vehicle_11,8686476,40,0.015519758140632275,0.010004358961649855,0.00969596076682533,0.015507276014673738,0.009995209114389707,0.00969206450486347,0.004088218682428049,0.002718277999649041,0.0024290825245884815,0.00420065335565855,0.002726836864677769,0.002643437962425031,
20,Vehicle_11,8686476,60,0.015528945886534884,0.008580227551413966,0.011171622072797795,0.016037110706928263,0.008983910962131846,0.011433827400061262,0.002723211805616958,0.0014525149405135332,0.0019697161934947227,0.0034456482663417234,0.001950101114312174,0.0024129628614274704,
20,Vehicle_11,8686476,80,0.010661340774533927,0.005858265953256441,0.0075580659483250115,0.011067239629987109,0.006194914383692517,0.007797397822865909,0.003035872380872328,0.0015744956815839824,0.0021481882895302987,0.003635858881265798,0.002030566797505271,0.002580811249986376,
