window_size,vehicle,ride,start,scale,scale x,scale y,offset,offset x,offset y,no scale,no scale x,no scale y,only offset,only offset x,only offset y,
20,Vehicle_11,8686476,0,0.013419439567976962,0.008751871010940392,0.008293162429699045,0.013779529878920662,0.008986005644096965,0.008580932035464662,5.893616062416446e-05,4.167415883444604e-05,4.167415883444651e-05,0.0008300817022449246,0.0005171609992660938,0.0005570585733604833,
20,Vehicle_11,8686476,20,0.00912701058562453,0.00713442918014639,0.004545768879098921,0.009846372343737725,0.00766700276411084,0.005053640283046104,5.893846732587702e-05,4.16757899188692e-05,4.1675789918869596e-05,0.00073242017662186,0.00047134592768272433,0.0004713447946040634,
20,Vehicle_11,8686476,40,0.015153278356835989,0.010015905514234162,0.009365909101615543,0.015057844739643153,0.009963990912936385,0.00927385143128606,5.893504443309177e-05,4.167336956816948e-05,4.1673369568169875e-05,0.0007324142768705337,0.00047136902812610574,0.0004713157944093556,
20,Vehicle_11,8686476,60,0.015025051133206766,0.008475918867105057,0.010772036003780244,0.01559488485886443,0.008854651295291038,0.011120861218837102,5.892842336273285e-05,4.166868776442002e-05,4.166868776442033e-05,0.0008788699106566263,0.0005516619279935508,0.0005915711246449771,
20,Vehicle_11,8686476,80,0.010351089019484888,0.005819888828328053,0.007310605380704928,0.010803993776831456,0.006130392476895613,0.007598673876506888,5.894076080012364e-05,4.1677411650061336e-05,4.1677411650061987e-05,0.0007324198449760865,0.00047134152387725756,0.00047134886676375687,
