window_size,vehicle,ride,start,scale,scale x,scale y,offset,offset x,offset y,no scale,no scale x,no scale y,only offset,only offset x,only offset y,
20,Vehicle_11,8686476,0,0.013656312437079505,0.008934005691996722,0.008324695467086878,0.01405688955217732,0.009163821095906303,0.008680476256989766,0.013656312437079505,0.008934005691996722,0.008324695467086878,0.01405688955217732,0.009163821095906303,0.008680476256989766,
20,Vehicle_11,8686476,20,0.00930656590466804,0.007313399296810489,0.004546354081471616,0.010029150306744315,0.007821054363667703,0.005082366646475464,0.00930656590466804,0.007313399296810489,0.004546354081471616,0.010029150306744315,0.007821054363667703,0.005082366646475464,
20,Vehicle_11,8686476,40,0.015546822188299775,0.010031423009317402,0.00969596076682534,0.015509127290582302,0.009997060390298282,0.00969206450486346,0.015546822188299775,0.010031423009317402,0.00969596076682534,0.015509127290582302,0.009997060390298282,0.00969206450486346,
20,Vehicle_11,8686476,60,0.015608296606908652,0.008664912441720862,0.011166287902864672,0.015971496985204024,0.008933210216571726,0.01141891442389715,0.015608296606908652,0.008664912441720862,0.011166287902864672,0.015971496985204024,0.008933210216571726,0.01141891442389715,
20,Vehicle_11,8686476,80,0.010668014815036937,0.005853515948799375,0.007569489993285096,0.011058692318939025,0.0061949143836925085,0.0077888505118178354,0.010668014815036937,0.005853515948799375,0.007569489993285096,0.011058692318939025,0.0061949143836925085,0.0077888505118178354,
