window_size,vehicle,ride,start,offset,offset x,offset y,scale,scale x,scale y,no scale,no scale x,no scale y,only offset,only offset x,only offset y,
20,Vehicle_11,8354807,0,0.010057625765951933,0.005881295112992374,0.0070496223315051395,0.011494258721912077,0.00711590247999091,0.008061935534879317,0.0009429225343534721,0.0006667469181749423,0.0006667469181749486,0.0023438215076284547,0.0014955201573990926,0.0014955100414373256,
20,Vehicle_11,8354807,20,0.009719104647204721,0.005375104058757402,0.006959789799150384,0.007549112012977447,0.004153781863857339,0.006010884737170359,0.000943033467340142,0.0006668253596420724,0.0006668253596420814,0.0027344530874864464,0.0018861487077966184,0.0014955130708977915,
20,Vehicle_11,8354807,40,0.008819334430337063,0.0047687708920792,0.006666352748949603,0.007112126473943131,0.0040507597960133005,0.005417278779537305,0.000943052172801982,0.0006668385864009869,0.0006668385864009918,0.0023436188738396343,0.001495298773420882,0.0014955287916267157,
20,Vehicle_11,8354807,60,0.011830350350700581,0.008366317318655057,0.0071071032010055725,0.013158224822923269,0.00914048031176223,0.007911361075154312,0.0009429202019645887,0.0006667452689269445,0.0006667452689269549,0.002343279187657045,0.0014952881941094147,0.0014951996847555938,
20,Vehicle_11,8354807,80,0.00916019238329262,0.005240124160102348,0.0065358574338887,0.009007673731152258,0.004858542990026442,0.006983416821518548,0.0009430454964405581,0.0006668338655005511,0.0006668338655005546,0.002344132228850855,0.001495885394711119,0.0014954555253476997,
20,Vehicle_11,8354807,100,0.012166594420509111,0.008310531340707744,0.007164670044840271,0.009368352089736777,0.00589370389462426,0.006143378876125478,0.000943052172801986,0.0006668385864009869,0.0006668385864009973,0.002343728374784486,0.0014955596721664744,0.001495377393825975,
