window_size,vehicle,ride,start,scale,scale x,scale y,offset,offset x,offset y,no scale,no scale x,no scale y,only offset,only offset x,only offset y,
20,Vehicle_11,8354807,0,0.011257179598294212,0.006203898836437473,0.007862470952397895,0.01375573236649126,0.008473659620709579,0.00876481691954,0.011257179598294212,0.006203898836437473,0.007862470952397895,0.01375573236649126,0.008473659620709579,0.00876481691954,
20,Vehicle_11,8354807,20,0.011257179598294212,0.006203898836437473,0.007862470952397895,0.01375573236649126,0.008473659620709579,0.00876481691954,0.011257179598294212,0.006203898836437473,0.007862470952397895,0.01375573236649126,0.008473659620709579,0.00876481691954,
20,Vehicle_11,8354807,40,0.011257179598294212,0.006203898836437473,0.007862470952397895,0.01375573236649126,0.008473659620709579,0.00876481691954,0.011257179598294212,0.006203898836437473,0.007862470952397895,0.01375573236649126,0.008473659620709579,0.00876481691954,
20,Vehicle_11,8354807,60,0.011257179598294212,0.006203898836437473,0.007862470952397895,0.01375573236649126,0.008473659620709579,0.00876481691954,0.011257179598294212,0.006203898836437473,0.007862470952397895,0.01375573236649126,0.008473659620709579,0.00876481691954,
20,Vehicle_11,8354807,80,0.011257179598294212,0.006203898836437473,0.007862470952397895,0.01375573236649126,0.008473659620709579,0.00876481691954,0.011257179598294212,0.006203898836437473,0.007862470952397895,0.01375573236649126,0.008473659620709579,0.00876481691954,
20,Vehicle_11,8354807,100,0.011257179598294212,0.006203898836437473,0.007862470952397895,0.01375573236649126,0.008473659620709579,0.00876481691954,0.011257179598294212,0.006203898836437473,0.007862470952397895,0.01375573236649126,0.008473659620709579,0.00876481691954,
