window_size,vehicle,ride,start,scale,scale x,scale y,offset,offset x,offset y,no scale,no scale x,no scale y,only offset,only offset x,only offset y,
20,Vehicle_6,9476572,0,0.0047428666869097896,0.0032894736842802104,0.0033803220738404206,0.006534893395417474,0.003690347604077684,0.00477147486254758,0.0,0.0,0.0,0.0032885312631578947,0.0016439034539473686,0.0016446278092105261,
20,Vehicle_6,9476572,20,0.0047428666869097896,0.0032894736842802104,0.0033803220738404206,0.006534893395417474,0.003690347604077684,0.00477147486254758,0.0,0.0,0.0,0.0032885312631578947,0.0016439034539473686,0.0016446278092105261,
20,Vehicle_6,9476572,40,0.0047428666869097896,0.0032894736842802104,0.0033803220738404206,0.006534893395417474,0.003690347604077684,0.00477147486254758,0.0,0.0,0.0,0.0032885312631578947,0.0016439034539473686,0.0016446278092105261,
