window_size,vehicle,ride,start,scale,scale x,scale y,offset,offset x,offset y,no scale,no scale x,no scale y,only offset,only offset x,only offset y,
20,Vehicle_17,8577509,0,0.014044184387404736,0.00860774636925173,0.009250580396710444,0.013719103932208763,0.00832705336872691,0.009198270305954017,0.0005247335608748304,0.00035535923852450253,0.0002937774287560291,0.00087890625,0.0005887614844005556,0.0005239718819331095,
20,Vehicle_17,8577509,20,0.018062199638568307,0.012019210668961366,0.010900617588814505,0.017914207264334132,0.011873044803157139,0.010884458584241427,0.000531890193532323,0.00040917125101820574,0.00023101088537657156,0.0012207031249999998,0.000684651613043582,0.0008780638209240302,
20,Vehicle_17,8577509,40,0.021082992086962373,0.011889572775961822,0.015000296902643404,0.021325514203441514,0.012134645797197658,0.015049293942841704,0.000593079631226577,0.0003607774217616833,0.00037791125650897404,0.00126953125,0.0007266755023638127,0.000892128890850304,
20,Vehicle_17,8577509,60,0.012145558720287861,0.006378896653014136,0.009048418617093644,0.013150680669910413,0.006915659707878832,0.009985651967425152,0.0006506274229003239,0.00033542195265417953,0.00046378547568084755,0.0008300781250000002,0.0005436501791021528,0.0005052861674621576,
