window_size,vehicle,ride,start,scale,scale x,scale y,offset,offset x,offset y,no scale,no scale x,no scale y,only offset,only offset x,only offset y,
20,Vehicle_9,9571672,0,0.00910526018884655,0.004354817601533555,0.007201620855545889,0.010362999094319411,0.005397148862093922,0.007872741336993621,0.00910526018884655,0.004354817601533555,0.007201620855545889,0.010362999094319411,0.005397148862093922,0.007872741336993621,
20,Vehicle_9,9571672,20,0.008743202955070238,0.00399266395693993,0.007118302605246755,0.010103784113795247,0.005151146826592551,0.007821580610784102,0.008743202955070238,0.00399266395693993,0.007118302605246755,0.010103784113795247,0.005151146826592551,0.007821580610784102,
20,Vehicle_9,9571672,40,0.00938396055041873,0.004622745036655691,0.00730913368924723,0.01009960037113499,0.005106687260672645,0.007877095657340146,0.00938396055041873,0.004622745036655691,0.00730913368924723,0.01009960037113499,0.005106687260672645,0.007877095657340146,
20,Vehicle_9,9571672,60,0.012222386370506037,0.007304216582886149,0.00810520726412732,0.012190516802805711,0.007365867015830199,0.007935573554133638,0.012222386370506037,0.007304216582886149,0.00810520726412732,0.012190516802805711,0.007365867015830199,0.007935573554133638,
20,Vehicle_9,9571672,80,0.009501982580084454,0.007331940556976247,0.004696668048862971,0.01029338416076452,0.007841407730876774,0.005390419375072686,0.009501982580084454,0.007331940556976247,0.004696668048862971,0.01029338416076452,0.007841407730876774,0.005390419375072686,
20,Vehicle_9,9571672,100,0.00992788568737321,0.005130527201579837,0.007431234638569878,0.010505203883130022,0.0055172673784442475,0.00787607123727041,0.00992788568737321,0.005130527201579837,0.007431234638569878,0.010505203883130022,0.0055172673784442475,0.00787607123727041,
20,Vehicle_9,9571672,120,0.009316922586671526,0.004631860407536922,0.007197889271936455,0.010155973544716777,0.005130365090126736,0.0079266267652556,0.009316922586671526,0.004631860407536922,0.007197889271936455,0.010155973544716777,0.005130365090126736,0.0079266267652556,
20,Vehicle_9,9571672,140,0.009197840535407743,0.004489832019113107,0.007202646576988425,0.010051571309255448,0.00508737131638847,0.007833143316448394,0.009197840535407743,0.004489832019113107,0.007202646576988425,0.010051571309255448,0.00508737131638847,0.007833143316448394,
