window_size,vehicle,ride,start,scale,scale x,scale y,offset,offset x,offset y,no scale,no scale x,no scale y,only offset,only offset x,only offset y,
20,Vehicle_12,9255711,0,0.009868028074004843,0.006578947368421052,0.0052160097767733685,0.009757720473823263,0.006578947368421052,0.005105702176591789,0.0,0.0,0.0,0.0032894604407894736,0.0016446166907893686,0.00164484375,
20,Vehicle_12,9255711,20,0.009868028074004843,0.006578947368421052,0.0052160097767733685,0.009757720473823263,0.006578947368421052,0.005105702176591789,0.0,0.0,0.0,0.0032894604407894736,0.0016446166907893686,0.00164484375,
20,Vehicle_12,9255711,40,0.009868028074004843,0.006578947368421052,0.0052160097767733685,0.009757720473823263,0.006578947368421052,0.005105702176591789,0.0,0.0,0.0,0.0032894604407894736,0.0016446166907893686,0.00164484375,
20,Vehicle_12,9255711,60,0.009868028074004843,0.006578947368421052,0.0052160097767733685,0.009757720473823263,0.006578947368421052,0.005105702176591789,0.0,0.0,0.0,0.0032894604407894736,0.0016446166907893686,0.00164484375,
20,Vehicle_12,9255711,80,0.009868028074004843,0.006578947368421052,0.0052160097767733685,0.009757720473823263,0.006578947368421052,0.005105702176591789,0.0,0.0,0.0,0.0032894604407894736,0.0016446166907893686,0.00164484375,
20,Vehicle_12,9255711,100,0.009868028074004843,0.006578947368421052,0.0052160097767733685,0.009757720473823263,0.006578947368421052,0.005105702176591789,0.0,0.0,0.0,0.0032894604407894736,0.0016446166907893686,0.00164484375,
20,Vehicle_12,9255711,120,0.009868028074004843,0.006578947368421052,0.0052160097767733685,0.009757720473823263,0.006578947368421052,0.005105702176591789,0.0,0.0,0.0,0.0032894604407894736,0.0016446166907893686,0.00164484375,
20,Vehicle_12,9255711,140,0.009868028074004843,0.006578947368421052,0.0052160097767733685,0.009757720473823263,0.006578947368421052,0.005105702176591789,0.0,0.0,0.0,0.0032894604407894736,0.0016446166907893686,0.00164484375,
20,Vehicle_12,9255711,160,0.009868028074004843,0.006578947368421052,0.0052160097767733685,0.009757720473823263,0.006578947368421052,0.005105702176591789,0.0,0.0,0.0,0.0032894604407894736,0.0016446166907893686,0.00164484375,
