window_size,vehicle,ride,start,scale,scale x,scale y,offset,offset x,offset y,no scale,no scale x,no scale y,only offset,only offset x,only offset y,
20,Vehicle_16,8446872,0,0.011473156626288202,0.0066174936908167,0.007831707444443002,0.012079549954377669,0.007191387947801903,0.008079428253757095,0.0001178806705694489,8.33542215304748e-05,8.335422153047478e-05,0.00087890625,0.0005769584771588845,0.0005500151784007844,
20,Vehicle_16,8446872,20,0.010664537689156001,0.005864625258769182,0.00755526977442237,0.0110178315508829,0.006224197608163368,0.007707784058348346,0.0,0.0,0.0,0.0007812500000000002,0.0004957602728324639,0.0004957602728324639,
20,Vehicle_16,8446872,40,0.009769376194080677,0.005040662307444654,0.007320310745769387,0.010498007124371387,0.005569006564250993,0.007871380939492644,0.0,0.0,0.0,0.0007812500000000002,0.0004957602728324639,0.0004957602728324639,
20,Vehicle_16,8446872,60,0.012753410808819124,0.007859544100711732,0.008121980969071102,0.012700912283045759,0.007867301447481644,0.00803006028193966,0.0,0.0,0.0,0.00078125,0.0004957602728324638,0.0004957602728324639,
20,Vehicle_16,8446872,80,0.009933525680322772,0.007557472096523743,0.005082250417770224,0.010188147483037698,0.00788956554802628,0.005191868227888183,5.892805448757068e-05,4.16684269302916e-05,4.166842693029159e-05,0.0007812500000000002,0.0004957602728324639,0.0004957602728324639,
20,Vehicle_16,8446872,100,0.01117963023082323,0.006351509867783145,0.007798359960662161,0.011770876212561832,0.006752337618546394,0.008280557713235099,0.00011783208925672853,8.331986935481126e-05,8.331986935481126e-05,0.00078125,0.0004957602728324639,0.0004957602728324639,
20,Vehicle_16,8446872,120,0.012112915153462077,0.006876629508295323,0.008453503922037054,0.012628311618819653,0.007307687252861488,0.008704980037904542,0.0,0.0,0.0,0.0009765625,0.0006671810877556897,0.0005873866073426876,
20,Vehicle_16,8446872,140,0.014809328416180862,0.008236165965788826,0.010599070513603348,0.015754685602363237,0.008846020523497597,0.0112785266042917,0.0,0.0,0.0,0.000927734375,0.0005980135260799588,0.0005980135260799589,
