window_size,vehicle,ride,start,scale,scale x,scale y,offset,offset x,offset y,no scale,no scale x,no scale y,only offset,only offset x,only offset y,
20,Vehicle_6,8447141,0,0.011772205045657761,0.009183370280825914,0.006250000000000002,0.02347260983851991,0.010937500000000003,0.01711156638248011,0.0,0.0,0.0,0.0125,0.0031250000000000006,0.009375,
20,Vehicle_6,8447141,20,0.007544417382415923,0.003125,0.006250000000000002,0.010669417382415922,0.00625,0.00625,0.0,0.0,0.0,0.00625,0.003125,0.003125,
20,Vehicle_6,8447141,40,0.010066879910876153,0.0057822672225795665,0.006115195305880665,0.014755197512836436,0.006609612154550279,0.010891459284662276,0.0,0.0,0.0,0.009375,0.003125,0.00625,
20,Vehicle_6,8447141,60,0.01475389105504704,0.009154612156940365,0.009260444133274828,0.009113373325679188,0.005291106883343048,0.0056528490599202195,0.0,0.0,0.0,0.00625,0.003125,0.0031250000000000006,
20,Vehicle_6,8447141,80,0.007544417382415924,0.0031250000000000006,0.00625,0.009680443346401087,0.00625,0.005261025963985167,0.0,0.0,0.0,0.00625,0.003125,0.003125,
20,Vehicle_6,8447141,100,0.007544417382415922,0.003125,0.00625,0.010669417382415922,0.00625,0.00625,0.0,0.0,0.0,0.00625,0.003125,0.003125,
20,Vehicle_6,8447141,120,0.007544417382415922,0.003125,0.006250000000000001,0.010669417382415924,0.00625,0.00625,0.0,0.0,0.0,0.00625,0.003125,0.0031250000000000006,
20,Vehicle_6,8447141,140,0.012022170822683899,0.0070774131709276464,0.00769063157813237,0.013049388690615893,0.0063254115921712595,0.009469851024820753,0.0,0.0,0.0,0.009375,0.0031250000000000006,0.00625,
20,Vehicle_6,8447141,160,0.010669417382415922,0.00625,0.00625,0.015088834764831846,0.009375,0.009375,0.0,0.0,0.0,0.00625,0.003125,0.003125,
20,Vehicle_6,8447141,180,0.0075436595128933765,0.0031250000000000006,0.006249242130477453,0.01197998453144031,0.009375,0.004435567149024388,0.0,0.0,0.0,0.009375,0.00625,0.003125,
20,Vehicle_6,8447141,200,0.007544417382415923,0.003125,0.006249999999999999,0.013794417382415923,0.009375,0.00625,0.0,0.0,0.0,0.009375,0.00625,0.003125,
