subdir,file,cluster,size,all_feats_heading_scaled_to_max_mean_heading,all_feats_heading_scaled_to_max_mean_heading_abs,all_feats_heading_scaled_to_max_mean_heading_ototrak,all_feats_heading_scaled_to_max_mean_heading_ototrak_new,all_feats_scaled_to_max_max_x,all_feats_scaled_to_max_max_y,all_feats_scaled_to_max_surf_trapz_x,all_feats_scaled_to_max_surf_trapz_y,all_feats_scaled_to_max_surf_simpson_x,all_feats_scaled_to_max_surf_simpson_y,all_feats_scaled_to_max_duration,all_feats_scaled_to_max_len,all_feats_scaled_to_max_offset,all_feats_scaled_to_max_mean_speed_len,all_feats_scaled_to_max_mean_speed_offset,all_feats_scaled_to_max_len_vs_offset,all_feats_scaled_to_max_total_surf,all_feats_scaled_to_max_monotonous
no_rays_no_same_heading,filenames_in_cluster_train KMeans test nclus 4,1,229,0.23775137563293186,0.30955995916868995,0.24258851428015213,0.18493483269130573,0.1895821938134891,0.23825906077723613,0.21408575090963525,0.2262461425379603,0.21479579652989098,0.22669115654530828,0.1383677227986124,0.2285724243260515,0.23180309179980746,0.2267116724891033,0.23336079555599556,0.0681168336357118,0.11482891942496394,0.35328323574977566
no_rays_no_same_heading,filenames_in_cluster_train KMeans test nclus 4,0,250,0.16647725234019853,0.22634694534116753,0.14482875945712068,0.1451497866013357,0.1735131981497408,0.24931632851154364,0.15462714104821962,0.26599656080136963,0.15024121083732947,0.24930181822321687,0.1620077362445193,0.2419552464655398,0.23804603099715782,0.2384752261295007,0.23461494016435486,0.1123962199130268,0.15042680424397425,0.3798385621989075
no_rays_no_same_heading,filenames_in_cluster_train KMeans test nclus 4,2,245,0.14415313387441978,0.21623627488778596,0.2220883671144594,0.19801422973010468,0.1845288861069572,0.1678207418577017,0.16359629613874607,0.17447327200754623,0.16309027308224294,0.17121760377426593,0.171711715508727,0.2183970513124874,0.19498721218578394,0.2121295208878668,0.19172455041550857,0.08713852356034553,0.15163695563777732,0.43002668378990766
no_rays_no_same_heading,filenames_in_cluster_train KMeans test nclus 4,3,136,0.2334047313390624,0.29739067550982984,0.2304640460238654,0.1950159344551705,0.18565821742796648,0.22263445420384306,0.188536409830716,0.19996570071122213,0.11176533930952941,0.17998816769589332,0.16519355113178488,0.1977404216708382,0.19613060262163906,0.1964073442736316,0.19467920921787588,0.13498028155916134,0.11941553977951365,0.34515339072587065
