subdir,file,cluster,size,all_feats_heading_scaled_to_max_mean_heading,all_feats_heading_scaled_to_max_mean_heading_abs,all_feats_heading_scaled_to_max_mean_heading_ototrak,all_feats_heading_scaled_to_max_mean_heading_ototrak_new,all_feats_scaled_to_max_max_x,all_feats_scaled_to_max_max_y,all_feats_scaled_to_max_surf_trapz_x,all_feats_scaled_to_max_surf_trapz_y,all_feats_scaled_to_max_surf_simpson_x,all_feats_scaled_to_max_surf_simpson_y,all_feats_scaled_to_max_duration,all_feats_scaled_to_max_len,all_feats_scaled_to_max_offset,all_feats_scaled_to_max_mean_speed_len,all_feats_scaled_to_max_mean_speed_offset,all_feats_scaled_to_max_len_vs_offset,all_feats_scaled_to_max_total_surf,all_feats_scaled_to_max_monotonous
no_rays_no_same_heading,filenames_in_cluster_test KMeans test nclus 2,1,166,0.21840630081032444,0.3133697979938277,0.2325962302490395,0.20220718662550163,0.15095177486142877,0.23152331381553673,0.16394669616687751,0.23674212589248053,0.16451273016410217,0.23632313617235234,0.18834860791069963,0.19885776444130418,0.19191475923942666,0.19727253145846185,0.19076754071609728,0.1126072957952666,0.11294138918467055,0.3443116426290041
no_rays_no_same_heading,filenames_in_cluster_test KMeans test nclus 2,0,440,0.1892797923749672,0.27009503383965944,0.18986267111486932,0.19755886702708725,0.1806355726733104,0.23444046043536557,0.17315222952432002,0.2303051233960264,0.17539593286906702,0.15257918269406498,0.17923031277097812,0.21041146056248453,0.20164542300387014,0.2179240473874301,0.20802743046781041,0.04788955300548655,0.11071699263761468,0.32713854572516143
