subdir,file,cluster,size,all_feats_heading_scaled_to_max_mean_heading,all_feats_heading_scaled_to_max_mean_heading_abs,all_feats_heading_scaled_to_max_mean_heading_ototrak,all_feats_heading_scaled_to_max_mean_heading_ototrak_new,all_feats_scaled_to_max_max_x,all_feats_scaled_to_max_max_y,all_feats_scaled_to_max_surf_trapz_x,all_feats_scaled_to_max_surf_trapz_y,all_feats_scaled_to_max_surf_simpson_x,all_feats_scaled_to_max_surf_simpson_y,all_feats_scaled_to_max_duration,all_feats_scaled_to_max_len,all_feats_scaled_to_max_offset,all_feats_scaled_to_max_mean_speed_len,all_feats_scaled_to_max_mean_speed_offset,all_feats_scaled_to_max_len_vs_offset,all_feats_scaled_to_max_total_surf,all_feats_scaled_to_max_monotonous
no_rays_no_same_heading,filenames_in_cluster_train KMeans test nclus 4,1,229,132.21666586705658,86.23682850843443,144.55,192.8,0.44132000000161037,0.48665999999997206,3.797101203719392,5.063308083646671,3.784822915395299,5.0482846694282575,3.94700026512146,0.5115891541224356,0.4959230617192063,0.026644520116956002,0.025439987939786572,3.718620065836161,0.02484003879997056,3.0
no_rays_no_same_heading,filenames_in_cluster_train KMeans test nclus 4,0,250,198.02846303071564,66.01991567412007,149.50000000000003,165.45000000000002,0.2773600000011811,0.4379999999997608,3.4136933042752506,4.101754505925612,3.52582808699748,4.392690957690396,3.697999954223633,0.46862820966938523,0.4730145530213762,0.024603772586942102,0.0248304349413961,8.140824072288334,0.01456503000021047,3.0
no_rays_no_same_heading,filenames_in_cluster_train KMeans test nclus 4,2,245,297.09505665722253,83.436953564288,216.04999999999998,194.14999999999998,0.3536400000029971,0.4316599999995674,4.249281334354186,4.118963279448237,4.25918957009587,4.203089601303666,3.4440000057220423,0.4672720109822135,0.4326268604653551,0.024874322901820598,0.02301909968001411,25.519964808209078,0.02602744439999183,1.0
no_rays_no_same_heading,filenames_in_cluster_train KMeans test nclus 4,3,136,148.39808178560506,84.50456216377228,122.30000000000001,245.95000000000002,0.4563200000006873,0.38834000000065316,4.423842762067559,4.392725414129864,8.386158636646197,4.903971186856094,4.40300011634827,0.49404830913188275,0.4945764444673802,0.0257041213351013,0.025734922295327898,4.082208081834546,0.015516075199952259,3.0
