subdir,file,cluster,size,all_feats_heading_scaled_to_max_mean_heading,all_feats_heading_scaled_to_max_mean_heading_abs,all_feats_heading_scaled_to_max_mean_heading_ototrak,all_feats_heading_scaled_to_max_mean_heading_ototrak_new,all_feats_scaled_to_max_max_x,all_feats_scaled_to_max_max_y,all_feats_scaled_to_max_surf_trapz_x,all_feats_scaled_to_max_surf_trapz_y,all_feats_scaled_to_max_surf_simpson_x,all_feats_scaled_to_max_surf_simpson_y,all_feats_scaled_to_max_duration,all_feats_scaled_to_max_len,all_feats_scaled_to_max_offset,all_feats_scaled_to_max_mean_speed_len,all_feats_scaled_to_max_mean_speed_offset,all_feats_scaled_to_max_len_vs_offset,all_feats_scaled_to_max_total_surf,all_feats_scaled_to_max_monotonous
no_rays_no_same_heading,filenames_in_cluster_test KMeans test nclus 4,1,141,1110.8917160246822,705.3219200668814,1295.7936557517226,1245.725768321513,0.009052151196427063,0.01446616934977812,0.9326588569055048,1.2961612206609636,0.9314886929145584,1.2978565493225924,0.29691024682585787,0.014414781515875283,0.01419183917315499,3.954145079741769e-05,3.889856905131954e-05,0.007474598943806275,3.1453448719449686e-06,1.0941099542276542
no_rays_no_same_heading,filenames_in_cluster_test KMeans test nclus 4,2,195,1663.6012870164307,388.7629818817529,2476.0312857330705,1554.2507019066406,0.00393795902923226,0.008472186342941956,0.44458877521030205,0.9995389002047866,0.4459086258533247,1.0026861188709262,0.3244847518629918,0.012370139003704312,0.008658784432437554,3.347634509722988e-05,2.337328087244153e-05,462.57162583725614,1.199460252950929e-05,0.1855621301775148
no_rays_no_same_heading,filenames_in_cluster_test KMeans test nclus 4,0,170,1044.7730428020434,250.48506257885143,529.3797665224914,489.7683706747405,0.0022459638765929047,0.01361481446756142,0.3131684621594664,1.3892452732097014,0.3453624102897088,1.5960089528905104,0.2677392368244418,0.013913218893002982,0.013288556425019995,3.739888414559353e-05,3.550905257567817e-05,0.13892994433109657,1.0732207839239244e-05,1.111038062283737
no_rays_no_same_heading,filenames_in_cluster_test KMeans test nclus 4,3,100,1469.7657227498908,438.0053107087921,504.29879275,2052.20971875,0.006663012551064201,0.006664335896434963,0.6923234649503953,0.6813878167275138,0.6929292160133774,0.681825642730296,0.4831304934972549,0.010027549328684078,0.009468437843623181,2.571204324275279e-05,2.4323810001115058e-05,0.019766937311684777,6.126155425964231e-06,0.9675000000000002
