subdir,file,cluster,size,all_feats_heading_scaled_to_max_mean_heading,all_feats_heading_scaled_to_max_mean_heading_abs,all_feats_heading_scaled_to_max_mean_heading_ototrak,all_feats_heading_scaled_to_max_mean_heading_ototrak_new,all_feats_scaled_to_max_max_x,all_feats_scaled_to_max_max_y,all_feats_scaled_to_max_surf_trapz_x,all_feats_scaled_to_max_surf_trapz_y,all_feats_scaled_to_max_surf_simpson_x,all_feats_scaled_to_max_surf_simpson_y,all_feats_scaled_to_max_duration,all_feats_scaled_to_max_len,all_feats_scaled_to_max_offset,all_feats_scaled_to_max_mean_speed_len,all_feats_scaled_to_max_mean_speed_offset,all_feats_scaled_to_max_len_vs_offset,all_feats_scaled_to_max_total_surf,all_feats_scaled_to_max_monotonous
no_rays_no_same_heading,filenames_in_cluster_train KMeans test nclus 3,0,238,998.4846340545432,697.7495309242591,1395.1893539033258,1242.2778091677849,0.006932229391973015,0.01316395841126767,0.6541501257855513,1.2891605703486284,0.6542322075329206,1.2866626991197987,0.29875372835195435,0.01365409884703258,0.013218671268825893,3.6448381387606644e-05,3.526015999132634e-05,0.0727834936423347,7.89840556314201e-06,1.1293693948167505
no_rays_no_same_heading,filenames_in_cluster_train KMeans test nclus 3,1,290,1848.230341038189,363.7940130243918,2018.4309978894175,1720.3855386741973,0.0038695369867420316,0.006602319933130142,0.43774833530785207,0.6385412130677957,0.4372245607769029,0.6394146500130109,0.33539350922295696,0.010551763745354978,0.007885653107224154,2.8150494992766414e-05,2.1395886007617182e-05,4.620210606591166,1.419501274181465e-05,0.20429250891795483
no_rays_no_same_heading,filenames_in_cluster_train KMeans test nclus 3,2,332,1103.3197189626446,690.2344079940726,2006.8976290780597,1233.7246077759835,0.005319108854046603,0.012212136085153489,0.556807751497359,1.2147125450901222,0.6220236162646886,1.2247592927526754,0.44652246146030844,0.01191625211599459,0.011743629587695911,3.196083420381299e-05,3.146885998416284e-05,0.3992520972582546,4.068349546178151e-06,1.2678454782987372
