subdir,file,cluster,size,all_feats_heading_scaled_to_max_mean_heading,all_feats_heading_scaled_to_max_mean_heading_abs,all_feats_heading_scaled_to_max_mean_heading_ototrak,all_feats_heading_scaled_to_max_mean_heading_ototrak_new,all_feats_scaled_to_max_max_x,all_feats_scaled_to_max_max_y,all_feats_scaled_to_max_surf_trapz_x,all_feats_scaled_to_max_surf_trapz_y,all_feats_scaled_to_max_surf_simpson_x,all_feats_scaled_to_max_surf_simpson_y,all_feats_scaled_to_max_duration,all_feats_scaled_to_max_len,all_feats_scaled_to_max_offset,all_feats_scaled_to_max_mean_speed_len,all_feats_scaled_to_max_mean_speed_offset,all_feats_scaled_to_max_len_vs_offset,all_feats_scaled_to_max_total_surf,all_feats_scaled_to_max_monotonous
no_rays_no_same_heading,filenames_in_cluster_train KMeans test nclus 3,0,238,31.59880747836132,26.414949004763557,37.35223358653838,35.24596160083854,0.08326001076130735,0.11473429483492575,0.8087954783414354,1.1354120707252624,0.8088462199534103,1.1343115529341128,0.5465836883332271,0.1168507545847804,0.11497248048479207,0.006037249488600471,0.0059380266074956535,0.26978416121472865,0.0028104102126098977,1.0627179281525039
no_rays_no_same_heading,filenames_in_cluster_train KMeans test nclus 3,1,290,42.991049545669256,19.073384938819636,44.92695179832945,41.47753052767483,0.06220560253499705,0.08125466099326328,0.6616255249821096,0.799087738028682,0.6612295825028572,0.7996340725688288,0.579131685562927,0.1027217783401114,0.0888011999199569,0.005305704005385752,0.004625568722613165,2.149467516989072,0.003767626937717514,0.45198728844731334
no_rays_no_same_heading,filenames_in_cluster_train KMeans test nclus 3,2,332,33.216256847553495,26.272312574154423,44.798411010638084,35.12441612007214,0.07293222095923449,0.11050853399241838,0.7461955182774546,1.1021399843441495,0.7886847381968848,1.1066884352665276,0.6682233619534028,0.10916158718154748,0.10836802843872316,0.005653391389583158,0.005609711221102459,0.6318639863596078,0.002017015008912465,1.1259864467651186
