window_size,vehicle,ride,start,scale,scale x,scale y,offset,offset x,offset y,no scale,no scale x,no scale y,only offset,only offset x,only offset y,
20,Vehicle_4,9477474,0,0.008858157391862033,0.004297196468149102,0.006961572477064859,0.010391547007387893,0.0054723565068439325,0.00780192184635614,0.0051119782320906025,0.0024085798634034226,0.004066555048133772,0.006024614173432055,0.0031841818649466958,0.004551481701448822,
20,Vehicle_4,9477474,20,0.009180614417308287,0.004545662297383693,0.007182044752231008,0.009964270180608366,0.005107932273632675,0.007703482149102885,0.006879399075293867,0.0033660886944044902,0.005370470076556841,0.0080058197978063,0.004168440728911594,0.006065193868983668,
20,Vehicle_4,9477474,40,0.010455268195664849,0.0057744158700602476,0.007550477224846875,0.011465549516717539,0.006617115146834511,0.007941860458561874,0.0019610373043649027,0.0008534853121036043,0.001586058234705393,0.0028565325108927063,0.0016041652837990568,0.0020423291320394183,
20,Vehicle_4,9477474,60,0.009939649140317515,0.005280564134553463,0.00730791560086958,0.010527146919581962,0.0056804114741227435,0.0076471738988704505,0.006027007446449939,0.003149006346963693,0.004405912440116211,0.006857168570872249,0.003700768383483758,0.0049988772034132165,
20,Vehicle_4,9477474,80,0.008831017558572043,0.004313452619814614,0.006959340599065436,0.01003836718251397,0.005107932273632672,0.007777579151008499,0.007626515938683901,0.0035196421073613116,0.006183469422293791,0.008206574013980755,0.00424635882574569,0.0062837030253981435,
20,Vehicle_4,9477474,100,0.01601476993735751,0.009008048408875789,0.01144940952694257,0.016926545293608968,0.009642207653517315,0.011877511149701571,0.0032516847721851165,0.0020960113843614733,0.0021193396347924235,0.004089603979211021,0.0019212108402361697,0.003271212265437303,
20,Vehicle_4,9477474,120,0.020189075878847672,0.012903127623702356,0.013018470094084442,0.019509891692357895,0.01232985254729633,0.0126450404498806,0.0025601548898417804,0.0017798086013180614,0.001389282256920666,0.0034769156386158834,0.0019562196728095073,0.002446984493529585,
20,Vehicle_4,9477474,140,0.015604090968858779,0.009929836156269738,0.009526670453452814,0.01556619480261678,0.009904109938071134,0.00948719095122158,0.0005700780328344153,0.000467819243184528,0.00022986211482742565,0.0012500000000000002,0.0007892189393343804,0.0007892189393343804,
