window_size,vehicle,ride,start,scale,scale x,scale y,offset,offset x,offset y,no scale,no scale x,no scale y,only offset,only offset x,only offset y,
20,Vehicle_2,9574020,0,0.013778592618802427,0.009317787122277446,0.008109034768352159,0.013819583670953093,0.009434930555583807,0.008069008826095729,0.0,0.0,0.0,0.0009566326530612245,0.0006057866885732456,0.0006158850100406753,
20,Vehicle_2,9574020,20,0.009898127380528235,0.00734732992640151,0.005190453697556164,0.01051311359278589,0.007734428041226087,0.005678790135991782,0.0,0.0,0.0,0.0008928571428571428,0.0005660233083526631,0.000566023308352663,
20,Vehicle_2,9574020,40,0.011996032171104785,0.007969915200398388,0.007116706322919395,0.012203621273097442,0.007927164012452203,0.007384148716211182,0.0,0.0,0.0,0.0008928571428571427,0.0005660233083526631,0.000566023308352663,
20,Vehicle_2,9574020,60,0.017130171878703616,0.010251823721323761,0.011464934568768551,0.01790990424051194,0.010817251368421448,0.011966250922494197,0.0,0.0,0.0,0.0012755102040816326,0.0009189330687248899,0.000689511774424505,
20,Vehicle_2,9574020,80,0.012722174046909175,0.0072171989866904075,0.008930081083253284,0.01274437304219235,0.007200058439820976,0.009079976759059619,0.0,0.0,0.0,0.0009566326530612245,0.0006281998333642591,0.0005802146944468157,
20,Vehicle_2,9574020,100,0.010198076031378652,0.007584011943674902,0.005370746652414576,0.010485966253876227,0.007762080540589702,0.0056164642603676596,0.0,0.0,0.0,0.0010204081632653062,0.0006213656220156172,0.0006809428068096043,
20,Vehicle_2,9574020,120,0.01155074043761894,0.00817440263405181,0.006519427852876394,0.01216124436058143,0.008521127778520935,0.007053117431315206,0.0,0.0,0.0,0.0009566326530612245,0.0005802146944468158,0.0006281998333642591,
20,Vehicle_2,9574020,140,0.01795204314163739,0.01137112583881393,0.011444957148331361,0.01816102577440388,0.01128354378576168,0.011806181293608504,0.0,0.0,0.0,0.001211734693877551,0.0006895117744245048,0.0008551575585208083,
