window_size,vehicle,ride,start,scale,scale x,scale y,offset,offset x,offset y,no scale,no scale x,no scale y,only offset,only offset x,only offset y,
20,Vehicle_4,9070901,0,0.014563147912042175,0.009069359052275393,0.009244650452271751,0.015072186874568535,0.009674858041484574,0.009576520025741279,0.0010060290544207616,0.0004975281776117027,0.000734600747261055,0.002777777777777778,0.0018972575052561647,0.0016430731970725272,
20,Vehicle_4,9070901,20,0.024864233408978573,0.016163914743238306,0.015367093732291788,0.024826271768974135,0.016468808028329795,0.015284319993336355,0.0010054750850963404,0.0007342822058110617,0.0004971682479727024,0.004861111111111111,0.0027653130608117204,0.003239627437125762,
