subdir,file,cluster,size,24all_distances_scaled_to_max_trajs_distances_offset,24all_distances_scaled_to_max_trajs_distances_offset x,24all_distances_scaled_to_max_trajs_distances_offset y,24all_nums_scaled_to_max_trajs_num_intersections_offset
only_rays_heading_size_24_,filenames_in_cluster_test KMeans test nclus 8,0,246,0.0051282210554255,0.004944025318783101,0.004700664146031001,0.009868421052631578
only_rays_heading_size_24_,filenames_in_cluster_test KMeans test nclus 8,3,161,0.0093129184340221,0.0068113422960752,0.0074608248737187,0.006578947368421052
only_rays_heading_size_24_,filenames_in_cluster_test KMeans test nclus 8,1,47,0.0049783158590065,0.005370232545372801,0.0047553096855994,0.006578947368421052
only_rays_heading_size_24_,filenames_in_cluster_test KMeans test nclus 8,7,44,0.018982794852186197,0.0133237914075623,0.012191525118941001,0.013157894736842105
only_rays_heading_size_24_,filenames_in_cluster_test KMeans test nclus 8,6,21,0.010695906746049899,0.005966314461798801,0.0086371500470771,0.003289473684210526
only_rays_heading_size_24_,filenames_in_cluster_test KMeans test nclus 8,4,64,0.0113425947989213,0.0076272293015692,0.0095960217423522,0.013157894736842105
only_rays_heading_size_24_,filenames_in_cluster_test KMeans test nclus 8,2,20,0.0203051964270515,0.013391637306406601,0.0127797616408674,0.02631578947368421
only_rays_heading_size_24_,filenames_in_cluster_test KMeans test nclus 8,5,3,0.0023840548350008983,0.002568465590371702,0.002519540636058599,0.013157894736842105
