window_size,vehicle,ride,start,scale,scale x,scale y,offset,offset x,offset y,no scale,no scale x,no scale y,only offset,only offset x,only offset y,
20,Vehicle_10,8725430,0,0.012768319783930608,0.00833077639670775,0.007829820390217537,0.013565579206080152,0.008999805654481254,0.00829669065670585,0.0012213056100276306,0.0007954639582691162,0.0007011858697241346,0.0015108504257844906,0.001033916728687603,0.0008560171590706394,
20,Vehicle_10,8725430,20,0.010197577384586447,0.005450653433490568,0.007424074285594663,0.010911331165398046,0.006009369242192049,0.007863295826889206,0.00421981307112155,0.0021336372601336324,0.0031213667263842947,0.005008326202083009,0.0027395611922150574,0.0036185012500888356,
20,Vehicle_10,8725430,40,0.009472397114776371,0.004737752377230243,0.007304133464060546,0.010231131019348456,0.005308094611467556,0.007749103549779792,0.0029318006856426876,0.0012926826925219901,0.002352677092451458,0.003633807736125758,0.0019129583973859366,0.002737215284661895,
20,Vehicle_10,8725430,60,0.0176838586054044,0.009492924609873315,0.01310987200891946,0.01846650042708475,0.010318899073309814,0.013154437267886596,0.0003839763633469194,0.0002467534737310786,0.0002152124867934777,0.0012695312499999998,0.0007520929942812498,0.000832844074216142,
20,Vehicle_10,8725430,80,0.009265594614260417,0.0044981477822395146,0.007284368510145698,0.010114143047840403,0.005107881048543113,0.007900403975682972,0.0028936518925930742,0.0012135462844833067,0.002409916870130476,0.0035396975868626757,0.0018089495620097703,0.002744632003584937,
20,Vehicle_10,8725430,100,0.00956841597498696,0.004850528269699852,0.007340756120510501,0.010207082410989401,0.0053075902473480275,0.007725267054198313,0.0028850354924619902,0.0012787268102560888,0.002292561889029882,0.0036337361140263923,0.0019129583973859382,0.002737143662562529,
20,Vehicle_10,8725430,120,0.01196439385266772,0.008014299404328481,0.007073700160148529,0.012345349712730361,0.008250848163344617,0.007380721539702221,0.0022671498863038797,0.0014670365393821912,0.0012533637042650885,0.002907624641617776,0.0019505360100142068,0.0017154500329062017,
