window_size,vehicle,ride,start,scale,scale x,scale y,offset,offset x,offset y,no scale,no scale x,no scale y,only offset,only offset x,only offset y,
20,Vehicle_10,8725430,0,0.012690270138190674,0.008252726750967823,0.007829820390217544,0.013489205794515263,0.00891393716819308,0.008306185731429149,0.012690270138190674,0.008252726750967823,0.007829820390217544,0.013489205794515263,0.00891393716819308,0.008306185731429149,
20,Vehicle_10,8725430,20,0.010199558934571907,0.005444914443089676,0.007431794825981027,0.01091133116539807,0.00600936924219205,0.007863295826889202,0.010199558934571907,0.005444914443089676,0.007431794825981027,0.01091133116539807,0.00600936924219205,0.007863295826889202,
20,Vehicle_10,8725430,40,0.009473396328111512,0.004740826111417036,0.007302058943208896,0.010189370876094618,0.005308094611467553,0.007707343406525957,0.009473396328111512,0.004740826111417036,0.007302058943208896,0.010189370876094618,0.005308094611467553,0.007707343406525957,
20,Vehicle_10,8725430,60,0.01765812864406893,0.009492924609873306,0.01308414204758399,0.018459988766311716,0.010318899073309842,0.013147925607113581,0.01765812864406893,0.009492924609873306,0.01308414204758399,0.018459988766311716,0.010318899073309842,0.013147925607113581,
20,Vehicle_10,8725430,80,0.009239263259307014,0.004498147782239515,0.007258037155192298,0.010114143047840389,0.005107881048543117,0.007900403975682983,0.009239263259307014,0.004498147782239515,0.007258037155192298,0.010114143047840389,0.005107881048543117,0.007900403975682983,
20,Vehicle_10,8725430,100,0.009611132654447204,0.004850528269699855,0.007383472799970753,0.010190907853294785,0.005307590247348025,0.007709092496503697,0.009611132654447204,0.004850528269699855,0.007383472799970753,0.010190907853294785,0.005307590247348025,0.007709092496503697,
20,Vehicle_10,8725430,120,0.01192807381799162,0.007972570027173862,0.00707910950262707,0.012235415656200836,0.00815337737495621,0.007368258271561137,0.01192807381799162,0.007972570027173862,0.00707910950262707,0.012235415656200836,0.00815337737495621,0.007368258271561137,
