window_size,vehicle,ride,start,scale,scale x,scale y,offset,offset x,offset y,no scale,no scale x,no scale y,only offset,only offset x,only offset y,
20,Vehicle_9,8936336,0,0.007544417382415924,0.003125,0.00625,0.010669417382415922,0.00625,0.00625,0.0,0.0,0.0,0.00625,0.003125,0.003125,
20,Vehicle_9,8936336,20,0.007544417382415922,0.003125,0.00625,0.013794417382415922,0.009375,0.00625,0.0,0.0,0.0,0.009375,0.00625,0.003125,
20,Vehicle_9,8936336,40,0.012879126073623882,0.0078125,0.007812500000000002,0.01066941738241592,0.00625,0.006250000000000001,0.0,0.0,0.0,0.00625,0.0031250000000000006,0.003125,
20,Vehicle_9,8936336,60,0.007544417382415923,0.003125,0.00625,0.010669417382415922,0.00625,0.00625,0.0,0.0,0.0,0.00625,0.0031250000000000006,0.003125,
20,Vehicle_9,8936336,80,0.007544417382415921,0.0031250000000000006,0.00625,0.008647699959413276,0.005490933929425094,0.004987348647572261,0.0,0.0,0.0,0.00625,0.003125,0.0031250000000000006,
20,Vehicle_9,8936336,100,0.007544417382415922,0.0031249999999999997,0.006249999999999999,0.010669417382415922,0.0062499999999999995,0.0062499999999999995,0.0,0.0,0.0,0.00625,0.003125,0.003125,
