window_size,vehicle,ride,start,scale,scale x,scale y,offset,offset x,offset y,no scale,no scale x,no scale y,only offset,only offset x,only offset y,
20,Vehicle_9,8936336,0,0.006981000235920942,0.0031250000000000006,0.005686582853505022,0.010214899623038893,0.0057954822406229714,0.006250000000000001,0.0,0.0,0.0,0.00625,0.003125,0.0031250000000000006,
20,Vehicle_9,8936336,20,0.007544417382415922,0.003125000000000001,0.00625,0.013794417382415922,0.009375,0.00625,0.0,0.0,0.0,0.009375,0.00625,0.003125,
20,Vehicle_9,8936336,40,0.012879126073623882,0.007812500000000002,0.0078125,0.010669417382415922,0.00625,0.00625,0.0,0.0,0.0,0.00625,0.003125,0.003125,
20,Vehicle_9,8936336,60,0.007544417382415925,0.0031250000000000006,0.00625,0.010669417382415922,0.00625,0.00625,0.0,0.0,0.0,0.00625,0.003125,0.003125,
20,Vehicle_9,8936336,80,0.007544417382415922,0.003125,0.00625,0.010669417382415922,0.00625,0.00625,0.0,0.0,0.0,0.00625,0.003125,0.0031250000000000006,
20,Vehicle_9,8936336,100,0.007544417382415925,0.003125,0.006250000000000001,0.010669417382415922,0.00625,0.00625,0.0,0.0,0.0,0.00625,0.0031250000000000006,0.003125,
