window_size,vehicle,ride,start,scale,scale x,scale y,offset,offset x,offset y,no scale,no scale x,no scale y,only offset,only offset x,only offset y,
20,Vehicle_16,8874226,0,0.011322659374902023,0.006496662755350715,0.007755822964950183,0.011792485470496905,0.006956946234090477,0.007912390260277114,0.011322659374902023,0.006496662755350715,0.007755822964950183,0.011792485470496905,0.006956946234090477,0.007912390260277114,
20,Vehicle_16,8874226,20,0.012889710757092023,0.008026877195085661,0.008095695802869065,0.012854551654497334,0.0080007472986754,0.00807411445204917,0.012889710757092023,0.008026877195085661,0.008095695802869065,0.012854551654497334,0.0080007472986754,0.00807411445204917,
20,Vehicle_16,8874226,40,0.01172139148481181,0.006751472719405183,0.008056877839502758,0.012418614498904136,0.007366750360343896,0.00839714003260241,0.01172139148481181,0.006751472719405183,0.008056877839502758,0.012418614498904136,0.007366750360343896,0.00839714003260241,
20,Vehicle_16,8874226,60,0.013810569474059554,0.008056517576669666,0.009427051713213388,0.0138224837611849,0.008015097857340626,0.009587058919125924,0.013810569474059554,0.008056517576669666,0.009427051713213388,0.0138224837611849,0.008015097857340626,0.009587058919125924,
20,Vehicle_16,8874226,80,0.03581385008634411,0.021705150987832593,0.023761977691137488,0.03611189131022387,0.021966676025969446,0.023962990092873237,0.03581385008634411,0.021705150987832593,0.023761977691137488,0.03611189131022387,0.021966676025969446,0.023962990092873237,
20,Vehicle_16,8874226,100,0.012351586629288458,0.007572930922874953,0.007829610238402996,0.012463518519131139,0.007661097380036111,0.007893848707450177,0.012351586629288458,0.007572930922874953,0.007829610238402996,0.012463518519131139,0.007661097380036111,0.007893848707450177,
20,Vehicle_16,8874226,120,0.011787894055635488,0.006938357891165288,0.007862809077086922,0.011933440849258101,0.007071828645978696,0.007915310176910285,0.011787894055635488,0.006938357891165288,0.007862809077086922,0.011933440849258101,0.007071828645978696,0.007915310176910285,
20,Vehicle_16,8874226,140,0.010659109042617337,0.005861451746483264,0.007550405809216837,0.011137783207669973,0.006288659188661297,0.007787671199234306,0.010659109042617337,0.005861451746483264,0.007550405809216837,0.011137783207669973,0.006288659188661297,0.007787671199234306,
