subdir,file,cluster,size,24all_distances_scaled_to_max_trajs_distances_offset,24all_distances_scaled_to_max_trajs_distances_offset x,24all_distances_scaled_to_max_trajs_distances_offset y,24all_nums_scaled_to_max_trajs_num_intersections_offset
only_rays_acceler_heading_size_24_,filenames_in_cluster_train KMeans test nclus 7,2,363,0.0012941831447811638,0.0014160820066402874,0.0012699097369753048,0.0018942212027407064
only_rays_acceler_heading_size_24_,filenames_in_cluster_train KMeans test nclus 7,0,249,0.0017283464467768195,0.0011270218114355604,0.0015909695433213907,0.0012546723811650566
only_rays_acceler_heading_size_24_,filenames_in_cluster_train KMeans test nclus 7,4,73,0.002190932580900939,0.0014416197763461812,0.0016601002371307786,0.004350222922187156
only_rays_acceler_heading_size_24_,filenames_in_cluster_train KMeans test nclus 7,6,77,0.002238736462093948,0.0018800100010612007,0.0015261915272942342,0.003220792348764655
only_rays_acceler_heading_size_24_,filenames_in_cluster_train KMeans test nclus 7,1,61,0.003448264355797844,0.0020853724981429976,0.0026605847384754693,0.0043349097304705335
only_rays_acceler_heading_size_24_,filenames_in_cluster_train KMeans test nclus 7,5,27,0.0054157964371955546,0.003280490037963814,0.0037497882999155104,0.006721790557570041
only_rays_acceler_heading_size_24_,filenames_in_cluster_train KMeans test nclus 7,3,10,0.0049842620948866104,0.0028004768117682655,0.003565742098284039,0.011470786693528086
