subdir,file,cluster,size,24all_distances_scaled_to_max_trajs_distances_offset,24all_distances_scaled_to_max_trajs_distances_offset x,24all_distances_scaled_to_max_trajs_distances_offset y,24all_nums_scaled_to_max_trajs_num_intersections_offset
only_rays_acceler_heading_size_24_,filenames_in_cluster_test KMeans test nclus 9,7,233,0.0038483463274187005,0.0046337698545234,0.0042878975647771,0.003289473684210526
only_rays_acceler_heading_size_24_,filenames_in_cluster_test KMeans test nclus 9,2,166,0.006564618535569,0.005131950547251901,0.0056635526453421995,0.003289473684210526
only_rays_acceler_heading_size_24_,filenames_in_cluster_test KMeans test nclus 9,0,74,0.006049991269854902,0.0068078594364715,0.005011374520905799,0.013157894736842105
only_rays_acceler_heading_size_24_,filenames_in_cluster_test KMeans test nclus 9,4,26,0.0097198701810525,0.007862214505589799,0.007531580362134298,0.009868421052631575
only_rays_acceler_heading_size_24_,filenames_in_cluster_test KMeans test nclus 9,5,34,0.009317133036105199,0.005966314461798801,0.007156146723947701,0.009868421052631578
only_rays_acceler_heading_size_24_,filenames_in_cluster_test KMeans test nclus 9,3,56,0.0130636840469997,0.009955166327110798,0.010669041486575801,0.009868421052631575
only_rays_acceler_heading_size_24_,filenames_in_cluster_test KMeans test nclus 9,8,10,0.014206860874718001,0.010508167711770901,0.010212941211872198,0.023026315789473693
only_rays_acceler_heading_size_24_,filenames_in_cluster_test KMeans test nclus 9,6,3,0.0023840548350008983,0.002568465590371702,0.002519540636058599,0.013157894736842105
only_rays_acceler_heading_size_24_,filenames_in_cluster_test KMeans test nclus 9,1,4,0.0045472817996253,0.0019422459419163995,0.003804734529104901,0.013157894736842105
