window_size,vehicle,ride,start,scale,scale x,scale y,offset,offset x,offset y,no scale,no scale x,no scale y,only offset,only offset x,only offset y,
20,Vehicle_6,9235254,0,0.009918111898551716,0.00525010958646157,0.007315176421228433,0.010516685483646766,0.005640733357062713,0.007676565839516553,0.0,0.0,0.0,0.00125,0.0007892189393343804,0.0007892189393343804,
20,Vehicle_6,9235254,20,0.009393060439593783,0.0047029807530346605,0.0072194859930143525,0.010437224280962686,0.005387164680417975,0.008056790389284155,0.0,0.0,0.0,0.00125,0.0007892189393343804,0.0007892189393343805,
20,Vehicle_6,9235254,40,0.009358107633392884,0.004679882451915218,0.007240173751369464,0.010086356807710037,0.005107932273632671,0.00782556877620456,0.0,0.0,0.0,0.0012500000000000002,0.0007892189393343804,0.0007892189393343805,
20,Vehicle_6,9235254,60,0.022192404583885876,0.012765900003238972,0.015560708109578422,0.022623075929615672,0.013117177136346952,0.015759076535807378,0.0,0.0,0.0,0.002,0.001114546625298104,0.0014277104735384647,
20,Vehicle_6,9235254,80,0.0089907009647812,0.0043672790066576,0.007105339610503553,0.010084791251458284,0.005107932273632671,0.007824003219952805,0.0,0.0,0.0,0.00125,0.0007892189393343805,0.0007892189393343805,
20,Vehicle_6,9235254,100,0.00976520957637913,0.005036964222961993,0.007364724580687971,0.010660619911772124,0.00555052279655838,0.008180343816610057,0.0,0.0,0.0,0.00125,0.0007892189393343804,0.0007892189393343804,
20,Vehicle_6,9235254,120,0.00873925810323764,0.004179340555541924,0.006917564010887181,0.010084854710210122,0.0051079322736326755,0.007824066678704646,0.0,0.0,0.0,0.00125,0.0007892189393343805,0.0007892189393343804,
20,Vehicle_6,9235254,140,0.008632256656664008,0.004059899907913429,0.00694646062110263,0.009970994638558434,0.0051079322736326755,0.007710206607052956,0.0,0.0,0.0,0.00125,0.0007892189393343803,0.0007892189393343805,
20,Vehicle_6,9235254,160,0.008703949216697605,0.0040811200244055,0.006995917219202953,0.01003203352465951,0.005107932273632678,0.007771245493154036,0.0,0.0,0.0,0.00125,0.0007892189393343804,0.0007892189393343806,
