window_size,vehicle,ride,start,scale,scale x,scale y,offset,offset x,offset y,no scale,no scale x,no scale y,only offset,only offset x,only offset y,
20,Vehicle_4,8893676,0,0.009699504180890306,0.007439333437647755,0.0049322626218871015,0.010112785162710585,0.007748365432693432,0.005274560624425042,5.8937456432890176e-05,4.167507510958457e-05,4.167507510958214e-05,0.0007324338660511654,0.0004713487751510918,0.00047135563656500596,
20,Vehicle_4,8893676,20,0.014056639050125814,0.008871485603279518,0.00918313078895602,0.013526918628263718,0.008503283703976064,0.008820715670443619,5.8938948505636484e-05,4.167613016434063e-05,4.167613016433994e-05,0.0007812518129654975,0.0005164638288730587,0.0004900274245267254,
20,Vehicle_4,8893676,40,0.01897807005412712,0.01102314648117166,0.013162532277557733,0.018909422045043183,0.011120671079408196,0.013011426815344477,5.892563030237385e-05,4.1666712772500666e-05,4.1666712772499454e-05,0.0010986361934187646,0.0006239456224127998,0.0007914232311562391,
