window_size,vehicle,ride,start,scale,scale x,scale y,offset,offset x,offset y,no scale,no scale x,no scale y,only offset,only offset x,only offset y,
20,Vehicle_4,8893676,0,0.00916414071971291,0.007078606765214931,0.004551720896578913,0.010258607930086814,0.007882928243810858,0.005285820580652603,0.001116837723821671,0.0008977804147422381,0.00047675302242974573,0.0015587380677126537,0.0011901353496683949,0.0007929057416614605,
20,Vehicle_4,8893676,20,0.013529152345404154,0.008354576550222469,0.008796548979436577,0.013932431485975389,0.008583686081669206,0.009145826150399057,0.0005157723252802892,0.0003030015247597168,0.0003352032868167319,0.000830078125,0.0005408715781308667,0.0005144459873034155,
20,Vehicle_4,8893676,40,0.018812790368446453,0.010929157525873867,0.012890798758451016,0.019302420487452353,0.0113302698505534,0.013194826486615139,0.001515243457987374,0.0008427175785249216,0.0009855872776773568,0.0026296651269612256,0.0016303589914533976,0.001735045834127345,
