window_size,vehicle,ride,start,scale,scale x,scale y,offset,offset x,offset y,no scale,no scale x,no scale y,only offset,only offset x,only offset y,
20,Vehicle_4,8893676,0,0.009128151364939486,0.007038054433311738,0.004556283873708664,0.01021192481414529,0.007836245127869335,0.005285820580652601,0.009128151364939486,0.007038054433311738,0.004556283873708664,0.01021192481414529,0.007836245127869335,0.005285820580652601,
20,Vehicle_4,8893676,20,0.013527018956669403,0.008368101017374143,0.008780891123550159,0.013938512180501423,0.008589766776195232,0.00914582615039905,0.013527018956669403,0.008368101017374143,0.008780891123550159,0.013938512180501423,0.008589766776195232,0.00914582615039905,
20,Vehicle_4,8893676,40,0.018816731755216493,0.01092915752587388,0.01289474014522106,0.01930242048745235,0.011330269850553406,0.013194826486615149,0.018816731755216493,0.01092915752587388,0.01289474014522106,0.01930242048745235,0.011330269850553406,0.013194826486615149,
