subdir,file,cluster,size,24all_distances_scaled_to_max_trajs_distances_offset,24all_distances_scaled_to_max_trajs_distances_offset x,24all_distances_scaled_to_max_trajs_distances_offset y,24all_nums_scaled_to_max_trajs_num_intersections_offset,4all_distances_scaled_to_max_trajs_distances_offset,4all_distances_scaled_to_max_trajs_distances_offset x,4all_distances_scaled_to_max_trajs_distances_offset y,4all_nums_scaled_to_max_trajs_num_intersections_offset
only_rays_acceler_heading_size_4_,filenames_in_cluster_train KMeans test nclus 5,3,454,0.0099313763248431,0.0050758635733741,0.0050950937969601,0.019736842105263157,0.0094422741073463,0.006578947368421,0.0047902558100663,0.019736842105263157
only_rays_acceler_heading_size_4_,filenames_in_cluster_train KMeans test nclus 5,1,146,0.0101562348157589,0.0052687049080712,0.0052686096783532,0.03289473684210526,0.0094422741073463,0.006578947368421,0.0047902558100663,0.03289473684210526
only_rays_acceler_heading_size_4_,filenames_in_cluster_train KMeans test nclus 5,0,183,0.0099631682795925,0.0050950937969601,0.0050950937969601,0.019736842105263157,0.017809913034122,0.0115131578947368,0.006578947368421,0.019736842105263157
only_rays_acceler_heading_size_4_,filenames_in_cluster_train KMeans test nclus 5,4,64,0.0103924818048376,0.0054423160191823,0.0069568582407334,0.046052631578947366,0.0094422741073463,0.006578947368421,0.0047902558100663,0.046052631578947366
only_rays_acceler_heading_size_4_,filenames_in_cluster_train KMeans test nclus 5,2,13,0.0143746318793686,0.0081476835828071,0.0102446271133238,0.06907894736842106,0.0095088109244004,0.006578947368421,0.0048567926271205,0.06907894736842106
