subdir,file,cluster,size,24all_distances_scaled_to_max_trajs_distances_offset,24all_distances_scaled_to_max_trajs_distances_offset x,24all_distances_scaled_to_max_trajs_distances_offset y,24all_nums_scaled_to_max_trajs_num_intersections_offset,4all_distances_scaled_to_max_trajs_distances_offset,4all_distances_scaled_to_max_trajs_distances_offset x,4all_distances_scaled_to_max_trajs_distances_offset y,4all_nums_scaled_to_max_trajs_num_intersections_offset
only_rays_acceler_heading_size_4_,filenames_in_cluster_test KMeans test nclus 5,3,301,0.16924911285407776,0.24845125361940074,0.18861925765307494,0.21143380219927574,0.34967534520002574,0.3991829493787989,0.25210408333537854,0.21143380219927574
only_rays_acceler_heading_size_4_,filenames_in_cluster_test KMeans test nclus 5,4,36,0.22681556193331884,0.2131313994974888,0.2414745873281402,0.23084189797220603,0.36853628408862865,0.44682522061515045,0.16433554953054488,0.23084189797220603
only_rays_acceler_heading_size_4_,filenames_in_cluster_test KMeans test nclus 5,0,145,0.1543376866064406,0.16729088630484443,0.16987073772814296,0.23911499529521296,0.08275862068965516,0.08275862068965516,inf,0.23911499529521296
only_rays_acceler_heading_size_4_,filenames_in_cluster_test KMeans test nclus 5,1,118,0.24624741992498353,0.23003753457034756,0.2126717366831805,0.2605101838215709,0.4220783207480346,0.487587417305356,0.16850941938902453,0.2605101838215709
only_rays_acceler_heading_size_4_,filenames_in_cluster_test KMeans test nclus 5,2,6,0.4214517766525257,0.3752579641516515,0.3876901653825561,0.31972210155418124,0.4714045207910317,0.47140452079103173,inf,0.31972210155418124
