subdir,file,cluster,size,24all_distances_scaled_to_max_trajs_distances_offset,24all_distances_scaled_to_max_trajs_distances_offset x,24all_distances_scaled_to_max_trajs_distances_offset y,24all_nums_scaled_to_max_trajs_num_intersections_offset,4all_distances_scaled_to_max_trajs_distances_offset,4all_distances_scaled_to_max_trajs_distances_offset x,4all_distances_scaled_to_max_trajs_distances_offset y,4all_nums_scaled_to_max_trajs_num_intersections_offset
only_rays_acceler_heading_size_4_,filenames_in_cluster_train KMeans test nclus 5,3,454,0.011046463562609589,0.007165543022218268,0.006935332600801512,0.025337642012520433,0.011110796879654192,0.006578947368420942,0.00645877858237424,0.025337642012520433
only_rays_acceler_heading_size_4_,filenames_in_cluster_train KMeans test nclus 5,1,146,0.015803754533783743,0.009957557526667287,0.010188791848838814,0.03994682768565254,0.015565573499224598,0.01044724363376558,0.00748739677141674,0.03994682768565254
only_rays_acceler_heading_size_4_,filenames_in_cluster_train KMeans test nclus 5,0,183,0.012529476533446838,0.007915994159963073,0.008013505203891734,0.025327149841817637,0.01903009250436049,0.01364192740657417,0.007873166522864503,0.025327149841817637
only_rays_acceler_heading_size_4_,filenames_in_cluster_train KMeans test nclus 5,4,64,0.021303676616787233,0.013582308922163718,0.013575294022614957,0.055972450657894746,0.015007547180764922,0.010147928263168682,0.007117738922839719,0.055972450657894746
only_rays_acceler_heading_size_4_,filenames_in_cluster_train KMeans test nclus 5,2,13,0.03356623433752328,0.021028092047756707,0.021736179513880256,0.08324898785425103,0.015233520439702568,0.010993333715559191,0.006315341108449177,0.08324898785425103
