subdir,file,cluster,size,24all_distances_scaled_to_max_trajs_distances_offset,24all_distances_scaled_to_max_trajs_distances_offset x,24all_distances_scaled_to_max_trajs_distances_offset y,24all_nums_scaled_to_max_trajs_num_intersections_offset,4all_distances_scaled_to_max_trajs_distances_offset,4all_distances_scaled_to_max_trajs_distances_offset x,4all_distances_scaled_to_max_trajs_distances_offset y,4all_nums_scaled_to_max_trajs_num_intersections_offset
only_rays_acceler_heading_size_4_,filenames_in_cluster_test KMeans test nclus 9,0,192,0.17521266464193244,0.2624104624720241,0.17673613117148698,0.3180070317182031,0.3505832631496785,0.3938323188862311,0.26581563840980765,0.3180070317182031
only_rays_acceler_heading_size_4_,filenames_in_cluster_test KMeans test nclus 9,7,112,0.23597956823216384,0.20418371413143824,0.27488979871571956,0.309294787065871,0.3482172082250068,0.4106900225752474,0.22345332236813553,0.309294787065871
only_rays_acceler_heading_size_4_,filenames_in_cluster_test KMeans test nclus 9,5,20,0.22865171412308383,0.23807182202533017,0.2395188135234754,0.2880429655450728,0.4023346089929809,0.4866980583482947,0.21794494717703372,0.2880429655450728
only_rays_acceler_heading_size_4_,filenames_in_cluster_test KMeans test nclus 9,8,50,0.26738284300616916,0.25101435371546504,0.24739906092015326,0.30182776545573137,0.24514334004974594,0.2451530134426258,0.23966178546143624,0.30182776545573137
only_rays_acceler_heading_size_4_,filenames_in_cluster_test KMeans test nclus 9,1,10,0.3353300686850915,0.35940628569759386,0.33080671588044963,0.37735924528226417,0.45825756949558405,0.458257569495584,inf,0.37735924528226417
only_rays_acceler_heading_size_4_,filenames_in_cluster_test KMeans test nclus 9,3,135,0.19410287188951175,0.21094162448474815,0.21292578653710353,0.26219385585102783,inf,inf,inf,0.26219385585102783
only_rays_acceler_heading_size_4_,filenames_in_cluster_test KMeans test nclus 9,4,50,0.24712489883284097,0.25025604492849784,0.22463570689609522,0.265941722939444,nan,inf,inf,0.265941722939444
only_rays_acceler_heading_size_4_,filenames_in_cluster_test KMeans test nclus 9,2,36,0.22130311987498377,0.21325573481354831,0.23582437989743246,0.3124914264941891,inf,inf,inf,0.3124914264941891
only_rays_acceler_heading_size_4_,filenames_in_cluster_test KMeans test nclus 9,6,1,nan,nan,nan,nan,nan,nan,nan,nan
