subdir,file,cluster,size,24all_distances_scaled_to_max_trajs_distances_offset,24all_distances_scaled_to_max_trajs_distances_offset x,24all_distances_scaled_to_max_trajs_distances_offset y,24all_nums_scaled_to_max_trajs_num_intersections_offset,4all_distances_scaled_to_max_trajs_distances_offset,4all_distances_scaled_to_max_trajs_distances_offset x,4all_distances_scaled_to_max_trajs_distances_offset y,4all_nums_scaled_to_max_trajs_num_intersections_offset
only_rays_acceler_heading_size_4_,filenames_in_cluster_test KMeans test nclus 7,0,284,0.0013856774282976709,0.001431541195888393,0.0013638808116267494,0.002179601870852828,0.0017280893503440699,0.0013238091664889387,0.0008199286593676555,0.002179601870852828
only_rays_acceler_heading_size_4_,filenames_in_cluster_test KMeans test nclus 7,6,61,0.003095840148455845,0.002372864401001568,0.001973542566309305,0.0040620124213258165,0.002094457838055935,0.0017734128184216378,0.0008153099112818375,0.0040620124213258165
only_rays_acceler_heading_size_4_,filenames_in_cluster_test KMeans test nclus 7,1,46,0.003840679835676857,0.00266259981720268,0.002608563296203087,0.003976384088803731,0.003388930252370839,0.0032044274173924823,0.0004567151582060536,0.003976384088803731
only_rays_acceler_heading_size_4_,filenames_in_cluster_test KMeans test nclus 7,5,137,0.0020525299681561243,0.0015452304085296804,0.0017150173215941696,0.0026322185722807943,0.00028001113594148256,0.0002800111359414824,1.734723475976807e-18,0.0026322185722807943
only_rays_acceler_heading_size_4_,filenames_in_cluster_test KMeans test nclus 7,4,16,0.005657690922899511,0.00347284656658792,0.003890091793612972,0.007446862778073534,0.003044524924293355,0.0028487677756067263,0.00039235054807202686,0.007446862778073534
only_rays_acceler_heading_size_4_,filenames_in_cluster_test KMeans test nclus 7,3,60,0.003822838035144504,0.0025098864708015083,0.002711026656823211,0.0041213340733887655,0.0,3.469446951953614e-18,2.6020852139652106e-18,0.0041213340733887655
only_rays_acceler_heading_size_4_,filenames_in_cluster_test KMeans test nclus 7,2,2,4.437101862839882e-05,0.0011545901207943004,0.0009933114873307003,0.004934210526315791,0.0,0.0,0.0,0.004934210526315791
