subdir,file,cluster,size,24all_distances_scaled_to_max_trajs_distances_offset,24all_distances_scaled_to_max_trajs_distances_offset x,24all_distances_scaled_to_max_trajs_distances_offset y,24all_nums_scaled_to_max_trajs_num_intersections_offset,4all_distances_scaled_to_max_trajs_distances_offset,4all_distances_scaled_to_max_trajs_distances_offset x,4all_distances_scaled_to_max_trajs_distances_offset y,4all_nums_scaled_to_max_trajs_num_intersections_offset
only_rays_acceler_heading_size_4_,filenames_in_cluster_test KMeans test nclus 8,7,173,0.0013764830574072612,0.0014586169223968861,0.0012805435474199892,0.0010043438276729735,0.001743572618795299,0.0013164570029991253,0.0008676586037850381,0.0010043438276729735
only_rays_acceler_heading_size_4_,filenames_in_cluster_test KMeans test nclus 8,0,112,0.0014230484936206577,0.001178206641065215,0.0013827252201093112,0.0010174170627166809,0.001718883392868706,0.0013509540216290925,0.0007354971114739422,0.0010174170627166809
only_rays_acceler_heading_size_4_,filenames_in_cluster_test KMeans test nclus 8,3,76,0.0028841912186794716,0.0022645459196787504,0.0018624663473849814,0.003597141750205706,0.0032262724968372624,0.002908960803245614,0.000747467644253228,0.003597141750205706
only_rays_acceler_heading_size_4_,filenames_in_cluster_test KMeans test nclus 8,6,51,0.004336889071979054,0.0029340147550970565,0.0029245831323359383,0.0032685395921878036,0.003366526835992023,0.0031925615765646728,0.0004357700368763628,0.0032685395921878036
only_rays_acceler_heading_size_4_,filenames_in_cluster_test KMeans test nclus 8,1,19,0.005582697096132561,0.0034469334868305656,0.003859355178231777,0.007337126073551624,0.0030579128782741603,0.0028970222525418333,0.0003619355715849502,0.007337126073551624
only_rays_acceler_heading_size_4_,filenames_in_cluster_test KMeans test nclus 8,4,135,0.001808077255692125,0.001436795608855777,0.0015886020044521404,0.0025874393669509323,3.469446951953614e-18,5.204170427930421e-18,2.6020852139652106e-18,0.0025874393669509323
only_rays_acceler_heading_size_4_,filenames_in_cluster_test KMeans test nclus 8,2,38,0.0036655011174230637,0.0023436816387400958,0.0026343416004246645,0.0035702199839510534,6.938893903907228e-18,1.734723475976807e-18,1.734723475976807e-18,0.0035702199839510534
only_rays_acceler_heading_size_4_,filenames_in_cluster_test KMeans test nclus 8,5,2,4.437101862839882e-05,0.0011545901207943004,0.0009933114873307003,0.004934210526315791,0.0,0.0,0.0,0.004934210526315791
