subdir,file,cluster,size,24all_distances_scaled_to_max_trajs_distances_offset,24all_distances_scaled_to_max_trajs_distances_offset x,24all_distances_scaled_to_max_trajs_distances_offset y,24all_nums_scaled_to_max_trajs_num_intersections_offset,4all_distances_scaled_to_max_trajs_distances_offset,4all_distances_scaled_to_max_trajs_distances_offset x,4all_distances_scaled_to_max_trajs_distances_offset y,4all_nums_scaled_to_max_trajs_num_intersections_offset
only_rays_acceler_heading_size_4_,filenames_in_cluster_test KMeans test nclus 4,0,420,0.16856059953092922,0.21450984782962204,0.193761633636886,0.23615079031668681,0.39518932849605914,0.44717041537369984,0.21150757917403842,0.23615079031668681
only_rays_acceler_heading_size_4_,filenames_in_cluster_test KMeans test nclus 4,3,120,0.2507510482651246,0.2476464049299566,0.22194668061740955,0.255516905289824,0.4244127558475694,0.4859841103941111,0.19066732235497927,0.255516905289824
only_rays_acceler_heading_size_4_,filenames_in_cluster_test KMeans test nclus 4,1,59,0.21493102658229424,0.2074483301999299,0.22251011133975318,0.24996995170275055,0.39122895208156644,0.4593501773853442,0.2513965588845987,0.24996995170275055
only_rays_acceler_heading_size_4_,filenames_in_cluster_test KMeans test nclus 4,2,7,0.3916526893297391,0.35302340826538253,0.3700036664757216,0.33806170189140655,0.4948716593053935,0.49487165930539345,inf,0.33806170189140655
