window_size,vehicle,ride,start,scale,scale x,scale y,offset,offset x,offset y,no scale,no scale x,no scale y,only offset,only offset x,only offset y,
20,Vehicle_17,8700334,0,0.008809135159044265,0.004149704240055242,0.007065079910055809,0.010048267164754132,0.005087371316388464,0.007829839171947062,0.0,0.0,0.0,0.0008928571428571428,0.000566023308352663,0.0005660233083526631,
20,Vehicle_17,8700334,20,0.009176027912475118,0.004434028569221857,0.007225105937436239,0.011217385018582233,0.00597942896664936,0.00842939706013389,0.0,0.0,0.0,0.0009566326530612243,0.0006297988185567446,0.0005660233083526631,
20,Vehicle_17,8700334,40,0.009294754360679527,0.004562903766412823,0.007217837123921547,0.010449525901291385,0.005466826407227989,0.007878431647536592,0.0,0.0,0.0,0.0010204081632653064,0.0006935743287608263,0.0005660233083526631,
20,Vehicle_17,8700334,60,0.009096046830953084,0.004331068835457071,0.007258620389016583,0.010106855561998866,0.005151146826592545,0.007824652058987734,0.0,0.0,0.0,0.0009566326530612245,0.0006297988185567447,0.0005660233083526631,
