window_size,vehicle,ride,start,scale,scale x,scale y,offset,offset x,offset y,no scale,no scale x,no scale y,only offset,only offset x,only offset y,
20,Vehicle_17,8700334,0,0.008857200634374627,0.004149704240055244,0.00711314538538617,0.010048267164754125,0.005087371316388464,0.007829839171947066,0.008857200634374627,0.004149704240055244,0.00711314538538617,0.010048267164754125,0.005087371316388464,0.007829839171947066,
20,Vehicle_17,8700334,20,0.009130338862992105,0.0043883395197388585,0.007225105937436242,0.011177423017556176,0.005979428966649358,0.008389435059107839,0.009130338862992105,0.0043883395197388585,0.007225105937436242,0.011177423017556176,0.005979428966649358,0.008389435059107839,
20,Vehicle_17,8700334,40,0.009292955200285228,0.0045629037664128205,0.0072160379635272465,0.01041767426507802,0.005460664208825554,0.007852742209725668,0.009292955200285228,0.0045629037664128205,0.0072160379635272465,0.01041767426507802,0.005460664208825554,0.007852742209725668,
20,Vehicle_17,8700334,60,0.009145468591584348,0.004331068835457076,0.00730804214964785,0.010106855561998867,0.005151146826592544,0.00782465205898774,0.009145468591584348,0.004331068835457076,0.00730804214964785,0.010106855561998867,0.005151146826592544,0.00782465205898774,
