window_size,vehicle,ride,start,scale,scale x,scale y,offset,offset x,offset y,no scale,no scale x,no scale y,only offset,only offset x,only offset y,
20,Vehicle_12,8478762,0,0.007006936560862485,0.004407694198610828,0.004429824979976875,0.007543751413442509,0.004764752414179605,0.004609581616846983,0.0,0.0,0.0,0.0031249998645418997,0.0015625157131410217,0.001562484151400878,
20,Vehicle_12,8478762,20,0.00755204071091932,0.004631030899913896,0.004751592428589503,0.007544417382415922,0.004810037947262679,0.004564962052737321,0.0,0.0,0.0,0.003125,0.0015625339062500076,0.0015624660937499923,
20,Vehicle_12,8478762,40,0.005587274525257803,0.0042928571428418804,0.003125000000063441,0.009839506668132167,0.00526785714282361,0.006402232142956076,0.0,0.0,0.0,0.0046877564062499984,0.0015627031249999868,0.003125053281250034,
20,Vehicle_12,8478762,60,0.005888344184770683,0.0036065479963616046,0.004112378806023485,0.007688394171471681,0.00477951817112445,0.004739458617954767,0.0,0.0,0.0,0.0031251362884285316,0.0015625871044007479,0.0015625491840277838,
