window_size,vehicle,ride,start,scale,scale x,scale y,offset,offset x,offset y,no scale,no scale x,no scale y,only offset,only offset x,only offset y,
20,Vehicle_12,8478762,0,0.010669417382415922,0.00625,0.00625,0.010669417382415922,0.00625,0.00625,0.010669417382415922,0.00625,0.00625,0.010669417382415922,0.00625,0.00625,
20,Vehicle_12,8478762,20,0.009163386482502025,0.004743969100086104,0.006250000000000001,0.008984379435153242,0.00456496205273732,0.00625,0.009163386482502025,0.004743969100086104,0.006250000000000001,0.008984379435153242,0.00456496205273732,0.00625,
20,Vehicle_12,8478762,40,0.007544417382415921,0.00625,0.003125,0.013794417382415925,0.00625,0.009375000000000001,0.007544417382415921,0.00625,0.003125,0.013794417382415925,0.00625,0.009375000000000001,
20,Vehicle_12,8478762,60,0.010669417382415922,0.00625,0.00625,0.01066941738241592,0.00625,0.00625,0.010669417382415922,0.00625,0.00625,0.01066941738241592,0.00625,0.00625,
