window_size,vehicle,ride,start,scale,scale x,scale y,offset,offset x,offset y,no scale,no scale x,no scale y,only offset,only offset x,only offset y,
20,Vehicle_12,8478762,0,0.010669417382415924,0.0062499999999999995,0.0062499999999999995,0.010669417382415924,0.0062499999999999995,0.006250000000000002,0.0,0.0,0.0,0.00625,0.003125,0.003125,
20,Vehicle_12,8478762,20,0.00766497891111729,0.004743969100086104,0.004751592428615265,0.008984379435153242,0.004564962052737321,0.006250000000000001,0.0,0.0,0.0,0.00625,0.003125,0.003125,
20,Vehicle_12,8478762,40,0.006376560239555124,0.005082142857139201,0.0031250000000000023,0.011651560239557535,0.004107142857141612,0.009375000000000001,0.0,0.0,0.0,0.009375,0.003125,0.00625,
20,Vehicle_12,8478762,60,0.010669417382415922,0.00625,0.006250000000000002,0.010669417382415922,0.00625,0.006250000000000001,0.0,0.0,0.0,0.00625,0.003125,0.0031250000000000006,
