window_size,vehicle,ride,start,scale,scale x,scale y,offset,offset x,offset y,no scale,no scale x,no scale y,only offset,only offset x,only offset y,
20,Vehicle_12,8478762,0,0.006198257036600631,0.0037963663119595786,0.004328819795814105,0.008093046496285896,0.005031071759078316,0.0049889038083733685,0.0,0.0,0.0,0.00328961714571421,0.0016448285309481052,0.001644788614766,
20,Vehicle_12,8478762,20,0.006198257036600631,0.0037963663119595786,0.004328819795814105,0.008093046496285896,0.005031071759078316,0.0049889038083733685,0.0,0.0,0.0,0.00328961714571421,0.0016448285309481052,0.001644788614766,
20,Vehicle_12,8478762,40,0.006198257036600631,0.0037963663119595786,0.004328819795814105,0.008093046496285896,0.005031071759078316,0.0049889038083733685,0.0,0.0,0.0,0.00328961714571421,0.0016448285309481052,0.001644788614766,
20,Vehicle_12,8478762,60,0.006198257036600631,0.0037963663119595786,0.004328819795814105,0.008093046496285896,0.005031071759078316,0.0049889038083733685,0.0,0.0,0.0,0.00328961714571421,0.0016448285309481052,0.001644788614766,
