window_size,vehicle,ride,start,scale,scale x,scale y,offset,offset x,offset y,no scale,no scale x,no scale y,only offset,only offset x,only offset y,
20,Vehicle_6,9437017,0,0.009255718224258433,0.004850350134150219,0.006840673838048875,0.011114156006387304,0.006186495777071155,0.008029331316914315,0.0,0.0,0.0,0.0015,0.0010392189393343802,0.0007892189393343805,
20,Vehicle_6,9437017,20,0.00859181719563578,0.004045982680549763,0.006909377006539255,0.010019941656513102,0.0051079322736326755,0.00775915362500763,0.0,0.0,0.0,0.0012499999999999998,0.0007892189393343804,0.0007892189393343806,
20,Vehicle_6,9437017,40,0.010337772346681996,0.00552391702227025,0.007624753770880245,0.01101610427239825,0.0060870809341086445,0.00790775321304381,0.0,0.0,0.0,0.0012500000000000002,0.0007892189393343805,0.0007892189393343805,
20,Vehicle_6,9437017,60,0.010266809303455965,0.005578959904897924,0.007400326726193075,0.010905875889691517,0.005971438644650082,0.007862736455064133,0.0,0.0,0.0,0.00125,0.0007892189393343804,0.0007892189393343804,
20,Vehicle_6,9437017,80,0.010856541017883697,0.006182997148509442,0.007499560976586132,0.01112136583719475,0.00633822051259698,0.007686583266338531,0.0,0.0,0.0,0.00125,0.0007892189393343802,0.0007892189393343805,
20,Vehicle_6,9437017,100,0.012527017673006399,0.007732846909616072,0.008095588081502455,0.011792203951920242,0.0071323751056381985,0.007635040743318757,0.0,0.0,0.0,0.0012500000000000002,0.0007892189393343804,0.0007892189393343805,
20,Vehicle_6,9437017,120,0.011201132290560505,0.006606932021092226,0.007435805117594286,0.012189102932791919,0.0073956779948309535,0.008013123185893534,0.0,0.0,0.0,0.00125,0.0007892189393343805,0.0007892189393343806,
20,Vehicle_6,9437017,140,0.009462652911202227,0.004969912668516595,0.007065606968926441,0.010189337599661544,0.005209332391970295,0.007894567406399152,0.0,0.0,0.0,0.00125,0.0007892189393343804,0.0007892189393343805,
20,Vehicle_6,9437017,160,0.008665117269490253,0.004084414325778505,0.0069340226449117115,0.010098827605893031,0.005232932273632675,0.007713039574387552,0.0,0.0,0.0,0.001375,0.0009142189393343805,0.0007892189393343806,
