window_size,vehicle,ride,start,offset,offset x,offset y,scale,scale x,scale y,no scale,no scale x,no scale y,only offset,only offset x,only offset y,
20,Vehicle_4,9070901,0,0.014070560811952074,0.00866601285026539,0.00925866815886187,0.013981888311158814,0.00860214914345082,0.009181550887694801,0.0019995906022038296,0.0011042472528743268,0.0013675793912721632,0.002684717822355593,0.001609628300395099,0.0018352496247412069,
20,Vehicle_4,9070901,20,0.025999477369176204,0.017349615813474595,0.015832693933433083,0.025641742832576152,0.01708204011772802,0.015555311497650963,0.004909740881176672,0.0032781148465524388,0.0028174053453615083,0.005792627607066411,0.003916331397546792,0.0034701593626999673,
