window_size,vehicle,ride,start,scale,scale x,scale y,offset,offset x,offset y,no scale,no scale x,no scale y,only offset,only offset x,only offset y,
20,Vehicle_11,9147378,0,0.007544417382415923,0.0031250000000000006,0.00625,0.013697195160229611,0.00927777777781369,0.00625,0.0,0.0,0.0,0.009375,0.00625,0.003125,
20,Vehicle_11,9147378,20,0.0071641344093793064,0.005869717026963383,0.003125,0.008973324960748593,0.00455390757833267,0.00625,0.0,0.0,0.0,0.00625,0.003125,0.003125,
20,Vehicle_11,9147378,40,0.015088717378771946,0.009374882613940105,0.009375,0.010261226145673924,0.005841808763258003,0.00625,0.0,0.0,0.0,0.00625,0.003125,0.0031250000000000006,
20,Vehicle_11,9147378,60,0.007021128413231451,0.003125000000000001,0.00572671103081553,0.010669417382415922,0.00625,0.006250000000000001,0.0,0.0,0.0,0.00625,0.003125,0.003125,
20,Vehicle_11,9147378,80,0.011963834764831843,0.00625,0.009375,0.015088834764831844,0.009375,0.009375000000000001,0.0,0.0,0.0,0.00625,0.0031250000000000006,0.003125,
20,Vehicle_11,9147378,100,0.007544417382415922,0.003125,0.00625,0.01066941738241592,0.00625,0.00625,0.0,0.0,0.0,0.00625,0.0031250000000000006,0.003125,
20,Vehicle_11,9147378,120,0.007544417382415922,0.003125,0.00625,0.010669417382415922,0.00625,0.00625,0.0,0.0,0.0,0.00625,0.003125,0.003125,
20,Vehicle_11,9147378,140,0.0074228448490169675,0.0061284274666010465,0.003125,0.009052722397646538,0.004633305015230616,0.00625,0.0,0.0,0.0,0.00625,0.003125,0.003125,
20,Vehicle_11,9147378,160,0.010048871816708705,0.005629454434292781,0.006250000000000001,0.01043779762048604,0.006018380238070115,0.006250000000000001,0.0,0.0,0.0,0.00625,0.003125,0.003125,
