window_size,vehicle,ride,start,scale,scale x,scale y,offset,offset x,offset y,no scale,no scale x,no scale y,only offset,only offset x,only offset y,
20,Vehicle_11,9147378,0,0.004985373303061869,0.0031249999999999997,0.0036909559206459467,0.009162674194134926,0.006029152742934047,0.004964104068784957,0.0,0.0,0.0,0.004687515054339164,0.003124940371240592,0.001562574683098572,
20,Vehicle_11,9147378,20,0.004532515512122104,0.003238098129706182,0.003125,0.008062467540337266,0.004553907578336895,0.00533914257958445,0.0,0.0,0.0,0.0031252132812500167,0.0015624450000000013,0.0015627682812500154,
20,Vehicle_11,9147378,40,0.009161912099536484,0.006250117386048712,0.006572959948677134,0.005345170568974864,0.0035331912367398614,0.0036425619498190813,0.0,0.0,0.0,0.0031243254910023,0.0015621459735023046,0.0015621795174999952,
20,Vehicle_11,9147378,60,0.0048593217649055085,0.003125,0.0035649043824927842,0.008995182036244838,0.004575764653824393,0.006250000000021838,0.0,0.0,0.0,0.003124921997388058,0.0015624431937499906,0.0015624788036380677,
20,Vehicle_11,9147378,80,0.011963834764773203,0.0062500000000687015,0.009374999999896947,0.012809372982665518,0.009203358918358245,0.007267179299465363,0.0,0.0,0.0,0.0031251366389760116,0.0015627247628012043,0.0015624118761748073,
20,Vehicle_11,9147378,100,0.004924081386170251,0.0031249999999999997,0.0036296640037543283,0.007592837216377789,0.004726177705191482,0.004697242128770385,0.0,0.0,0.0,0.003125019367933585,0.0015625154710820766,0.0015625038968515082,
20,Vehicle_11,9147378,120,0.004796809784978551,0.0031249999999999997,0.0035023924025663097,0.008281792835325517,0.0038623754529043862,0.006250000000025141,0.0,0.0,0.0,0.0031245366564849387,0.0015621356249999885,0.0015624010314849502,
20,Vehicle_11,9147378,140,0.0044325999462761076,0.003138182563860186,0.003125,0.007887574166986945,0.00625,0.0034681567846078184,0.0,0.0,0.0,0.0031244565812500067,0.0015624768750000019,0.001561979706250005,
20,Vehicle_11,9147378,160,0.008811612645218576,0.005629454434317963,0.005012740828495844,0.009629207859103577,0.006018380238069203,0.005441410238629605,0.0,0.0,0.0,0.0031256079249030013,0.0015628880846774219,0.0015627198402255794,
