window_size,vehicle,ride,start,scale,scale x,scale y,offset,offset x,offset y,no scale,no scale x,no scale y,only offset,only offset x,only offset y,
20,Vehicle_11,8489956,0,0.007394445138929146,0.006100027756513224,0.0031250000000000006,0.009309363709099832,0.004889946326683909,0.006250000000000001,0.002209708691207961,0.0015624999999999997,0.0015625000000000003,0.00625,0.003125,0.003125,
20,Vehicle_11,8489956,20,0.010669417382415922,0.00625,0.00625,0.010669417382415922,0.00625,0.00625,0.005334708691207961,0.0015625,0.0046875,0.004987484599087033,0.003125,0.0018624845990870332,
20,Vehicle_11,8489956,40,0.010669417382415922,0.00625,0.006250000000000001,0.010669417382415922,0.00625,0.00625,0.0,0.0,0.0,0.00625,0.003125,0.003125,
20,Vehicle_11,8489956,60,0.008672889604616396,0.00625,0.004253472222200475,0.009028003241003545,0.00625,0.004608585858587623,0.0,0.0,0.0,0.00625,0.003125,0.003125,
20,Vehicle_11,8489956,80,0.010669417382415922,0.00625,0.006250000000000001,0.010669417382415922,0.00625,0.006250000000000001,0.0,0.0,0.0,0.00625,0.003125,0.003125,
20,Vehicle_11,8489956,100,0.01066941738241592,0.00625,0.00625,0.00876909181117128,0.00625,0.00434967442875536,0.0,0.0,0.0,0.00625,0.003125,0.003125,
20,Vehicle_11,8489956,120,0.007544417382415921,0.0031250000000000006,0.00625,0.010669417382415919,0.006249999999999998,0.00625,0.0,0.0,0.0,0.00625,0.003125,0.0031250000000000006,
20,Vehicle_11,8489956,140,0.007047621447579106,0.0031250000000000006,0.005753204065163184,0.010669417382415922,0.00625,0.006250000000000001,0.0,0.0,0.0,0.00625,0.003125,0.0031250000000000006,
20,Vehicle_11,8489956,160,0.007184088435061455,0.0031250000000000006,0.005889671052645532,0.010669417382415924,0.00625,0.00625,0.0,0.0,0.0,0.00625,0.003125,0.003125,
20,Vehicle_11,8489956,180,0.007544417382415923,0.003125,0.006250000000000002,0.010669417382415922,0.00625,0.00625,0.0,0.0,0.0,0.00625,0.003125,0.003125,
20,Vehicle_11,8489956,200,0.01066941738241592,0.00625,0.00625,0.010448501690524642,0.006029084308108721,0.006250000000000001,0.0,0.0,0.0,0.00625,0.003125,0.003125,
20,Vehicle_11,8489956,220,0.007395680540304455,0.006101263157888532,0.0031250000000000006,0.014984155817479255,0.009375,0.00927032105264741,0.0,0.0,0.0,0.00625,0.003125,0.003125,
20,Vehicle_11,8489956,240,0.007495410370689309,0.003125,0.006200992988273386,0.010669417382415919,0.00625,0.00625,0.0,0.0,0.0,0.00625,0.0031250000000000006,0.003125,
