window_size,vehicle,ride,start,offset,offset x,offset y,scale,scale x,scale y,no scale,no scale x,no scale y,only offset,only offset x,only offset y,
20,Vehicle_17,9079303,0,0.010000935569665144,0.00533470869120796,0.007282016089155996,0.00889807198134595,0.004129575484524016,0.007369705529694818,0.0009430348175792182,0.0006668263144052842,0.0006668263144052841,0.003125,0.0018861043456039808,0.0018861043456039808,
20,Vehicle_17,9079303,20,0.009983735213826006,0.005334708691207961,0.007264815733316856,0.00897997322316946,0.0041705985301731955,0.0074390951830464284,0.0009430447702778747,0.0006668333520259951,0.000666833352025995,0.003125,0.0018861043456039808,0.0018861043456039803,
20,Vehicle_17,9079303,40,0.009797972269170552,0.005334708691207959,0.007079052788661404,0.009848170269958042,0.005330869571883582,0.007180778463488428,0.0,0.0,0.0,0.003125,0.0018861043456039803,0.0018861043456039803,
20,Vehicle_17,9079303,60,0.01005072811586106,0.005334708691207962,0.007331808635351912,0.010684867997883311,0.0058487852375103825,0.007916553183364556,0.0018860803702646992,0.0013336602196770031,0.0013336602196770031,0.003125,0.0018861043456039803,0.0018861043456039803,
20,Vehicle_17,9079303,80,0.009602067321212594,0.005334708691207961,0.006883147840703444,0.007186774884350026,0.00346585017903439,0.005933154655522058,0.0,0.0,0.0,0.003125,0.0018861043456039803,0.0018861043456039803,
