window_size,vehicle,ride,start,offset,offset x,offset y,scale,scale x,scale y,no scale,no scale x,no scale y,only offset,only offset x,only offset y,
20,Vehicle_17,9079303,0,0.010000935569665142,0.005334708691207961,0.007282016089155995,0.008898071981345948,0.004129575484524016,0.0073697055296948165,0.0028621150763940757,0.001146490448059739,0.002491021237740786,0.003125,0.0018861043456039803,0.0018861043456039803,
20,Vehicle_17,9079303,20,0.009983735213826006,0.005334708691207961,0.0072648157333168595,0.008983323524292907,0.004170598530173196,0.007442445484169876,0.006802304723050397,0.003036737535085766,0.005627474822040295,0.006012123539097772,0.0029909586912079613,0.004553458691207961,
20,Vehicle_17,9079303,40,0.010156578411021867,0.00533470869120796,0.007437658930512715,0.010226796252592514,0.005569371861296714,0.007320902156709762,0.0007960483453213563,0.0003046345131161269,0.0007354527731318779,0.003125,0.0018861043456039803,0.0018861043456039803,
20,Vehicle_17,9079303,60,0.010050728115861059,0.005334708691207961,0.007331808635351911,0.010684867997883311,0.005848785237510384,0.007916553183364556,0.004512531786753467,0.002442440946741591,0.003526568043568981,0.006012123539097771,0.0029909586912079613,0.0045534586912079605,
20,Vehicle_17,9079303,80,0.009997774876070639,0.005334708691207959,0.0072788553955614906,0.007956744387664492,0.0034658501790343897,0.006703124158836524,0.004278828296283181,0.001425781602543393,0.0037815029534978262,0.006012123539097772,0.0029909586912079613,0.004553458691207961,
