window_size,vehicle,ride,start,offset,offset x,offset y,scale,scale x,scale y,no scale,no scale x,no scale y,only offset,only offset x,only offset y,
20,Vehicle_17,9079303,0,0.008940977369124957,0.004952247997922808,0.006604518581900203,0.007467022109438985,0.004129575484514865,0.00593865565779198,0.0009429940921440878,0.0006667975171739338,0.0006667975171739393,0.002343763425646372,0.0014954916198226976,0.0014954804970316372,
20,Vehicle_17,9079303,20,0.008616443081547182,0.004615703942516203,0.006616528349729351,0.00750823489278196,0.004156508872585771,0.005969758145131181,0.0009430521728019855,0.0006668385864009863,0.0006668385864009973,0.0023428376642847908,0.0014945549566114213,0.0014954913988813323,
20,Vehicle_17,9079303,40,0.009255899708285203,0.004903796866266107,0.006967892052721027,0.007984564534917634,0.00407523099743281,0.006143153119881854,0.0009430355999868062,0.0006668268676509909,0.0006668268676509991,0.002343743964384253,0.0014954499362217766,0.0014955027193704396,
20,Vehicle_17,9079303,60,0.008789546156966416,0.004685059072478595,0.00672027629518327,0.009276614895726893,0.005696158999817876,0.006660926318901018,0.0009430281974626963,0.0006668216332759936,0.0006668216332760046,0.002343295991727789,0.0014948792891722295,0.0014956253937635222,
20,Vehicle_17,9079303,80,0.009035555792436133,0.005043297978162165,0.006608047024974537,0.007474530099127572,0.004132036701031783,0.0059446407061084505,0.0009429434137023419,0.000666761682104114,0.0006667616821041222,0.0023440114304636933,0.0014957280361356574,0.0014954920855359988,
