window_size,vehicle,ride,start,scale,scale x,scale y,offset,offset x,offset y,no scale,no scale x,no scale y,only offset,only offset x,only offset y,
20,Vehicle_9,9571672,0,0.008964289562523334,0.0042127965954306046,0.007185678674131545,0.010247457532445405,0.005350939366653429,0.007778251840542301,0.0008015913230030212,0.0003380537645387444,0.0006641192394925519,0.0011284722222222221,0.0007461592111740583,0.0006593536556185027,
20,Vehicle_9,9571672,20,0.008776357610298881,0.003984836270737061,0.007166015414629873,0.010153445678170525,0.0051818993525157165,0.007832285629863125,0.00234860790271545,0.0008757655883393025,0.0020357389267615282,0.0030085653419891817,0.0014923184223481168,0.002293045886971561,
20,Vehicle_9,9571672,40,0.009269180531279654,0.004501580195196225,0.007289311376739691,0.010108795653153497,0.005106583663124353,0.00787215568392205,0.0012234648514471086,0.0003870477606614733,0.0010751165848132314,0.002074421730597719,0.0010773671232024971,0.0015600474992715132,
20,Vehicle_9,9571672,60,0.012107464719890083,0.007245549750483943,0.007914753136230964,0.01209658963525722,0.007288564322987927,0.007858017186312908,0.0004161934848174155,0.00023381695994921807,0.0002374208236393865,0.0010416666666666669,0.0006593536556185025,0.0006593536556185026,
20,Vehicle_9,9571672,80,0.009406108722509904,0.007318479080793138,0.004582432788630277,0.010471335184307713,0.007937662865575812,0.005499946441070141,0.00032682918213084404,0.00023123961758741757,0.0001766172425335855,0.0011284722222222221,0.0006593536556185024,0.0007461592111740583,
20,Vehicle_9,9571672,100,0.010662326868452723,0.005595248392453568,0.007964440645625643,0.010486598492946973,0.005525474980873085,0.00779634421949193,0.001808481973477938,0.0008201105484651964,0.001400824433867156,0.001902295886609211,0.0010114974144262365,0.001401023954994299,
20,Vehicle_9,9571672,120,0.00931440066397355,0.00460804783507335,0.007224279920219187,0.010119035942643113,0.005106430101266576,0.007882426518764342,0.0025151021527862615,0.0010605250510689278,0.002052842790092751,0.0027540643304806633,0.0013845770200132655,0.002092150649135756,
20,Vehicle_9,9571672,140,0.009136076307859533,0.004376831407860018,0.007256564336681644,0.010018377374477815,0.0050950937969601595,0.0077840228817259525,0.0013045182784454888,0.0004574238178065726,0.0011155199420679648,0.0019022958866092103,0.0009408105099237657,0.001455263924515737,
