window_size,vehicle,ride,start,scale,scale x,scale y,offset,offset x,offset y,no scale,no scale x,no scale y,only offset,only offset x,only offset y,
20,Vehicle_6,9476572,0,0.008726852675656507,0.004377726316616096,0.006824282270928771,0.010070388653631137,0.0052899823537130575,0.0076974938492383104,0.0,0.0,0.0,0.0008290761000826354,0.0005341306361587803,0.0005341349377720378,
20,Vehicle_6,9476572,20,0.008831028416315851,0.004466609414483943,0.006915363634329644,0.009900251769874557,0.005091916418498564,0.007695883673273712,0.0,0.0,0.0,0.000829088390051017,0.0005341432640924541,0.0005341345998067457,
20,Vehicle_6,9476572,40,0.009093582612964923,0.004754639329305848,0.006960888795889432,0.009944104254225414,0.0051620366625801896,0.007668857217512556,0.0,0.0,0.0,0.0008290633612244868,0.0005341193957251081,0.0005341334393475614,
