window_size,vehicle,ride,start,scale,scale x,scale y,offset,offset x,offset y,no scale,no scale x,no scale y,only offset,only offset x,only offset y,
20,Vehicle_6,9476572,0,0.009093456277177355,0.004344045792190565,0.007183870938378194,0.010296710110214994,0.0053329596258442045,0.007880838033699858,0.009093456277177355,0.004344045792190565,0.007183870938378194,0.010296710110214994,0.0053329596258442045,0.007880838033699858,
20,Vehicle_6,9476572,20,0.0093701461616292,0.004505045204516406,0.0074160455896061924,0.010113499530212967,0.005109784461179478,0.007891263390938662,0.0093701461616292,0.004505045204516406,0.0074160455896061924,0.010113499530212967,0.005109784461179478,0.007891263390938662,
20,Vehicle_6,9476572,40,0.009665994056935936,0.004961251211382753,0.007353244468248464,0.010228283044774316,0.005218040127387265,0.007897032543251263,0.009665994056935936,0.004961251211382753,0.007353244468248464,0.010228283044774316,0.005218040127387265,0.007897032543251263,
