window_size,vehicle,ride,start,scale,scale x,scale y,offset,offset x,offset y,no scale,no scale x,no scale y,only offset,only offset x,only offset y,
20,Vehicle_6,9476572,0,0.009093456277177364,0.004344045792190561,0.007183870938378195,0.010340399363885498,0.0053329596258442115,0.007924527287370349,0.0,0.0,0.0,0.0008928571428571428,0.000566023308352663,0.0005660233083526631,
20,Vehicle_6,9476572,20,0.009370146161629206,0.0045050452045164065,0.007416045589606188,0.01011349953021297,0.0051097844611794774,0.007891263390938659,0.0,0.0,0.0,0.0008928571428571429,0.0005660233083526632,0.0005660233083526632,
20,Vehicle_6,9476572,40,0.009620495538501599,0.004953971669717743,0.00731502549147913,0.010248507806370506,0.005218040127387278,0.007917257304847459,0.0,0.0,0.0,0.0008928571428571428,0.0005660233083526631,0.0005660233083526631,
