window_size,vehicle,ride,start,scale,scale x,scale y,offset,offset x,offset y,no scale,no scale x,no scale y,only offset,only offset x,only offset y,
20,Vehicle_11,8529300,0,0.0072660984169368465,0.003125000000000001,0.005971681034520925,0.01821166609012851,0.012497831325296666,0.009375,0.0,0.0,0.0,0.009375,0.00625,0.003125,
20,Vehicle_11,8529300,20,0.00754441738241592,0.00625,0.003125,0.013794417382415923,0.00625,0.009375,0.0,0.0,0.0,0.009375,0.003125,0.00625,
20,Vehicle_11,8529300,40,0.010669417382415922,0.00625,0.006250000000000002,0.010669417382415922,0.00625,0.006250000000000001,0.0,0.0,0.0,0.00625,0.003125,0.0031250000000000006,
20,Vehicle_11,8529300,60,0.008538216767867503,0.0041187993854515815,0.00625,0.010669417382415922,0.00625,0.00625,0.0,0.0,0.0,0.00625,0.003125,0.003125,
20,Vehicle_11,8529300,80,0.008785488810867253,0.005061594202938639,0.005554477225512693,0.008889008479722738,0.0044695910973068164,0.00625,0.0,0.0,0.0,0.00625,0.003125,0.003125,
20,Vehicle_11,8529300,100,0.017468009234889587,0.0118529962547485,0.009276178215309239,0.022299427767404668,0.012824438202358039,0.014051446109006823,0.0,0.0,0.0,0.0125,0.00625,0.00625,
20,Vehicle_11,8529300,120,0.01066941738241592,0.006249999999999999,0.006250000000000001,0.01066941738241592,0.00625,0.006250000000000002,0.0,0.0,0.0,0.00625,0.003125,0.0031250000000000006,
20,Vehicle_11,8529300,140,0.01066941738241592,0.006249999999999999,0.006250000000000001,0.01066941738241592,0.00625,0.00625,0.0,0.0,0.0,0.00625,0.003125,0.0031250000000000006,
20,Vehicle_11,8529300,160,0.007544417382415921,0.00625,0.0031250000000000006,0.010669417382415922,0.00625,0.006250000000000002,0.0,0.0,0.0,0.00625,0.003125,0.003125,
20,Vehicle_11,8529300,180,0.010669417382415924,0.00625,0.00625,0.010382568309205668,0.005963150926789747,0.00625,0.0,0.0,0.0,0.00625,0.003125,0.003125,
