window_size,vehicle,ride,start,scale,scale x,scale y,offset,offset x,offset y,no scale,no scale x,no scale y,only offset,only offset x,only offset y,
20,Vehicle_11,8529300,0,0.007544417382415923,0.003125,0.00625,0.018032777201252147,0.012318942436420304,0.009375000000000001,0.007544417382415923,0.003125,0.00625,0.018032777201252147,0.012318942436420304,0.009375000000000001,
20,Vehicle_11,8529300,20,0.007544417382415921,0.00625,0.003125,0.013794417382415922,0.00625,0.009375,0.007544417382415921,0.00625,0.003125,0.013794417382415922,0.00625,0.009375,
20,Vehicle_11,8529300,40,0.00944212474203021,0.005022707359614287,0.00625,0.009345150841481045,0.004925733459065123,0.006250000000000001,0.00944212474203021,0.005022707359614287,0.00625,0.009345150841481045,0.004925733459065123,0.006250000000000001,
20,Vehicle_11,8529300,60,0.00967561799696434,0.005256200614548419,0.006250000000000001,0.010669417382415922,0.00625,0.00625,0.00967561799696434,0.005256200614548419,0.006250000000000001,0.010669417382415922,0.00625,0.00625,
20,Vehicle_11,8529300,80,0.008785488810867253,0.005061594202938638,0.005554477225512694,0.008889008479722738,0.004469591097306816,0.00625,0.008785488810867253,0.005061594202938638,0.005554477225512694,0.008889008479722738,0.004469591097306816,0.00625,
20,Vehicle_11,8529300,100,0.019488257362043907,0.011852996254748498,0.011296426342463566,0.022299427767404664,0.012824438202358037,0.014051446109006823,0.019488257362043907,0.011852996254748498,0.011296426342463566,0.022299427767404664,0.012824438202358037,0.014051446109006823,
20,Vehicle_11,8529300,120,0.009268729679903933,0.00484931229748801,0.00625,0.00927378631431041,0.004854368931894488,0.00625,0.009268729679903933,0.00484931229748801,0.00625,0.00927378631431041,0.004854368931894488,0.00625,
20,Vehicle_11,8529300,140,0.010669417382415922,0.00625,0.00625,0.010669417382415922,0.00625,0.00625,0.010669417382415922,0.00625,0.00625,0.010669417382415922,0.00625,0.00625,
20,Vehicle_11,8529300,160,0.007544417382415921,0.00625,0.003125,0.01066941738241592,0.00625,0.006250000000000001,0.007544417382415921,0.00625,0.003125,0.01066941738241592,0.00625,0.006250000000000001,
20,Vehicle_11,8529300,180,0.010072274840539141,0.005652857458123217,0.00625,0.010382568309205668,0.005963150926789747,0.00625,0.010072274840539141,0.005652857458123217,0.00625,0.010382568309205668,0.005963150926789747,0.00625,
