window_size,vehicle,ride,start,scale,scale x,scale y,offset,offset x,offset y,no scale,no scale x,no scale y,only offset,only offset x,only offset y,
20,Vehicle_11,8746092,0,0.00794149198149042,0.006578947368421052,0.003289473684210526,0.011230965665700946,0.006578947368421052,0.006578947368421052,0.0,0.0,0.0,0.006578947368421052,0.003289473684210526,0.003289473684210526,
20,Vehicle_11,8746092,20,0.00794149198149042,0.006578947368421052,0.003289473684210526,0.011230965665700946,0.006578947368421052,0.006578947368421052,0.0,0.0,0.0,0.006578947368421052,0.003289473684210526,0.003289473684210526,
20,Vehicle_11,8746092,40,0.00794149198149042,0.006578947368421052,0.003289473684210526,0.011230965665700946,0.006578947368421052,0.006578947368421052,0.0,0.0,0.0,0.006578947368421052,0.003289473684210526,0.003289473684210526,
20,Vehicle_11,8746092,60,0.00794149198149042,0.006578947368421052,0.003289473684210526,0.011230965665700946,0.006578947368421052,0.006578947368421052,0.0,0.0,0.0,0.006578947368421052,0.003289473684210526,0.003289473684210526,
20,Vehicle_11,8746092,80,0.00794149198149042,0.006578947368421052,0.003289473684210526,0.011230965665700946,0.006578947368421052,0.006578947368421052,0.0,0.0,0.0,0.006578947368421052,0.003289473684210526,0.003289473684210526,
20,Vehicle_11,8746092,100,0.00794149198149042,0.006578947368421052,0.003289473684210526,0.011230965665700946,0.006578947368421052,0.006578947368421052,0.0,0.0,0.0,0.006578947368421052,0.003289473684210526,0.003289473684210526,
20,Vehicle_11,8746092,120,0.00794149198149042,0.006578947368421052,0.003289473684210526,0.011230965665700946,0.006578947368421052,0.006578947368421052,0.0,0.0,0.0,0.006578947368421052,0.003289473684210526,0.003289473684210526,
20,Vehicle_11,8746092,140,0.00794149198149042,0.006578947368421052,0.003289473684210526,0.011230965665700946,0.006578947368421052,0.006578947368421052,0.0,0.0,0.0,0.006578947368421052,0.003289473684210526,0.003289473684210526,
20,Vehicle_11,8746092,160,0.00794149198149042,0.006578947368421052,0.003289473684210526,0.011230965665700946,0.006578947368421052,0.006578947368421052,0.0,0.0,0.0,0.006578947368421052,0.003289473684210526,0.003289473684210526,
20,Vehicle_11,8746092,180,0.00794149198149042,0.006578947368421052,0.003289473684210526,0.011230965665700946,0.006578947368421052,0.006578947368421052,0.0,0.0,0.0,0.006578947368421052,0.003289473684210526,0.003289473684210526,
