window_size,vehicle,ride,start,scale,scale x,scale y,offset,offset x,offset y,no scale,no scale x,no scale y,only offset,only offset x,only offset y,
20,Vehicle_11,8746092,0,0.005500377078603368,0.0041378324655338946,0.003289473684210421,0.0075087850063817905,0.005159746165231789,0.004275967912291053,0.0,0.0,0.0,0.0032892147523565264,0.0016448718026315788,0.0016443429497249474,
20,Vehicle_11,8746092,20,0.005500377078603368,0.0041378324655338946,0.003289473684210421,0.0075087850063817905,0.005159746165231789,0.004275967912291053,0.0,0.0,0.0,0.0032892147523565264,0.0016448718026315788,0.0016443429497249474,
20,Vehicle_11,8746092,40,0.005500377078603368,0.0041378324655338946,0.003289473684210421,0.0075087850063817905,0.005159746165231789,0.004275967912291053,0.0,0.0,0.0,0.0032892147523565264,0.0016448718026315788,0.0016443429497249474,
20,Vehicle_11,8746092,60,0.005500377078603368,0.0041378324655338946,0.003289473684210421,0.0075087850063817905,0.005159746165231789,0.004275967912291053,0.0,0.0,0.0,0.0032892147523565264,0.0016448718026315788,0.0016443429497249474,
20,Vehicle_11,8746092,80,0.005500377078603368,0.0041378324655338946,0.003289473684210421,0.0075087850063817905,0.005159746165231789,0.004275967912291053,0.0,0.0,0.0,0.0032892147523565264,0.0016448718026315788,0.0016443429497249474,
20,Vehicle_11,8746092,100,0.005500377078603368,0.0041378324655338946,0.003289473684210421,0.0075087850063817905,0.005159746165231789,0.004275967912291053,0.0,0.0,0.0,0.0032892147523565264,0.0016448718026315788,0.0016443429497249474,
20,Vehicle_11,8746092,120,0.005500377078603368,0.0041378324655338946,0.003289473684210421,0.0075087850063817905,0.005159746165231789,0.004275967912291053,0.0,0.0,0.0,0.0032892147523565264,0.0016448718026315788,0.0016443429497249474,
20,Vehicle_11,8746092,140,0.005500377078603368,0.0041378324655338946,0.003289473684210421,0.0075087850063817905,0.005159746165231789,0.004275967912291053,0.0,0.0,0.0,0.0032892147523565264,0.0016448718026315788,0.0016443429497249474,
20,Vehicle_11,8746092,160,0.005500377078603368,0.0041378324655338946,0.003289473684210421,0.0075087850063817905,0.005159746165231789,0.004275967912291053,0.0,0.0,0.0,0.0032892147523565264,0.0016448718026315788,0.0016443429497249474,
20,Vehicle_11,8746092,180,0.005500377078603368,0.0041378324655338946,0.003289473684210421,0.0075087850063817905,0.005159746165231789,0.004275967912291053,0.0,0.0,0.0,0.0032892147523565264,0.0016448718026315788,0.0016443429497249474,
