window_size,vehicle,ride,start,scale,scale x,scale y,offset,offset x,offset y,no scale,no scale x,no scale y,only offset,only offset x,only offset y,
20,Vehicle_12,8575983,0,0.011693796044870947,0.008136045806565486,0.006732864083228662,0.011750253047909082,0.007772527187475943,0.0070669312049579675,0.011693796044870947,0.008136045806565486,0.006732864083228662,0.011750253047909082,0.007772527187475943,0.0070669312049579675,
20,Vehicle_12,8575983,20,0.011409303820694192,0.007560833538922623,0.006744192061342166,0.011859998685324204,0.00774843779411924,0.007157630318592665,0.011409303820694192,0.007560833538922623,0.006744192061342166,0.011859998685324204,0.00774843779411924,0.007157630318592665,
20,Vehicle_12,8575983,40,0.015230095541265613,0.00980388910640245,0.009533985521734293,0.01576197419609382,0.009803767455204719,0.01012868349802061,0.015230095541265613,0.00980388910640245,0.009533985521734293,0.01576197419609382,0.009803767455204719,0.01012868349802061,
20,Vehicle_12,8575983,60,0.011878914500788616,0.0076996748581847655,0.007180112223640763,0.012651993194398642,0.00825037082619569,0.007754262759659361,0.011878914500788616,0.0076996748581847655,0.007180112223640763,0.012651993194398642,0.00825037082619569,0.007754262759659361,
20,Vehicle_12,8575983,80,0.010451815818434863,0.007311657991749516,0.005896706594884914,0.011575460807486993,0.007602972199490976,0.00709239155046987,0.010451815818434863,0.007311657991749516,0.005896706594884914,0.011575460807486993,0.007602972199490976,0.00709239155046987,
20,Vehicle_12,8575983,100,0.011580068625872604,0.008169624159512423,0.006532144480326527,0.012222621066927555,0.008572170811788703,0.007037390664312143,0.011580068625872604,0.008169624159512423,0.006532144480326527,0.012222621066927555,0.008572170811788703,0.007037390664312143,
20,Vehicle_12,8575983,120,0.028622538241801682,0.018920123139868485,0.01752037940974312,0.028520441021913135,0.01888096730439423,0.017419126244426587,0.028622538241801682,0.018920123139868485,0.01752037940974312,0.028520441021913135,0.01888096730439423,0.017419126244426587,
20,Vehicle_12,8575983,140,0.013220379256922985,0.00930332501214238,0.00754991514616084,0.01415553717033072,0.009914601111794659,0.008160714561471443,0.013220379256922985,0.00930332501214238,0.00754991514616084,0.01415553717033072,0.009914601111794659,0.008160714561471443,
