window_size,vehicle,ride,start,scale,scale x,scale y,offset,offset x,offset y,no scale,no scale x,no scale y,only offset,only offset x,only offset y,
20,Vehicle_12,8575983,0,0.01185925739183728,0.008301507153531815,0.0067328640832286625,0.011866392134457627,0.007888666274024498,0.007066931204957966,0.0,0.0,0.0,0.0012500000000000002,0.0007892189393343805,0.0007892189393343805,
20,Vehicle_12,8575983,20,0.01134066421130225,0.007598685867255274,0.006637700123617565,0.01178679371636509,0.007768831502936127,0.007064031640816661,0.0,0.0,0.0,0.0012500000000000002,0.0007892189393343804,0.0007892189393343805,
20,Vehicle_12,8575983,40,0.015271936418123041,0.009895397907817656,0.009484317597176524,0.015726707870259475,0.009895276256619918,0.010001908370771046,0.0,0.0,0.0,0.0015,0.000827846063631249,0.0010331010038712749,
20,Vehicle_12,8575983,60,0.011849383510468433,0.007670143867864572,0.0071801122236407645,0.012564558761019138,0.008162936392816185,0.007754262759659355,0.0,0.0,0.0,0.0015,0.0009361652524074987,0.0009914731879281176,
20,Vehicle_12,8575983,80,0.010568481849885457,0.007428324023200123,0.005896706594884915,0.011774026984818666,0.0078015383768226575,0.0070923915504698684,0.0,0.0,0.0,0.00125,0.0007892189393343803,0.0007892189393343806,
20,Vehicle_12,8575983,100,0.011580068625872597,0.00816962415951242,0.0065321444803265235,0.012195490813369085,0.008545040558230244,0.007037390664312143,0.0,0.0,0.0,0.00125,0.0007892189393343803,0.0007892189393343805,
20,Vehicle_12,8575983,120,0.02857758855770392,0.018879706789105343,0.01751584607640851,0.02850085800447841,0.018861384286959482,0.017419126244426583,0.0,0.0,0.0,0.00275,0.001753038159502188,0.0017530381595021885,
20,Vehicle_12,8575983,140,0.013300154628654715,0.009383100383874124,0.0075499151461608386,0.01420146402434593,0.009960527965809884,0.008160714561471445,0.0,0.0,0.0,0.0013749999999999997,0.000827846063631249,0.0009081010038712746,
