window_size,vehicle,ride,start,scale,scale x,scale y,offset,offset x,offset y,no scale,no scale x,no scale y,only offset,only offset x,only offset y,
20,Vehicle_4,9530337,0,0.011230965665700946,0.006578947368421052,0.006578947368421052,0.011230965665700946,0.006578947368421052,0.006578947368421052,0.011230965665700946,0.006578947368421052,0.006578947368421052,0.011230965665700946,0.006578947368421052,0.006578947368421052,
20,Vehicle_4,9530337,20,0.011230965665700946,0.006578947368421052,0.006578947368421052,0.011230965665700946,0.006578947368421052,0.006578947368421052,0.011230965665700946,0.006578947368421052,0.006578947368421052,0.011230965665700946,0.006578947368421052,0.006578947368421052,
