window_size,vehicle,ride,start,scale,scale x,scale y,offset,offset x,offset y,no scale,no scale x,no scale y,only offset,only offset x,only offset y,
20,Vehicle_4,9530337,0,0.0077162091316751455,0.004736104665651689,0.004810687083683564,0.0062555486008607246,0.004180935434118149,0.0039051957843531234,0.0,0.0,0.0,0.0031237604948927576,0.0015620128368569741,0.0015617476580358058,
20,Vehicle_4,9530337,20,0.007585088369961265,0.004706146161704425,0.0047095248258817585,0.006776061378667935,0.004329872697919241,0.0042767712983736135,0.0,0.0,0.0,0.003124521083702847,0.0015622770909025975,0.0015622439928002717,
