window_size,vehicle,ride,start,scale,scale x,scale y,offset,offset x,offset y,no scale,no scale x,no scale y,only offset,only offset x,only offset y,
20,Vehicle_4,9530337,0,0.007984303547327579,0.004953838064952001,0.004957394553559685,0.007132696188071473,0.004557760734651789,0.004501864524603789,0.0,0.0,0.0,0.003288969561792421,0.00164450220095,0.0016444673608423158,
20,Vehicle_4,9530337,20,0.007984303547327579,0.004953838064952001,0.004957394553559685,0.007132696188071473,0.004557760734651789,0.004501864524603789,0.0,0.0,0.0,0.003288969561792421,0.00164450220095,0.0016444673608423158,
