window_size,vehicle,ride,start,scale,scale x,scale y,offset,offset x,offset y,no scale,no scale x,no scale y,only offset,only offset x,only offset y,
20,Vehicle_4,9530337,0,0.007984303547157895,0.004953838064854737,0.00495739455344421,0.00920977903180642,0.004557760734526422,0.006578947368421052,0.0,0.0,0.0,0.006578947368421052,0.003289473684210526,0.003289473684210526,
20,Vehicle_4,9530337,20,0.007984303547157895,0.004953838064854737,0.00495739455344421,0.00920977903180642,0.004557760734526422,0.006578947368421052,0.0,0.0,0.0,0.006578947368421052,0.003289473684210526,0.003289473684210526,
