subdir,file,cluster,size,28all_distances_scaled_to_max_trajs_distances_offset,28all_distances_scaled_to_max_trajs_distances_offset x,28all_distances_scaled_to_max_trajs_distances_offset y,28all_nums_scaled_to_max_trajs_num_intersections_offset
only_rays_size_28_,filenames_in_cluster_test KMeans test nclus 8,0,217,0.001220070597039199,0.0013782725535744142,0.0012697794194590094,3.469446951953614e-18
only_rays_size_28_,filenames_in_cluster_test KMeans test nclus 8,5,173,0.0017754856999419185,0.0012539267414979093,0.0015919529899785945,0.0011565946399258859
only_rays_size_28_,filenames_in_cluster_test KMeans test nclus 8,1,66,0.0023611350112174643,0.0020188188461287737,0.0016055244754848482,0.0030036920201992347
only_rays_size_28_,filenames_in_cluster_test KMeans test nclus 8,2,39,0.0029772177842758655,0.0019675515188625047,0.0023298871438238444,0.004157812936527071
only_rays_size_28_,filenames_in_cluster_test KMeans test nclus 8,3,52,0.0029594919117396515,0.001905723823212186,0.002253785374325986,0.001871229688480395
only_rays_size_28_,filenames_in_cluster_test KMeans test nclus 8,6,38,0.001968604898613615,0.0016611729178258347,0.0014527399206096143,0.004262836652439449
only_rays_size_28_,filenames_in_cluster_test KMeans test nclus 8,7,18,0.004822729675905567,0.002983399038902233,0.003442804216859322,0.007427778301499114
only_rays_size_28_,filenames_in_cluster_test KMeans test nclus 8,4,3,0.0013087702995693967,0.0010539562360978875,0.0013346343595363709,0.005591030168413142
