subdir,file,cluster,size,28all_distances_scaled_to_max_trajs_distances_offset,28all_distances_scaled_to_max_trajs_distances_offset x,28all_distances_scaled_to_max_trajs_distances_offset y,28all_nums_scaled_to_max_trajs_num_intersections_offset
only_rays_size_28_,filenames_in_cluster_test KMeans test nclus 6,0,217,1.488572261759588e-06,1.8996352319365368e-06,1.6123397740816591e-06,1.2037062152420224e-35
only_rays_size_28_,filenames_in_cluster_test KMeans test nclus 6,5,173,3.1523494706982444e-06,1.5723322730435648e-06,2.5343143223017874e-06,1.3377111611052896e-06
only_rays_size_28_,filenames_in_cluster_test KMeans test nclus 6,1,77,5.4052928960600676e-06,4.027245326981223e-06,2.501405345373478e-06,1.3384812385154147e-05
only_rays_size_28_,filenames_in_cluster_test KMeans test nclus 6,2,73,1.916768302696824e-05,8.635686391856995e-06,8.72734771978051e-06,2.6124660757086733e-05
only_rays_size_28_,filenames_in_cluster_test KMeans test nclus 6,3,53,9.589519934292051e-06,3.7425565333912603e-06,5.7232746476959425e-06,3.921469771184629e-06
only_rays_size_28_,filenames_in_cluster_test KMeans test nclus 6,4,13,3.589512190692581e-05,1.1303694951310796e-05,1.9132467923608005e-05,6.569215197757708e-05
