subdir,file,cluster,size,28all_distances_scaled_to_max_trajs_distances_offset,28all_distances_scaled_to_max_trajs_distances_offset x,28all_distances_scaled_to_max_trajs_distances_offset y,28all_nums_scaled_to_max_trajs_num_intersections_offset
only_rays_size_28_,filenames_in_cluster_test KMeans test nclus 9,8,217,0.0099872378197292,0.0050873713163884,0.0050873713163884,0.02631578947368421
only_rays_size_28_,filenames_in_cluster_test KMeans test nclus 9,1,173,0.0099344317317384,0.0050873713163884,0.0050873713163884,0.019736842105263157
only_rays_size_28_,filenames_in_cluster_test KMeans test nclus 9,6,60,0.0100799029831746,0.0055251010165218,0.0051511468265925,0.03289473684210526
only_rays_size_28_,filenames_in_cluster_test KMeans test nclus 9,4,33,0.0177647064649668,0.009582627121888,0.0097128333138456,0.039473684210526314
only_rays_size_28_,filenames_in_cluster_test KMeans test nclus 9,0,44,0.0100725026329141,0.0051511468265925,0.0051511468265925,0.029605263157894735
only_rays_size_28_,filenames_in_cluster_test KMeans test nclus 9,3,20,0.0101042636529506,0.0051511468265925,0.0078092112072221,0.03289473684210526
only_rays_size_28_,filenames_in_cluster_test KMeans test nclus 9,7,38,0.0102086141003035,0.0052786978470007,0.0052786978470007,0.04276315789473684
only_rays_size_28_,filenames_in_cluster_test KMeans test nclus 9,2,18,0.0168308977123955,0.0113205416083974,0.00918288043111,0.05263157894736842
only_rays_size_28_,filenames_in_cluster_test KMeans test nclus 9,5,3,0.0312216062129389,0.0198793213947481,0.0199198819624991,0.07236842105263158
