subdir,file,cluster,size,28all_distances_scaled_to_max_trajs_distances_offset,28all_distances_scaled_to_max_trajs_distances_offset x,28all_distances_scaled_to_max_trajs_distances_offset y,28all_nums_scaled_to_max_trajs_num_intersections_offset
only_rays_size_28_,filenames_in_cluster_test KMeans test nclus 6,0,217,0.02374683665569357,0.05918595038579246,0.03255558683663231,inf
only_rays_size_28_,filenames_in_cluster_test KMeans test nclus 6,5,173,0.0317557654241262,0.02862149318773307,0.04347552738857768,0.12362591466470647
only_rays_size_28_,filenames_in_cluster_test KMeans test nclus 6,1,77,0.08411164765432261,0.07103270136650025,0.046825188182330106,0.07731067633665037
only_rays_size_28_,filenames_in_cluster_test KMeans test nclus 6,2,73,0.03510230032381126,0.03400252515140037,0.03792942407588071,0.06706490690352578
only_rays_size_28_,filenames_in_cluster_test KMeans test nclus 6,3,53,0.06451458787609961,0.05058677062922353,0.06086091598713432,0.09060163759344958
only_rays_size_28_,filenames_in_cluster_test KMeans test nclus 6,4,13,0.11734792199820025,0.11310359313600565,0.1013367921076297,0.09485946745562127
