subdir,file,cluster,size,28all_distances_scaled_to_max_trajs_distances_offset,28all_distances_scaled_to_max_trajs_distances_offset x,28all_distances_scaled_to_max_trajs_distances_offset y,28all_nums_scaled_to_max_trajs_num_intersections_offset
only_rays_size_28_,filenames_in_cluster_test KMeans test nclus 6,0,217,0.010921279915258285,0.006652150274092251,0.007300029510848873,0.026315789473684133
only_rays_size_28_,filenames_in_cluster_test KMeans test nclus 6,5,173,0.011544673518570327,0.007725056974326894,0.006995505204466405,0.02255095832065722
only_rays_size_28_,filenames_in_cluster_test KMeans test nclus 6,1,77,0.012483369706541592,0.007952864499145864,0.008011150375062413,0.03780758714969241
only_rays_size_28_,filenames_in_cluster_test KMeans test nclus 6,2,73,0.018984339134915266,0.012459130912772861,0.011750983411711305,0.047674837779379954
only_rays_size_28_,filenames_in_cluster_test KMeans test nclus 6,3,53,0.014051582763628742,0.009296779938857054,0.008647087933351272,0.03115690168818272
only_rays_size_28_,filenames_in_cluster_test KMeans test nclus 6,4,13,0.0253928011554045,0.016760333027760452,0.01566767509244219,0.06933198380566802
