window_size,vehicle,ride,start,offset,offset x,offset y,scale,scale x,scale y,no scale,no scale x,no scale y,only offset,only offset x,only offset y,
20,Vehicle_17,9568608,0,0.0132954130878584,0.008285150131488497,0.00843036510498669,0.013249513048264647,0.00821731527195858,0.008469769369827136,0.001161153865330709,0.0006972057145161512,0.0006826823760197511,0.0015399800678247838,0.0009652222429090209,0.0009652222429090212,
20,Vehicle_17,9568608,20,0.018124490868492837,0.011586583751468947,0.011482947471598514,0.017994396661294234,0.01155708461938093,0.011275984307793531,0.0006226301021710905,0.00037425728469222234,0.0003915982791710497,0.000925925925925926,0.0006547619705430202,0.0005116572689470452,
20,Vehicle_17,9568608,40,0.011387085953260047,0.007912850554804066,0.006516242795259819,0.011076147782864502,0.007870613230297455,0.006109927413353036,0.0008100592263623851,0.0005823253744162351,0.000389029063881045,0.00130937944326651,0.0009319288526186483,0.0007378257969282136,
