window_size,vehicle,ride,start,scale,scale x,scale y,offset,offset x,offset y,no scale,no scale x,no scale y,only offset,only offset x,only offset y,
20,Vehicle_4,9471375,0,0.008145324829198228,0.004320700549131773,0.0063096302227589945,0.01000037711682721,0.005463642158738087,0.007426269381969782,0.00023576304320049787,0.00016670964660024933,0.00016670964660024865,0.001562143641804652,0.00107920161253236,0.0008842465183839555,
20,Vehicle_4,9471375,20,0.008193055963186684,0.004465525902356739,0.00619336866938251,0.010087646931838149,0.0055590839007892655,0.007418097454906529,0.00023575083237214697,0.0001667010122407192,0.00016670101224071712,0.0015624573106012543,0.001079523848484276,0.0008842379512286405,
20,Vehicle_4,9471375,40,0.008658480252156361,0.0047804599915132915,0.006491788131269218,0.010087610074013913,0.005555990149795438,0.007421154348095038,0.00023567406536410725,0.00016664672976876295,0.00016664672976876086,0.0014649424374651996,0.000982031181968246,0.0008842157446086157,
