window_size,vehicle,ride,start,scale,scale x,scale y,offset,offset x,offset y,no scale,no scale x,no scale y,only offset,only offset x,only offset y,
20,Vehicle_10,8919796,0,0.010215538784251368,0.005563520486971368,0.006578947368421052,0.011230965665700946,0.006578947368421052,0.006578947368421052,0.0,0.0,0.0,0.006578947368421052,0.003289473684210526,0.003289473684210526,
20,Vehicle_10,8919796,20,0.010215538784251368,0.005563520486971368,0.006578947368421052,0.011230965665700946,0.006578947368421052,0.006578947368421052,0.0,0.0,0.0,0.006578947368421052,0.003289473684210526,0.003289473684210526,
20,Vehicle_10,8919796,40,0.010215538784251368,0.005563520486971368,0.006578947368421052,0.011230965665700946,0.006578947368421052,0.006578947368421052,0.0,0.0,0.0,0.006578947368421052,0.003289473684210526,0.003289473684210526,
20,Vehicle_10,8919796,60,0.010215538784251368,0.005563520486971368,0.006578947368421052,0.011230965665700946,0.006578947368421052,0.006578947368421052,0.0,0.0,0.0,0.006578947368421052,0.003289473684210526,0.003289473684210526,
20,Vehicle_10,8919796,80,0.010215538784251368,0.005563520486971368,0.006578947368421052,0.011230965665700946,0.006578947368421052,0.006578947368421052,0.0,0.0,0.0,0.006578947368421052,0.003289473684210526,0.003289473684210526,
20,Vehicle_10,8919796,100,0.010215538784251368,0.005563520486971368,0.006578947368421052,0.011230965665700946,0.006578947368421052,0.006578947368421052,0.0,0.0,0.0,0.006578947368421052,0.003289473684210526,0.003289473684210526,
20,Vehicle_10,8919796,120,0.010215538784251368,0.005563520486971368,0.006578947368421052,0.011230965665700946,0.006578947368421052,0.006578947368421052,0.0,0.0,0.0,0.006578947368421052,0.003289473684210526,0.003289473684210526,
