window_size,vehicle,ride,start,scale,scale x,scale y,offset,offset x,offset y,no scale,no scale x,no scale y,only offset,only offset x,only offset y,
20,Vehicle_10,8919796,0,0.007944076930927522,0.0035246595485115993,0.006250000000000001,0.008526258204810625,0.0041068408223947014,0.00625,0.007944076930927522,0.0035246595485115993,0.006250000000000001,0.008526258204810625,0.0041068408223947014,0.00625,
20,Vehicle_10,8919796,20,0.010669417382415922,0.00625,0.00625,0.010669417382415922,0.00625,0.00625,0.010669417382415922,0.00625,0.00625,0.010669417382415922,0.00625,0.00625,
20,Vehicle_10,8919796,40,0.014716240633222837,0.00907448863635447,0.009302917232036528,0.006675724200606923,0.005381306818191001,0.0031250000000000006,0.014716240633222837,0.00907448863635447,0.009302917232036528,0.006675724200606923,0.005381306818191001,0.0031250000000000006,
20,Vehicle_10,8919796,60,0.010669417382415922,0.00625,0.00625,0.010669417382415922,0.00625,0.00625,0.010669417382415922,0.00625,0.00625,0.010669417382415922,0.00625,0.00625,
20,Vehicle_10,8919796,80,0.010200160694054246,0.00625,0.005780743311638325,0.01066941738241592,0.00625,0.00625,0.010200160694054246,0.00625,0.005780743311638325,0.01066941738241592,0.00625,0.00625,
20,Vehicle_10,8919796,100,0.006795774856566704,0.005501357474150781,0.003125,0.009101706797005572,0.004682289414589648,0.00625,0.006795774856566704,0.005501357474150781,0.003125,0.009101706797005572,0.004682289414589648,0.00625,
20,Vehicle_10,8919796,120,0.010669417382415922,0.00625,0.00625,0.009464404528909412,0.005044987146493489,0.00625,0.010669417382415922,0.00625,0.00625,0.009464404528909412,0.005044987146493489,0.00625,
