window_size,vehicle,ride,start,scale,scale x,scale y,offset,offset x,offset y,no scale,no scale x,no scale y,only offset,only offset x,only offset y,
20,Vehicle_16,8874226,0,0.011505152643994225,0.006774241408422259,0.007716833669114765,0.01181119370026116,0.007153326490189374,0.007795565976242788,0.00020236235749539582,0.00011566175034706384,0.000119333148172838,0.0015,0.0009914731879281172,0.0009361652524074987,
20,Vehicle_16,8874226,20,0.01240558348725434,0.007654271232748291,0.007848834712468191,0.012601822930242122,0.007758505180733293,0.008021888654095807,0.0003249389188375481,0.0002341962972452336,0.00015456112499058751,0.00125,0.0007892189393343805,0.0007892189393343806,
20,Vehicle_16,8874226,40,0.012229794932299226,0.007224445833565252,0.008239482900176733,0.01246092105769581,0.00753089272112805,0.008245352340270264,0.0010279144021113186,0.000578727860300822,0.0006019514470719768,0.0022376883405951374,0.0013345558141318666,0.0015398107543718926,
20,Vehicle_16,8874226,60,0.013118703934538359,0.007305079713328699,0.00935318200386689,0.014314715246080143,0.008176157928756637,0.010080118718090418,0.0008921534234930469,0.00043945547015785904,0.0006274819388417612,0.002123461042574392,0.0015585614669724592,0.001130986279532472,
20,Vehicle_16,8874226,80,0.034721197462786756,0.02117267227221272,0.023066550977564007,0.03452592690425879,0.021149887208644257,0.0227009235564639,0.0016598527111196272,0.0011985853137504961,0.000884459676078269,0.00325,0.001876111596872175,0.002244583380633155,
20,Vehicle_16,8874226,100,0.012345188821931655,0.007558186108394607,0.007901518268613643,0.012131847715493051,0.007384126138108483,0.007753608563062803,0.0011132851369313882,0.0006768480428709642,0.000612400907104569,0.0024846104257439223,0.0015784378786687608,0.0015784378786687608,
20,Vehicle_16,8874226,120,0.011185002082074583,0.006571747652522089,0.007455517818336175,0.011865152063706825,0.007135290624048061,0.007851415032812885,0.0005383176296959833,0.0003077023544014153,0.00032516687651333874,0.00125,0.0007892189393343804,0.0007892189393343805,
20,Vehicle_16,8874226,140,0.010607331060318012,0.005919172016192352,0.007434736358199072,0.01071049187965086,0.0059592592446899946,0.007634064071232069,0.00020188858541976207,0.0001151550932451371,0.00011937841052848185,0.00125,0.0007892189393343804,0.0007892189393343805,
