window_size,vehicle,ride,start,scale,scale x,scale y,offset,offset x,offset y,no scale,no scale x,no scale y,only offset,only offset x,only offset y,
20,Vehicle_16,8874226,0,0.011505152643994225,0.0067742414084222555,0.00771683366911476,0.011882940247049674,0.007153326490189378,0.007867312523031291,0.0,0.0,0.0,0.0015,0.0009914731879281172,0.0009361652524074987,
20,Vehicle_16,8874226,20,0.012412252014332647,0.007692640125292221,0.007817134347002559,0.012606061894898348,0.007794444510855144,0.007990188288630169,0.0,0.0,0.0,0.00125,0.0007892189393343803,0.0007892189393343805,
20,Vehicle_16,8874226,40,0.012183392124932987,0.007224445833565251,0.008193080092810504,0.012179323828427792,0.007345573130624763,0.008112463049153853,0.0,0.0,0.0,0.00125,0.0007892189393343804,0.0007892189393343805,
20,Vehicle_16,8874226,60,0.012930335355291207,0.007305079713328703,0.009164813424619745,0.014197105435220642,0.008214858885960812,0.009923807950026741,0.0,0.0,0.0,0.002,0.0015025113265557458,0.0010209816851155912,
20,Vehicle_16,8874226,80,0.03464408183804813,0.021190793321413746,0.02297131430362441,0.03440307524098816,0.021131705759005706,0.02259625334283183,0.0,0.0,0.0,0.00325,0.0018761115968721751,0.0022445833806331553,
20,Vehicle_16,8874226,100,0.012192774348396749,0.007489634019405223,0.007817655884068115,0.012123615263171617,0.0074538835871113115,0.007675618661738548,0.0,0.0,0.0,0.00125,0.0007892189393343803,0.0007892189393343806,
20,Vehicle_16,8874226,120,0.011215063071597248,0.006571747652522091,0.00748557880785885,0.011868901142248742,0.007092514241663538,0.00789794049373931,0.0,0.0,0.0,0.00125,0.0007892189393343805,0.0007892189393343805,
20,Vehicle_16,8874226,140,0.01050649172928298,0.005894295050911807,0.007358773992444574,0.010730308833190386,0.005959259244689993,0.0076538810247716044,0.0,0.0,0.0,0.0012500000000000002,0.0007892189393343803,0.0007892189393343805,
