window_size,vehicle,ride,start,scale,scale x,scale y,offset,offset x,offset y,no scale,no scale x,no scale y,only offset,only offset x,only offset y,
20,Vehicle_12,8478762,0,0.01213098351066316,0.007468525862515529,0.0077247107067035655,0.012058622656178521,0.007390698352719195,0.007671566182201741,0.0002018554579379639,0.00011647700108456854,0.00011751336441074152,0.0012500000000000002,0.0007892189393343805,0.0007892189393343806,
20,Vehicle_12,8478762,20,0.01218882930043101,0.007813810915720469,0.0074377389445007425,0.01222434531076415,0.007739489953572809,0.00748806534317881,0.0003238479569182464,0.00023383999253608656,0.00015371846858670818,0.0012500000000000002,0.0007892189393343804,0.0007892189393343806,
20,Vehicle_12,8478762,40,0.010383717650066087,0.006956319408898938,0.006016032224034978,0.012449062534104336,0.00838883774110497,0.007397529096440066,0.00044999244660391723,0.0003699567690719934,0.00017465967445927228,0.0015,0.000827846063631249,0.0010331010038712746,
20,Vehicle_12,8478762,60,0.010528266324694061,0.0059067540213596816,0.007368739717504014,0.011084334692474669,0.0063637825114273095,0.007628498396169156,0.0011126859252466835,0.0006563716325435566,0.0006371857351344211,0.0024846104257439227,0.001373182938428735,0.0017836928189087864,
