window_size,vehicle,ride,start,offset,offset x,offset y,scale,scale x,scale y,no scale,no scale x,no scale y,only offset,only offset x,only offset y,
20,Vehicle_17,8694095,0,0.009612052851173095,0.005334708691207962,0.006893133370663945,0.008674366736742437,0.004191538328086214,0.006916306735201191,0.0,0.0,0.0,0.003125,0.0018861043456039803,0.0018861043456039803,
20,Vehicle_17,8694095,20,0.01373024374318989,0.008905760245461044,0.008325357860537848,0.012344702752384402,0.00765880131288552,0.00814055493604356,0.0,0.0,0.0,0.0046875,0.0034486043456039804,0.0018861043456039808,
20,Vehicle_17,8694095,40,0.013947462597931008,0.008858703856047579,0.008717520900854436,0.012813167280719642,0.007978437252085833,0.008076368952317265,0.0009430126313907846,0.000666810626400994,0.0006668106264009939,0.00390625,0.0026673543456039806,0.0018861043456039808,
20,Vehicle_17,8694095,60,0.011393409180810546,0.006668385864009952,0.007783355103554502,0.011586805937553226,0.007122225487151153,0.007364499351968087,0.0009430005761040524,0.0006668021020259966,0.0006668021020259965,0.003125,0.0018861043456039803,0.0018861043456039808,
20,Vehicle_17,8694095,80,0.011547240371837596,0.00689720869120796,0.007265820891328446,0.009720495713945183,0.004743099753426567,0.007934609255470395,0.0018860130784105027,0.0013336126371505824,0.0013336126371505824,0.0046875,0.0034486043456039813,0.0018861043456039808,
20,Vehicle_17,8694095,100,0.009944976195548948,0.005320181095529718,0.007240584310718046,0.00891169933553616,0.004141580737000971,0.0073803436475578885,0.0009430401913703321,0.0006668301142494213,0.0006668301142494212,0.003125,0.0018861043456039808,0.0018861043456039808,
