subdir,file,cluster,size,28all_distances_scaled_to_max_trajs_distances_offset,28all_distances_scaled_to_max_trajs_distances_offset x,28all_distances_scaled_to_max_trajs_distances_offset y,28all_nums_scaled_to_max_trajs_num_intersections_offset
only_rays_heading_size_28_,filenames_in_cluster_train KMeans test nclus 6,0,315,0.009913543674783,0.0050873713163884,0.0050873713163884,0.02631578947368421
only_rays_heading_size_28_,filenames_in_cluster_train KMeans test nclus 6,5,250,0.0099561523556057,0.0050873713163884,0.0050873713163884,0.019736842105263157
only_rays_heading_size_28_,filenames_in_cluster_train KMeans test nclus 6,2,97,0.0103146871001729,0.0053424733572047,0.0068532431067569,0.039473684210526314
only_rays_heading_size_28_,filenames_in_cluster_train KMeans test nclus 6,3,66,0.0100493850647298,0.0052231838241973,0.0051511468265925,0.023026315789473683
only_rays_heading_size_28_,filenames_in_cluster_train KMeans test nclus 6,1,99,0.0100787010877895,0.0051511468265925,0.0051511468265925,0.03289473684210526
only_rays_heading_size_28_,filenames_in_cluster_train KMeans test nclus 6,4,33,0.0142840760528773,0.0081596959768286,0.008086596239929,0.05592105263157895
