subdir,file,cluster,size,28all_distances_scaled_to_max_trajs_distances_offset,28all_distances_scaled_to_max_trajs_distances_offset x,28all_distances_scaled_to_max_trajs_distances_offset y,28all_nums_scaled_to_max_trajs_num_intersections_offset
only_rays_heading_size_28_,filenames_in_cluster_test KMeans test nclus 7,1,217,0.02374683665569357,0.05918595038579246,0.03255558683663231,inf
only_rays_heading_size_28_,filenames_in_cluster_test KMeans test nclus 7,6,173,0.0317557654241262,0.02862149318773307,0.04347552738857768,0.12362591466470647
only_rays_heading_size_28_,filenames_in_cluster_test KMeans test nclus 7,5,66,0.09274239222562211,0.06990457127163556,0.06257894368005279,0.1012141618202224
only_rays_heading_size_28_,filenames_in_cluster_test KMeans test nclus 7,2,70,0.039277323432836755,0.03536516883490588,0.0399510288515461,0.06994897959183673
only_rays_heading_size_28_,filenames_in_cluster_test KMeans test nclus 7,3,53,0.06451458787609961,0.05058677062922353,0.06086091598713432,0.09060163759344958
only_rays_heading_size_28_,filenames_in_cluster_test KMeans test nclus 7,4,24,0.05543631024137795,0.05215637311437919,0.07013171907516556,0.07769097222222225
only_rays_heading_size_28_,filenames_in_cluster_test KMeans test nclus 7,0,3,0.17836620290496874,0.16973130004597065,0.1974583055746776,0.1805555555555556
