subdir,file,cluster,size,28all_distances_scaled_to_max_trajs_distances_offset,28all_distances_scaled_to_max_trajs_distances_offset x,28all_distances_scaled_to_max_trajs_distances_offset y,28all_nums_scaled_to_max_trajs_num_intersections_offset
only_rays_heading_size_28_,filenames_in_cluster_train KMeans test nclus 9,8,315,0.03385676791464826,0.043663220001823703,0.0401553892317268,nan
only_rays_heading_size_28_,filenames_in_cluster_train KMeans test nclus 9,1,249,0.02850027210278271,0.02433842922199233,0.04116165226214686,0.14548152449154048
only_rays_heading_size_28_,filenames_in_cluster_train KMeans test nclus 9,4,51,0.05794162490110743,0.0506903305276139,0.05639304735651317,0.0769857747020377
only_rays_heading_size_28_,filenames_in_cluster_train KMeans test nclus 9,0,54,0.05997304124487078,0.03807541565879426,0.06903971298473356,0.04271452522481328
only_rays_heading_size_28_,filenames_in_cluster_train KMeans test nclus 9,6,73,0.07612924486394976,0.05659135203889358,0.0815300229580998,0.07210024811826267
only_rays_heading_size_28_,filenames_in_cluster_train KMeans test nclus 9,3,36,0.036591050051051725,0.042131669762243085,0.027638234367862245,0.22743055555555558
only_rays_heading_size_28_,filenames_in_cluster_train KMeans test nclus 9,7,39,0.07058461447355598,0.04423026393079217,0.055308593139203416,0.09630506245890864
only_rays_heading_size_28_,filenames_in_cluster_train KMeans test nclus 9,2,33,0.051528567892019914,0.05070933017447747,0.045005600519276774,0.0591425619834711
only_rays_heading_size_28_,filenames_in_cluster_train KMeans test nclus 9,5,10,0.07126128313001953,0.06909202482748275,0.07436965503566667,0.12049382716049381
