window_size,vehicle,ride,start,scale,scale x,scale y,offset,offset x,offset y,no scale,no scale x,no scale y,only offset,only offset x,only offset y,
20,Vehicle_9,8936382,0,0.009709492053339541,0.005007891135534685,0.007309559409886226,0.010120683325392914,0.005131668431462537,0.007811167988888637,0.00036800336295847664,0.00016642152536533374,0.00029906931008133735,0.0015625,0.0009819022445558298,0.0009819022445558298,
20,Vehicle_9,8936382,20,0.010394343856076928,0.005344892459684892,0.008043886294821325,0.011466402127092898,0.006365163188659594,0.008293081096471385,0.0022160869263296596,0.0013704033124602108,0.001679563991226187,0.0017578124999999996,0.00117721474455583,0.0009819022445558298,
20,Vehicle_9,8936382,40,0.009645995906126515,0.0048593837320174095,0.007393733723619187,0.01037989741264865,0.005507426152656144,0.007762005683870651,0.0008550599119259681,0.00026117205682543016,0.0007955981976779122,0.0015625,0.0009819022445558298,0.0009819022445558298,
20,Vehicle_9,8936382,60,0.00983086536120206,0.007182378418405955,0.005274959187028441,0.009881916510172657,0.0075724011736683725,0.005131668431462534,0.0005892201157455774,0.0004828766136275862,0.0002896871902524284,0.0015625,0.0009819022445558296,0.0009819022445558298,
20,Vehicle_9,8936382,80,0.019880549644544908,0.012886998446169832,0.012415533701178195,0.019681365435290893,0.012936871554466411,0.012284094487478064,0.00023432304970340067,0.00016569141743358706,0.00016569141743358703,0.002734375,0.0019524255665445442,0.0015457083399249357,
20,Vehicle_9,8936382,100,0.0092494303229896,0.00457498462268955,0.007150522321911749,0.010009121408647235,0.005131668431462536,0.007699606072142946,0.0015342119376266807,0.0005231019679213967,0.001385756280713697,0.002711857750472536,0.0013442376114077472,0.002051969701337159,
20,Vehicle_9,8936382,120,0.01733100052090401,0.009991164178501662,0.012101640423092919,0.017407731876074983,0.009853135367330254,0.01226958357118862,0.0008149159302399888,0.00041336672708188447,0.0006711334346560151,0.001953125,0.0013427926869430513,0.001131387960323443,
