window_size,vehicle,ride,start,scale,scale x,scale y,offset,offset x,offset y,no scale,no scale x,no scale y,only offset,only offset x,only offset y,
20,Vehicle_16,8874226,0,0.0072784585147571725,0.0037192841881062456,0.005389756944327524,0.008780357982614895,0.004360940600179812,0.006250000000092518,0.0,0.0,0.0,0.003124872927827338,0.0015624216257440148,0.001562451302083323,
20,Vehicle_16,8874226,20,0.008340915660314457,0.0050834529277303964,0.00508804535015563,0.008490034848081052,0.0051526442308445315,0.005167973234808091,0.0,0.0,0.0,0.003125245860541093,0.0015626209375000256,0.001562624923041067,
20,Vehicle_16,8874226,40,0.00792850285358519,0.00576744552547696,0.003991639945763167,0.006920217363514141,0.004260532259009567,0.004490267722111124,0.0,0.0,0.0,0.003124511001705166,0.0015621655134716804,0.0015623454882334852,
20,Vehicle_16,8874226,60,0.005268292948811896,0.0031249999999999997,0.003973875566400541,0.00703726215848446,0.004092523930098314,0.004775320846026154,0.0,0.0,0.0,0.003124639006911589,0.0015620764960334265,0.0015625625108781848,
20,Vehicle_16,8874226,80,0.026242919619003796,0.016952557387628193,0.016612692701881242,0.02885953199935529,0.01879358291589833,0.018303570862594473,0.0,0.0,0.0,0.007812911677091328,0.0031255701594351537,0.004687341517656174,
20,Vehicle_16,8874226,100,0.007307820029277446,0.004557636199563162,0.004580766447302727,0.007629152848557334,0.00473215693831884,0.004727578527826938,0.0,0.0,0.0,0.0031250631279222786,0.001562533269419053,0.0015625298585032255,
20,Vehicle_16,8874226,120,0.006281457546294307,0.003943992363478121,0.0041680478004002645,0.008999076967828055,0.00625,0.004579659585446147,0.0,0.0,0.0,0.0031248779633509917,0.0015624277424863386,0.001562450220864653,
20,Vehicle_16,8874226,140,0.005484283814726426,0.003377596112316348,0.0039372703200046995,0.0073768319955117186,0.004577050907970343,0.004630363705114911,0.0,0.0,0.0,0.003124948316666698,0.0015624659375000239,0.0015624823791666742,
