window_size,vehicle,ride,start,scale,scale x,scale y,offset,offset x,offset y,no scale,no scale x,no scale y,only offset,only offset x,only offset y,
20,Vehicle_16,8874226,0,0.01007513319443636,0.005655715812020437,0.006250000000000001,0.010669417382415922,0.00625,0.006250000000000001,0.01007513319443636,0.005655715812020437,0.006250000000000001,0.010669417382415922,0.00625,0.006250000000000001,
20,Vehicle_16,8874226,20,0.00950746273260825,0.00625,0.00508804535019233,0.009587390617239362,0.00625,0.0051679732348234395,0.00950746273260825,0.00625,0.00508804535019233,0.009587390617239362,0.00625,0.0051679732348234395,
20,Vehicle_16,8874226,40,0.008026971856957317,0.0036075544745413956,0.006250000000000003,0.012879126073623884,0.0078125,0.007812500000000002,0.008026971856957317,0.0036075544745413956,0.006250000000000003,0.012879126073623884,0.0078125,0.007812500000000002,
20,Vehicle_16,8874226,60,0.007544417382415921,0.003125,0.00625,0.009701893452311677,0.005282476069895755,0.00625,0.007544417382415921,0.003125,0.00625,0.009701893452311677,0.005282476069895755,0.00625,
20,Vehicle_16,8874226,80,0.030754822301529743,0.01857333423615808,0.019503818535707974,0.032290035575735725,0.018654320151673474,0.020958045894398557,0.030754822301529743,0.01857333423615808,0.019503818535707974,0.032290035575735725,0.018654320151673474,0.020958045894398557,
20,Vehicle_16,8874226,100,0.010669417382415922,0.00625,0.006250000000000001,0.010669417382415922,0.00625,0.00625,0.010669417382415922,0.00625,0.006250000000000001,0.010669417382415922,0.00625,0.00625,
20,Vehicle_16,8874226,120,0.010669417382415922,0.00625,0.00625,0.010669417382415922,0.00625,0.00625,0.010669417382415922,0.00625,0.00625,0.010669417382415922,0.00625,0.00625,
20,Vehicle_16,8874226,140,0.010669417382415922,0.00625,0.006250000000000001,0.010669417382415922,0.00625,0.00625,0.010669417382415922,0.00625,0.006250000000000001,0.010669417382415922,0.00625,0.00625,
