window_size,vehicle,ride,start,scale,scale x,scale y,offset,offset x,offset y,no scale,no scale x,no scale y,only offset,only offset x,only offset y,
20,Vehicle_17,9513246,0,0.010210038310291493,0.005384403372386527,0.007602207011389781,0.010023451757844823,0.005183403899401218,0.007608370013026333,0.010210038310291493,0.005384403372386527,0.007602207011389781,0.010023451757844823,0.005183403899401218,0.007608370013026333,
20,Vehicle_17,9513246,20,0.010189486096321594,0.005003624758530517,0.007716985784699336,0.011980235385640846,0.006745903899401218,0.00837353848367717,0.010189486096321594,0.005003624758530517,0.007716985784699336,0.011980235385640846,0.006745903899401218,0.00837353848367717,
20,Vehicle_17,9513246,40,0.011330258496108211,0.006426868759996328,0.007947842851245154,0.011555799330593445,0.006674246058412915,0.008169064755472567,0.011330258496108211,0.006426868759996328,0.007947842851245154,0.011555799330593445,0.006674246058412915,0.008169064755472567,
20,Vehicle_17,9513246,60,0.008464119197220319,0.0038120926744083473,0.00693048692349159,0.010050796687183098,0.005183403899401218,0.0076357149423646,0.008464119197220319,0.0038120926744083473,0.00693048692349159,0.010050796687183098,0.005183403899401218,0.0076357149423646,
20,Vehicle_17,9513246,80,0.011844807474349989,0.006732493913413796,0.008361705865834483,0.010975409270367466,0.006005790101259391,0.008202257447017443,0.011844807474349989,0.006732493913413796,0.008361705865834483,0.010975409270367466,0.006005790101259391,0.008202257447017443,
