window_size,vehicle,ride,start,scale,scale x,scale y,offset,offset x,offset y,no scale,no scale x,no scale y,only offset,only offset x,only offset y,
20,Vehicle_17,9513246,0,0.008994261594819235,0.0051853401184679,0.006585493549843542,0.009655899815682913,0.005092883940722985,0.007331338029545388,0.0006705327580847301,0.00041057421732263333,0.00041065733924169716,0.0017362023735795456,0.0011223097932530845,0.0011222611966937362,
20,Vehicle_17,9513246,20,0.008797625465773192,0.005003624758537517,0.006325125154148881,0.010498905305044147,0.005812954397925935,0.00782515790456008,0.0010060081284595716,0.0004974624664016941,0.000734640829507417,0.0020828064421163878,0.001468955842460472,0.0011222192160231916,
20,Vehicle_17,9513246,40,0.009518697913873895,0.005616058221317655,0.006708394821275917,0.011031689102613,0.0065104390496987215,0.007808761536205929,0.000670585209846567,0.00041062561528081915,0.00041067018130981717,0.0024305662854005186,0.001723652162878908,0.0014694670470725246,
20,Vehicle_17,9513246,60,0.007841272913735715,0.00425078585277662,0.006009890455161851,0.009271502929507644,0.00492966839719513,0.007110156686897914,0.0006706861351110075,0.00041069524267988404,0.0004107241616107673,0.0017360056360197723,0.0011221418395591283,0.0011222324128279196,
20,Vehicle_17,9513246,80,0.009461890197419779,0.00553748926171871,0.006602971698186472,0.011265084369426472,0.006291529824563876,0.00820619282280551,0.0006706873943212604,0.00041069822062673734,0.0004107227258752147,0.0017360950716954016,0.0011222153748503068,0.001122248313212373,
