subdir,file,cluster,size,all_feats_scaled_to_max_max_x,all_feats_scaled_to_max_max_y,all_feats_scaled_to_max_surf_trapz_x,all_feats_scaled_to_max_surf_trapz_y,all_feats_scaled_to_max_surf_simpson_x,all_feats_scaled_to_max_surf_simpson_y,all_feats_scaled_to_max_x_poly_1,all_feats_scaled_to_max_x_poly_2,all_feats_scaled_to_max_x_poly_3,all_feats_scaled_to_max_x_poly_4,all_feats_scaled_to_max_x_poly_5,all_feats_scaled_to_max_x_poly_6,all_feats_scaled_to_max_y_poly_1,all_feats_scaled_to_max_y_poly_2,all_feats_scaled_to_max_y_poly_3,all_feats_scaled_to_max_y_poly_4,all_feats_scaled_to_max_y_poly_5,all_feats_scaled_to_max_y_poly_6,all_feats_scaled_to_max_duration,all_feats_scaled_to_max_len,all_feats_scaled_to_max_offset,all_feats_scaled_to_max_mean_speed_len,all_feats_scaled_to_max_mean_speed_offset,all_feats_scaled_to_max_len_vs_offset,all_feats_scaled_to_max_total_surf,all_feats_scaled_to_max_monotonous
no_rays_poly_no_same_no_xy,filenames_in_cluster_test DBSCAN test nclus 5,0,602,0.01491546474786827,0.0489882045112558,0.017944124919689,0.05411467126783498,0.01827708176598883,0.02331887068599569,0.01112283078539535,0.011101895907829567,0.010247279953715402,0.010677675982648635,0.013273585241681412,0.01658869411968628,0.01088447580850265,0.011478630497410859,0.012733460019029119,0.010396214428492133,0.019394781529844637,0.007382851686868562,0.023706772570339846,0.032932374629498315,0.03096588176891032,0.03217463241996242,0.030194670562694103,0.012451728302282493,0.010852522333517394,0.12253482608114458
no_rays_poly_no_same_no_xy,filenames_in_cluster_test DBSCAN test nclus 5,-1,4,0.1938164553229061,0.16908927386761613,0.16150162851014518,0.16300794616402098,0.16152990977101434,0.1630648323878196,0.1748416797284581,0.17685390271257298,0.18164322261564242,0.18096471289194133,0.15315181638370112,0.15311108667199488,0.1438493942287757,0.13613036342270565,0.16110126570978334,0.12656708817942694,0.1449490048860461,0.17902517848107552,0.16732160438280066,0.16142201539808512,0.17635512910411247,0.16328447368473203,0.17703586966836432,0.1794229377591045,0.16922789448077952,nan
