subdir,file,cluster,size,all_feats_scaled_to_max_max_x,all_feats_scaled_to_max_max_y,all_feats_scaled_to_max_surf_trapz_x,all_feats_scaled_to_max_surf_trapz_y,all_feats_scaled_to_max_surf_simpson_x,all_feats_scaled_to_max_surf_simpson_y,all_feats_scaled_to_max_x_poly_1,all_feats_scaled_to_max_x_poly_2,all_feats_scaled_to_max_x_poly_3,all_feats_scaled_to_max_x_poly_4,all_feats_scaled_to_max_x_poly_5,all_feats_scaled_to_max_x_poly_6,all_feats_scaled_to_max_y_poly_1,all_feats_scaled_to_max_y_poly_2,all_feats_scaled_to_max_y_poly_3,all_feats_scaled_to_max_y_poly_4,all_feats_scaled_to_max_y_poly_5,all_feats_scaled_to_max_y_poly_6,all_feats_scaled_to_max_duration,all_feats_scaled_to_max_len,all_feats_scaled_to_max_offset,all_feats_scaled_to_max_mean_speed_len,all_feats_scaled_to_max_mean_speed_offset,all_feats_scaled_to_max_len_vs_offset,all_feats_scaled_to_max_total_surf,all_feats_scaled_to_max_monotonous
no_rays_poly_no_same_no_xy,filenames_in_cluster_train DBSCAN test nclus 3,0,858,0.0056697927084935415,0.011026900462775291,0.5746126762989439,1.0867745713558181,0.5992221755976005,1.0895662336847673,1.0112649647074099e-13,2.4662580000051503e-10,7.391990060176377e-08,3.7588240796928964e-06,5.237807062530919e-05,6.560115618186793e-05,8.771067585699072e-14,2.070630183278905e-10,5.980872456624703e-08,2.9390978880144223e-06,6.239572411189115e-05,0.00010822741645038289,0.3725652617113725,0.012290003771543986,0.012179998564490382,3.2876697709796766e-05,3.267376920420073e-05,1.1436371210128713,8.695471846620817e-06,1.2085948239794395
no_rays_poly_no_same_no_xy,filenames_in_cluster_train DBSCAN test nclus 3,-1,2,4.356000008017686e-07,0.0021150800999924623,0.0048857537556974,0.24714746270026522,0.004899651816909462,0.2478863172331874,7.07949418736691e-14,5.755794220778931e-10,3.719653937267387e-07,2.864747486066173e-05,0.0001351297051097443,6.006056628948705e-08,2.5036950250437174e-13,3.417094288667666e-10,2.3217813097966785e-08,5.877700220470593e-08,5.114038419911763e-06,0.00011153824361790959,0.0156250298023366,0.006335413000145236,6.899328847187521e-08,1.6814903389398903e-05,1.0236794802609425e-10,49.068413067364276,2.0670612269326653e-06,0.0
