subdir,file,cluster,size,all_feats_scaled_to_max_max_x,all_feats_scaled_to_max_max_y,all_feats_scaled_to_max_surf_trapz_x,all_feats_scaled_to_max_surf_trapz_y,all_feats_scaled_to_max_surf_simpson_x,all_feats_scaled_to_max_surf_simpson_y,all_feats_scaled_to_max_x_poly_1,all_feats_scaled_to_max_x_poly_2,all_feats_scaled_to_max_x_poly_3,all_feats_scaled_to_max_x_poly_4,all_feats_scaled_to_max_x_poly_5,all_feats_scaled_to_max_x_poly_6,all_feats_scaled_to_max_y_poly_1,all_feats_scaled_to_max_y_poly_2,all_feats_scaled_to_max_y_poly_3,all_feats_scaled_to_max_y_poly_4,all_feats_scaled_to_max_y_poly_5,all_feats_scaled_to_max_y_poly_6,all_feats_scaled_to_max_duration,all_feats_scaled_to_max_len,all_feats_scaled_to_max_offset,all_feats_scaled_to_max_mean_speed_len,all_feats_scaled_to_max_mean_speed_offset,all_feats_scaled_to_max_len_vs_offset,all_feats_scaled_to_max_total_surf,all_feats_scaled_to_max_monotonous
no_rays_poly_no_same_no_xy,filenames_in_cluster_test KMeans test nclus 2,1,413,0.0023200000015322,0.0010000000003174,0.020738419843504,0.0092898800148262,0.0203371554111052,0.0092062012050348,-1.6824436597902608e-06,-9.203919772230056e-05,-0.0010938533841178,-0.0109509881674924,-0.024369436245691,-0.0045147637307298,-1.7604526738197933e-06,-8.900320000496362e-05,-0.0012138107509706,-0.013652667476614,-0.0307560656704346,-0.003953557570073,18.259999990463257,0.0076764230273012,0.00033999999971,0.000398257277764,1.7707411080104234e-05,1.0005146511473448,4.160000002328242e-06,0.0
no_rays_poly_no_same_no_xy,filenames_in_cluster_test KMeans test nclus 2,0,193,0.0036399999999048,0.0926599999999666,0.0399739390628614,1.0956677346363113,0.0394221858658987,1.0954303921166886,-1.4612918599670208e-06,-6.534061562393735e-05,-0.0014114736660656,-0.0052228431386118,-0.0230225961700174,-0.0036095703860533,-1.2011119432828464e-06,-0.0001034140360618,-0.0010855939489547,-0.0110989773475805,-0.0241170298788636,-0.0037552878130649,18.761000156402588,0.1060207533478477,0.0947228715780962,0.0056379023116978,0.0050371109408047,1.000363403991761,0.0002021456000452,0.0
