subdir,file,cluster,size,all_feats_scaled_to_max_max_x,all_feats_scaled_to_max_max_y,all_feats_scaled_to_max_surf_trapz_x,all_feats_scaled_to_max_surf_trapz_y,all_feats_scaled_to_max_surf_simpson_x,all_feats_scaled_to_max_surf_simpson_y,all_feats_scaled_to_max_x_poly_1,all_feats_scaled_to_max_x_poly_2,all_feats_scaled_to_max_x_poly_3,all_feats_scaled_to_max_x_poly_4,all_feats_scaled_to_max_x_poly_5,all_feats_scaled_to_max_x_poly_6,all_feats_scaled_to_max_y_poly_1,all_feats_scaled_to_max_y_poly_2,all_feats_scaled_to_max_y_poly_3,all_feats_scaled_to_max_y_poly_4,all_feats_scaled_to_max_y_poly_5,all_feats_scaled_to_max_y_poly_6,all_feats_scaled_to_max_duration,all_feats_scaled_to_max_len,all_feats_scaled_to_max_offset,all_feats_scaled_to_max_mean_speed_len,all_feats_scaled_to_max_mean_speed_offset,all_feats_scaled_to_max_len_vs_offset,all_feats_scaled_to_max_total_surf,all_feats_scaled_to_max_monotonous
no_rays_poly_no_same_no_xy,filenames_in_cluster_train KMeans test nclus 2,1,592,0.028996969606418715,0.045314624329294964,0.03188221555687865,0.03089285846379739,0.009078469935796812,0.020280396508217627,0.008585938388550847,0.009402468236258978,0.009955711011233602,0.00945538923374591,0.012058731159379978,0.010415997441327547,0.008213408811238613,0.007814595839749448,0.006919191638197048,0.00618559077463654,0.011157503785146673,0.009321861608481974,0.02201078933923489,0.03306225502735753,0.0297676047230411,0.03144542228827596,0.029285983947633945,0.004262471814304867,0.010797557612027144,0.10203837705949191
no_rays_poly_no_same_no_xy,filenames_in_cluster_train KMeans test nclus 2,0,268,0.027493097388117786,0.045218386917821346,0.02917626893106303,0.042158926106017125,0.029052443952223606,0.042439153043900196,0.015482598731793388,0.01579195357723256,0.016174049684317706,0.013412517447007036,0.014130318151651736,0.020630114039318963,0.020546545556614906,0.021320113964347513,0.022006225218813597,0.01867948569027034,0.0226927593294644,0.00715389841434819,0.01971414956915148,0.04697439046082989,0.05172216816007463,0.04550335274502838,0.05059152356397392,0.008982437098900436,0.016391076139823657,0.14345406054305587
