subdir,file,cluster,size,all_feats_scaled_to_max_max_x,all_feats_scaled_to_max_max_y,all_feats_scaled_to_max_surf_trapz_x,all_feats_scaled_to_max_surf_trapz_y,all_feats_scaled_to_max_surf_simpson_x,all_feats_scaled_to_max_surf_simpson_y,all_feats_scaled_to_max_x_poly_1,all_feats_scaled_to_max_x_poly_2,all_feats_scaled_to_max_x_poly_3,all_feats_scaled_to_max_x_poly_4,all_feats_scaled_to_max_x_poly_5,all_feats_scaled_to_max_x_poly_6,all_feats_scaled_to_max_y_poly_1,all_feats_scaled_to_max_y_poly_2,all_feats_scaled_to_max_y_poly_3,all_feats_scaled_to_max_y_poly_4,all_feats_scaled_to_max_y_poly_5,all_feats_scaled_to_max_y_poly_6,all_feats_scaled_to_max_duration,all_feats_scaled_to_max_len,all_feats_scaled_to_max_offset,all_feats_scaled_to_max_mean_speed_len,all_feats_scaled_to_max_mean_speed_offset,all_feats_scaled_to_max_len_vs_offset,all_feats_scaled_to_max_total_surf,all_feats_scaled_to_max_monotonous
no_rays_poly_no_same_no_xy,filenames_in_cluster_test DBSCAN test nclus 6,0,600,0.014921778922255052,0.04904541510734246,0.017959236160573298,0.0541997806246007,0.018292301650797056,0.023356806904392503,0.011157367804785118,0.011137793196809397,0.010281365124894744,0.010709530964551272,0.013277621814378958,0.016613303333589294,0.010917900603546037,0.011514259297233575,0.012772474242425622,0.010421485479940798,0.019424613581683403,0.0074063764261944175,0.023774471156024365,0.032905550667135366,0.031021152440075545,0.032149313063003344,0.03025234097194219,0.014852992058106253,0.010876572930332274,0.12256172839506171
no_rays_poly_no_same_no_xy,filenames_in_cluster_test DBSCAN test nclus 6,-1,6,0.1594865077210408,0.12262997747867743,0.1309301299850813,0.12065039363374007,0.13093367652692542,0.12062015195096751,0.1430081310477661,0.1501230407613617,0.164900779145648,0.11400941842390844,0.08535210070916059,0.1206017559556766,0.10106997434070208,0.09304358831473677,0.11664540315905292,0.10321364660759703,0.15365369285218702,0.12845070889279875,0.12333140974215187,0.12009466403719453,0.12796684572102315,0.1209061517294488,0.1281970370948801,0.13392663294396853,0.12456078478029313,nan
