subdir,file,cluster,size,all_feats_scaled_to_max_max_x,all_feats_scaled_to_max_max_y,all_feats_scaled_to_max_surf_trapz_x,all_feats_scaled_to_max_surf_trapz_y,all_feats_scaled_to_max_surf_simpson_x,all_feats_scaled_to_max_surf_simpson_y,all_feats_scaled_to_max_x_poly_1,all_feats_scaled_to_max_x_poly_2,all_feats_scaled_to_max_x_poly_3,all_feats_scaled_to_max_x_poly_4,all_feats_scaled_to_max_x_poly_5,all_feats_scaled_to_max_x_poly_6,all_feats_scaled_to_max_y_poly_1,all_feats_scaled_to_max_y_poly_2,all_feats_scaled_to_max_y_poly_3,all_feats_scaled_to_max_y_poly_4,all_feats_scaled_to_max_y_poly_5,all_feats_scaled_to_max_y_poly_6,all_feats_scaled_to_max_duration,all_feats_scaled_to_max_len,all_feats_scaled_to_max_offset,all_feats_scaled_to_max_mean_speed_len,all_feats_scaled_to_max_mean_speed_offset,all_feats_scaled_to_max_len_vs_offset,all_feats_scaled_to_max_total_surf,all_feats_scaled_to_max_monotonous
no_rays_poly_no_same_no_xy,filenames_in_cluster_test DBSCAN test nclus 3,0,603,0.6406799999979285,0.5136600000000158,6.0516474982036055,4.917083401697562,6.029239483749142,7.69387441066964,3.525702646572654e-06,0.00016980457424781864,0.0029769077517236998,0.020067090441567202,0.0659344179228803,0.053988904308733404,3.7979198167278656e-06,0.00018200870399128632,0.0029927156209968997,0.023456840649349803,0.0683135739665881,0.16038470198573582,3.743000030517578,0.6378083592718805,0.6430466672784287,0.033505034971577,0.033774912779412,9.735026283585189,0.028622758800044574,3.0
no_rays_poly_no_same_no_xy,filenames_in_cluster_test DBSCAN test nclus 3,-1,3,0.032360000000153405,0.0176600000003191,0.3513651586762489,0.27366726821558296,0.3506279956099878,0.2731175547521748,1.1095475597617422e-06,4.556842201505772e-05,0.0005945797413017772,0.002724343928783162,0.0059569262696264,0.010347545334184,2.2211888490087341e-07,5.951174198098933e-06,8.840060035329999e-05,0.0008811714865725,0.0042318139804212,0.026371213555853572,1.8559999465942383,0.0772249853801189,0.0017808488860937002,0.0040043086521251,8.424177358199578e-05,285.36198459332377,0.0006141691999828645,0.0
