subdir,file,cluster,size,all_feats_scaled_to_max_max_x,all_feats_scaled_to_max_max_y,all_feats_scaled_to_max_surf_trapz_x,all_feats_scaled_to_max_surf_trapz_y,all_feats_scaled_to_max_surf_simpson_x,all_feats_scaled_to_max_surf_simpson_y,all_feats_scaled_to_max_x_poly_1,all_feats_scaled_to_max_x_poly_2,all_feats_scaled_to_max_x_poly_3,all_feats_scaled_to_max_x_poly_4,all_feats_scaled_to_max_x_poly_5,all_feats_scaled_to_max_x_poly_6,all_feats_scaled_to_max_y_poly_1,all_feats_scaled_to_max_y_poly_2,all_feats_scaled_to_max_y_poly_3,all_feats_scaled_to_max_y_poly_4,all_feats_scaled_to_max_y_poly_5,all_feats_scaled_to_max_y_poly_6,all_feats_scaled_to_max_duration,all_feats_scaled_to_max_len,all_feats_scaled_to_max_offset,all_feats_scaled_to_max_mean_speed_len,all_feats_scaled_to_max_mean_speed_offset,all_feats_scaled_to_max_len_vs_offset,all_feats_scaled_to_max_total_surf,all_feats_scaled_to_max_monotonous
no_rays_poly_no_same_no_xy,filenames_in_cluster_test DBSCAN test nclus 8,0,599,0.6406799999979285,0.5136600000000158,6.0516474982036055,4.917083401697562,6.029239483749142,7.69387441066964,3.525702646572654e-06,0.00016980457424781864,0.0029769077517236998,0.020067090441567202,0.0659344179228803,0.053988904308733404,3.7979198167278656e-06,0.00018200870399128632,0.0029547054461805,0.023456840649349803,0.0683135739665881,0.16038470198573582,3.743000030517578,0.6378083592718805,0.6416662654897524,0.033505034971577,0.0337003914913274,7.216999767530073,0.028622758800044574,3.0
no_rays_poly_no_same_no_xy,filenames_in_cluster_test DBSCAN test nclus 8,-1,7,0.0327200000015182,0.1253400000003068,0.3558218386337741,1.4247583557231502,0.35494762401968905,1.4312409856422972,1.1172347039454983e-06,4.7878387585169e-05,0.0007917752611135,0.0055768002443904,0.0135902360521293,0.0117256381523413,1.760528581973604e-06,8.33145384218388e-05,0.001352327809955,0.0090503521346443,0.0173801518086974,0.026498432651695172,1.8559999465942383,0.25650375321502283,0.0256101368027462,0.0134693392549512,0.0013402756640787958,292.97335863486694,0.0034221631999492986,0.0
