subdir,file,cluster,size,all_feats_scaled_to_max_max_x,all_feats_scaled_to_max_max_y,all_feats_scaled_to_max_surf_trapz_x,all_feats_scaled_to_max_surf_trapz_y,all_feats_scaled_to_max_surf_simpson_x,all_feats_scaled_to_max_surf_simpson_y,all_feats_scaled_to_max_x_poly_1,all_feats_scaled_to_max_x_poly_2,all_feats_scaled_to_max_x_poly_3,all_feats_scaled_to_max_x_poly_4,all_feats_scaled_to_max_x_poly_5,all_feats_scaled_to_max_x_poly_6,all_feats_scaled_to_max_y_poly_1,all_feats_scaled_to_max_y_poly_2,all_feats_scaled_to_max_y_poly_3,all_feats_scaled_to_max_y_poly_4,all_feats_scaled_to_max_y_poly_5,all_feats_scaled_to_max_y_poly_6,all_feats_scaled_to_max_duration,all_feats_scaled_to_max_len,all_feats_scaled_to_max_offset,all_feats_scaled_to_max_mean_speed_len,all_feats_scaled_to_max_mean_speed_offset,all_feats_scaled_to_max_len_vs_offset,all_feats_scaled_to_max_total_surf,all_feats_scaled_to_max_monotonous
no_rays_poly_no_same_no_xy,filenames_in_cluster_train KMeans test nclus 2,1,592,0.07945547297296204,0.04452060810809375,0.7631191314680015,0.39830153815656627,0.7522919723692381,0.39502735432729547,-2.086489820895874e-09,9.398012385710011e-08,-4.284069301615636e-06,9.804197060741748e-05,0.0031622369580919653,0.002995706540037206,-1.290902895678072e-09,5.3202634491331175e-08,-2.396190743029679e-06,8.225792515448686e-05,0.0010481493369235654,0.003831125557839865,19.26069932128932,0.11565602324110712,0.09212879556375722,0.006000567029056843,0.004785785684547696,1.709559512225517,0.0012358292993232955,0.8192567567567568
no_rays_poly_no_same_no_xy,filenames_in_cluster_train KMeans test nclus 2,0,268,0.08422149253738988,0.2324250000000094,0.8234917424612805,2.3125623493358956,0.8229438217479279,2.3115707481829113,-3.5799972626329587e-09,1.2320621481878202e-07,-5.1163258643709406e-06,0.00010206216312933464,0.0036536952893268327,0.0016894256766089206,-3.479382066643262e-08,1.82814589290385e-06,-4.2391986685404545e-05,0.00043448467392275545,0.01097039848244273,0.00035580187532097644,19.370026117830133,0.26604213646115865,0.2531986809909311,0.01374605315175206,0.01308800701148409,1.072783983826664,0.002832557501500977,1.7201492537313432
