subdir,file,cluster,size,all_feats_scaled_to_max_max_x,all_feats_scaled_to_max_max_y,all_feats_scaled_to_max_surf_trapz_x,all_feats_scaled_to_max_surf_trapz_y,all_feats_scaled_to_max_surf_simpson_x,all_feats_scaled_to_max_surf_simpson_y,all_feats_scaled_to_max_x_poly_1,all_feats_scaled_to_max_x_poly_2,all_feats_scaled_to_max_x_poly_3,all_feats_scaled_to_max_x_poly_4,all_feats_scaled_to_max_x_poly_5,all_feats_scaled_to_max_x_poly_6,all_feats_scaled_to_max_y_poly_1,all_feats_scaled_to_max_y_poly_2,all_feats_scaled_to_max_y_poly_3,all_feats_scaled_to_max_y_poly_4,all_feats_scaled_to_max_y_poly_5,all_feats_scaled_to_max_y_poly_6,all_feats_scaled_to_max_duration,all_feats_scaled_to_max_len,all_feats_scaled_to_max_offset,all_feats_scaled_to_max_mean_speed_len,all_feats_scaled_to_max_mean_speed_offset,all_feats_scaled_to_max_len_vs_offset,all_feats_scaled_to_max_total_surf,all_feats_scaled_to_max_monotonous
no_rays_poly_no_same_no_xy,filenames_in_cluster_train DBSCAN test nclus 10,0,856,0.07535378698989664,0.10506645232099163,0.7586656268267985,1.042524256550817,0.7747576449303726,1.0438652112227709,3.1807922391519574e-07,1.5701748400531124e-05,0.0002717472731788664,0.0019392808978331301,0.0072293684264363505,0.007573060532539928,2.959712682872218e-07,1.4365852404334907e-05,0.00024386594552132848,0.0017118512903067085,0.00789820755180253,0.010414685587787395,0.6035778060054865,0.11074728802487327,0.1103218133314655,0.005731268485696751,0.0057137207563195845,0.9820158723588651,0.0029511580668213568,1.0993505852636778
no_rays_poly_no_same_no_xy,filenames_in_cluster_train DBSCAN test nclus 10,-1,4,0.02515629543472263,0.06103611451429747,0.23583180618753405,0.81439825846464,0.23589863993934473,0.8144721648478267,4.017546257072056e-07,2.659327943700383e-05,0.0005854995077251436,0.004668811007139721,0.01057266687014663,0.03080443146416894,4.037067880301012e-07,1.7517071013624724e-05,0.00025743951696513654,0.0013840653577255836,0.006464691299742255,0.009566358484980893,1.1959656776978298,0.12065910513366164,0.009484462007873085,0.005709886002526303,0.000415870104788475,6.853834242080302,0.001624258115566082,0.0
