subdir,file,cluster,size,all_feats_scaled_to_max_max_x,all_feats_scaled_to_max_max_y,all_feats_scaled_to_max_surf_trapz_x,all_feats_scaled_to_max_surf_trapz_y,all_feats_scaled_to_max_surf_simpson_x,all_feats_scaled_to_max_surf_simpson_y,all_feats_scaled_to_max_x_poly_1,all_feats_scaled_to_max_x_poly_2,all_feats_scaled_to_max_x_poly_3,all_feats_scaled_to_max_x_poly_4,all_feats_scaled_to_max_x_poly_5,all_feats_scaled_to_max_x_poly_6,all_feats_scaled_to_max_y_poly_1,all_feats_scaled_to_max_y_poly_2,all_feats_scaled_to_max_y_poly_3,all_feats_scaled_to_max_y_poly_4,all_feats_scaled_to_max_y_poly_5,all_feats_scaled_to_max_y_poly_6,all_feats_scaled_to_max_duration,all_feats_scaled_to_max_len,all_feats_scaled_to_max_offset,all_feats_scaled_to_max_mean_speed_len,all_feats_scaled_to_max_mean_speed_offset,all_feats_scaled_to_max_len_vs_offset,all_feats_scaled_to_max_total_surf,all_feats_scaled_to_max_monotonous
no_rays_poly_no_same_no_xy,filenames_in_cluster_test KMeans test nclus 2,1,413,0.007335424751900456,0.0019868033577351706,0.776989860681905,0.16136934311461731,0.776979998264047,0.16166568460423758,1.4163173002992312e-13,3.217894912169829e-10,8.979878013487474e-08,4.233526359356365e-06,6.112364131248233e-05,4.657393817839183e-05,1.1216167037529964e-13,2.559902459991057e-10,7.377800893411249e-08,3.6134850096193377e-06,4.1031356273945506e-05,0.0001997906886476297,0.27377533100802576,0.008586927206107672,0.0071633783438599516,2.3309708610477492e-05,1.9267846921415472e-05,220.33026739153024,4.581430097394324e-06,0.8941132327679704
no_rays_poly_no_same_no_xy,filenames_in_cluster_test KMeans test nclus 2,0,193,0.0031320215977028837,0.008743156788964753,0.369942378220193,0.8821976752586844,0.39637671581009415,1.0201009994436991,1.26794989656073e-13,3.026005913766978e-10,8.811838352073027e-08,4.21819898020229e-06,4.698469562320372e-05,5.193374405525602e-05,2.5123431301052886e-13,6.396613446941481e-10,1.9738685424897416e-07,9.938352261187263e-06,0.0001387901246937781,0.0001639672731426031,0.449694015449149,0.009110043727637096,0.009092368169339485,2.496356958342564e-05,2.4947287128318284e-05,0.062260475936337566,1.4822975067221363e-05,1.2909876775215443
