subdir,file,cluster,size,all_feats_scaled_to_max_max_x,all_feats_scaled_to_max_max_y,all_feats_scaled_to_max_surf_trapz_x,all_feats_scaled_to_max_surf_trapz_y,all_feats_scaled_to_max_surf_simpson_x,all_feats_scaled_to_max_surf_simpson_y,all_feats_scaled_to_max_x_poly_1,all_feats_scaled_to_max_x_poly_2,all_feats_scaled_to_max_x_poly_3,all_feats_scaled_to_max_x_poly_4,all_feats_scaled_to_max_x_poly_5,all_feats_scaled_to_max_x_poly_6,all_feats_scaled_to_max_y_poly_1,all_feats_scaled_to_max_y_poly_2,all_feats_scaled_to_max_y_poly_3,all_feats_scaled_to_max_y_poly_4,all_feats_scaled_to_max_y_poly_5,all_feats_scaled_to_max_y_poly_6,all_feats_scaled_to_max_duration,all_feats_scaled_to_max_len,all_feats_scaled_to_max_offset,all_feats_scaled_to_max_mean_speed_len,all_feats_scaled_to_max_mean_speed_offset,all_feats_scaled_to_max_len_vs_offset,all_feats_scaled_to_max_total_surf,all_feats_scaled_to_max_monotonous
no_rays_poly_no_same_no_xy,filenames_in_cluster_test DBSCAN test nclus 6,0,600,0.07826209467373439,0.11375616821017626,0.8109938364783854,1.1447386310947696,0.8154488260257944,1.1758497416697977,3.7241447827106465e-07,1.7920452025696507e-05,0.0003018497137075884,0.0020766802539723852,0.007597528253337025,0.0069587704566923475,3.9683992563601337e-07,1.95303560110527e-05,0.0003382228683250003,0.0023946074615766124,0.00952101393881496,0.013802756677261127,0.5771321436866734,0.11569771675578157,0.11301554183749041,0.00600752967106803,0.005861576526577523,0.8982342672443386,0.0029850906832072006,1.0502645169458766
no_rays_poly_no_same_no_xy,filenames_in_cluster_test DBSCAN test nclus 6,-1,6,0.013066981288866188,0.04389226722584343,0.12875153011062632,0.49488647421174325,0.1284369414145611,0.4970758914014276,4.22498122068929e-07,1.7664664674416518e-05,0.00024144680425947388,0.0012845014918540687,0.0034318005459403615,0.003664892811088808,1.786145793449989e-07,5.774064110080974e-06,6.465395614327555e-05,0.0007778772644918622,0.0068127910105428065,0.009497043766587216,0.6518006770632055,0.08889054725827554,0.009127212762607853,0.004683499637193489,0.0004798805256748281,107.20766271593843,0.0012077898754254037,0.0
