subdir,file,cluster,size,all_feats_scaled_to_max_max_x,all_feats_scaled_to_max_max_y,all_feats_scaled_to_max_surf_trapz_x,all_feats_scaled_to_max_surf_trapz_y,all_feats_scaled_to_max_surf_simpson_x,all_feats_scaled_to_max_surf_simpson_y,all_feats_scaled_to_max_x_poly_1,all_feats_scaled_to_max_x_poly_2,all_feats_scaled_to_max_x_poly_3,all_feats_scaled_to_max_x_poly_4,all_feats_scaled_to_max_x_poly_5,all_feats_scaled_to_max_x_poly_6,all_feats_scaled_to_max_y_poly_1,all_feats_scaled_to_max_y_poly_2,all_feats_scaled_to_max_y_poly_3,all_feats_scaled_to_max_y_poly_4,all_feats_scaled_to_max_y_poly_5,all_feats_scaled_to_max_y_poly_6,all_feats_scaled_to_max_duration,all_feats_scaled_to_max_len,all_feats_scaled_to_max_offset,all_feats_scaled_to_max_mean_speed_len,all_feats_scaled_to_max_mean_speed_offset,all_feats_scaled_to_max_len_vs_offset,all_feats_scaled_to_max_total_surf,all_feats_scaled_to_max_monotonous
no_rays_poly_no_same_no_xy,filenames_in_cluster_test DBSCAN test nclus 9,0,601,0.014914615672963046,0.048996990542935596,0.017946367822721396,0.054131304374146975,0.0182793352129797,0.02332708853929828,0.011140548960231618,0.011119910600670196,0.0102642729447767,0.010695229996468289,0.013292753293425854,0.01661394572744947,0.010902078314316352,0.011497145449076936,0.012753973244847727,0.010413030573142424,0.01941842625776548,0.007395127126104286,0.02373575392821917,0.03288277045730293,0.03105501781562635,0.03212674239771287,0.030285283219830136,0.016221702424840303,0.0108624273473305,0.12254857175552303
no_rays_poly_no_same_no_xy,filenames_in_cluster_test DBSCAN test nclus 9,-1,5,0.1913184402150765,0.14691195168498153,0.15381033627091042,0.1438135691081998,0.15390179536699258,0.14378615130207867,0.16684730639719378,0.17232248215188464,0.17787655968109786,0.17222678509513178,0.12459870675589166,0.1392855241899395,0.12120839312464572,0.10922343294904639,0.16747531976422833,0.12394607478120594,0.12310433667123756,0.14499337943624224,0.14610471499236619,0.14411275934385154,0.14778828105040795,0.145086686872503,0.14820221035270947,0.15437636116136508,0.1488311022206869,nan
