subdir,file,cluster,size,all_feats_scaled_to_max_max_x,all_feats_scaled_to_max_max_y,all_feats_scaled_to_max_surf_trapz_x,all_feats_scaled_to_max_surf_trapz_y,all_feats_scaled_to_max_surf_simpson_x,all_feats_scaled_to_max_surf_simpson_y,all_feats_scaled_to_max_x_poly_1,all_feats_scaled_to_max_x_poly_2,all_feats_scaled_to_max_x_poly_3,all_feats_scaled_to_max_x_poly_4,all_feats_scaled_to_max_x_poly_5,all_feats_scaled_to_max_x_poly_6,all_feats_scaled_to_max_y_poly_1,all_feats_scaled_to_max_y_poly_2,all_feats_scaled_to_max_y_poly_3,all_feats_scaled_to_max_y_poly_4,all_feats_scaled_to_max_y_poly_5,all_feats_scaled_to_max_y_poly_6,all_feats_scaled_to_max_duration,all_feats_scaled_to_max_len,all_feats_scaled_to_max_offset,all_feats_scaled_to_max_mean_speed_len,all_feats_scaled_to_max_mean_speed_offset,all_feats_scaled_to_max_len_vs_offset,all_feats_scaled_to_max_total_surf,all_feats_scaled_to_max_monotonous
no_rays_poly_no_same_no_xy,filenames_in_cluster_test KMeans test nclus 2,1,413,0.6406799999979285,0.2130000000001075,6.0516474982036055,2.458555477116128,6.029239483749142,2.466171720528131,3.525702646572654e-06,0.0001665455046018057,0.0026592874697759002,0.0190975725484867,0.0659344179228803,0.053988904308733404,3.5917812826391356e-06,0.0001675978679344499,0.0027116405010098,0.0209471870191533,0.0667852575636846,0.1299283587262689,2.9630000591278076,0.6378083592718805,0.6448127536945703,0.033505034971577,0.03386814544520969,300.34346460577285,0.019345699999954273,3.0
no_rays_poly_no_same_no_xy,filenames_in_cluster_test KMeans test nclus 2,0,193,0.32204000000035654,0.4220000000003666,3.3450580785253003,3.830705547076077,3.3363064140534515,6.607650219757986,2.9305965507624024e-06,0.00014310599214945545,0.0023291457364649,0.014338945412686599,0.0499130206614885,0.0459892620619128,3.2385790861909186e-06,0.00016467399411998224,0.002864498818981,0.0209031505203163,0.0616745381750171,0.1601864322287277,3.241999864578247,0.4391911950470763,0.4478851475297069,0.0219320299469367,0.022463818245711902,2.515148769935442,0.028424773200001703,3.0
