subdir,file,cluster,size,all_feats_scaled_to_max_max_x,all_feats_scaled_to_max_max_y,all_feats_scaled_to_max_surf_trapz_x,all_feats_scaled_to_max_surf_trapz_y,all_feats_scaled_to_max_surf_simpson_x,all_feats_scaled_to_max_surf_simpson_y,all_feats_scaled_to_max_x_poly_1,all_feats_scaled_to_max_x_poly_2,all_feats_scaled_to_max_x_poly_3,all_feats_scaled_to_max_x_poly_4,all_feats_scaled_to_max_x_poly_5,all_feats_scaled_to_max_x_poly_6,all_feats_scaled_to_max_y_poly_1,all_feats_scaled_to_max_y_poly_2,all_feats_scaled_to_max_y_poly_3,all_feats_scaled_to_max_y_poly_4,all_feats_scaled_to_max_y_poly_5,all_feats_scaled_to_max_y_poly_6,all_feats_scaled_to_max_duration,all_feats_scaled_to_max_len,all_feats_scaled_to_max_offset,all_feats_scaled_to_max_mean_speed_len,all_feats_scaled_to_max_mean_speed_offset,all_feats_scaled_to_max_len_vs_offset,all_feats_scaled_to_max_total_surf,all_feats_scaled_to_max_monotonous
no_rays_poly_no_same_no_xy,filenames_in_cluster_test DBSCAN test nclus 4,0,600,0.006132084522386884,0.01292682435012518,0.6581718469440885,1.3103032502107124,0.658021690705163,1.3105042240278584,1.3871303892883948e-13,3.2115071769204406e-10,9.110442852953788e-08,4.312218046647874e-06,5.778641596073587e-05,4.850679880240093e-05,1.5710427108047035e-13,3.8026359591150503e-10,1.139833805928344e-07,5.710349510772775e-06,9.056603903210207e-05,0.00019054369099173816,0.33222806038511415,0.01339233136541749,0.012795425252253918,3.6111941885317205e-05,3.442599865794733e-05,0.888171142931507,8.91227242321744e-06,1.104775
no_rays_poly_no_same_no_xy,filenames_in_cluster_test DBSCAN test nclus 4,-1,6,0.0006322560000136095,0.007104102355591407,0.03312618133493465,0.47553303141779185,1.1020966122093192,7.597617408878235,1.8869867768640718e-13,3.329640833822334e-10,6.255211983687232e-08,1.7184926807718404e-06,7.803585476015438e-06,1.7173987666486146e-05,9.072303920161628e-14,1.6897048544337274e-10,3.924744495039978e-08,2.352120764753134e-06,4.253809347942857e-05,8.481295140665867e-05,0.47044881971857694,0.011113047711171081,0.007818849088159522,2.955628065170404e-05,1.952049884707914e-05,11632.93565985848,1.4561090257512288e-06,0.13888888888888892
