subdir,file,cluster,size,all_feats_scaled_to_max_max_x,all_feats_scaled_to_max_max_y,all_feats_scaled_to_max_surf_trapz_x,all_feats_scaled_to_max_surf_trapz_y,all_feats_scaled_to_max_surf_simpson_x,all_feats_scaled_to_max_surf_simpson_y,all_feats_scaled_to_max_x_poly_1,all_feats_scaled_to_max_x_poly_2,all_feats_scaled_to_max_x_poly_3,all_feats_scaled_to_max_x_poly_4,all_feats_scaled_to_max_x_poly_5,all_feats_scaled_to_max_x_poly_6,all_feats_scaled_to_max_y_poly_1,all_feats_scaled_to_max_y_poly_2,all_feats_scaled_to_max_y_poly_3,all_feats_scaled_to_max_y_poly_4,all_feats_scaled_to_max_y_poly_5,all_feats_scaled_to_max_y_poly_6,all_feats_scaled_to_max_duration,all_feats_scaled_to_max_len,all_feats_scaled_to_max_offset,all_feats_scaled_to_max_mean_speed_len,all_feats_scaled_to_max_mean_speed_offset,all_feats_scaled_to_max_len_vs_offset,all_feats_scaled_to_max_total_surf,all_feats_scaled_to_max_monotonous
no_rays_poly_no_same_no_xy,filenames_in_cluster_train DBSCAN test nclus 10,0,856,0.0013199999983726,0.0009999999996068,0.0133593999623016,0.0074180200139249,-3.9305988131670366,-0.505959549259924,-2.014516658123189e-06,-7.02714540250086e-05,-0.0016077146748855,-0.0096532714493755,-0.0276090631972498,-0.0044075142470507,-1.2478471454068322e-06,-9.678508557963564e-05,-0.0010058518882982,-0.0106230000957416,-0.0263309308680184,-0.0042192516954874,18.05999994277954,0.0052498065122784,0.0006400000017947,0.0002624903256139,3.332118504830345e-05,1.00022556537555,1.0911999990289166e-06,0.0
no_rays_poly_no_same_no_xy,filenames_in_cluster_train DBSCAN test nclus 10,-1,4,0.0169999999997116,0.0070000000000902,0.2178618199934504,0.0744200001200902,0.2183398385049512,0.0743015530322737,-7.215329392471574e-07,-2.3596603757395023e-05,-0.0011151921211885,-0.002313840473191,-0.0258291325984941,0.0001166803963255,-7.117233504929163e-07,-3.850969153334204e-06,-0.0006529493409489,4.203043406876274e-05,-0.0012927546750573,1.3118060649419808e-05,18.95199990272522,0.0351846979127683,0.0039163758760892,0.0017592348956384,0.0001958187938044,8.983994137943407,6.701320000052202e-05,0.0
