subdir,file,cluster,size,all_feats_scaled_to_max_max_x,all_feats_scaled_to_max_max_y,all_feats_scaled_to_max_surf_trapz_x,all_feats_scaled_to_max_surf_trapz_y,all_feats_scaled_to_max_surf_simpson_x,all_feats_scaled_to_max_surf_simpson_y,all_feats_scaled_to_max_x_poly_1,all_feats_scaled_to_max_x_poly_2,all_feats_scaled_to_max_x_poly_3,all_feats_scaled_to_max_x_poly_4,all_feats_scaled_to_max_x_poly_5,all_feats_scaled_to_max_x_poly_6,all_feats_scaled_to_max_y_poly_1,all_feats_scaled_to_max_y_poly_2,all_feats_scaled_to_max_y_poly_3,all_feats_scaled_to_max_y_poly_4,all_feats_scaled_to_max_y_poly_5,all_feats_scaled_to_max_y_poly_6,all_feats_scaled_to_max_duration,all_feats_scaled_to_max_len,all_feats_scaled_to_max_offset,all_feats_scaled_to_max_mean_speed_len,all_feats_scaled_to_max_mean_speed_offset,all_feats_scaled_to_max_len_vs_offset,all_feats_scaled_to_max_total_surf,all_feats_scaled_to_max_monotonous
no_rays_poly_no_same_no_xy,filenames_in_cluster_train DBSCAN test nclus 6,0,857,0.07534156436047926,0.10505647532437253,0.7584683299480068,1.0423897373030646,0.7745389908620064,1.0437267784524353,3.1789423274567185e-07,1.5692697142490052e-05,0.0002715924902610339,0.0019381589685444362,0.00722531350692776,0.007569040006970231,2.957998364394631e-07,1.4357539928838635e-05,0.00024372471874492373,0.0017108589675377767,0.007894902837168925,0.010409021410226144,0.6037105757923477,0.11076777541870444,0.11035951176301241,0.005732419633604466,0.005715686629127016,1.0145968665514304,0.0029499829361535196,1.0993566023750903
no_rays_poly_no_same_no_xy,filenames_in_cluster_train DBSCAN test nclus 6,-1,3,0.015254743523866698,0.05211851707626164,0.16265919686818262,0.7332374153096197,0.16357808496527532,0.7332116566514298,4.5781352339717567e-07,3.0470999707062488e-05,0.000672455278348218,0.005322825300161026,0.00962631023532684,0.019889009777134866,4.354402817091137e-07,1.720686610138294e-05,0.00019374169141163813,0.0006337565615455717,0.006893278992320596,0.010243203848543114,1.3807498297239185,0.08797783220407322,0.008830142158082584,0.0039110818808273775,0.00036653015025912193,6.8773268170348585,0.0012215501436379894,0.0
