window_size,vehicle,ride,start,scale,scale x,scale y,offset,offset x,offset y,no scale,no scale x,no scale y,only offset,only offset x,only offset y,
20,Vehicle_11,8643592,0,0.007125183009950034,0.005830765627534112,0.0031250000000000006,0.009003546550719587,0.004584129168303667,0.00625,0.0,0.0,0.0,0.00625,0.003125,0.003125,
20,Vehicle_11,8643592,20,0.007270631637772715,0.0059762142553567935,0.0031250000000000006,0.009078049220190534,0.004658631837774613,0.006250000000000002,0.002209708691207961,0.0015624999999999997,0.0015625000000000003,0.00625,0.003125,0.003125,
20,Vehicle_11,8643592,40,0.01066941738241592,0.00625,0.00625,0.009909177537583348,0.005489760155167425,0.006250000000000001,0.002209708691207961,0.0015624999999999997,0.0015625000000000003,0.00625,0.003125,0.003125,
20,Vehicle_11,8643592,60,0.010669417382415922,0.00625,0.006250000000000002,0.010669417382415922,0.00625,0.00625,0.0,0.0,0.0,0.00625,0.003125,0.003125,
20,Vehicle_11,8643592,80,0.010669417382415924,0.00625,0.00625,0.009252907755385112,0.00625,0.0048334903729691904,0.0,0.0,0.0,0.00625,0.003125,0.003125,
20,Vehicle_11,8643592,100,0.010669417382415922,0.00625,0.00625,0.010669417382415922,0.00625,0.006250000000000001,0.0,0.0,0.0,0.00625,0.003125,0.003125,
20,Vehicle_11,8643592,120,0.007544417382415922,0.0031250000000000006,0.00625,0.01066941738241592,0.0062499999999999995,0.00625,0.0,0.0,0.0,0.00625,0.003125,0.003125,
20,Vehicle_11,8643592,140,0.007544417382415921,0.0031250000000000006,0.0062499999999999995,0.01066941738241592,0.0062499999999999995,0.006250000000000001,0.0,0.0,0.0,0.00625,0.003125,0.003125,
20,Vehicle_11,8643592,160,0.007544417382415922,0.0031250000000000006,0.006250000000000001,0.01066941738241592,0.00625,0.00625,0.0,0.0,0.0,0.00625,0.003125,0.003125,
20,Vehicle_11,8643592,180,0.007544417382415921,0.0031250000000000006,0.00625,0.01066941738241592,0.00625,0.00625,0.0,0.0,0.0,0.00625,0.003125,0.003125,
20,Vehicle_11,8643592,200,0.007544417382415922,0.00625,0.0031250000000000006,0.01379441738241592,0.00625,0.009375,0.0,0.0,0.0,0.009375,0.003125,0.00625,
20,Vehicle_11,8643592,220,0.009885309436389982,0.0054658920539740604,0.006250000000000001,0.010398464317286717,0.005979046934870794,0.006250000000000001,0.0,0.0,0.0,0.00625,0.003125,0.003125,
