window_size,vehicle,ride,start,offset,offset x,offset y,scale,scale x,scale y,no scale,no scale x,no scale y,only offset,only offset x,only offset y,
20,Vehicle_11,8363277,0,0.012429906245705606,0.00831298091048112,0.007448647796555086,0.011495835193379763,0.007506778355918731,0.007120535793218466,0.0009430521728019664,0.0006668385864009758,0.0006668385864009807,0.002343753001457166,0.0014954986730710787,0.001495463019594051,
20,Vehicle_11,8363277,20,0.010751892630611121,0.006764228845722083,0.007045995571645048,0.008760295673348845,0.005563919904366797,0.005995472116612612,0.0009425183091196434,0.0006664610877709761,0.0006664610877709809,0.0027342776757812498,0.0018863273338852252,0.0014951590331039877,
20,Vehicle_11,8363277,40,0.018077675395969897,0.009989758603009704,0.013269245001797486,0.018269698562668833,0.010067505966621959,0.013464168325631388,0.0018844741566300181,0.0013325244551238818,0.0013325244551238903,0.003515544937941507,0.0020476390229276767,0.0024387189518257748,
20,Vehicle_11,8363277,60,0.008721788994115576,0.004717662718340126,0.006619915486476363,0.00823429451521403,0.004134132369219861,0.0067029976622992905,0.0009430521728019871,0.0006668385864009883,0.0006668385864009973,0.0023430814505054965,0.0014947781651352035,0.0014955119765782566,
20,Vehicle_11,8363277,80,0.012429188316932488,0.008369687143845889,0.007428060385462778,0.013669012669962633,0.009332927400954854,0.008084567755384544,0.0018842359985155605,0.0013323560519061528,0.0013323560519061639,0.0023437647159174407,0.0014956077264576776,0.0014953656806677262,
20,Vehicle_11,8363277,100,0.009123283473096074,0.005249261392485943,0.006619192097655104,0.010436471220469923,0.0066854547927863136,0.007023829201571679,0.0009422873877135013,0.0006662978016787703,0.000666297801678778,0.002343437733141449,0.0014953045068704248,0.0014953419174789872,
20,Vehicle_11,8363277,120,0.01219148600228144,0.006702870774431975,0.009088694698296443,0.01225532242924088,0.007116871375858431,0.008747921304608039,0.001885072148960612,0.0013329472995559394,0.0013329472995559533,0.0023433201083029325,0.0014948008987333353,0.0014957279007775603,
20,Vehicle_11,8363277,140,0.010121909732175175,0.005742134036563928,0.00699556490630975,0.008260688885651119,0.004150721419290923,0.006723047496170058,0.0009430483631160129,0.0006668358925462047,0.0006668358925462081,0.0027353861342854697,0.001887118834713912,0.0014954759907795212,
