window_size,vehicle,ride,start,offset,offset x,offset y,scale,scale x,scale y,no scale,no scale x,no scale y,only offset,only offset x,only offset y,
20,Vehicle_11,8363277,0,0.013413162879059855,0.008717627578424869,0.00802725776195703,0.013356954073542064,0.008569819888499149,0.008239050215733417,0.0018857023485997916,0.001333392917994312,0.0013333929179943117,0.003125,0.0018861043456039803,0.0018861043456039803,
20,Vehicle_11,8363277,20,0.012182143054184913,0.007365956890399934,0.007874517950538888,0.010706612580807422,0.006197101693311011,0.007308607235124769,0.0009426571626051644,0.0006665592720121818,0.0006665592720121817,0.00390625,0.0026673543456039806,0.0018861043456039808,
20,Vehicle_11,8363277,40,0.01917060232415726,0.010839021384101146,0.013512909148878245,0.019399381936592706,0.010936240901373661,0.013725116764806257,0.0018844741566300196,0.001332524455123887,0.0013325244551238868,0.0046875,0.002438531518405971,0.00321978151840597,
20,Vehicle_11,8363277,60,0.009999156180738768,0.005334708691207959,0.007280236700229622,0.00794780908761904,0.0034672937828214867,0.00669272582110387,0.0,0.0,0.0,0.003125,0.0018861043456039803,0.0018861043456039803,
20,Vehicle_11,8363277,80,0.013872106768546985,0.008687160660263867,0.008553505320659972,0.01391102367097292,0.008708232505966999,0.008582052103386934,0.0009430009354387906,0.0006668023561140266,0.0006668023561140265,0.003125,0.0018861043456039808,0.0018861043456039803,
20,Vehicle_11,8363277,100,0.01055020393052851,0.005724619713005843,0.0075707542345647355,0.01273764398517072,0.007713198295920775,0.008297258463138737,0.0009428831371244018,0.00066671906012711,0.0006667190601271099,0.003125,0.0018861043456039808,0.0018861043456039803,
20,Vehicle_11,8363277,120,0.013410292801467919,0.007415150953586248,0.00959522131832591,0.013230722080779812,0.0071168713758682535,0.009723320956139632,0.001885072148960612,0.0013329472995559466,0.0013329472995559464,0.003125,0.0018861043456039803,0.0018861043456039803,
20,Vehicle_11,8363277,140,0.010738098622572608,0.0060996246048616665,0.007254263228409757,0.0088667232073294,0.004122420183662042,0.00734170367102392,0.0009429515351014453,0.0006667674248004967,0.0006667674248004966,0.00390625,0.0026673543456039806,0.0018861043456039803,
