window_size,vehicle,ride,start,scale,scale x,scale y,offset,offset x,offset y,no scale,no scale x,no scale y,only offset,only offset x,only offset y,
20,Vehicle_12,8575983,0,0.011800159372268328,0.008110862473582465,0.006762668544697533,0.01229291624084602,0.008369522554293738,0.007193905971016082,0.0006251953748979168,0.00045696360359162304,0.00028779578046298746,0.0010249203834640816,0.0006406772585210011,0.0006803156447621778,
20,Vehicle_12,8575983,20,0.011813986818357524,0.007822476203807664,0.006972357567341174,0.011877178681693669,0.007811670923022528,0.00706747554668521,0.0023232672587353747,0.0015428465920330945,0.0012776431369626003,0.0031870400368715114,0.002146691593752058,0.001897396813538735,
20,Vehicle_12,8575983,40,0.015573858896745443,0.009961214637249137,0.009727044437487163,0.01586000322326627,0.010077736106466662,0.010018283169574932,0.0005703816098294749,0.00034428272246301515,0.00034002534750436967,0.0009765625000000002,0.0005334977765628033,0.0006854795156702445,
20,Vehicle_12,8575983,60,0.012268284168880827,0.007958664779297115,0.007457654600260252,0.012802241161515383,0.008265441726959996,0.007881735273716725,0.0010659200553933437,0.0006981055883568422,0.000566545903498945,0.0017535803261767356,0.0011424934825029376,0.0010822446446210425,
20,Vehicle_12,8575983,80,0.01129041671882794,0.007735804669217614,0.006476863043046556,0.011740871840505547,0.007992914038741783,0.0068509776620609844,0.0012098886922056902,0.0008604913981074104,0.0005672390445448801,0.001753110084640817,0.0011812397885027086,0.0010292580493952675,
20,Vehicle_12,8575983,100,0.011725866188315573,0.008336350946678438,0.006548027512636984,0.012232799518491051,0.008394664679693119,0.007160293355076175,0.0007530072654446352,0.0005849824328479318,0.00032673701294730405,0.001121401029624286,0.0007804247678676456,0.000669002100504173,
20,Vehicle_12,8575983,120,0.028055965948209326,0.018892269306620742,0.01693290513825828,0.028221861370340377,0.01889678159180288,0.017108851018903113,0.00011759495000435781,8.315218658137442e-05,8.315218658137442e-05,0.0017578124999999996,0.0011388851042108254,0.0011124595133833741,
20,Vehicle_12,8575983,140,0.013739635642817528,0.009589323656436706,0.007847017680438962,0.014876623008383513,0.010388959402586865,0.008590033060796275,0.0002484801786558868,0.00016191179823173049,0.00013342651744575196,0.00087890625,0.0005239718819331094,0.0005887614844005556,
