subdir,file,cluster,size,16all_distances_scaled_to_max_trajs_distances_offset,16all_distances_scaled_to_max_trajs_distances_offset x,16all_distances_scaled_to_max_trajs_distances_offset y,16all_nums_scaled_to_max_trajs_num_intersections_offset
only_rays_heading_size_16_,filenames_in_cluster_test KMeans test nclus 9,5,229,8.168455974584842e-07,1.7283251641920413e-06,1.3356043787893491e-06,9.396689887767817e-07
only_rays_heading_size_16_,filenames_in_cluster_test KMeans test nclus 9,0,159,1.5349537511475296e-06,1.0755549549047648e-06,1.7452815698564257e-06,1.386767306116371e-06
only_rays_heading_size_16_,filenames_in_cluster_test KMeans test nclus 9,7,67,2.58546462624617e-06,2.5200579765499127e-06,1.3326166662812031e-06,1.0972497252440408e-05
only_rays_heading_size_16_,filenames_in_cluster_test KMeans test nclus 9,6,24,1.3597972281691597e-05,6.584834654517854e-06,7.061695488244001e-06,2.3144140504770698e-05
only_rays_heading_size_16_,filenames_in_cluster_test KMeans test nclus 9,4,35,3.0545451076638595e-06,1.4809251116320962e-06,1.920401002689966e-06,1.0476143365933631e-05
only_rays_heading_size_16_,filenames_in_cluster_test KMeans test nclus 9,2,34,4.60347932859992e-06,2.4758093222791387e-06,2.91495544131155e-06,1.0642789277190428e-05
only_rays_heading_size_16_,filenames_in_cluster_test KMeans test nclus 9,8,42,5.653692026986083e-06,3.294928954685501e-06,2.993265208350888e-06,9.912783211160729e-06
only_rays_heading_size_16_,filenames_in_cluster_test KMeans test nclus 9,1,14,2.2059006370627882e-05,8.489683250940932e-06,1.063415035919076e-05,4.7091854401040214e-05
only_rays_heading_size_16_,filenames_in_cluster_test KMeans test nclus 9,3,2,2.801124225925911e-07,4.726827000223784e-07,1.847071599736399e-06,2.4346433518005555e-05
