subdir,file,cluster,size,16all_distances_scaled_to_max_trajs_distances_offset,16all_distances_scaled_to_max_trajs_distances_offset x,16all_distances_scaled_to_max_trajs_distances_offset y,16all_nums_scaled_to_max_trajs_num_intersections_offset
only_rays_heading_size_16_,filenames_in_cluster_test KMeans test nclus 9,5,229,0.060118666658331606,0.0745396484686047,0.06950272291756371,0.08684044926679507
only_rays_heading_size_16_,filenames_in_cluster_test KMeans test nclus 9,0,159,0.06009087628461048,0.0514923557938572,0.08788779226491335,0.12815948736205057
only_rays_heading_size_16_,filenames_in_cluster_test KMeans test nclus 9,7,67,0.12014731861092377,0.09577758148749105,0.05750481163199622,0.11267047845350357
only_rays_heading_size_16_,filenames_in_cluster_test KMeans test nclus 9,6,24,0.07292538781097206,0.06763016965039746,0.07729651087810283,0.08555555555555559
only_rays_heading_size_16_,filenames_in_cluster_test KMeans test nclus 9,4,35,0.03947954272829165,0.037570083912031524,0.04214614797394933,0.060510204081632664
only_rays_heading_size_16_,filenames_in_cluster_test KMeans test nclus 9,2,34,0.059899164485722634,0.04637741011612369,0.05654727910573197,0.10928489042675889
only_rays_heading_size_16_,filenames_in_cluster_test KMeans test nclus 9,8,42,0.06845348899777103,0.054937114513947824,0.049743265305591186,0.10178886369362562
only_rays_heading_size_16_,filenames_in_cluster_test KMeans test nclus 9,1,14,0.08935700191700041,0.07785642457613241,0.09386030391981456,0.12089002267573702
only_rays_heading_size_16_,filenames_in_cluster_test KMeans test nclus 9,3,2,0.25,0.25,0.25,0.25
