window_size,vehicle,ride,start,offset,offset x,offset y,scale,scale x,scale y,no scale,no scale x,no scale y,only offset,only offset x,only offset y,
20,Vehicle_17,8700334,0,0.009939590850427024,0.005078938875153002,0.007738576317283203,0.008615744355472245,0.004183288572707366,0.006857463655700555,7.452173694495096e-05,4.563300467473899e-05,4.563711045578281e-05,0.0006558737587782246,0.00042169325242134685,0.0004216845420637716,
20,Vehicle_17,8700334,20,0.010728958155252839,0.005711471895113442,0.008145854533520921,0.008850940270027438,0.004432194711366901,0.006903242587526196,7.452136575580933e-05,4.5632946964040216e-05,4.563671355448415e-05,0.0006751372102763785,0.0004409573264954271,0.00042168391948784525,
20,Vehicle_17,8700334,40,0.010085286474045267,0.005247442675942314,0.007728581915919149,0.009132843128500477,0.004684670799518713,0.006971874440562489,7.452687525602713e-05,4.563779622157127e-05,4.563861202908856e-05,0.0006944426444483374,0.000460262429052523,0.0004216842511027084,
20,Vehicle_17,8700334,60,0.009917037603458086,0.005078171039474265,0.007716790905990867,0.008534232966504992,0.004094333210667315,0.006847200717580289,7.45271527988877e-05,4.563750992308238e-05,4.563923824677258e-05,0.000675153901250932,0.00044097336090381854,0.0004216845760540072,
