window_size,vehicle,ride,start,offset,offset x,offset y,scale,scale x,scale y,no scale,no scale x,no scale y,only offset,only offset x,only offset y,
20,Vehicle_17,8700334,0,0.010046722481026798,0.005078938875148912,0.007845707947884521,0.008933605918312798,0.0042221040257136395,0.007136509765533381,0.00011179550232989998,8.163536427929671e-05,5.528560384389471e-05,0.0006944444444444445,0.00044097424007566915,0.0004409742400756691,
20,Vehicle_17,8700334,20,0.010919301073050565,0.0057719269224829825,0.00827574242394565,0.009153356513572285,0.004421751225245587,0.0072077270519288516,3.7265656878436285e-05,9.645061728395067e-06,3.599586041250846e-05,0.0007330246913580245,0.00047955448698924926,0.0004409742400756691,
20,Vehicle_17,8700334,40,0.01027203485458567,0.005309248115350477,0.007853524857051687,0.00944320296811687,0.004734646059955088,0.007217399039995709,0.00011179131078939906,8.163131556207493e-05,5.528451899338475e-05,0.0007716049382716049,0.0005181347339028297,0.00044097424007566904,
20,Vehicle_17,8700334,60,0.010088850879487615,0.0051175191220625,0.007849256099431753,0.009159573940660038,0.004339680802652905,0.007325014011449894,7.452589851957772e-05,4.5636547032181815e-05,4.563866496552101e-05,0.0007330246913580247,0.0004795544869892494,0.0004409742400756691,
