window_size,vehicle,ride,start,offset,offset x,offset y,scale,scale x,scale y,no scale,no scale x,no scale y,only offset,only offset x,only offset y,
20,Vehicle_17,8700334,0,0.010055322784019096,0.0050789388751489115,0.007854308250876813,0.008933605918312782,0.004222104025713634,0.007136509765533392,0.008933605918312782,0.004222104025713634,0.007136509765533392,0.010055322784019096,0.0050789388751489115,0.007854308250876813,
20,Vehicle_17,8700334,20,0.010927282074723944,0.0057719269224829825,0.00828372342561904,0.009124718223979322,0.004393112935652617,0.007207727051928862,0.009124718223979322,0.004393112935652617,0.007207727051928862,0.010927282074723944,0.0057719269224829825,0.00828372342561904,
20,Vehicle_17,8700334,40,0.01026830710493483,0.005305520365699617,0.007853524857051679,0.00944386764408396,0.004734646059955088,0.00721806371596279,0.00944386764408396,0.004734646059955088,0.00721806371596279,0.01026830710493483,0.005305520365699617,0.007853524857051679,
20,Vehicle_17,8700334,60,0.010088850879487599,0.005117519122062498,0.007849256099431746,0.009159573940660035,0.0043396808026529106,0.007325014011449901,0.009159573940660035,0.0043396808026529106,0.007325014011449901,0.010088850879487599,0.005117519122062498,0.007849256099431746,
