window_size,vehicle,ride,start,scale,scale x,scale y,offset,offset x,offset y,no scale,no scale x,no scale y,only offset,only offset x,only offset y,
20,Vehicle_11,8363344,0,0.01066941738241592,0.0062499999999999995,0.006250000000000002,0.01066941738241592,0.0062499999999999995,0.006250000000000002,0.0,0.0,0.0,0.00625,0.0031250000000000006,0.003125,
20,Vehicle_11,8363344,20,0.010669417382415919,0.00625,0.00625,0.010669417382415922,0.00625,0.006250000000000001,0.0,0.0,0.0,0.00625,0.003125,0.003125,
20,Vehicle_11,8363344,40,0.010669417382415922,0.00625,0.00625,0.01066941738241592,0.00625,0.00625,0.0,0.0,0.0,0.00625,0.003125,0.003125,
20,Vehicle_11,8363344,60,0.018213834764831845,0.009375,0.012499999999999999,0.018213834764831845,0.009375,0.012499999999999999,0.0,0.0,0.0,0.009375,0.003125,0.00625,
20,Vehicle_11,8363344,80,0.007437670828671885,0.0031250000000000006,0.006143253446255963,0.01066941738241592,0.00625,0.00625,0.0,0.0,0.0,0.00625,0.0031250000000000006,0.003125,
20,Vehicle_11,8363344,100,0.010669417382415922,0.00625,0.00625,0.010669417382415922,0.00625,0.006250000000000001,0.0,0.0,0.0,0.00625,0.003125,0.003125,
20,Vehicle_11,8363344,120,0.007544417382415922,0.0031249999999999997,0.0062499999999999995,0.013424158407706461,0.009004741025290537,0.0062499999999999995,0.0,0.0,0.0,0.009375,0.00625,0.0031250000000000006,
20,Vehicle_11,8363344,140,0.010669417382415922,0.0062499999999999995,0.006250000000000001,0.01066941738241592,0.0062499999999999995,0.0062499999999999995,0.0,0.0,0.0,0.00625,0.003125,0.003125,
20,Vehicle_11,8363344,160,0.007387069847456754,0.003125,0.006092652465040832,0.01066941738241592,0.0062499999999999995,0.00625,0.0,0.0,0.0,0.00625,0.003125,0.003125,
