window_size,vehicle,ride,start,scale,scale x,scale y,offset,offset x,offset y,no scale,no scale x,no scale y,only offset,only offset x,only offset y,
20,Vehicle_4,9471375,0,0.011219597454373684,0.006081352031913368,0.008194774575845052,0.011372537256101052,0.006437851253903053,0.007688148329249369,0.011219597454373684,0.006081352031913368,0.008194774575845052,0.011372537256101052,0.006437851253903053,0.007688148329249369,
20,Vehicle_4,9471375,20,0.011219597454373684,0.006081352031913368,0.008194774575845052,0.011372537256101052,0.006437851253903053,0.007688148329249369,0.011219597454373684,0.006081352031913368,0.008194774575845052,0.011372537256101052,0.006437851253903053,0.007688148329249369,
20,Vehicle_4,9471375,40,0.011219597454373684,0.006081352031913368,0.008194774575845052,0.011372537256101052,0.006437851253903053,0.007688148329249369,0.011219597454373684,0.006081352031913368,0.008194774575845052,0.011372537256101052,0.006437851253903053,0.007688148329249369,
