window_size,vehicle,ride,start,offset,offset x,offset y,scale,scale x,scale y,no scale,no scale x,no scale y,only offset,only offset x,only offset y,
20,Vehicle_4,9471375,0,0.011560639486771603,0.006897208691207961,0.007279220006262456,0.007817147574206346,0.0034210433358430473,0.0065748642457646765,0.007817147574206346,0.0034210433358430473,0.0065748642457646765,0.011560639486771603,0.006897208691207961,0.007279220006262456,
20,Vehicle_4,9471375,20,0.011469451721257263,0.006856297951670828,0.007228942980285248,0.009507624380401971,0.004814166150079644,0.00749085887622158,0.009507624380401971,0.004814166150079644,0.00749085887622158,0.011469451721257263,0.006856297951670828,0.007228942980285248,
20,Vehicle_4,9471375,40,0.010803910393296078,0.006115958691207962,0.00730374091278693,0.010658617581655042,0.005777284430317761,0.007785035847052898,0.010658617581655042,0.005777284430317761,0.007785035847052898,0.010803910393296078,0.006115958691207962,0.00730374091278693,
