window_size,vehicle,ride,start,scale,scale x,scale y,offset,offset x,offset y,no scale,no scale x,no scale y,only offset,only offset x,only offset y,
20,Vehicle_4,9471375,0,0.008324037375643157,0.004907016671949263,0.0062815557172072635,0.009960730755596,0.005819962820802526,0.00689423026184,0.0009923118541646314,0.0007016704411315789,0.0007016704411315789,0.0028787049998534736,0.001985915889740632,0.0015740614166474738,
20,Vehicle_4,9471375,20,0.008324037375643157,0.004907016671949263,0.0062815557172072635,0.009960730755596,0.005819962820802526,0.00689423026184,0.0009923118541646314,0.0007016704411315789,0.0007016704411315789,0.0028787049998534736,0.001985915889740632,0.0015740614166474738,
20,Vehicle_4,9471375,40,0.008324037375643157,0.004907016671949263,0.0062815557172072635,0.009960730755596,0.005819962820802526,0.00689423026184,0.0009923118541646314,0.0007016704411315789,0.0007016704411315789,0.0028787049998534736,0.001985915889740632,0.0015740614166474738,
