window_size,vehicle,ride,start,scale,scale x,scale y,offset,offset x,offset y,no scale,no scale x,no scale y,only offset,only offset x,only offset y,
20,Vehicle_4,9471375,0,0.008775114387002606,0.004175153259147381,0.006964028781423489,0.010529253699240876,0.005601814338169565,0.007810170706883488,0.004568706783845827,0.0021480941767300166,0.003593435195763674,0.005570216348774279,0.002919521909039649,0.004143377172021658,
20,Vehicle_4,9471375,20,0.009476745859170913,0.0047760189123240765,0.007197770561928195,0.01080623073064275,0.005823567762474159,0.007927230465740395,0.0010276638178562507,0.00048814718522568725,0.0008220749102726826,0.0015,0.0010392189393343804,0.0007892189393343806,
20,Vehicle_4,9471375,40,0.008818775830797066,0.004301264926704941,0.006854027494700579,0.010445116785147026,0.0054768143381695705,0.007851033792789628,0.004935903043421669,0.00227601487930203,0.003946918175614304,0.005680053206872218,0.00296702650345653,0.0042619273124383725,
