window_size,vehicle,ride,start,scale,scale x,scale y,offset,offset x,offset y,no scale,no scale x,no scale y,only offset,only offset x,only offset y,
20,Vehicle_4,9471375,0,0.008663938543091266,0.0041751532591473815,0.006852852937512152,0.010529253699240878,0.005601814338169568,0.007810170706883485,0.0,0.0,0.0,0.0015000000000000002,0.0010392189393343802,0.0007892189393343805,
20,Vehicle_4,9471375,20,0.009377877478242872,0.0046771505313960345,0.007197770561928188,0.010810604430635024,0.0058279414624664355,0.007927230465740405,0.0,0.0,0.0,0.0015000000000000002,0.0010392189393343804,0.0007892189393343806,
20,Vehicle_4,9471375,40,0.008613920040450293,0.0043012649267049384,0.006649171704353797,0.010296581455287526,0.005476814338169572,0.007702498462930129,0.0,0.0,0.0,0.0013750000000000004,0.0009142189393343804,0.0007892189393343806,
