subdir,file,cluster,size,20all_distances_scaled_to_max_trajs_distances_offset,20all_distances_scaled_to_max_trajs_distances_offset x,20all_distances_scaled_to_max_trajs_distances_offset y,20all_nums_scaled_to_max_trajs_num_intersections_offset
only_rays_acceler_heading_size_20_,filenames_in_cluster_train KMeans test nclus 7,1,325,0.001050748014491148,0.001306811785679056,0.001166986662638739,0.0007523994955484129
only_rays_acceler_heading_size_20_,filenames_in_cluster_train KMeans test nclus 7,5,247,0.0015649405880071722,0.0010397120289226893,0.001508898652811622,0.0012473225520954715
only_rays_acceler_heading_size_20_,filenames_in_cluster_train KMeans test nclus 7,0,85,0.00362680954559411,0.0022905394711293463,0.002612838018175103,0.004575082571557786
only_rays_acceler_heading_size_20_,filenames_in_cluster_train KMeans test nclus 7,6,58,0.002156026270386287,0.001483819432360389,0.0015816326117547629,0.004053441103721788
only_rays_acceler_heading_size_20_,filenames_in_cluster_train KMeans test nclus 7,3,98,0.0020058865226912654,0.0017438682971575512,0.0014654095247121934,0.003440316268046675
only_rays_acceler_heading_size_20_,filenames_in_cluster_train KMeans test nclus 7,2,36,0.0049827832295407945,0.002976825653749633,0.0035198823797037565,0.00600572979720577
only_rays_acceler_heading_size_20_,filenames_in_cluster_train KMeans test nclus 7,4,11,0.0061503868459952815,0.003256859064587974,0.0045695523927440675,0.010963099748698179
