subdir,file,cluster,size,20all_distances_scaled_to_max_trajs_distances_offset,20all_distances_scaled_to_max_trajs_distances_offset x,20all_distances_scaled_to_max_trajs_distances_offset y,20all_nums_scaled_to_max_trajs_num_intersections_offset
only_rays_acceler_heading_size_20_,filenames_in_cluster_test KMeans test nclus 8,7,233,0.01078105484800847,0.006643810126452805,0.007142611519273771,0.02661226564264731
only_rays_acceler_heading_size_20_,filenames_in_cluster_test KMeans test nclus 8,0,162,0.011067766454035883,0.007443718268870944,0.00670259063508957,0.022538986354775904
only_rays_acceler_heading_size_20_,filenames_in_cluster_test KMeans test nclus 8,3,74,0.011908434651233679,0.007651382039089383,0.007589922390680523,0.037073257467994315
only_rays_acceler_heading_size_20_,filenames_in_cluster_test KMeans test nclus 8,4,46,0.0184299612597706,0.011985130111606037,0.01157244130006925,0.047768878718535475
only_rays_acceler_heading_size_20_,filenames_in_cluster_test KMeans test nclus 8,5,26,0.015765871836011806,0.009916321557242746,0.010146467751567932,0.026062753036437236
only_rays_acceler_heading_size_20_,filenames_in_cluster_test KMeans test nclus 8,1,42,0.017541725388336746,0.011415387334652114,0.010953722339630467,0.03845551378446116
only_rays_acceler_heading_size_20_,filenames_in_cluster_test KMeans test nclus 8,6,20,0.022003206371548286,0.014575319328799467,0.013523623547788513,0.061842105263157886
only_rays_acceler_heading_size_20_,filenames_in_cluster_test KMeans test nclus 8,2,3,0.0321089494269182,0.020382740539604965,0.020648246530003536,0.07785087719298245
