subdir,file,cluster,size,20all_distances_scaled_to_max_trajs_distances_offset,20all_distances_scaled_to_max_trajs_distances_offset x,20all_distances_scaled_to_max_trajs_distances_offset y,20all_nums_scaled_to_max_trajs_num_intersections_offset
only_rays_acceler_heading_size_20_,filenames_in_cluster_test KMeans test nclus 6,0,414,0.0014767118194588366,0.0013852782601171776,0.0014121112471354442,0.00227987170122394
only_rays_acceler_heading_size_20_,filenames_in_cluster_test KMeans test nclus 6,4,72,0.0015062847953712588,0.0015355390863093885,0.0011772569696545578,0.00417306396590963
only_rays_acceler_heading_size_20_,filenames_in_cluster_test KMeans test nclus 6,2,55,0.004075058401199499,0.0027122773731678576,0.0028203942082060374,0.003286753986611024
only_rays_acceler_heading_size_20_,filenames_in_cluster_test KMeans test nclus 6,5,42,0.0022662636167280707,0.0014967041052893436,0.0018266112208513282,0.0034389878446272164
only_rays_acceler_heading_size_20_,filenames_in_cluster_test KMeans test nclus 6,1,20,0.004937508113178005,0.0031344769784674175,0.0034451443063213297,0.007100997745040428
only_rays_acceler_heading_size_20_,filenames_in_cluster_test KMeans test nclus 6,3,3,0.0008099520697876845,0.0011390422704658087,0.0008714204819086431,0.005591030168413142
