window_size,vehicle,ride,start,offset,offset x,offset y,scale,scale x,scale y,no scale,no scale x,no scale y,only offset,only offset x,only offset y,
20,Vehicle_17,8855431,0,0.01000197234550509,0.00533470869120796,0.007283052864995943,0.007957861085964784,0.0034687356761652255,0.006702497022061263,0.0,0.0,0.0,0.003125,0.0018861043456039808,0.0018861043456039803,
20,Vehicle_17,8855431,20,0.010009201360007498,0.00533470869120796,0.007290281879498352,0.007884445450217971,0.0034352588434028854,0.006639359154011508,0.0,0.0,0.0,0.003125,0.0018861043456039803,0.0018861043456039803,
20,Vehicle_17,8855431,40,0.01130409576292443,0.006457410919496055,0.007835010636728782,0.014695467238475445,0.009376382197087927,0.008986558506519087,0.0,0.0,0.0,0.003125,0.0018861043456039808,0.0018861043456039803,
20,Vehicle_17,8855431,60,0.009893115002548263,0.005219472301404916,0.007289431911842157,0.009441176765787613,0.00516011639352418,0.00662205354112568,0.0,0.0,0.0,0.003125,0.0018861043456039803,0.0018861043456039808,
20,Vehicle_17,8855431,80,0.010002203218388671,0.00533470869120796,0.007283283737879524,0.008877724913125207,0.004118256649064126,0.0073530578453970255,0.0009430434272927933,0.0006668324023921371,0.000666832402392137,0.003125,0.00188610434560398,0.0018861043456039803,
20,Vehicle_17,8855431,100,0.011551823509215613,0.0068972086912079626,0.007270404028706465,0.009586393968912824,0.004818800538483818,0.007577819407235955,0.0009430481405904454,0.0006668357351968686,0.0006668357351968685,0.0046875,0.0034486043456039813,0.0018861043456039803,
20,Vehicle_17,8855431,120,0.009896857356481225,0.005207586855131764,0.007305059712048274,0.008530196545497755,0.004122795562221708,0.006798163295200936,0.0,0.0,0.0,0.003125,0.0018861043456039808,0.0018861043456039803,
20,Vehicle_17,8855431,140,0.011560255617142287,0.006897208691207962,0.007278836136633136,0.00892808992007917,0.004145413334456847,0.007394268863502632,0.0009430485267826543,0.0006668360082759983,0.0006668360082759982,0.0046875,0.0034486043456039804,0.0018861043456039803,
20,Vehicle_17,8855431,160,0.01415499028632239,0.00767947330159891,0.010716549246493286,0.013153502217799339,0.006968372432639261,0.009917596867114626,0.0,0.0,0.0,0.003125,0.0018861043456039808,0.0018861043456039803,
