window_size,vehicle,ride,start,scale,scale x,scale y,offset,offset x,offset y,no scale,no scale x,no scale y,only offset,only offset x,only offset y,
20,Vehicle_10,8725430,0,0.012745617015465534,0.008405298642537548,0.007775465726843788,0.01356184213987196,0.00896712327177837,0.00836214330212855,0.0005239267040713112,0.0003604155964166159,0.0003011083917554994,0.0012152777777777778,0.0006818205866169854,0.0008300069391505397,
20,Vehicle_10,8725430,20,0.010093615681344316,0.00536801750454963,0.007381628652819991,0.010579603138173603,0.00575757659702543,0.0077211909416094494,0.00016769545595296317,0.00010269207481703287,0.00010269207481703287,0.0010416666666666664,0.0006593536556185025,0.0006593536556185026,
20,Vehicle_10,8725430,40,0.009786514704913976,0.005048961497348839,0.00734689662303212,0.011627737858182802,0.006518080780207283,0.008353594666801582,0.00033516855801403613,0.00026445866930656825,0.0001460373031728367,0.0012152777777777774,0.0008270491115714659,0.000704287517615468,
20,Vehicle_10,8725430,60,0.017082952209357884,0.009151442366280507,0.01263094812893746,0.018682080514294045,0.010475369423585382,0.013235636678138901,0.00046108886902711103,0.00027256646579912504,0.0003318541524889424,0.0017361111111111108,0.0010578580197830882,0.0010938140581835305,
20,Vehicle_10,8725430,80,0.009118880762757662,0.004369790629638556,0.007212048057885923,0.01002541039729852,0.005095093796960156,0.007791055904546661,8.384772797648164e-05,2.17013888888889e-05,8.099068592814405e-05,0.0010416666666666667,0.0006593536556185027,0.0006593536556185026,
20,Vehicle_10,8725430,100,0.00962021417491907,0.004898753996314343,0.0073160863494520995,0.010793004035367277,0.005763587662155759,0.008006446139448455,0.00016756873096983795,0.00010256966788299617,0.00010265927597790976,0.0010416666666666667,0.0006593536556185026,0.0006593536556185027,
20,Vehicle_10,8725430,120,0.012414096820053094,0.008246436671907385,0.0074595047555422985,0.012526747887026976,0.008436965261395344,0.007544431606487436,0.0002724035278868314,0.00017673186252643988,0.00017673186252643988,0.0010416666666666667,0.0006593536556185026,0.0006593536556185027,
