window_size,vehicle,ride,start,offset,offset x,offset y,scale,scale x,scale y,no scale,no scale x,no scale y,only offset,only offset x,only offset y,
20,Vehicle_6,9476572,0,0.009620143868672592,0.005334708691207961,0.006901224388163446,0.011626566775029877,0.0061109256703468446,0.009274610761201332,0.0008412046983464897,0.00032191510128487473,0.000777171803454653,0.003125,0.0018861043456039803,0.0018861043456039803,
20,Vehicle_6,9476572,20,0.009995615000701622,0.005334708691207959,0.007276695520192474,0.008806620372864303,0.004081424665664177,0.007294736872807493,0.0017815655590024799,0.0009869258722968069,0.001442057077922033,0.003125,0.0018861043456039808,0.0018861043456039803,
20,Vehicle_6,9476572,40,0.010047349489210251,0.005334708691207962,0.007328430008701103,0.011504661954585362,0.006444784401412106,0.00849381457398978,0.0036501506863673523,0.0023116976272078093,0.0027610193337875228,0.003125,0.0018861043456039803,0.0018861043456039803,
