window_size,vehicle,ride,start,scale,scale x,scale y,offset,offset x,offset y,no scale,no scale x,no scale y,only offset,only offset x,only offset y,
20,Vehicle_10,8919203,0,0.012637535127608178,0.007623226412493753,0.008487740436905533,0.013774369429776258,0.008482376171561024,0.009230534441256655,0.0,0.0,0.0,0.0009566318690051049,0.0006537713655008933,0.0005759977741099287,
20,Vehicle_10,8919203,20,0.015020621381969263,0.008995581010822809,0.010366168547199522,0.01628358555483126,0.010127750450008449,0.010629136432116968,0.0,0.0,0.0,0.0010204086019132686,0.0006837208751513932,0.0006534259157235983,
20,Vehicle_10,8919203,40,0.015791170862307684,0.009376021788867291,0.010728255005145714,0.01577170931523553,0.009393306586651868,0.01065001695690468,0.0,0.0,0.0,0.0010841853826530638,0.0007055111633778413,0.0006954124082369463,
20,Vehicle_10,8919203,60,0.010103403667471691,0.005448114464953248,0.007446147713165526,0.01085526727467866,0.006006284280115138,0.007910479759699655,0.0,0.0,0.0,0.0008290812413379554,0.0005341348644751127,0.0005341358507110275,
20,Vehicle_10,8919203,80,0.01055502561277171,0.007698351192093394,0.005774328063701373,0.010867013521530498,0.007824047144251549,0.006096304408391822,0.0,0.0,0.0,0.0008290839058673488,0.0005341345728934793,0.0005341388068220537,
20,Vehicle_10,8919203,100,0.00904370980379346,0.007105178214246213,0.004464610811399998,0.00986989730928743,0.00768068746758296,0.005060733023572415,0.0,0.0,0.0,0.0008290820724269197,0.0005341354897606755,0.0005341360565144299,
20,Vehicle_10,8919203,120,0.009614525918584768,0.007392965703090845,0.004909087091324149,0.010043539133406184,0.007665744934942594,0.00528721593633425,0.0,0.0,0.0,0.0008609636415816348,0.0005341350175363366,0.0005660180978934825,
20,Vehicle_10,8919203,140,0.009897998220433652,0.007218299624205619,0.005389162872542885,0.01116792209546993,0.007720792918590574,0.006545470878912589,0.0,0.0,0.0,0.0008290825177783896,0.0005341358468097767,0.0005341361448167976,
20,Vehicle_10,8919203,160,0.009126522591958477,0.0069683808254763,0.004683984320212045,0.010494438152251838,0.007852476131583784,0.005674814901031502,0.0,0.0,0.0,0.0012117386926020453,0.000669004525313926,0.0008763335762570621,
20,Vehicle_10,8919203,180,0.010832461537612244,0.007863311378560648,0.005903587693073014,0.011915382457735458,0.008569489878467363,0.0067405482644545735,0.0,0.0,0.0,0.001052269949293683,0.000603669250237593,0.0007430933655176739,
