subdir,file,cluster,size,20all_distances_scaled_to_max_trajs_distances_offset,20all_distances_scaled_to_max_trajs_distances_offset x,20all_distances_scaled_to_max_trajs_distances_offset y,20all_nums_scaled_to_max_trajs_num_intersections_offset
only_rays_size_20_,filenames_in_cluster_train KMeans test nclus 6,0,581,0.011157656594842769,0.007177639748908516,0.007063164303397362,0.02475314793006639
only_rays_size_20_,filenames_in_cluster_train KMeans test nclus 6,5,80,0.017744225817318653,0.011329676003912215,0.011253617678629136,0.034703947368421036
only_rays_size_20_,filenames_in_cluster_train KMeans test nclus 6,4,85,0.011361280472952021,0.007062855062136324,0.007479539947337509,0.03711300309597521
only_rays_size_20_,filenames_in_cluster_train KMeans test nclus 6,2,69,0.0189393784428988,0.012056383692499383,0.012093953993426389,0.04772120518688024
only_rays_size_20_,filenames_in_cluster_train KMeans test nclus 6,1,34,0.02256808303297426,0.014132626127309318,0.014656917204094214,0.061726006191950455
only_rays_size_20_,filenames_in_cluster_train KMeans test nclus 6,3,11,0.03591572840274649,0.022514928862959686,0.02324891174860003,0.08462918660287083
