subdir,file,cluster,size,20all_distances_scaled_to_max_trajs_distances_offset,20all_distances_scaled_to_max_trajs_distances_offset x,20all_distances_scaled_to_max_trajs_distances_offset y,20all_nums_scaled_to_max_trajs_num_intersections_offset
only_rays_size_20_,filenames_in_cluster_train KMeans test nclus 9,0,318,0.009903592130696,0.0051079322736326,0.0051079322736326,0.02631578947368421
only_rays_size_20_,filenames_in_cluster_train KMeans test nclus 9,6,241,0.0098516727574184,0.0050802407516688,0.0051079322736326,0.019736842105263157
only_rays_size_20_,filenames_in_cluster_train KMeans test nclus 9,2,75,0.0129102241204697,0.007435646780938,0.0079006581996517,0.03618421052631579
only_rays_size_20_,filenames_in_cluster_train KMeans test nclus 9,5,55,0.0135646923360636,0.0079249220976845,0.00843955805395,0.019736842105263157
only_rays_size_20_,filenames_in_cluster_train KMeans test nclus 9,8,86,0.0100095299808547,0.0052329322736326,0.0052329322736326,0.03289473684210526
only_rays_size_20_,filenames_in_cluster_train KMeans test nclus 9,7,32,0.0104574842250718,0.0056079322736326,0.0071472050030448,0.049342105263157895
only_rays_size_20_,filenames_in_cluster_train KMeans test nclus 9,1,19,0.0133330138701355,0.0086362465640774,0.0074235771257543,0.05921052631578947
only_rays_size_20_,filenames_in_cluster_train KMeans test nclus 9,4,10,0.0291751078164735,0.0190516243806613,0.0183382770654723,0.06907894736842106
only_rays_size_20_,filenames_in_cluster_train KMeans test nclus 9,3,24,0.0207091239195212,0.0125526775702283,0.013421817923367,0.04276315789473684
