subdir,file,cluster,size,20all_distances_scaled_to_max_trajs_distances_offset,20all_distances_scaled_to_max_trajs_distances_offset x,20all_distances_scaled_to_max_trajs_distances_offset y,20all_nums_scaled_to_max_trajs_num_intersections_offset
only_rays_size_20_,filenames_in_cluster_train KMeans test nclus 9,0,318,8.470371729725205e-07,1.6152321482425931e-06,1.3037584343448018e-06,5.475376778856072e-07
only_rays_size_20_,filenames_in_cluster_train KMeans test nclus 9,6,241,1.7785071796836802e-06,9.291822607152784e-07,1.9134783330758773e-06,1.5276807282369668e-06
only_rays_size_20_,filenames_in_cluster_train KMeans test nclus 9,2,75,5.953565949581706e-06,2.87398839718129e-06,3.1117131469394403e-06,1.1338104032009843e-05
only_rays_size_20_,filenames_in_cluster_train KMeans test nclus 9,5,55,4.30784626157709e-06,2.2997888586779415e-06,1.9874420616843012e-06,1.3321009134406264e-05
only_rays_size_20_,filenames_in_cluster_train KMeans test nclus 9,8,86,2.6402413311153085e-06,2.7153439350476586e-06,1.5602159946334723e-06,1.1868173108470701e-05
only_rays_size_20_,filenames_in_cluster_train KMeans test nclus 9,7,32,1.037124828310699e-05,4.419960915527277e-06,5.813796999178619e-06,9.203881768308516e-06
only_rays_size_20_,filenames_in_cluster_train KMeans test nclus 9,1,19,1.7484064209106603e-05,7.093624001610241e-06,8.02147212315626e-06,3.992545330376534e-05
only_rays_size_20_,filenames_in_cluster_train KMeans test nclus 9,4,10,2.2868640881169425e-05,7.11983502950272e-06,1.180551911423932e-05,0.000131578947368421
only_rays_size_20_,filenames_in_cluster_train KMeans test nclus 9,3,24,1.2817167245331092e-05,4.896874946280985e-06,6.272420934684208e-06,2.066441116497384e-05
