subdir,file,cluster,size,20all_distances_scaled_to_max_trajs_distances_offset,20all_distances_scaled_to_max_trajs_distances_offset x,20all_distances_scaled_to_max_trajs_distances_offset y,20all_nums_scaled_to_max_trajs_num_intersections_offset
only_rays_size_20_,filenames_in_cluster_test KMeans test nclus 9,0,233,0.0098934129793696,0.0051079322736326,0.0051079322736326,0.02631578947368421
only_rays_size_20_,filenames_in_cluster_test KMeans test nclus 9,6,169,0.0098584362177082,0.0051079322736326,0.0051079322736326,0.019736842105263157
only_rays_size_20_,filenames_in_cluster_test KMeans test nclus 9,8,70,0.0100304604702623,0.0052329322736326,0.0052329322736326,0.03289473684210526
only_rays_size_20_,filenames_in_cluster_test KMeans test nclus 9,3,17,0.020742793105482,0.0124875665275421,0.0112128055795338,0.04276315789473684
only_rays_size_20_,filenames_in_cluster_test KMeans test nclus 9,5,28,0.013686391565932,0.0079018363374553,0.0076304421434101,0.023026315789473683
only_rays_size_20_,filenames_in_cluster_test KMeans test nclus 9,2,54,0.012682501288778,0.0072625057529112,0.0069233150664659,0.03618421052631579
only_rays_size_20_,filenames_in_cluster_test KMeans test nclus 9,7,23,0.012769664912588,0.0075611456020238,0.0080833262372615,0.049342105263157895
only_rays_size_20_,filenames_in_cluster_test KMeans test nclus 9,1,10,0.0165562541815308,0.0121830605244334,0.0090691251404548,0.05921052631578947
only_rays_size_20_,filenames_in_cluster_test KMeans test nclus 9,4,2,0.0324899410187497,0.0196041620119152,0.0200935262300979,0.0756578947368421
