window_size,vehicle,ride,start,scale,scale x,scale y,offset,offset x,offset y,no scale,no scale x,no scale y,only offset,only offset x,only offset y,
20,Vehicle_4,9477474,0,0.009706943448834408,0.004841782205425573,0.007329847181436578,0.010290496537431736,0.005518243256830007,0.0075405754351844595,0.006534064151486954,0.003113258677234551,0.005119179152801391,0.00616549539689933,0.003239627437125762,0.0045115700513525285,
20,Vehicle_4,9477474,20,0.009125170962895935,0.004301303012663134,0.007337223674983057,0.00987606677678061,0.005183403899401218,0.00746098503196212,0.007318618117150859,0.003557679674794436,0.005754835363755055,0.007596765050933453,0.00396812612162344,0.0056955860183256525,
20,Vehicle_4,9477474,40,0.010027466874786938,0.005253184453441536,0.0073835175515351145,0.010031735678946312,0.005264269311367019,0.007583158383764698,0.001409352856661086,0.000776929065129483,0.0008449014010123731,0.0020833333333333333,0.0012958509748503047,0.0012958509748503047,
20,Vehicle_4,9477474,60,0.010043857757897014,0.005290476367387634,0.007364355721225626,0.010266507804330586,0.005345552675612024,0.0077842618372833796,0.006464075783097838,0.0034483159345218587,0.004566308365917495,0.007131386710446275,0.004061164035662025,0.00502680960921802,
20,Vehicle_4,9477474,80,0.008572008363441656,0.004001042564832992,0.006838147327710419,0.010052758256019487,0.005183403899401218,0.007637676511200996,0.007796314469917267,0.00375125678247157,0.006183185102255565,0.0080848854182228,0.00409521827571526,0.006166974386105051,
20,Vehicle_4,9477474,100,0.016396850402367026,0.009200679371027238,0.011651610058493763,0.017814907715413327,0.010092018626702375,0.012914863398950928,0.002477720609542807,0.0017189272013331037,0.001307044501581616,0.002777777777777778,0.001897257505256165,0.001643073197072527,
20,Vehicle_4,9477474,120,0.019403399928872498,0.012110793289169967,0.012713334344382262,0.019564475619879902,0.012198620361846735,0.012781863267924036,0.0021075104285813223,0.0012943610866576315,0.0011303971779138722,0.002777777777777778,0.001943776462275457,0.0014694620859614159,
20,Vehicle_4,9477474,140,0.014926817738141201,0.009039135985058039,0.009425982933247746,0.015028071765629303,0.009384223745145637,0.009109350369989042,0.0006707818238118528,0.0004107682992681316,0.0004107682992681315,0.0020833333333333333,0.0012958509748503045,0.0012958509748503045,
