window_size,vehicle,ride,start,scale,scale x,scale y,offset,offset x,offset y,no scale,no scale x,no scale y,only offset,only offset x,only offset y,
20,Vehicle_4,9477474,0,0.009706943448834401,0.0048417822054255735,0.007329847181436578,0.010214917527273883,0.005518243256830006,0.007464996425026607,0.0013412337294331459,0.0008212293815115487,0.0008214397499491106,0.0024305555555555556,0.0016430731970725266,0.001295850974850305,
20,Vehicle_4,9477474,20,0.009152728440237358,0.004301303012663135,0.007364781152324476,0.009993833978973259,0.005183403899401216,0.007578752234154765,0.00033539091190592656,8.68055555555556e-05,0.0003239627437125762,0.0020833333333333333,0.0012958509748503045,0.0012958509748503045,
20,Vehicle_4,9477474,40,0.009911020134615534,0.005253184453441535,0.007267070811363713,0.01019556371634536,0.005264269311367022,0.007746986421163741,0.0006707818238118521,0.00041076829926813094,0.0004107682992681314,0.002083333333333333,0.0012958509748503045,0.0012958509748503047,
20,Vehicle_4,9477474,60,0.00999226561185578,0.005290476367387635,0.007312763575184388,0.010165555860683252,0.005345552675612025,0.007683309893636049,0.0006707818238118526,0.00041076829926813143,0.0004107682992681315,0.0020833333333333333,0.0012958509748503047,0.0012958509748503047,
20,Vehicle_4,9477474,80,0.008597171426247075,0.00400104256483299,0.006863310390515837,0.010052758256019487,0.005183403899401219,0.007637676511200993,0.00033539091190592656,8.68055555555556e-05,0.0003239627437125762,0.0020833333333333333,0.0012958509748503047,0.0012958509748503047,
20,Vehicle_4,9477474,100,0.01661323672165817,0.009200679371027237,0.011867996377784918,0.01782432261534198,0.010092018626702377,0.012924278298879576,0.001005800351112572,0.00073437757008161,0.0004974712515873718,0.002777777777777778,0.001897257505256165,0.001643073197072527,
20,Vehicle_4,9477474,120,0.019738351315955343,0.012344420096947696,0.012814658923687355,0.019657688198393034,0.012231482962045955,0.01284221324623796,0.0010058693705242692,0.0004974678244403053,0.0007344655283991793,0.0027777777777777775,0.001943776462275457,0.0014694620859614159,
20,Vehicle_4,9477474,140,0.01541632542780421,0.009528643674721043,0.009425982933247748,0.015278270685325666,0.009634422664841994,0.00910935036998904,0.0006707818238118528,0.0004107682992681316,0.0004107682992681315,0.0020833333333333333,0.0012958509748503045,0.0012958509748503045,
