subdir,file,cluster,size,16all_distances_scaled_to_max_trajs_distances_offset,16all_distances_scaled_to_max_trajs_distances_offset x,16all_distances_scaled_to_max_trajs_distances_offset y,16all_nums_scaled_to_max_trajs_num_intersections_offset
only_rays_acceler_size_16_,filenames_in_cluster_train KMeans test nclus 9,5,316,0.0009934194391961796,0.0012935615201356897,0.0011766826684219646,0.0007421631529618182
only_rays_acceler_size_16_,filenames_in_cluster_train KMeans test nclus 9,0,239,0.0013032620576517472,0.0009971636460674909,0.0013406288431814246,0.001251947951031362
only_rays_acceler_size_16_,filenames_in_cluster_train KMeans test nclus 9,2,61,0.0022320184212779467,0.0016298451718814652,0.0015846512540198994,0.0029457507083148543
only_rays_acceler_size_16_,filenames_in_cluster_train KMeans test nclus 9,4,51,0.002009926455458555,0.001328261920424119,0.0014291921826969107,0.0031637637947447683
only_rays_acceler_size_16_,filenames_in_cluster_train KMeans test nclus 9,7,80,0.0014393419472285194,0.0015244514189438848,0.0011475519099548117,0.0030726219888600995
only_rays_acceler_size_16_,filenames_in_cluster_train KMeans test nclus 9,8,42,0.0023593217386548727,0.001832894671592819,0.0017214285315692599,0.003935571593484058
only_rays_acceler_size_16_,filenames_in_cluster_train KMeans test nclus 9,1,23,0.003823720456709728,0.0022879577256028814,0.002750057316545165,0.006427976274097322
only_rays_acceler_size_16_,filenames_in_cluster_train KMeans test nclus 9,6,38,0.0035718416050750453,0.0023529941052916553,0.002504140821635906,0.004383306406223048
only_rays_acceler_size_16_,filenames_in_cluster_train KMeans test nclus 9,3,10,0.004946120862352021,0.002923236847269962,0.0034064064052300586,0.011470786693528086
