subdir,file,cluster,size,16all_distances_scaled_to_max_trajs_distances_offset,16all_distances_scaled_to_max_trajs_distances_offset x,16all_distances_scaled_to_max_trajs_distances_offset y,16all_nums_scaled_to_max_trajs_num_intersections_offset
only_rays_acceler_size_16_,filenames_in_cluster_test KMeans test nclus 10,5,229,8.168455974584842e-07,1.7283251641920413e-06,1.3356043787893491e-06,9.396689887767817e-07
only_rays_acceler_size_16_,filenames_in_cluster_test KMeans test nclus 10,8,159,1.5349537511475296e-06,1.0755549549047648e-06,1.7452815698564257e-06,1.386767306116371e-06
only_rays_acceler_size_16_,filenames_in_cluster_test KMeans test nclus 10,3,70,2.752420058953488e-06,2.570189260130229e-06,1.3547827379858596e-06,1.1129798179659677e-05
only_rays_acceler_size_16_,filenames_in_cluster_test KMeans test nclus 10,4,25,1.592765621761135e-05,7.883573354021515e-06,7.003164157282798e-06,2.2922437673130192e-05
only_rays_acceler_size_16_,filenames_in_cluster_test KMeans test nclus 10,0,35,3.0545451076638595e-06,1.4809251116320962e-06,1.920401002689966e-06,1.0476143365933631e-05
only_rays_acceler_size_16_,filenames_in_cluster_test KMeans test nclus 10,2,35,6.993695700318518e-06,2.9767181274599317e-06,4.48246204327761e-06,1.1430126067047318e-05
only_rays_acceler_size_16_,filenames_in_cluster_test KMeans test nclus 10,7,42,6.159707378579624e-06,4.164900051746274e-06,2.779172778513561e-06,1.239711316197762e-05
only_rays_acceler_size_16_,filenames_in_cluster_test KMeans test nclus 10,1,8,1.7871085608862442e-05,5.0148610643399315e-06,1.069406822936729e-05,4.176089638157893e-05
only_rays_acceler_size_16_,filenames_in_cluster_test KMeans test nclus 10,6,3,1.439834174244328e-06,7.009448187477922e-07,1.980935118144189e-06,3.1259618344105885e-05
