subdir,file,cluster,size,16all_distances_scaled_to_max_trajs_distances_offset,16all_distances_scaled_to_max_trajs_distances_offset x,16all_distances_scaled_to_max_trajs_distances_offset y,16all_nums_scaled_to_max_trajs_num_intersections_offset
only_rays_acceler_size_16_,filenames_in_cluster_test KMeans test nclus 6,0,407,0.001411443141333992,0.0013784829408314907,0.0013678058001062104,0.002268794266070445
only_rays_acceler_size_16_,filenames_in_cluster_test KMeans test nclus 6,4,74,0.0017315709648503788,0.0015701051641498866,0.0013355705571535216,0.0038507126293932637
only_rays_acceler_size_16_,filenames_in_cluster_test KMeans test nclus 6,2,67,0.0039007619714859967,0.002633548313200623,0.0026561668905809043,0.0038913525570373835
only_rays_acceler_size_16_,filenames_in_cluster_test KMeans test nclus 6,5,35,0.002268291654465179,0.0015341785240045867,0.0018345141153467961,0.0035341345257449567
only_rays_acceler_size_16_,filenames_in_cluster_test KMeans test nclus 6,1,20,0.004628211495130767,0.003030753131945556,0.003174779727634522,0.007100997745040428
only_rays_acceler_size_16_,filenames_in_cluster_test KMeans test nclus 6,3,3,0.0011999309039458597,0.0008372244733330436,0.0014074569684875587,0.005591030168413142
