subdir,file,cluster,size,16all_distances_scaled_to_max_trajs_distances_offset,16all_distances_scaled_to_max_trajs_distances_offset x,16all_distances_scaled_to_max_trajs_distances_offset y,16all_nums_scaled_to_max_trajs_num_intersections_offset
only_rays_acceler_size_16_,filenames_in_cluster_train KMeans test nclus 9,5,316,9.86882182172852e-07,1.6733014063757563e-06,1.384582102164635e-06,5.508061456142273e-07
only_rays_acceler_size_16_,filenames_in_cluster_train KMeans test nclus 9,0,239,1.6984919909146659e-06,9.943353370386123e-07,1.7972856951699646e-06,1.5673736720916253e-06
only_rays_acceler_size_16_,filenames_in_cluster_train KMeans test nclus 9,2,61,4.981906232924098e-06,2.6563952843053227e-06,2.51111959686684e-06,8.677447235537465e-06
only_rays_acceler_size_16_,filenames_in_cluster_train KMeans test nclus 9,4,51,4.039804356352191e-06,1.7642797292487685e-06,2.04259029508196e-06,1.0009401348937817e-05
only_rays_acceler_size_16_,filenames_in_cluster_train KMeans test nclus 9,7,80,2.071705241051586e-06,2.323952128720024e-06,1.3168753860409362e-06,9.441005886426593e-06
only_rays_acceler_size_16_,filenames_in_cluster_train KMeans test nclus 9,8,42,5.566399066489451e-06,3.3595028771533476e-06,2.9633161893006982e-06,1.5488723767438643e-05
only_rays_acceler_size_16_,filenames_in_cluster_train KMeans test nclus 9,1,23,1.462083813106045e-05,5.234750554145909e-06,7.562815244283593e-06,4.131887898035809e-05
only_rays_acceler_size_16_,filenames_in_cluster_train KMeans test nclus 9,6,38,1.2758052451745074e-05,5.536581259537277e-06,6.270721254583352e-06,1.9213375050836017e-05
only_rays_acceler_size_16_,filenames_in_cluster_train KMeans test nclus 9,3,10,2.4464111584993905e-05,8.545313665236827e-06,1.160360459759237e-05,0.000131578947368421
