window_size,vehicle,ride,start,scale,scale x,scale y,offset,offset x,offset y,no scale,no scale x,no scale y,only offset,only offset x,only offset y,
20,Vehicle_16,8874226,0,0.010859747983565069,0.006354016676373591,0.007481203431243403,0.011105180904779615,0.00654983713023164,0.007589159376917385,0.0002724424530015242,0.00017676091594403376,0.00017676276979509132,0.0009548575813285367,0.0006159487007780583,0.000615949525120818,
20,Vehicle_16,8874226,20,0.012112470307527268,0.007522306462975341,0.0077891642845484416,0.012067552942625829,0.007465350102125143,0.007763882098054612,0.00027242256193957856,0.00017674863386685935,0.00017674926052101538,0.0009548679405705853,0.0006159542372157252,0.0006159543479251998,
20,Vehicle_16,8874226,40,0.011090120445995572,0.006586324965840571,0.007579607679745527,0.011556608422436516,0.00692032994182003,0.007858706207395982,0.00027236048537312085,0.00017670683850289328,0.00017671218040407117,0.0009548475278251431,0.0006159415865482712,0.0006159465858472114,
20,Vehicle_16,8874226,60,0.01289614845757966,0.007598530035762941,0.008948931969584926,0.01383415826996317,0.008212037578854975,0.009610074640260521,0.00027237577631357223,0.0001767132524741292,0.00017672525533700441,0.0013888788613030994,0.0010265058420483113,0.0007492231160257193,
20,Vehicle_16,8874226,80,0.03541857767530192,0.021716436467555996,0.023529460568678495,0.035239288953697795,0.0217950660441707,0.023348460533665988,0.0010897337023987143,0.0007070273218361116,0.0007070199552322427,0.002734386435474756,0.0016166269382853883,0.001941636262584523,
20,Vehicle_16,8874226,100,0.011748882259588917,0.00728316716990112,0.007577124884891323,0.011614709748711769,0.007130246982046837,0.007554422711449948,0.00027233315405733734,0.00017669057248346435,0.00017669292869965412,0.0009548628646645074,0.0006159518019912537,0.0006159517072435931,
20,Vehicle_16,8874226,120,0.010807552410879929,0.006340364939450884,0.007397659846562297,0.010920359496913706,0.006461670816400345,0.007384070203078378,0.0002724023734302712,0.00017673433035022033,0.00017673797457825973,0.0009548577212041941,0.0006159488706875672,0.0006159494950869661,
20,Vehicle_16,8874226,140,0.010145300116385378,0.005713145076829606,0.00724538470175631,0.011148069935556828,0.006547146442887485,0.0077445800692832615,0.00027243431080038294,0.0001767546534705998,0.00017675859257881843,0.0011284707865740749,0.0007663015642616351,0.0007027559439286889,
