window_size,vehicle,ride,start,scale,scale x,scale y,offset,offset x,offset y,no scale,no scale x,no scale y,only offset,only offset x,only offset y,
20,Vehicle_16,8874226,0,0.011515363091342398,0.006642102868892848,0.007805329568709359,0.01169613949453631,0.006849696873096261,0.007880258223801116,0.00016769545595296314,0.00010269207481703284,0.00010269207481703287,0.0010416666666666664,0.0006593536556185026,0.0006593536556185026,
20,Vehicle_16,8874226,20,0.012873953800268376,0.007960087971244326,0.008156269046789571,0.012708283912072701,0.007826390799696135,0.008043572369924555,0.00037723633744151996,0.0002508598530533981,0.0002508598530533981,0.0010416666666666667,0.0006593536556185027,0.0006593536556185027,
20,Vehicle_16,8874226,40,0.011830093585639889,0.0068441912859650445,0.00803715606832629,0.012090148224990225,0.007159121058634153,0.008153454893130312,0.00016769545595296314,0.00010269207481703284,0.00010269207481703286,0.0010416666666666664,0.0006593536556185025,0.0006593536556185025,
20,Vehicle_16,8874226,60,0.01376369048008548,0.00799593694062667,0.00941906708722198,0.014200480626880492,0.008355083018676868,0.00983335155735799,0.00046107853399543735,0.0002725613262549737,0.00033184554863494823,0.0014756944444444444,0.0010699203838251616,0.0007926241573902111,
20,Vehicle_16,8874226,80,0.036425984149183424,0.021986213643680894,0.024267089866426034,0.036178829577602156,0.022064730324550613,0.023992912118638375,0.0010897337023987141,0.0007070273218361127,0.0007070199552322433,0.0029513888888888897,0.0017034166560788574,0.0020718489982051837,
20,Vehicle_16,8874226,100,0.012556731218486326,0.00767289604952466,0.007984821842747868,0.012469472211858935,0.007649749903335576,0.007889682253305809,0.0001676954559529632,0.00010269207481703287,0.00010269207481703287,0.0010416666666666667,0.0006593536556185026,0.0006593536556185026,
20,Vehicle_16,8874226,120,0.01192189735930615,0.007005497586223647,0.007988018363657031,0.01162924169516877,0.006850034467432065,0.007704588750308955,0.00037726007384764114,0.0002508766372271273,0.0002508766372271273,0.0010416666666666667,0.0006593536556185025,0.0006593536556185026,
20,Vehicle_16,8874226,140,0.010786174996411605,0.005946024404772574,0.007602313440589587,0.011787051198859226,0.0068722531621861396,0.00805845461329147,0.00016769545595296314,0.00010269207481703286,0.00010269207481703287,0.001215277777777778,0.0008097052882199677,0.0007461592111740581,
