window_size,vehicle,ride,start,scale,scale x,scale y,offset,offset x,offset y,no scale,no scale x,no scale y,only offset,only offset x,only offset y,
20,Vehicle_10,8919796,0,0.012555522536545387,0.007379232367545075,0.008505684733198208,0.012353831778632128,0.007324327845222334,0.00835043869873802,0.0008888107059881033,0.0004893026456644958,0.0005719321360223672,0.0010416666666666667,0.0006593536556185026,0.0006593536556185027,
20,Vehicle_10,8919796,20,0.012275988909799243,0.007916291548787103,0.007446329905050313,0.012129097211939483,0.007766653914924092,0.0074154845555328445,0.0006585745375873666,0.0004140969970070744,0.00035238720042588396,0.0010416666666666667,0.0006593536556185028,0.0006593536556185025,
20,Vehicle_10,8919796,40,0.013787695645979495,0.008957158719832223,0.008502608890075862,0.014473720291739055,0.009274455620345085,0.009171209918345793,0.0004080600875132083,0.0002516850994945128,0.0002556934455796282,0.0012152777777777778,0.0007252233643947632,0.0008183771998957164,
20,Vehicle_10,8919796,60,0.013461792857511486,0.008450814446511043,0.008461129480767571,0.01367696946157909,0.008594932968403697,0.008581352005509682,0.0003741537527521364,0.00022583069982350193,0.00022758631953405774,0.0010416666666666667,0.0006593536556185027,0.0006593536556185026,
20,Vehicle_10,8919796,80,0.010871268320389928,0.007678472931491089,0.006002937387146272,0.01178211660613262,0.008061246936219143,0.006862091603997801,0.00045131741834415117,0.0003027105728361618,0.0002385732087628763,0.0012152777777777778,0.0007461592111740581,0.0008097052882199677,
20,Vehicle_10,8919796,100,0.01023952989633409,0.007502110379188715,0.005441957692297305,0.010709764785105274,0.0077736286130981125,0.005862175424086669,0.0004511189016637583,0.000303356829121579,0.00023779035919044693,0.0010416666666666667,0.0006593536556185025,0.0006593536556185026,
20,Vehicle_10,8919796,120,0.01167630142402404,0.0068253333533712605,0.007863592704828615,0.012004604723663067,0.007088431455703182,0.008090115576858447,0.0005542971063072977,0.00031208928781118936,0.00037489173483228153,0.0010416666666666667,0.0006593536556185025,0.0006593536556185025,
