window_size,vehicle,ride,start,scale,scale x,scale y,offset,offset x,offset y,no scale,no scale x,no scale y,only offset,only offset x,only offset y,
20,Vehicle_10,8919796,0,0.011533228172242158,0.006876712848449106,0.007770193160025597,0.012007459736131291,0.007184051124000812,0.008144343377467365,0.00018859592034154403,0.00015505884306651218,9.576954602725784e-05,0.0009548624699999995,0.0006159432679796137,0.0006159598465907252,
20,Vehicle_10,8919796,20,0.011957220983653354,0.007787143943652876,0.007262205873763606,0.011764122323426463,0.0076381164569587785,0.007179047124978618,0.00025153975283027577,0.00012439257567211124,0.00018367944655787666,0.0009548611401946816,0.0006159499681630178,0.000615951816602003,
20,Vehicle_10,8919796,40,0.013267444877604197,0.008740798196190567,0.008198718645361348,0.013849032664663563,0.008973647164430004,0.008847330747209873,0.0002724685549694086,0.000176778950850836,0.00017677816612230384,0.0011718650675347213,0.0006818184666517069,0.0008183693873957171,
20,Vehicle_10,8919796,60,0.013353003407960076,0.00867719950703393,0.008188202095334643,0.013276894517250401,0.00856814754941042,0.00820806248023752,0.0002933901449961363,0.00022915804252721198,0.00016987286384076365,0.0009548592040828539,0.0006159527208124682,0.000615947127840725,
20,Vehicle_10,8919796,80,0.010611984344236686,0.0076104642609575585,0.005811662081543829,0.011537429771123745,0.007954873915138843,0.006723777790092098,0.00016769545595296314,0.00010269207481703303,0.00010269207481703272,0.0011284716973082847,0.0007027572105656768,0.0007663012083588568,
20,Vehicle_10,8919796,100,0.009954247163857757,0.007395915216539221,0.0052988261608659356,0.010482682075057866,0.007656029078949143,0.005752692248186634,8.384772797648127e-05,8.099068592814383e-05,2.1701388888888273e-05,0.0009548610755977687,0.000615950912824016,0.0006159508073440925,
20,Vehicle_10,8919796,120,0.011242186916564553,0.00669245099914386,0.007543516204762081,0.011669809916020348,0.006991758975659058,0.007851993249263611,0.00018862351964719887,0.00015507835872269676,9.578906168344213e-05,0.0009548599131944442,0.0006159485601323912,0.0006159519976323925,
