window_size,vehicle,ride,start,offset,offset x,offset y,scale,scale x,scale y,no scale,no scale x,no scale y,only offset,only offset x,only offset y,
20,Vehicle_15,8801123,0,0.0114663948784632,0.00811734808164438,0.006506583691207961,0.013422676836410605,0.009281100318029372,0.007872870667723993,0.0028291489707343237,0.0020005104221931815,0.0020005104221931815,0.003125,0.0018861043456039803,0.0018861043456039803,
20,Vehicle_15,8801123,20,0.013187702828086265,0.008325029291504776,0.008183422521929431,0.01355625867175418,0.00827774593940346,0.008733736241055147,0.0018857776581160696,0.0013334461698639596,0.0013334461698639593,0.003125,0.0018861043456039803,0.0018861043456039808,
20,Vehicle_15,8801123,40,0.012257523479521706,0.007449635864009953,0.00786621940226566,0.008675365896142753,0.004404156844677925,0.006365493089945504,0.0,0.0,0.0,0.00390625,0.0026673543456039806,0.0018861043456039803,
20,Vehicle_15,8801123,60,0.010366282238894185,0.007624604913250801,0.005449120104806964,0.009437463229602846,0.0071480479937243244,0.004894701435785596,0.00094305217280199,0.000666838586400995,0.0006668385864009949,0.003125,0.0018861043456039803,0.0018861043456039803,
20,Vehicle_15,8801123,80,0.013460708548568968,0.008354994563800058,0.008472407057287483,0.014977863620629087,0.00974880341207368,0.009125297295988525,0.0018858020243093868,0.001333463399364486,0.001333463399364486,0.003125,0.0018861043456039803,0.0018861043456039808,
20,Vehicle_15,8801123,100,0.01003149161074279,0.005334708691207961,0.007312572130233641,0.008701933522833927,0.004255106449324266,0.006683312784396457,0.0,0.0,0.0,0.003125,0.0018861043456039803,0.0018861043456039803,
20,Vehicle_15,8801123,120,0.013710646436374875,0.008357445881961986,0.008681134248464346,0.012351713149356574,0.008160872854452899,0.007318194188233816,0.0009430521728019895,0.0006668385864009947,0.0006668385864009946,0.0031249999999999997,0.0018861043456039803,0.0018861043456039808,
