subdir,file,cluster,size,28all_distances_scaled_to_max_trajs_distances_offset,28all_distances_scaled_to_max_trajs_distances_offset x,28all_distances_scaled_to_max_trajs_distances_offset y,28all_nums_scaled_to_max_trajs_num_intersections_offset
only_rays_acceler_size_28_,filenames_in_cluster_test KMeans test nclus 8,4,252,0.0099872378197292,0.0050873713163884,0.0050873713163884,0.02631578947368421
only_rays_acceler_size_28_,filenames_in_cluster_test KMeans test nclus 8,0,168,0.0099344317317384,0.0050873713163884,0.0050873713163884,0.019736842105263157
only_rays_acceler_size_28_,filenames_in_cluster_test KMeans test nclus 8,1,33,0.0137150739630649,0.0083483213229678,0.0081470779836486,0.046052631578947366
only_rays_acceler_size_28_,filenames_in_cluster_test KMeans test nclus 8,6,39,0.0128582025813717,0.0079464729662444,0.0071900362852438,0.023026315789473683
only_rays_acceler_size_28_,filenames_in_cluster_test KMeans test nclus 8,7,43,0.0153309153196711,0.0086100825765541,0.0089432207257431,0.03618421052631579
only_rays_acceler_size_28_,filenames_in_cluster_test KMeans test nclus 8,2,60,0.0101146637508419,0.0052149223367966,0.0052149223367966,0.03618421052631579
only_rays_acceler_size_28_,filenames_in_cluster_test KMeans test nclus 8,5,9,0.0168308977123955,0.0124405098683959,0.00918288043111,0.0625
only_rays_acceler_size_28_,filenames_in_cluster_test KMeans test nclus 8,3,2,0.0334821007825454,0.0208580166153958,0.0203036074167242,0.0756578947368421
