window_size,vehicle,ride,start,offset,offset x,offset y,scale,scale x,scale y,no scale,no scale x,no scale y,only offset,only offset x,only offset y,
20,Vehicle_17,8694095,0,0.010044165547477378,0.0050789388751489115,0.007843151014335113,0.009110264098893449,0.00438941105442176,0.007202902506719603,0.002374891391834813,0.0009860265553557855,0.0019685815565124057,0.002960844041461379,0.0014888531942457938,0.002295861532835873,
20,Vehicle_17,8694095,20,0.01223787659536755,0.0071191355404442375,0.008463217689465782,0.011384955935090384,0.006550681425476219,0.007778548142683281,0.0014563497372365268,0.0007415137568299636,0.0010277156284457761,0.001925048489524581,0.0011619602101476591,0.0012868412889650547,
20,Vehicle_17,8694095,40,0.014032798397822769,0.008839777214694975,0.008931755912203602,0.014515534005882378,0.009212622520857475,0.009214245132760519,0.000540000561926599,0.00035002381092943057,0.0003138895223099239,0.0008487654320987654,0.0005872136605070948,0.00048015897468186506,
20,Vehicle_17,8694095,60,0.013073775600535532,0.00787776995913443,0.008765146574826849,0.01264478356393228,0.007565069912036831,0.008508180767597372,0.0005001532428842125,0.0002888481131098695,0.0003000112925419435,0.0008101851851851852,0.0005532160659556971,0.00046756824079555826,
20,Vehicle_17,8694095,80,0.0104238121418822,0.00545545581372655,0.00788788576577514,0.009392735484422416,0.004596505479884757,0.007335759537697071,0.0033747651490427127,0.001533025136674464,0.002702753458439523,0.004132691476635719,0.0021635204306545766,0.0031321812640096093,
20,Vehicle_17,8694095,100,0.010323594853244637,0.005370473220083389,0.007886670371580801,0.00936591416253895,0.004511186842786288,0.007411990328366885,0.0014319535965921573,0.0006114113742106233,0.0011626085939716764,0.001655280380103922,0.0009134313089882094,0.001226808542791547,
