window_size,vehicle,ride,start,scale,scale x,scale y,offset,offset x,offset y,no scale,no scale x,no scale y,only offset,only offset x,only offset y,
20,Vehicle_12,8575983,0,0.011529784638246995,0.007946503821088313,0.006651276912500766,0.012066111432418734,0.008343026189853862,0.006932217750380563,0.000720142176385605,0.000459576304187524,0.0004538527764025555,0.001953125,0.0011313879603234431,0.0013427926869430513,
20,Vehicle_12,8575983,20,0.011802753422244896,0.007759992926216828,0.00703109290358692,0.011602606415447045,0.0074778952657043535,0.00699541297725948,0.0026051509407319716,0.0016603582005658222,0.0015590719539391837,0.0034780962507875595,0.002339562210305271,0.002038547346995466,
20,Vehicle_12,8575983,40,0.015329556968673557,0.009806138585018215,0.009671161286505414,0.015195109038156024,0.009735278725403512,0.009559933221219256,0.0006140916570255416,0.00029541064933230913,0.00041633725769323244,0.001953125,0.0010566451024396364,0.0013576599657494405,
20,Vehicle_12,8575983,60,0.012106685669840548,0.00778705677436736,0.007459830196346425,0.01174370840708047,0.007382592627046138,0.007276456511217237,0.0010432541608182291,0.0007355738791767479,0.0005685194338357838,0.0015625,0.0009819022445558298,0.0009819022445558296,
20,Vehicle_12,8575983,80,0.0111531074072798,0.0076025163706937345,0.00647978144021178,0.011116222161917872,0.007678064047418827,0.006409118799158146,0.0013705101573700453,0.0010587769510083348,0.0006045955690240107,0.0015625,0.0009819022445558298,0.0009819022445558296,
20,Vehicle_12,8575983,100,0.011808266023890622,0.00826074125979836,0.006760957490773342,0.012083275054768526,0.008439647946732793,0.006964634954951816,0.0007980778207504815,0.0005724931759743229,0.00042480278526406385,0.0015625,0.0009819022445558298,0.0009819022445558298,
20,Vehicle_12,8575983,120,0.02739607793982893,0.018165448780839772,0.016804250461008384,0.027797101224283905,0.018417422008384296,0.016991963880534693,0.00047037980001743125,0.0003326087463254977,0.0003326087463254977,0.003515625,0.0022823565035057676,0.0021766541401959634,
20,Vehicle_12,8575983,140,0.013331504829274,0.009379228331565865,0.00757851406695034,0.015340346378270987,0.010430047286357763,0.009095549082624199,0.0002357630432004975,0.00016670964660024873,0.0001667096466002487,0.0017578125,0.0010566451024396366,0.00116234746574944,
