subdir,file,cluster,size,24all_distances_scaled_to_max_trajs_distances_offset,24all_distances_scaled_to_max_trajs_distances_offset x,24all_distances_scaled_to_max_trajs_distances_offset y,24all_nums_scaled_to_max_trajs_num_intersections_offset,4all_distances_scaled_to_max_trajs_distances_offset,4all_distances_scaled_to_max_trajs_distances_offset x,4all_distances_scaled_to_max_trajs_distances_offset y,4all_nums_scaled_to_max_trajs_num_intersections_offset
only_rays_heading_size_4_,filenames_in_cluster_train KMeans test nclus 5,0,433,0.012250165527754627,0.02602731980311961,0.02558333300575113,0.04108174346228312,0.06042325555116307,inf,0.060423255551159634,0.04108174346228312
only_rays_heading_size_4_,filenames_in_cluster_train KMeans test nclus 5,4,92,0.06053180215886732,0.04687225736607165,0.05121330848291769,0.10387051039697545,0.10433611814937878,inf,0.10433611814937345,0.10387051039697545
only_rays_heading_size_4_,filenames_in_cluster_train KMeans test nclus 5,2,160,0.04002747309632992,0.042842615629931094,0.03618879493223302,0.035068359375000004,0.059951180990977064,0.04059503748572642,0.10412760416666661,0.035068359375000004
only_rays_heading_size_4_,filenames_in_cluster_train KMeans test nclus 5,1,119,0.03866126941972157,0.038241445977599986,0.03352464261137619,0.048327352331306854,0.10308498197411663,0.07494997918775119,0.13033448673587075,0.048327352331306854
only_rays_heading_size_4_,filenames_in_cluster_train KMeans test nclus 5,3,56,0.04805526601702427,0.04020361753897453,0.055499539601536224,0.056474428006496734,0.06397907063146507,0.08247373706696753,0.02919092387888368,0.056474428006496734
