subdir,file,cluster,size,24all_distances_scaled_to_max_trajs_distances_offset,24all_distances_scaled_to_max_trajs_distances_offset x,24all_distances_scaled_to_max_trajs_distances_offset y,24all_nums_scaled_to_max_trajs_num_intersections_offset,4all_distances_scaled_to_max_trajs_distances_offset,4all_distances_scaled_to_max_trajs_distances_offset x,4all_distances_scaled_to_max_trajs_distances_offset y,4all_nums_scaled_to_max_trajs_num_intersections_offset
only_rays_heading_size_4_,filenames_in_cluster_train KMeans test nclus 4,0,496,0.0018129857769563096,0.0015318159208548925,0.0015814461481761049,0.004442744375101934,0.00045452589318411955,2.6020852139652106e-18,0.00045452589318413365,0.004442744375101934
only_rays_heading_size_4_,filenames_in_cluster_train KMeans test nclus 4,3,86,0.007434420986691722,0.004556655482020614,0.005038804870854055,0.01437496578265545,0.0031954197145193926,0.0028768953787289483,0.0007949069746900833,0.01437496578265545
only_rays_heading_size_4_,filenames_in_cluster_train KMeans test nclus 4,2,160,0.0023089280469295284,0.001734040276961794,0.0016336942375090307,0.002464019451739907,0.0030835122092298193,0.001656925182133039,0.003184421952086724,0.002464019451739907
only_rays_heading_size_4_,filenames_in_cluster_train KMeans test nclus 4,1,118,0.0050210182954524415,0.00322173349003521,0.0033781287766504464,0.007909378322430369,0.004056292773769585,0.0022592451494695084,0.0035737103810048717,0.007909378322430369
