subdir,file,cluster,size,24all_distances_scaled_to_max_trajs_distances_offset,24all_distances_scaled_to_max_trajs_distances_offset x,24all_distances_scaled_to_max_trajs_distances_offset y,24all_nums_scaled_to_max_trajs_num_intersections_offset,4all_distances_scaled_to_max_trajs_distances_offset,4all_distances_scaled_to_max_trajs_distances_offset x,4all_distances_scaled_to_max_trajs_distances_offset y,4all_nums_scaled_to_max_trajs_num_intersections_offset
only_rays_heading_size_4_,filenames_in_cluster_train KMeans test nclus 8,0,382,0.0010153615427720857,0.0012435461471152001,0.0012974690967162395,0.0021014297463070315,0.00033394491736136946,2.6020852139652106e-18,0.00033394491736138187,0.0021014297463070315
only_rays_heading_size_4_,filenames_in_cluster_train KMeans test nclus 8,6,85,0.0032891910594168203,0.0021901931310411046,0.002381071220990021,0.004416853835162155,0.0005058478892542822,2.6020852139652106e-18,0.0005058478892543051,0.004416853835162155
only_rays_heading_size_4_,filenames_in_cluster_train KMeans test nclus 8,5,42,0.0020354745918015143,0.0015205041471167344,0.001414663882943545,0.0015974371909751829,0.00082248773436881,1.734723475976807e-18,0.0008224877343688268,0.0015974371909751829
only_rays_heading_size_4_,filenames_in_cluster_train KMeans test nclus 8,2,160,0.0023089280469295284,0.001734040276961794,0.0016336942375090307,0.002464019451739907,0.0030835122092298193,0.001656925182133039,0.003184421952086724,0.002464019451739907
only_rays_heading_size_4_,filenames_in_cluster_train KMeans test nclus 8,1,99,0.004107526480776349,0.002840589086301684,0.0026365418791059877,0.005193201542946048,0.003784262855311621,0.002158494091984461,0.0033870366357920735,0.005193201542946048
only_rays_heading_size_4_,filenames_in_cluster_train KMeans test nclus 8,4,31,0.005988380657132445,0.0034447736397208596,0.004303331243559281,0.0074157067952700115,0.00463038351806161,0.0025645166612512454,0.003666518850030555,0.0074157067952700115
only_rays_heading_size_4_,filenames_in_cluster_train KMeans test nclus 8,7,13,0.008476761778878577,0.005105344842256354,0.005741487411585003,0.010669619758253042,0.004533837250200583,0.003701535736307476,0.0012775247163031493,0.010669619758253042
only_rays_heading_size_4_,filenames_in_cluster_train KMeans test nclus 8,3,48,0.003961371094758229,0.002520143759216608,0.0027980339793650987,0.0061230561726297,0.0007338220802254896,8.673617379884035e-19,0.0007338220802254934,0.0061230561726297
