subdir,file,cluster,size,24all_distances_scaled_to_max_trajs_distances_offset,24all_distances_scaled_to_max_trajs_distances_offset x,24all_distances_scaled_to_max_trajs_distances_offset y,24all_nums_scaled_to_max_trajs_num_intersections_offset,4all_distances_scaled_to_max_trajs_distances_offset,4all_distances_scaled_to_max_trajs_distances_offset x,4all_distances_scaled_to_max_trajs_distances_offset y,4all_nums_scaled_to_max_trajs_num_intersections_offset
only_rays_heading_size_4_,filenames_in_cluster_test KMeans test nclus 8,0,241,9.933522913027386e-07,1.7909344309164988e-06,1.6157437441681114e-06,4.037548383213604e-06,3.059196810842932e-06,1.910905027991019e-06,6.388361620336318e-07,4.037548383213604e-06
only_rays_heading_size_4_,filenames_in_cluster_test KMeans test nclus 8,6,69,8.880441575934583e-06,4.197020630987854e-06,4.5113675475066805e-06,2.5218607324865408e-05,1.8236267330084425e-06,1.0091079354938794e-06,5.464301816823308e-07,2.5218607324865408e-05
only_rays_heading_size_4_,filenames_in_cluster_test KMeans test nclus 8,4,35,3.045609631432961e-05,1.3642837144023513e-05,1.2685201118049668e-05,3.4484708010628075e-05,5.829894284583902e-07,5.829894284583897e-07,7.52316384526264e-37,3.4484708010628075e-05
only_rays_heading_size_4_,filenames_in_cluster_test KMeans test nclus 8,3,22,1.015703147162651e-05,4.2923584534596405e-06,5.4988931958760565e-06,4.223178412811063e-05,4.613927834677481e-07,0.0,4.6139278346774897e-07,4.223178412811063e-05
only_rays_heading_size_4_,filenames_in_cluster_test KMeans test nclus 8,5,32,3.1607277320256273e-06,2.5083106904341732e-06,1.034028187291312e-06,2.5360868247922437e-06,5.31847447070907e-07,0.0,5.318474470709106e-07,2.5360868247922437e-06
only_rays_heading_size_4_,filenames_in_cluster_test KMeans test nclus 8,7,6,3.243628111424309e-05,1.0376371579489648e-05,1.7191264571875532e-05,2.7652739304401334e-05,9.618344105878872e-06,9.618344105878869e-06,7.52316384526264e-37,2.7652739304401334e-05
only_rays_heading_size_4_,filenames_in_cluster_test KMeans test nclus 8,2,123,3.1794089946675312e-06,1.8852859538161922e-06,2.6074066985864193e-06,4.880694540341795e-06,4.81482486096809e-35,1.2037062152420224e-35,6.770847460736376e-36,4.880694540341795e-06
only_rays_heading_size_4_,filenames_in_cluster_test KMeans test nclus 8,1,78,1.8300828545039338e-05,8.20458284009333e-06,8.680519476896446e-06,2.7375287070577936e-05,0.0,1.2037062152420224e-35,1.2037062152420224e-35,2.7375287070577936e-05
