subdir,file,cluster,size,24all_distances_scaled_to_max_trajs_distances_offset,24all_distances_scaled_to_max_trajs_distances_offset x,24all_distances_scaled_to_max_trajs_distances_offset y,24all_nums_scaled_to_max_trajs_num_intersections_offset,4all_distances_scaled_to_max_trajs_distances_offset,4all_distances_scaled_to_max_trajs_distances_offset x,4all_distances_scaled_to_max_trajs_distances_offset y,4all_nums_scaled_to_max_trajs_num_intersections_offset
only_rays_heading_size_4_,filenames_in_cluster_train KMeans test nclus 5,0,433,0.11068046588153949,0.16132984783703108,0.15994790716277324,0.20268631789611039,0.2458114227434581,inf,0.2458114227434511,0.20268631789611039
only_rays_heading_size_4_,filenames_in_cluster_train KMeans test nclus 5,4,92,0.24603211611264764,0.21650001701171218,0.226303575939307,0.3222894822934429,0.3230110186191468,inf,0.3230110186191385,0.3222894822934429
only_rays_heading_size_4_,filenames_in_cluster_train KMeans test nclus 5,2,160,0.2000686709515758,0.20698457824178856,0.19023352736106489,0.18726547833223292,0.2448493026148473,0.20148210214737788,0.32268809114478736,0.18726547833223292
only_rays_heading_size_4_,filenames_in_cluster_train KMeans test nclus 5,1,119,0.19662469178544584,0.19555420214763986,0.18309735828617568,0.2198348296592395,0.3210685004389509,0.27376993842960773,0.36101867920631303,0.2198348296592395
only_rays_heading_size_4_,filenames_in_cluster_train KMeans test nclus 5,3,56,0.2192151135688967,0.20050839767694154,0.23558340264444827,0.23764348929961607,0.2529408441344835,0.2871824107896713,0.17085351585168998,0.23764348929961607
