subdir,file,cluster,size,24all_distances_scaled_to_max_trajs_distances_offset,24all_distances_scaled_to_max_trajs_distances_offset x,24all_distances_scaled_to_max_trajs_distances_offset y,24all_nums_scaled_to_max_trajs_num_intersections_offset,4all_distances_scaled_to_max_trajs_distances_offset,4all_distances_scaled_to_max_trajs_distances_offset x,4all_distances_scaled_to_max_trajs_distances_offset y,4all_nums_scaled_to_max_trajs_num_intersections_offset
only_rays_heading_size_4_,filenames_in_cluster_train KMeans test nclus 7,0,424,0.010935633701585566,0.007064911858291986,0.006894002493923261,0.02494258937437945,0.011106512983373406,0.0065789473684209525,0.0064544946860934805,0.02494258937437945
only_rays_heading_size_4_,filenames_in_cluster_train KMeans test nclus 7,6,84,0.013637232052159366,0.008813680288276594,0.008591428034701637,0.035792606516290695,0.011066299820105522,0.006578947368421007,0.0064142815228256074,0.035792606516290695
only_rays_heading_size_4_,filenames_in_cluster_train KMeans test nclus 7,2,160,0.012309413917649144,0.007744282673598428,0.007901492796967004,0.024547697368421054,0.019050309011733775,0.013610945637227681,0.007956414473684174,0.024547697368421054
only_rays_heading_size_4_,filenames_in_cluster_train KMeans test nclus 7,5,94,0.015850933179356614,0.01006427473370301,0.010128091667329038,0.03737402015677488,0.019668632929062665,0.01401811909045467,0.008346164613661777,0.03737402015677488
only_rays_heading_size_4_,filenames_in_cluster_train KMeans test nclus 7,1,32,0.0217030368574006,0.013561141696483047,0.01409624104593355,0.054173519736842105,0.019503057198694274,0.013922501263179524,0.008169866874860623,0.054173519736842105
only_rays_heading_size_4_,filenames_in_cluster_train KMeans test nclus 7,3,18,0.03037171198809769,0.018994879517150825,0.019723019282287597,0.07931286549707602,0.015583687973240128,0.011229103589892158,0.006388565069552462,0.07931286549707602
only_rays_heading_size_4_,filenames_in_cluster_train KMeans test nclus 7,4,48,0.019421146918343898,0.012528263321292386,0.01222822243752581,0.05105537280701753,0.010784695560579788,0.006578947368421,0.006132677263299875,0.05105537280701753
