window_size,vehicle,ride,start,scale,scale x,scale y,offset,offset x,offset y,no scale,no scale x,no scale y,only offset,only offset x,only offset y,
20,Vehicle_17,9079303,0,0.009085860123562137,0.004254884315230254,0.0073121428559886825,0.010071582521934554,0.00509509379696016,0.007837228029182693,0.002575668044364687,0.0010336597249393728,0.002193635429770735,0.0030894552423865896,0.0014893605947690427,0.0024382744119260417,
20,Vehicle_17,9079303,20,0.009108637681114638,0.004223280098075723,0.007366491199915157,0.010066813921420786,0.005095093796960161,0.007832459428668921,0.005298439169658605,0.002412275685625728,0.004317721456212873,0.005648146899329163,0.0028566161634379856,0.00439235776454726,
20,Vehicle_17,9079303,40,0.010743812851263789,0.005796817196839841,0.007803971391441885,0.01084810414751925,0.0059000431728169975,0.007910550181107664,0.001081557384472924,0.0004547272316363996,0.000835550430016957,0.002161969919714576,0.0012301273536670678,0.0015402212979277428,
20,Vehicle_17,9079303,60,0.009439176386714262,0.0047534122340798166,0.007229153473090731,0.010197607539265673,0.005265747080492199,0.007813594133523801,0.004391247809544014,0.0021801266007435665,0.003364802870591552,0.0048204045930416994,0.0024622202567140617,0.0037232813266653217,
20,Vehicle_17,9079303,80,0.008875431137243034,0.004081499741765752,0.007209367697600711,0.010070762076356819,0.005095093796960158,0.007836407583604965,0.00447238978588466,0.0019274819145662138,0.0037124132631288467,0.005180535981813616,0.0026335599065244715,0.004018840790302165,
