window_size,vehicle,ride,start,scale,scale x,scale y,offset,offset x,offset y,no scale,no scale x,no scale y,only offset,only offset x,only offset y,
20,Vehicle_17,9079303,0,0.009084888704651992,0.0042548843152302555,0.007311171437078532,0.010030486875754868,0.00509509379696016,0.007796132383003013,0.0002724704965386371,0.0001767786204609494,0.00017678106416212365,0.0010416666666666669,0.0006593536556185025,0.0006593536556185025,
20,Vehicle_17,9079303,20,0.009108265425434253,0.004223280098075723,0.007366118944234773,0.010003892760459338,0.005095093796960157,0.007769538267707486,0.0002724753589731999,0.00017678234309769913,0.00017678350629214343,0.0010416666666666669,0.0006593536556185026,0.0006593536556185026,
20,Vehicle_17,9079303,40,0.010672995606048973,0.005768723297988098,0.0077612480450788045,0.01083603281315522,0.005900043172816999,0.00789847884674362,0.00016767372241308478,0.00010267108182956765,0.00010268644976299485,0.0012152777777777778,0.0008097052882199678,0.0007461592111740584,
20,Vehicle_17,9079303,60,0.009450881795939317,0.004753412234079816,0.007240858882315795,0.010245095977618692,0.005265747080492193,0.007861082571876808,0.0004609713923252863,0.00033173559594166726,0.00027254266142696346,0.0010416666666666667,0.0006593536556185026,0.0006593536556185027,
20,Vehicle_17,9079303,80,0.008789878970208092,0.0040814997417657544,0.0071238155305657705,0.01000672372622002,0.005095093796960158,0.007772369233468159,8.384772797648164e-05,2.17013888888889e-05,8.099068592814405e-05,0.0010416666666666667,0.0006593536556185027,0.0006593536556185026,
