window_size,vehicle,ride,start,scale,scale x,scale y,offset,offset x,offset y,no scale,no scale x,no scale y,only offset,only offset x,only offset y,
20,Vehicle_17,9079303,0,0.008485493848127116,0.004242105770374886,0.0067245551254060155,0.009776411320827223,0.005052598164371679,0.007584552460661685,0.0002724500633483002,0.000176762315452817,0.00017677148637019747,0.000954862602849596,0.0006159522416428044,0.000615951005777131,
20,Vehicle_17,9079303,20,0.008294165360016079,0.00406523283841275,0.006661419695131389,0.009741632461798549,0.005015204380437754,0.007587167385568757,0.00018863130273225761,9.579456515566514e-05,0.0001550838621949213,0.0009547597404760871,0.0006158481679526626,0.0006159522170937638,
20,Vehicle_17,9079303,40,0.010462286569962361,0.005898900338264226,0.007482796526179645,0.010521054986569734,0.005798424104908182,0.0076851200880680755,0.0003563000127488905,0.0002577520825332071,0.00019847738861091628,0.00112847155159825,0.0007662992427330564,0.0007027590304814424,
20,Vehicle_17,9079303,60,0.008915739831952157,0.004736453763221258,0.006722675389185441,0.009956066689635761,0.005193563789518969,0.0076442365748658715,0.0002723400895930278,0.0002359410307860009,0.00011745879923204158,0.0009548106657475309,0.0006158842049038635,0.0006159671054140071,
20,Vehicle_17,9079303,80,0.008340753757649786,0.004174394946868335,0.006614168504309003,0.009786313798384965,0.005062714828841008,0.007584338273752222,0.0002724267162344286,0.00017674440208046888,0.0001767597385981232,0.0009548901589404094,0.0006159785101220222,0.0006159522933887267,
