window_size,vehicle,ride,start,scale,scale x,scale y,offset,offset x,offset y,no scale,no scale x,no scale y,only offset,only offset x,only offset y,
20,Vehicle_6,9437017,0,0.009683681188882822,0.004984156089429997,0.0072977323114005324,0.011057368855675655,0.006034054796142676,0.008094035271924448,5.8936000164963345e-05,4.167404537265707e-05,4.167404537265707e-05,0.0008789062500000001,0.000593416522832464,0.0004957602728324639,
20,Vehicle_6,9437017,20,0.00884243648136614,0.004056860945262869,0.007193586841292543,0.010077228412231666,0.005082366646475456,0.007869132469155063,5.894065260586232e-05,4.16773351451658e-05,4.167733514516579e-05,0.00078125,0.0004957602728324639,0.0004957602728324639,
20,Vehicle_6,9437017,40,0.010727789304519572,0.005803921386768442,0.007806897480859694,0.011315028074502067,0.006370173888279148,0.00804805512908729,0.0,0.0,0.0,0.00078125,0.0004957602728324639,0.0004957602728324639,
20,Vehicle_6,9437017,60,0.010690188807920576,0.005878173973922244,0.007665234069024631,0.011431780118408383,0.006424121027582141,0.008149670459714571,0.00011787432492102101,8.33497344794404e-05,8.33497344794404e-05,0.00078125,0.0004957602728324639,0.0004957602728324638,
20,Vehicle_6,9437017,80,0.011139783227261986,0.0062480603352418305,0.007761120545357019,0.011315407347429097,0.0064932984939643215,0.007783067014518147,0.0,0.0,0.0,0.00078125,0.0004957602728324639,0.0004957602728324639,
20,Vehicle_6,9437017,100,0.012401145052931337,0.007530255292327242,0.008034153348104228,0.01243405610148224,0.007595380089004314,0.008008389391362485,0.0,0.0,0.0,0.00078125,0.0004957602728324639,0.0004957602728324639,
20,Vehicle_6,9437017,120,0.011834390606148026,0.007017498241937452,0.007855546743983473,0.012062075914255543,0.0072038490660674215,0.007970621529926203,0.00011783450267772027,8.33215759011604e-05,8.33215759011604e-05,0.00078125,0.0004957602728324639,0.0004957602728324639,
20,Vehicle_6,9437017,140,0.009613409286836225,0.004917693428811303,0.007279824411917429,0.010895038231587278,0.0058849422925543945,0.00801529279870663,0.0,0.0,0.0,0.000830078125,0.0005436501791021529,0.0005052861674621575,
20,Vehicle_6,9437017,160,0.008846675939248365,0.004154236472913029,0.007072203071360827,0.010214397833562571,0.005227912802745154,0.007869813651651562,5.8940760800124385e-05,4.1677411650062197e-05,4.167741165006219e-05,0.0008300781250000002,0.0005445883978324638,0.0004957602728324639,
