window_size,vehicle,ride,start,offset,offset x,offset y,scale,scale x,scale y,no scale,no scale x,no scale y,only offset,only offset x,only offset y,
20,Vehicle_9,8936336,0,0.010050603373547599,0.005334708691207961,0.00733168389303845,0.008774712248947266,0.004518085676428635,0.00655213251682799,0.008774712248947266,0.004518085676428635,0.00655213251682799,0.010050603373547599,0.005334708691207961,0.00733168389303845,
20,Vehicle_9,8936336,20,0.010766298318655072,0.006115958691207962,0.007266128838145926,0.008893108672919522,0.004125010220715291,0.007368019638129425,0.008893108672919522,0.004125010220715291,0.007368019638129425,0.010766298318655072,0.006115958691207962,0.007266128838145926,
20,Vehicle_9,8936336,40,0.01141764378577447,0.006668385864009953,0.007807589708518426,0.012686196936662873,0.007497885546900296,0.008575922219109678,0.012686196936662873,0.007497885546900296,0.008575922219109678,0.01141764378577447,0.006668385864009953,0.007807589708518426,
20,Vehicle_9,8936336,60,0.009979949467099195,0.00533470869120796,0.007261029986590046,0.009601401243235766,0.004825031649417436,0.007586792418512643,0.009601401243235766,0.004825031649417436,0.007586792418512643,0.009979949467099195,0.00533470869120796,0.007261029986590046,
20,Vehicle_9,8936336,80,0.009766035624376846,0.005334708691207959,0.007047116143867699,0.009489704938253738,0.004832876956377515,0.007248119802453432,0.009489704938253738,0.004832876956377515,0.007248119802453432,0.009766035624376846,0.005334708691207959,0.007047116143867699,
20,Vehicle_9,8936336,100,0.010018172321944626,0.005334708691207961,0.007299252841435474,0.008764298065554321,0.004057414660949186,0.007259689452237335,0.008764298065554321,0.004057414660949186,0.007259689452237335,0.010018172321944626,0.005334708691207961,0.007299252841435474,
