window_size,vehicle,ride,start,scale,scale x,scale y,offset,offset x,offset y,no scale,no scale x,no scale y,only offset,only offset x,only offset y,
20,Vehicle_11,8686476,0,0.013260476271797488,0.008473849890880424,0.008446984071418372,0.013498708040055613,0.00899548508259243,0.008300604719849267,0.0,0.0,0.0,0.0011250091577470044,0.000726723090831386,0.0007267239455843786,
20,Vehicle_11,8686476,20,0.009040440025393634,0.006994241048953556,0.004611738850461367,0.009658080993256716,0.007470832452150277,0.005034392783257048,0.0,0.0,0.0,0.00112499565215196,0.000726718215751047,0.000726715315069673,
20,Vehicle_11,8686476,40,0.0144937446278055,0.009676171023057756,0.008940733436671164,0.014453863376303699,0.009691441763948837,0.00885753832839582,0.0,0.0,0.0,0.0011249805487885648,0.0007267773528861039,0.000726641074571221,
20,Vehicle_11,8686476,60,0.014705368424953378,0.00845809327505538,0.010478059855881686,0.015443699062971224,0.008931570220750171,0.010969500344872582,0.0,0.0,0.0,0.0014999069712809611,0.0009398845258556534,0.0010201700745946854,
20,Vehicle_11,8686476,80,0.010084826970307744,0.005831238870156652,0.0069980891580569545,0.01039684862811569,0.005876711579932878,0.00740120371417471,0.0,0.0,0.0,0.0011249948031387803,0.000726706942009052,0.0007267257397984883,
