window_size,vehicle,ride,start,scale,scale x,scale y,offset,offset x,offset y,no scale,no scale x,no scale y,only offset,only offset x,only offset y,
20,Vehicle_17,9513246,0,0.009075818982521501,0.004970189726291692,0.006744945063946385,0.009840378373198221,0.0050870676954723245,0.007609363177889786,0.0,0.0,0.0,0.0011250328544886363,0.0007267441139593811,0.0007267266191980157,
20,Vehicle_17,9513246,20,0.009343976081411302,0.0049736357813203,0.007045041464848575,0.010907829732582423,0.005891616365881939,0.00817899082582987,0.0,0.0,0.0,0.0012498103191618997,0.0008515366916740406,0.0007267115061566197,
20,Vehicle_17,9513246,40,0.010628904701327253,0.006387654316500208,0.007191151030059154,0.011297089969545735,0.006538938724516972,0.007949882310380638,0.0,0.0,0.0,0.0015000038627441849,0.000992549393688579,0.0009676020982249831,
20,Vehicle_17,9513246,60,0.008234390591727607,0.004234042425939616,0.006426494227581039,0.009656984026387348,0.0050165874928353275,0.007487540775679129,0.0,0.0,0.0,0.001124962028967118,0.0007266836506295568,0.0007267162570063217,
20,Vehicle_17,9513246,80,0.010910698113047323,0.00643443116055616,0.007669379745234588,0.011692053296498861,0.006680544591512378,0.008355816770054597,0.0,0.0,0.0,0.0011249942258103449,0.0007267101233343811,0.000726721981144725,
