subdir,file,cluster,size,36all_distances_scaled_to_max_trajs_distances_offset,36all_distances_scaled_to_max_trajs_distances_offset x,36all_distances_scaled_to_max_trajs_distances_offset y,36all_nums_scaled_to_max_trajs_num_intersections_offset
only_rays_acceler_size_36_,filenames_in_cluster_test KMeans test nclus 9,4,234,0.0036991946208913013,0.004915698340939199,0.004453031906050199,0.003289473684210526
only_rays_acceler_size_36_,filenames_in_cluster_test KMeans test nclus 9,0,166,0.0059804193126457,0.004882110569727799,0.0055051596655171,0.003289473684210526
only_rays_acceler_size_36_,filenames_in_cluster_test KMeans test nclus 9,5,67,0.0050593139627863985,0.005336903154054999,0.004914958317929599,0.009868421052631582
only_rays_acceler_size_36_,filenames_in_cluster_test KMeans test nclus 9,8,25,0.015652249546497403,0.011548974568980998,0.0099598204592824,0.016447368421052627
only_rays_acceler_size_36_,filenames_in_cluster_test KMeans test nclus 9,2,32,0.008106953384267,0.0058154169419021,0.0065142053931047,0.009868421052631578
only_rays_acceler_size_36_,filenames_in_cluster_test KMeans test nclus 9,6,39,0.010598400991421598,0.007209958091438999,0.0085900155101236,0.009868421052631575
only_rays_acceler_size_36_,filenames_in_cluster_test KMeans test nclus 9,7,32,0.008707731228973602,0.0083137259003013,0.007933474598815299,0.013157894736842105
only_rays_acceler_size_36_,filenames_in_cluster_test KMeans test nclus 9,1,9,0.015088050626273799,0.0076972453139024025,0.011817278659132301,0.016447368421052627
only_rays_acceler_size_36_,filenames_in_cluster_test KMeans test nclus 9,3,2,0.0007924689507551042,0.0017390181682589018,0.0026656580994317003,0.009868421052631582
