window_size,vehicle,ride,start,scale,scale x,scale y,offset,offset x,offset y,no scale,no scale x,no scale y,only offset,only offset x,only offset y,
20,Vehicle_6,8585059,0,0.009699948143782937,0.004911394280073915,0.007371655953273159,0.01015902291595229,0.005179926204048533,0.007872058511897907,0.0007276434455456971,0.00031327495699670106,0.0005889036553003978,0.001121871271160204,0.0006246976791815523,0.0007547487304152751,
20,Vehicle_6,8585059,20,0.009230482695693792,0.0044012405431052195,0.0072982879188551696,0.011320513763844475,0.006000460442453331,0.008542935452972045,0.001725443163359839,0.0007382128675442517,0.0014039506977015152,0.0024764600332353127,0.0012798823999416121,0.0018339609439268795,
20,Vehicle_6,8585059,40,0.00913859787013895,0.004415907418158735,0.007203362066490354,0.01007281538782684,0.005082366646475465,0.007864719444750236,0.0018008655890092557,0.0006638328469930101,0.0015570422316422143,0.0024014953489846285,0.001186022461900905,0.0018827877180255723,
