window_size,vehicle,ride,start,scale,scale x,scale y,offset,offset x,offset y,no scale,no scale x,no scale y,only offset,only offset x,only offset y,
20,Vehicle_4,9484077,0,0.015646539347739984,0.009658135949053464,0.0103085963963321,0.015372129586645444,0.00929425274276803,0.010394196312415428,0.0033808801341572298,0.002017387349178101,0.0022056318337491717,0.004127586320556964,0.002530563014864005,0.0027886335264419955,
20,Vehicle_4,9484077,20,0.009263973726034514,0.004537079425960166,0.0072341451890002165,0.010432658720872063,0.005493891745901814,0.007889703314323857,0.0014190443790250444,0.0006725264564827329,0.0010694341289275444,0.0018019382096408167,0.0009852496428986043,0.0013201794765264896,
20,Vehicle_4,9484077,40,0.013690341780519522,0.008395380447525838,0.009015591918358963,0.014667159043220114,0.009103517756047983,0.009548734066019516,9.669195700494714e-05,4.526719074156878e-05,7.929908113669774e-05,0.0011718750000000002,0.0008357311165969135,0.0006568060787313723,
20,Vehicle_4,9484077,60,0.011286407344911894,0.006241171514684445,0.008110505502828257,0.011346407740981331,0.0062652183006451385,0.00830938076288372,0.0046488303890284115,0.0023942251993454514,0.0034642792553614466,0.005045566515601907,0.002809323258163967,0.0036626901613055186,
