window_size,vehicle,ride,start,scale,scale x,scale y,offset,offset x,offset y,no scale,no scale x,no scale y,only offset,only offset x,only offset y,
20,Vehicle_4,9389871,0,0.010412190507512558,0.007113302950087186,0.006012758470519065,0.011989400654651918,0.00855042778549425,0.006888965115228585,0.010412190507512558,0.007113302950087186,0.006012758470519065,0.011989400654651918,0.00855042778549425,0.006888965115228585,
20,Vehicle_4,9389871,20,0.009309147975992027,0.006973383109027375,0.004933210028134634,0.010322862897721252,0.007704971168943256,0.0055074261526561466,0.009309147975992027,0.006973383109027375,0.004933210028134634,0.010322862897721252,0.007704971168943256,0.0055074261526561466,
