window_size,vehicle,ride,start,scale,scale x,scale y,offset,offset x,offset y,no scale,no scale x,no scale y,only offset,only offset x,only offset y,
20,Vehicle_4,8893676,0,0.009383908624774026,0.00698397940550465,0.004839477424959193,0.009863147293873853,0.0074480655490553665,0.00518340389940122,0.009383908624774026,0.00698397940550465,0.004839477424959193,0.009863147293873853,0.0074480655490553665,0.00518340389940122,
20,Vehicle_4,8893676,20,0.014300199715778473,0.008739436138561787,0.009295891061344392,0.01337945987851173,0.008201838842558944,0.008712071442259809,0.014300199715778473,0.008739436138561787,0.009295891061344392,0.01337945987851173,0.008201838842558944,0.008712071442259809,
20,Vehicle_4,8893676,40,0.018854211308675685,0.010614903139627664,0.013051197019356768,0.018139169097149657,0.010623949310156946,0.012270516326293564,0.018854211308675685,0.010614903139627664,0.013051197019356768,0.018139169097149657,0.010623949310156946,0.012270516326293564,
