window_size,vehicle,ride,start,scale,scale x,scale y,offset,offset x,offset y,no scale,no scale x,no scale y,only offset,only offset x,only offset y,
20,Vehicle_4,8893676,0,0.009390932575031275,0.0069910033557619026,0.004839477424959192,0.00977165826669413,0.007356576521875641,0.005183403899401218,0.0017354846326088718,0.0009973526226201832,0.0010713098902884308,0.0020833333333333333,0.0012958509748503045,0.0012958509748503047,
20,Vehicle_4,8893676,20,0.01428678172906303,0.008739436138561787,0.009282473074628947,0.01337945987851173,0.00820183884255894,0.008712071442259809,0.000998549904107086,0.0004956009208252302,0.000727367953058486,0.0024305555555555556,0.0015965542400532351,0.0014694620859614159,
20,Vehicle_4,8893676,40,0.018854211308675692,0.010614903139627664,0.013051197019356774,0.018139169097149663,0.010623949310156955,0.012270516326293564,0.0019910709567901533,0.0008042819979409461,0.0014772793706384457,0.003125,0.001643073197072527,0.0022444797274783867,
