window_size,vehicle,ride,start,scale,scale x,scale y,offset,offset x,offset y,no scale,no scale x,no scale y,only offset,only offset x,only offset y,
20,Vehicle_2,9574020,0,0.010669417382415922,0.00625,0.00625,0.010669417382415922,0.00625,0.00625,0.0,0.0,0.0,0.00625,0.003125,0.003125,
20,Vehicle_2,9574020,20,0.006661270487877538,0.005366853105461617,0.003125,0.008782326596021961,0.00436290921360604,0.00625,0.0,0.0,0.0,0.00625,0.003125,0.003125,
20,Vehicle_2,9574020,40,0.01066941738241592,0.00625,0.006250000000000001,0.010669417382415922,0.00625,0.006250000000000002,0.0,0.0,0.0,0.00625,0.003125,0.003125,
20,Vehicle_2,9574020,60,0.01199379432912877,0.0075743769467128495,0.006250000000000002,0.01944229853520623,0.0140625,0.009956255079166428,0.0,0.0,0.0,0.009375,0.00625,0.003125,
20,Vehicle_2,9574020,80,0.007544417382415923,0.0031250000000000006,0.006250000000000001,0.01287912607362388,0.0078125,0.0078125,0.0,0.0,0.0,0.00625,0.003125,0.003125,
20,Vehicle_2,9574020,100,0.00720487375525326,0.005910456372837337,0.003125,0.009238264166176331,0.004818846783760407,0.00625,0.0,0.0,0.0,0.00625,0.003125,0.003125,
20,Vehicle_2,9574020,120,0.007293400605548189,0.005998983223132267,0.003125,0.009411950427665674,0.004992533045249752,0.00625,0.0,0.0,0.0,0.00625,0.003125,0.003125,
20,Vehicle_2,9574020,140,0.03395422976953678,0.018634792626393316,0.02447235023106386,0.009800733215315055,0.00576756912436502,0.005863746708534112,0.0,0.0,0.0,0.00625,0.003125,0.003125,
