window_size,vehicle,ride,start,scale,scale x,scale y,offset,offset x,offset y,no scale,no scale x,no scale y,only offset,only offset x,only offset y,
20,Vehicle_2,9574020,0,0.008877750715671824,0.004458333333255902,0.006250000000000001,0.008437846869606138,0.0040184294871902166,0.00625,0.008877750715671824,0.004458333333255902,0.006250000000000001,0.008437846869606138,0.0040184294871902166,0.00625,
20,Vehicle_2,9574020,20,0.006661270487877539,0.005366853105461618,0.0031250000000000006,0.008782326596021963,0.004362909213606041,0.006250000000000001,0.006661270487877539,0.005366853105461618,0.0031250000000000006,0.008782326596021963,0.004362909213606041,0.006250000000000001,
20,Vehicle_2,9574020,40,0.008762400756532191,0.00434298337411627,0.00625,0.00909866252840284,0.0046792451459869155,0.00625,0.008762400756532191,0.00434298337411627,0.00625,0.00909866252840284,0.0046792451459869155,0.00625,
20,Vehicle_2,9574020,60,0.013794417382415922,0.009375000000000001,0.00625,0.019487465051215385,0.01312642159517558,0.010937500000000003,0.013794417382415922,0.009375000000000001,0.00625,0.019487465051215385,0.01312642159517558,0.010937500000000003,
20,Vehicle_2,9574020,80,0.007544417382415921,0.003125,0.00625,0.012879126073623884,0.007812499999999998,0.0078125,0.007544417382415921,0.003125,0.00625,0.012879126073623884,0.007812499999999998,0.0078125,
20,Vehicle_2,9574020,100,0.007204873755253259,0.005910456372837337,0.003125,0.00923826416617633,0.004818846783760408,0.00625,0.007204873755253259,0.005910456372837337,0.003125,0.00923826416617633,0.004818846783760408,0.00625,
20,Vehicle_2,9574020,120,0.007293400605548189,0.005998983223132266,0.003125,0.009411950427665674,0.004992533045249753,0.006250000000000001,0.007293400605548189,0.005998983223132266,0.003125,0.009411950427665674,0.004992533045249753,0.006250000000000001,
20,Vehicle_2,9574020,140,0.0341954452071135,0.018634792626393316,0.024713565668640587,0.010186986506780942,0.00576756912436502,0.00625,0.0341954452071135,0.018634792626393316,0.024713565668640587,0.010186986506780942,0.00576756912436502,0.00625,
