window_size,vehicle,ride,start,scale,scale x,scale y,offset,offset x,offset y,no scale,no scale x,no scale y,only offset,only offset x,only offset y,
20,Vehicle_2,9574020,0,0.006939193023447399,0.004458333333255902,0.004311442307775577,0.00843784686960614,0.0040184294871902166,0.006250000000000001,0.0,0.0,0.0,0.00625,0.003125,0.003125,
20,Vehicle_2,9574020,20,0.007544417382415922,0.0062499999999999995,0.0031249999999999997,0.010669417382415922,0.0062499999999999995,0.0062499999999999995,0.0,0.0,0.0,0.00625,0.003125,0.003125,
20,Vehicle_2,9574020,40,0.008351845986636866,0.00503201662588373,0.005150411978337215,0.009115172236429004,0.004695754854013082,0.0062499999999999995,0.0,0.0,0.0,0.00625,0.003125,0.003125,
20,Vehicle_2,9574020,60,0.013794417382415923,0.009375,0.0062499999999999995,0.01956963306637143,0.013208589610331622,0.010937500000000001,0.0,0.0,0.0,0.009375,0.00625,0.0031250000000000006,
20,Vehicle_2,9574020,80,0.007544417382415923,0.0031249999999999997,0.0062499999999999995,0.010275598909992061,0.005208972836368177,0.007812500000000003,0.0,0.0,0.0,0.00625,0.003125,0.003125,
20,Vehicle_2,9574020,100,0.007204873755253261,0.005910456372837338,0.003125,0.00923826416617633,0.004818846783760408,0.00625,0.0,0.0,0.0,0.00625,0.003125,0.003125,
20,Vehicle_2,9574020,120,0.007293400605548188,0.005998983223132267,0.003125000000000001,0.010377623618603947,0.00625,0.005958206236188025,0.0,0.0,0.0,0.00625,0.003125,0.003125,
20,Vehicle_2,9574020,140,0.03131166064469024,0.018634792626393313,0.021829781106217312,0.009800733215315055,0.00576756912436502,0.005863746708534113,0.0,0.0,0.0,0.00625,0.003125,0.003125,
