window_size,vehicle,ride,start,scale,scale x,scale y,offset,offset x,offset y,no scale,no scale x,no scale y,only offset,only offset x,only offset y,
20,Vehicle_10,8994547,0,0.012126122245831624,0.007213885210737482,0.008070941043159573,0.012242266261644463,0.007385084877094079,0.008052821978672606,0.012126122245831624,0.007213885210737482,0.008070941043159573,0.012242266261644463,0.007385084877094079,0.008052821978672606,
20,Vehicle_10,8994547,20,0.01781733545627747,0.011048446547834056,0.011160092443617247,0.017655272556554205,0.010998174359884193,0.01103732700526879,0.01781733545627747,0.011048446547834056,0.011160092443617247,0.017655272556554205,0.010998174359884193,0.01103732700526879,
20,Vehicle_10,8994547,40,0.012535740654911372,0.00775217596852819,0.007852240394630988,0.012724685594785545,0.00789630195158218,0.007954085412527056,0.012535740654911372,0.00775217596852819,0.007852240394630988,0.012724685594785545,0.00789630195158218,0.007954085412527056,
