window_size,vehicle,ride,start,scale,scale x,scale y,offset,offset x,offset y,no scale,no scale x,no scale y,only offset,only offset x,only offset y,
20,Vehicle_4,9530337,0,0.011170438424172677,0.00772112208650123,0.006465185349550534,0.011687379108824869,0.007959743134962817,0.006914411015158052,0.00011785012517814227,8.333262267714858e-05,8.33326226771472e-05,0.000732402507732702,0.0004713385984083586,0.0004713344549892737,
20,Vehicle_4,9530337,20,0.012816453698557948,0.008334196991286137,0.0078621099153496,0.013268561865911944,0.008452151136703763,0.008303132684059309,0.0001767873440640994,0.00012500752981568428,0.00012500752981568376,0.0007812425169328597,0.000498470180161982,0.0005119413123831788,
