window_size,vehicle,ride,start,scale,scale x,scale y,offset,offset x,offset y,no scale,no scale x,no scale y,only offset,only offset x,only offset y,
20,Vehicle_17,9492910,0,0.008891123805783505,0.004214464075235241,0.007059666615679875,0.01018913766007122,0.005228851021475458,0.007834557341994577,0.0009618672044951438,0.00041480205075525127,0.0007683883848490571,0.0016566294384806133,0.0009018272164297932,0.001159308274126253,
20,Vehicle_17,9492910,20,0.012446414793769359,0.0068595574982556915,0.008958657925161118,0.013382204920331228,0.007480140700612489,0.009623037013707694,0.0007681847958793573,0.00039437703387942217,0.0005469274471292432,0.000830078125,0.0005436501791021529,0.0005052861674621577,
20,Vehicle_17,9492910,40,0.01061844814475728,0.005672571678773829,0.007800302019797888,0.011418142388314036,0.006230968665585319,0.008373685042206461,0.0018421092055188582,0.0008077433690827551,0.0014724778947158427,0.0023548096094074627,0.001217153420155247,0.0017776742569732859,
