window_size,vehicle,ride,start,scale,scale x,scale y,offset,offset x,offset y,no scale,no scale x,no scale y,only offset,only offset x,only offset y,
20,Vehicle_17,9335706,0,0.009446980384140439,0.004615553429582646,0.007402738342975185,0.010613656467647439,0.005662396031988199,0.007919854201430123,0.00027246728592418204,0.0001767770962534584,0.00017677839713890297,0.0011284722222222221,0.0007461592111740581,0.0006593536556185025,
20,Vehicle_17,9335706,20,0.009238260702321505,0.004484918480589665,0.007263071640909586,0.009986648126416597,0.00509509379696016,0.007752293633664744,8.384772797648164e-05,2.17013888888889e-05,8.099068592814405e-05,0.0010416666666666664,0.0006593536556185027,0.0006593536556185026,
20,Vehicle_17,9335706,40,0.01408756293469945,0.007261171817135175,0.010608996122747965,0.014694681323019942,0.007711036239003533,0.011142558947881905,0.0006287559227819933,0.0004345180396242894,0.00037525261514163383,0.0013020833333333333,0.0009138546671270215,0.000704287517615468,
20,Vehicle_17,9335706,60,0.008908827868934323,0.004220961099893213,0.007106783114698362,0.010038140474403932,0.005095093796960158,0.0078037859816520805,8.384772797648164e-05,2.17013888888889e-05,8.099068592814405e-05,0.0010416666666666667,0.0006593536556185025,0.0006593536556185026,
20,Vehicle_17,9335706,80,0.008780651681953935,0.004005208308063701,0.00714337434052477,0.010199881440145291,0.00526870490807127,0.007791915836282326,8.384772797648164e-05,2.17013888888889e-05,8.099068592814405e-05,0.0012152777777777778,0.0008329647667296139,0.0006593536556185025,
20,Vehicle_17,9335706,100,0.009028586051677032,0.0043165614003799375,0.007163894536863985,0.01005296867142631,0.0050950937969601595,0.007818614178674457,8.384772797648164e-05,2.17013888888889e-05,8.099068592814405e-05,0.0010416666666666667,0.0006593536556185027,0.0006593536556185026,
