window_size,vehicle,ride,start,scale,scale x,scale y,offset,offset x,offset y,no scale,no scale x,no scale y,only offset,only offset x,only offset y,
20,Vehicle_13,8468422,0,0.013886648882837044,0.008299036661816209,0.009459385456203723,0.014171217508882046,0.008515308101780186,0.009612995132903802,0.0,0.0,0.0,0.0010841855059788054,0.0007133794752366419,0.0007133937914084005,
20,Vehicle_13,8468422,20,0.008737507372489307,0.004384846774948335,0.006873350806609334,0.009815567603766206,0.005049455385840072,0.007635055541503382,0.0,0.0,0.0,0.000829077174827187,0.0005341317856409683,0.0005341348630344031,
20,Vehicle_13,8468422,40,0.009279125215110621,0.004865066412718763,0.007084078113719192,0.010108905863229281,0.005386627573627226,0.007598956088892982,0.0,0.0,0.0,0.0008290697781253238,0.0005341268032985741,0.0005341324486749342,
20,Vehicle_13,8468422,60,0.010994407430697089,0.007530901987167893,0.006469988830955882,0.011478603573279978,0.00762548390966268,0.006997669913660356,0.0,0.0,0.0,0.0008290731523774256,0.0005341321769367506,0.0005341304492888594,
20,Vehicle_13,8468422,80,0.009321716069557185,0.0071851200362436935,0.004745227356780094,0.009908887263469338,0.007620990000253551,0.005172708188961698,0.0,0.0,0.0,0.0008290744896524934,0.0005341340880561752,0.0005341298754445023,
20,Vehicle_13,8468422,100,0.013867877529914838,0.008705568017284315,0.008874322057892533,0.014025341743738966,0.008778056251335972,0.009005454267661493,0.0,0.0,0.0,0.0008290801221914156,0.0005341286573935667,0.0005341409386460332,
20,Vehicle_13,8468422,120,0.009722167038085948,0.0053060209862766045,0.007104646197341316,0.01106594558634097,0.006379455028272943,0.007758943245272164,0.0,0.0,0.0,0.0008290820089285735,0.0005341363058016426,0.000534135176975115,
20,Vehicle_13,8468422,140,0.01240636936481895,0.0077793798145003945,0.007841110775032937,0.012086559288687907,0.007549710476813655,0.007602837586404061,0.0,0.0,0.0,0.0008290814906966094,0.0005341357966045429,0.000534135167940251,
20,Vehicle_13,8468422,160,0.008859621099808417,0.004612254233084857,0.006728506180816427,0.010121838349756242,0.00526290841712728,0.007801950510829064,0.0,0.0,0.0,0.0008290762234866358,0.0005341286790190021,0.0005341370183158181,
