subdir,file,cluster,size,all_feats_scaled_to_max_max_x,all_feats_scaled_to_max_max_y,all_feats_scaled_to_max_surf_trapz_x,all_feats_scaled_to_max_surf_trapz_y,all_feats_scaled_to_max_surf_simpson_x,all_feats_scaled_to_max_surf_simpson_y,all_feats_scaled_to_max_duration,all_feats_scaled_to_max_len,all_feats_scaled_to_max_offset,all_feats_scaled_to_max_mean_speed_len,all_feats_scaled_to_max_mean_speed_offset,all_feats_scaled_to_max_len_vs_offset,all_feats_scaled_to_max_total_surf,all_feats_scaled_to_max_monotonous,all_feats_scaled_to_max_key,all_feats_scaled_to_max_flip,all_feats_scaled_to_max_zone,all_feats_scaled_to_max_engine,all_feats_scaled_to_max_in_zone,all_feats_scaled_to_max_ignition,all_feats_scaled_to_max_sleep_mode,all_feats_scaled_to_max_staff_mode,all_feats_scaled_to_max_buzzer_active,all_feats_scaled_to_max_in_primary_zone,all_feats_scaled_to_max_in_restricted_zone,all_feats_scaled_to_max_onboard_geofencing,all_feats_scaled_to_max_speed_limit_active
no_rays_flags_no_same,filenames_in_cluster_train KMeans test nclus 4,2,480,0.2263199999987364,0.2153400000004524,2.0519416989307624,1.4641613222354752,1.3971921066495163,1.4569967685801024,22.000999927520752,0.2846520827809404,0.2772347106690624,0.0148673927795949,0.014748096033325,3.8990440160946154,0.0100689220000211,3.0,1.0,1.0,0.0,1.0,1.0,1.0,0.0,1.0,1.0,1.0,0.0,0.0,1.0
no_rays_flags_no_same,filenames_in_cluster_train KMeans test nclus 4,1,220,0.2853599999980361,0.4876600000002895,3.083168610132569,5.074022653821216,3.080050887400869,5.058927716253561,22.960000038146973,0.5172959423945901,0.4971323590357691,0.0269298738006154,0.0255004558295109,3.334687177709127,0.0248417699999691,3.0,0.0,0.0,0.0,1.0,1.0,1.0,0.0,1.0,1.0,1.0,0.0,0.0,1.0
no_rays_flags_no_same,filenames_in_cluster_train KMeans test nclus 4,0,124,0.4586400000022195,0.240660000000048,4.445433662000595,2.1631396680594266,4.4555598234791605,2.1690116941678976,22.007000207901,0.5006735888268738,0.496576444468015,0.0260523254509503,0.0258391323833738,3.069474424018253,0.0260288487999918,3.0,1.0,1.0,0.0,1.0,1.0,1.0,0.0,1.0,1.0,1.0,0.0,0.0,1.0
no_rays_flags_no_same,filenames_in_cluster_train KMeans test nclus 4,3,36,0.1033199999994849,0.1530000000002473,1.276213838807999,2.1155907752902,1.2803325231817446,2.1151946894307825,21.99799990653992,0.3351160169292869,0.0536812071398389,0.0152339311916106,0.0028552314665279,26.52155600841349,0.0041121988000561,0.0,0.0,1.0,0.0,1.0,1.0,1.0,0.0,1.0,0.0,1.0,0.0,0.0,1.0
