subdir,file,cluster,size,all_feats_scaled_to_max_max_x,all_feats_scaled_to_max_max_y,all_feats_scaled_to_max_surf_trapz_x,all_feats_scaled_to_max_surf_trapz_y,all_feats_scaled_to_max_surf_simpson_x,all_feats_scaled_to_max_surf_simpson_y,all_feats_scaled_to_max_duration,all_feats_scaled_to_max_len,all_feats_scaled_to_max_offset,all_feats_scaled_to_max_mean_speed_len,all_feats_scaled_to_max_mean_speed_offset,all_feats_scaled_to_max_len_vs_offset,all_feats_scaled_to_max_total_surf,all_feats_scaled_to_max_monotonous,all_feats_scaled_to_max_key,all_feats_scaled_to_max_flip,all_feats_scaled_to_max_zone,all_feats_scaled_to_max_engine,all_feats_scaled_to_max_in_zone,all_feats_scaled_to_max_ignition,all_feats_scaled_to_max_sleep_mode,all_feats_scaled_to_max_staff_mode,all_feats_scaled_to_max_buzzer_active,all_feats_scaled_to_max_in_primary_zone,all_feats_scaled_to_max_in_restricted_zone,all_feats_scaled_to_max_onboard_geofencing,all_feats_scaled_to_max_speed_limit_active
no_rays_flags_no_same,filenames_in_cluster_test KMeans test nclus 3,2,401,0.09473396508730175,0.05157231920199747,0.9193031447197164,0.44234273908772526,0.9194667785303161,0.44233849176496265,19.24877056754438,0.13274022775593713,0.11232370952792976,0.006900874659491408,0.005835509683904828,1.3309346455897775,0.0012676562094785172,0.8977556109725686,0.00997506234413965,0.0,0.0,1.0,0.8753117206982544,1.0,0.0,0.27680798004987534,0.07481296758104738,0.7955112219451371,0.0,0.0,0.29925187032418954
no_rays_flags_no_same,filenames_in_cluster_test KMeans test nclus 3,0,184,0.07311456521738759,0.2556519565217123,0.7360698940352782,2.571028067648759,0.7514844064016465,2.6035623204746976,19.352472814528838,0.29083961909579714,0.26400907519029393,0.015057593518807583,0.013666935788861021,1.1697533381129828,0.0038036231152072443,1.358695652173913,0.0,0.0,0.0,1.0,1.0,1.0,0.0,0.09782608695652174,0.02717391304347826,0.9891304347826086,0.0,0.0,0.14673913043478262
no_rays_flags_no_same,filenames_in_cluster_test KMeans test nclus 3,1,21,0.024314285714207684,0.05049047619039011,0.24115382523390178,0.489777160673592,0.24125931416929244,0.4905714623057633,19.29952383041382,0.11758407348740961,0.018036376750870282,0.006116482142827425,0.0009389599993257562,21.791156595996355,0.0009844483428520239,0.0,0.0,0.0,0.0,1.0,1.0,1.0,0.0,0.19047619047619047,0.0,1.0,0.0,0.0,0.09523809523809523
