window_size,vehicle,ride,start,scale,scale x,scale y,offset,offset x,offset y,no scale,no scale x,no scale y,only offset,only offset x,only offset y,
20,Vehicle_4,9237382,0,0.01345911493850866,0.008397247391988215,0.008596867564854479,0.013242122660193754,0.00828180800529148,0.008403493517052784,0.0017609579617010476,0.0008331263612243276,0.001299719098601685,0.002332610496580482,0.0013524077077347292,0.0015746872365350612,
20,Vehicle_4,9237382,20,0.018445589984957007,0.01202713014424463,0.011431504239862349,0.018771463362478855,0.012152858115436331,0.011762196133015757,0.000903612885168303,0.0006268141010832365,0.0005158960013977015,0.001388888888888889,0.0008617799776734947,0.0009231607746514936,
