window_size,vehicle,ride,start,scale,scale x,scale y,offset,offset x,offset y,no scale,no scale x,no scale y,only offset,only offset x,only offset y,
20,Vehicle_17,8694095,0,0.004673432125953684,0.003289473684210526,0.003310887512884316,0.009485158132144105,0.006578947368421052,0.004833139834864211,0.0,0.0,0.0,0.006578947368421052,0.003289473684210526,0.003289473684210526,
20,Vehicle_17,8694095,20,0.004673432125953684,0.003289473684210526,0.003310887512884316,0.009485158132144105,0.006578947368421052,0.004833139834864211,0.0,0.0,0.0,0.006578947368421052,0.003289473684210526,0.003289473684210526,
20,Vehicle_17,8694095,40,0.004673432125953684,0.003289473684210526,0.003310887512884316,0.009485158132144105,0.006578947368421052,0.004833139834864211,0.0,0.0,0.0,0.006578947368421052,0.003289473684210526,0.003289473684210526,
20,Vehicle_17,8694095,60,0.004673432125953684,0.003289473684210526,0.003310887512884316,0.009485158132144105,0.006578947368421052,0.004833139834864211,0.0,0.0,0.0,0.006578947368421052,0.003289473684210526,0.003289473684210526,
20,Vehicle_17,8694095,80,0.004673432125953684,0.003289473684210526,0.003310887512884316,0.009485158132144105,0.006578947368421052,0.004833139834864211,0.0,0.0,0.0,0.006578947368421052,0.003289473684210526,0.003289473684210526,
20,Vehicle_17,8694095,100,0.004673432125953684,0.003289473684210526,0.003310887512884316,0.009485158132144105,0.006578947368421052,0.004833139834864211,0.0,0.0,0.0,0.006578947368421052,0.003289473684210526,0.003289473684210526,
