window_size,vehicle,ride,start,scale,scale x,scale y,offset,offset x,offset y,no scale,no scale x,no scale y,only offset,only offset x,only offset y,
20,Vehicle_17,8694095,0,0.00794149198149042,0.003289473684210526,0.006578947368421052,0.008002660805398737,0.0033506425081188417,0.006578947368421052,0.00794149198149042,0.003289473684210526,0.006578947368421052,0.008002660805398737,0.0033506425081188417,0.006578947368421052,
20,Vehicle_17,8694095,20,0.00794149198149042,0.003289473684210526,0.006578947368421052,0.008002660805398737,0.0033506425081188417,0.006578947368421052,0.00794149198149042,0.003289473684210526,0.006578947368421052,0.008002660805398737,0.0033506425081188417,0.006578947368421052,
20,Vehicle_17,8694095,40,0.00794149198149042,0.003289473684210526,0.006578947368421052,0.008002660805398737,0.0033506425081188417,0.006578947368421052,0.00794149198149042,0.003289473684210526,0.006578947368421052,0.008002660805398737,0.0033506425081188417,0.006578947368421052,
20,Vehicle_17,8694095,60,0.00794149198149042,0.003289473684210526,0.006578947368421052,0.008002660805398737,0.0033506425081188417,0.006578947368421052,0.00794149198149042,0.003289473684210526,0.006578947368421052,0.008002660805398737,0.0033506425081188417,0.006578947368421052,
20,Vehicle_17,8694095,80,0.00794149198149042,0.003289473684210526,0.006578947368421052,0.008002660805398737,0.0033506425081188417,0.006578947368421052,0.00794149198149042,0.003289473684210526,0.006578947368421052,0.008002660805398737,0.0033506425081188417,0.006578947368421052,
20,Vehicle_17,8694095,100,0.00794149198149042,0.003289473684210526,0.006578947368421052,0.008002660805398737,0.0033506425081188417,0.006578947368421052,0.00794149198149042,0.003289473684210526,0.006578947368421052,0.008002660805398737,0.0033506425081188417,0.006578947368421052,
