subdir,file,cluster,size,36all_distances_scaled_to_max_trajs_distances_offset,36all_distances_scaled_to_max_trajs_distances_offset x,36all_distances_scaled_to_max_trajs_distances_offset y,36all_nums_scaled_to_max_trajs_num_intersections_offset
only_rays_heading_size_36_,filenames_in_cluster_test KMeans test nclus 5,0,412,0.0014801534596000886,0.0014303552201743112,0.001416618033259544,0.0022619843715231775
only_rays_heading_size_36_,filenames_in_cluster_test KMeans test nclus 5,2,106,0.002772964038092844,0.00215948757134128,0.0018938102275938822,0.004141218301294012
only_rays_heading_size_36_,filenames_in_cluster_test KMeans test nclus 5,1,65,0.004089055812065983,0.0027373513820409976,0.0028099146999613126,0.003954498905989129
only_rays_heading_size_36_,filenames_in_cluster_test KMeans test nclus 5,3,20,0.005110330802295386,0.0031997184600286925,0.003590933947374734,0.007100997745040428
only_rays_heading_size_36_,filenames_in_cluster_test KMeans test nclus 5,4,3,0.0012302285590359225,0.001041054192059688,0.0013164708704505167,0.005591030168413142
