subdir,file,cluster,size,36all_distances_scaled_to_max_trajs_distances_offset,36all_distances_scaled_to_max_trajs_distances_offset x,36all_distances_scaled_to_max_trajs_distances_offset y,36all_nums_scaled_to_max_trajs_num_intersections_offset
only_rays_heading_size_36_,filenames_in_cluster_train KMeans test nclus 8,0,316,0.0009033636767815709,0.0012991257005231147,0.001161654103140504,0.0007212070317991661
only_rays_heading_size_36_,filenames_in_cluster_train KMeans test nclus 8,5,241,0.0013257975917295556,0.000994051370742367,0.0013949287543592098,0.0012359938220868933
only_rays_heading_size_36_,filenames_in_cluster_train KMeans test nclus 8,2,75,0.002983381603234858,0.002064055515128789,0.0020490634552437787,0.003643256080227225
only_rays_heading_size_36_,filenames_in_cluster_train KMeans test nclus 8,7,57,0.0018967178601473384,0.0013089034593848602,0.0013995230027440838,0.0035984435060295236
only_rays_heading_size_36_,filenames_in_cluster_train KMeans test nclus 8,4,96,0.0018912135210961466,0.0018064201122542408,0.0013890397361950627,0.003681412911793367
only_rays_heading_size_36_,filenames_in_cluster_train KMeans test nclus 8,6,41,0.0042078650642232065,0.0025000430317298327,0.0032135735198953576,0.0030656247070832473
only_rays_heading_size_36_,filenames_in_cluster_train KMeans test nclus 8,1,23,0.005420098111551454,0.00334824444346774,0.0036433943268076407,0.0059692896895621305
only_rays_heading_size_36_,filenames_in_cluster_train KMeans test nclus 8,3,11,0.0059802716786740515,0.0031895074740299644,0.004450817569933341,0.010963099748698179
