subdir,file,cluster,size,36all_distances_scaled_to_max_trajs_distances_offset,36all_distances_scaled_to_max_trajs_distances_offset x,36all_distances_scaled_to_max_trajs_distances_offset y,36all_nums_scaled_to_max_trajs_num_intersections_offset
only_rays_heading_size_36_,filenames_in_cluster_test KMeans test nclus 8,0,234,0.0100329630903888,0.0050789388751489,0.0050789388751489,0.02631578947368421
only_rays_heading_size_36_,filenames_in_cluster_test KMeans test nclus 8,5,166,0.0099996138237995,0.0050789388751489,0.0050789388751489,0.019736842105263157
only_rays_heading_size_36_,filenames_in_cluster_test KMeans test nclus 8,4,82,0.010076776685069,0.0051175191220624,0.0051175191220624,0.03289473684210526
only_rays_heading_size_36_,filenames_in_cluster_test KMeans test nclus 8,6,28,0.0127744459700741,0.0074985003270656,0.0083660215659093,0.049342105263157895
only_rays_heading_size_36_,filenames_in_cluster_test KMeans test nclus 8,7,32,0.0142202526094602,0.0081087886671132,0.0080007315749091,0.023026315789473683
only_rays_heading_size_36_,filenames_in_cluster_test KMeans test nclus 8,2,50,0.0136232278935545,0.0081237996548868,0.0077796113008107,0.03618421052631579
only_rays_heading_size_36_,filenames_in_cluster_test KMeans test nclus 8,1,12,0.0166295190445352,0.0123534893759212,0.0090232237287695,0.05263157894736842
only_rays_heading_size_36_,filenames_in_cluster_test KMeans test nclus 8,3,2,0.0333263186628706,0.0207964451252864,0.0200270469308695,0.0756578947368421
