subdir,file,cluster,size,36all_distances_scaled_to_max_trajs_distances_offset,36all_distances_scaled_to_max_trajs_distances_offset x,36all_distances_scaled_to_max_trajs_distances_offset y,36all_nums_scaled_to_max_trajs_num_intersections_offset
only_rays_heading_size_36_,filenames_in_cluster_train KMeans test nclus 9,4,316,0.01088142573001208,0.00680332933406918,0.007096351047770066,0.026482345103264433
only_rays_heading_size_36_,filenames_in_cluster_train KMeans test nclus 9,0,241,0.011362946860121015,0.007673902868725812,0.006807432248185269,0.02246669578510592
only_rays_heading_size_36_,filenames_in_cluster_train KMeans test nclus 9,6,65,0.018659233827188003,0.011897348038360185,0.011856494988678346,0.039827935222672035
only_rays_heading_size_36_,filenames_in_cluster_train KMeans test nclus 9,2,57,0.016944029687952934,0.010814011747262124,0.010693564061138978,0.028047091412742378
only_rays_heading_size_36_,filenames_in_cluster_train KMeans test nclus 9,5,84,0.011400174464121404,0.007141001228054051,0.007462751000939912,0.03665413533834584
only_rays_heading_size_36_,filenames_in_cluster_train KMeans test nclus 9,7,32,0.015061628221126071,0.00990770706848653,0.009358257133669858,0.05006167763157893
only_rays_heading_size_36_,filenames_in_cluster_train KMeans test nclus 9,1,16,0.02228283323966351,0.014187553603176715,0.014236994248947933,0.06825657894736843
only_rays_heading_size_36_,filenames_in_cluster_train KMeans test nclus 9,8,39,0.023912195582012657,0.014965973517575778,0.015477928173376053,0.05237854251012145
only_rays_heading_size_36_,filenames_in_cluster_train KMeans test nclus 9,3,10,0.03755635611075074,0.02349774497431557,0.02433136556900751,0.08486842105263158
