window_size,vehicle,ride,start,scale,scale x,scale y,offset,offset x,offset y,no scale,no scale x,no scale y,only offset,only offset x,only offset y,
20,Vehicle_15,8801123,0,0.011627928928405971,0.008239705970253614,0.006569420582473702,0.01147981207179451,0.008397519215176143,0.006580524306422446,0.0006707168997483154,0.00041075149568400426,0.0004107055874384042,0.00173609454467592,0.0011222341067947531,0.0011222290542484458,
20,Vehicle_15,8801123,20,0.011280838641603966,0.007074776316913116,0.007485103962955478,0.011637478752192367,0.0074117983966540315,0.007346497586918455,0.0,0.0,0.0,0.0017361171928433675,0.0011222650248503107,0.0011222207843603331,
20,Vehicle_15,8801123,40,0.008606801934898274,0.004781913582825251,0.006443179612236686,0.01011009915588871,0.0057674664309915295,0.007261709654195782,0.000670738153255834,0.00041074075908841635,0.00041074235415833945,0.0019096724292254872,0.0012958131807530866,0.0011222278648396816,
20,Vehicle_15,8801123,60,0.009263916411843522,0.006882584683877199,0.005031733619290457,0.009673703075661249,0.00740210515048221,0.005123663467006875,0.0006707242728411408,0.000410739653201913,0.00041072646007811215,0.0017361120772146324,0.0011222400812724409,0.0011222406123094725,
20,Vehicle_15,8801123,80,0.013222637054973887,0.008430495071942198,0.008586347647859866,0.013273803255297152,0.008209291959680277,0.00893149968947986,0.0006706738436329656,0.00041070469286630384,0.00041069965749965427,0.0017360388515921554,0.0011222035693935922,0.001122203898565847,
20,Vehicle_15,8801123,100,0.008882444838798147,0.005361539618003625,0.006173303769420788,0.009339741418371978,0.0051017763513241995,0.007006287221647632,0.0006706238453181411,0.0004106157037610587,0.0004107274114252392,0.0017361393167475256,0.001122288302283477,0.0011222196308313251,
20,Vehicle_15,8801123,120,0.010681104954011318,0.007098578483021239,0.0064320612748963125,0.010774933354505986,0.007183791970172103,0.006436578479626768,0.000335390911905922,0.0003239627437125729,8.680555555555063e-05,0.0017361111111111138,0.001122239585961424,0.0011222401415169664,
