window_size,vehicle,ride,start,scale,scale x,scale y,offset,offset x,offset y,no scale,no scale x,no scale y,only offset,only offset x,only offset y,
20,Vehicle_15,8801123,0,0.01163143735055508,0.008206262495377885,0.00633313857654044,0.01217055134527219,0.008860164057266296,0.006808618737601376,0.01163143735055508,0.008206262495377885,0.00633313857654044,0.01217055134527219,0.008860164057266296,0.006808618737601376,
20,Vehicle_15,8801123,20,0.012268705095606063,0.007434862941252031,0.007760408923417838,0.012828527787589169,0.007798325509594634,0.008151019509341835,0.012268705095606063,0.007434862941252031,0.007760408923417838,0.012828527787589169,0.007798325509594634,0.008151019509341835,
20,Vehicle_15,8801123,40,0.009397654477935068,0.004796936616466255,0.006974471851337982,0.011005187217406915,0.006178551609048592,0.00774571253766546,0.009397654477935068,0.004796936616466255,0.006974471851337982,0.011005187217406915,0.006178551609048592,0.00774571253766546,
20,Vehicle_15,8801123,60,0.010553355771830763,0.007911029416252553,0.0054151060228299405,0.01032862238216869,0.007887218990402178,0.0052934689334664204,0.010553355771830763,0.007911029416252553,0.0054151060228299405,0.01032862238216869,0.007887218990402178,0.0052934689334664204,
20,Vehicle_15,8801123,80,0.013829835214688644,0.008116347082042313,0.00928574308100186,0.014293181995318514,0.008334236013312101,0.009825934375896411,0.013829835214688644,0.008116347082042313,0.00928574308100186,0.014293181995318514,0.008334236013312101,0.009825934375896411,
20,Vehicle_15,8801123,100,0.010046709389170747,0.005229053735199181,0.007470054202592522,0.009991718390566772,0.005183403899401218,0.007576636645748281,0.010046709389170747,0.005229053735199181,0.007470054202592522,0.009991718390566772,0.005183403899401218,0.007576636645748281,
20,Vehicle_15,8801123,120,0.012241194553565834,0.007801519516361726,0.00743996461577481,0.01149190216566564,0.007475964704290882,0.006861374556623043,0.012241194553565834,0.007801519516361726,0.00743996461577481,0.01149190216566564,0.007475964704290882,0.006861374556623043,
