window_size,vehicle,ride,start,scale,scale x,scale y,offset,offset x,offset y,no scale,no scale x,no scale y,only offset,only offset x,only offset y,
20,Vehicle_4,9070901,0,0.013953570481465314,0.008580405773418795,0.009152330770146658,0.013802160539588052,0.008479585612095204,0.009073756907048714,0.013953570481465314,0.008580405773418795,0.009152330770146658,0.013802160539588052,0.008479585612095204,0.009073756907048714,
20,Vehicle_4,9070901,20,0.025648318160349255,0.017090984075692775,0.01556946895178655,0.026142613457174946,0.017362310085124656,0.015963181769870542,0.025648318160349255,0.017090984075692775,0.01556946895178655,0.026142613457174946,0.017362310085124656,0.015963181769870542,
