subdir,file,cluster,size,24all_distances_scaled_to_max_trajs_distances_offset,24all_distances_scaled_to_max_trajs_distances_offset x,24all_distances_scaled_to_max_trajs_distances_offset y,24all_nums_scaled_to_max_trajs_num_intersections_offset
only_rays_acceler_heading_size_24_,filenames_in_cluster_test KMeans test nclus 9,2,242,0.01083352275746129,0.006683852775425799,0.007148560001921221,0.02611189647672893
only_rays_acceler_heading_size_24_,filenames_in_cluster_test KMeans test nclus 9,0,161,0.011531455032314652,0.007693026474855135,0.007023868853496506,0.022842432167375044
only_rays_acceler_heading_size_24_,filenames_in_cluster_test KMeans test nclus 9,5,42,0.014515229289544396,0.009855455269941572,0.008684407332878476,0.034147869674185476
only_rays_acceler_heading_size_24_,filenames_in_cluster_test KMeans test nclus 9,1,42,0.02064612659878528,0.013487658347639734,0.012839736342888056,0.04660087719298246
only_rays_acceler_heading_size_24_,filenames_in_cluster_test KMeans test nclus 9,6,19,0.014566187938001735,0.009657602916708747,0.008897590906866435,0.029778393351800554
only_rays_acceler_heading_size_24_,filenames_in_cluster_test KMeans test nclus 9,7,56,0.013738485077189852,0.008917684851083782,0.008633495137549728,0.04264567669172932
only_rays_acceler_heading_size_24_,filenames_in_cluster_test KMeans test nclus 9,3,21,0.010662846103439148,0.005778308134111086,0.007877877556049392,0.035401002506265676
only_rays_acceler_heading_size_24_,filenames_in_cluster_test KMeans test nclus 9,4,20,0.02209672014642366,0.014656850749793107,0.013556223113281123,0.061842105263157886
only_rays_acceler_heading_size_24_,filenames_in_cluster_test KMeans test nclus 9,8,3,0.0326791553865788,0.020935688099159435,0.020725858987570536,0.07785087719298245
