window_size,vehicle,ride,start,scale,scale x,scale y,offset,offset x,offset y,no scale,no scale x,no scale y,only offset,only offset x,only offset y,
20,Vehicle_11,8363415,0,0.009206044901230104,0.004424925275504316,0.007361879397038947,0.010480341451047369,0.005615482832850421,0.00761832094524821,0.0,0.0,0.0,0.003289473684210526,0.001985372995372526,0.001985372995372526,
20,Vehicle_11,8363415,20,0.009206044901230104,0.004424925275504316,0.007361879397038947,0.010480341451047369,0.005615482832850421,0.00761832094524821,0.0,0.0,0.0,0.003289473684210526,0.001985372995372526,0.001985372995372526,
20,Vehicle_11,8363415,40,0.009206044901230104,0.004424925275504316,0.007361879397038947,0.010480341451047369,0.005615482832850421,0.00761832094524821,0.0,0.0,0.0,0.003289473684210526,0.001985372995372526,0.001985372995372526,
20,Vehicle_11,8363415,60,0.009206044901230104,0.004424925275504316,0.007361879397038947,0.010480341451047369,0.005615482832850421,0.00761832094524821,0.0,0.0,0.0,0.003289473684210526,0.001985372995372526,0.001985372995372526,
20,Vehicle_11,8363415,80,0.009206044901230104,0.004424925275504316,0.007361879397038947,0.010480341451047369,0.005615482832850421,0.00761832094524821,0.0,0.0,0.0,0.003289473684210526,0.001985372995372526,0.001985372995372526,
20,Vehicle_11,8363415,100,0.009206044901230104,0.004424925275504316,0.007361879397038947,0.010480341451047369,0.005615482832850421,0.00761832094524821,0.0,0.0,0.0,0.003289473684210526,0.001985372995372526,0.001985372995372526,
20,Vehicle_11,8363415,120,0.009206044901230104,0.004424925275504316,0.007361879397038947,0.010480341451047369,0.005615482832850421,0.00761832094524821,0.0,0.0,0.0,0.003289473684210526,0.001985372995372526,0.001985372995372526,
20,Vehicle_11,8363415,140,0.009206044901230104,0.004424925275504316,0.007361879397038947,0.010480341451047369,0.005615482832850421,0.00761832094524821,0.0,0.0,0.0,0.003289473684210526,0.001985372995372526,0.001985372995372526,
20,Vehicle_11,8363415,160,0.009206044901230104,0.004424925275504316,0.007361879397038947,0.010480341451047369,0.005615482832850421,0.00761832094524821,0.0,0.0,0.0,0.003289473684210526,0.001985372995372526,0.001985372995372526,
