window_size,vehicle,ride,start,scale,scale x,scale y,offset,offset x,offset y,no scale,no scale x,no scale y,only offset,only offset x,only offset y,
20,Vehicle_11,8363277,0,0.012041329217320998,0.007427106769462541,0.007663811525750715,0.012140898034227108,0.007403625038325421,0.007804222024274716,0.0,0.0,0.0,0.00125,0.0007892189393343804,0.0007892189393343805,
20,Vehicle_11,8363277,20,0.012084717458195279,0.007102861976431646,0.00822319444606799,0.012231592816328591,0.007137815936019964,0.008339767959654288,0.0,0.0,0.0,0.0015,0.0010331010038712746,0.0008278460636312488,
20,Vehicle_11,8363277,40,0.02110182776387135,0.011948338221515965,0.014842601777706953,0.020760053411624173,0.011702150028725499,0.014597305267313227,0.0,0.0,0.0,0.00175,0.0009399463444646764,0.0012531101927050375,
20,Vehicle_11,8363277,60,0.008632930599573336,0.004090389641017203,0.006934532559755113,0.009963286198727161,0.00510793227363267,0.007702498167221683,0.0,0.0,0.0,0.00125,0.0007892189393343804,0.0007892189393343805,
20,Vehicle_11,8363277,80,0.01349831980982674,0.008378914072675903,0.008502110752897675,0.013610720976046809,0.008475797487950118,0.00856606159178892,0.0,0.0,0.0,0.00125,0.0007892189393343805,0.0007892189393343805,
20,Vehicle_11,8363277,100,0.011909913663251736,0.006911274531706444,0.008133148070905106,0.012515231386452094,0.007484043813351505,0.008310639176573837,0.0,0.0,0.0,0.001375,0.0009081010038712745,0.000827846063631249,
20,Vehicle_11,8363277,120,0.013436382765860887,0.007302001625060195,0.00981731652759747,0.013871095217695424,0.007451519122901602,0.010272949705470342,0.0,0.0,0.0,0.001375,0.0008903460636312489,0.0008626920958709394,
20,Vehicle_11,8363277,140,0.009026606622089981,0.004375894238621369,0.0071383043835939386,0.010334316720318213,0.005474200884354162,0.00774284718177622,0.0,0.0,0.0,0.0013749999999999997,0.0009142189393343805,0.0007892189393343804,
