window_size,vehicle,ride,start,offset,offset x,offset y,scale,scale x,scale y,no scale,no scale x,no scale y,only offset,only offset x,only offset y,
20,Vehicle_11,8354807,0,0.012208197492856945,0.007126009974240941,0.00842429750127109,0.012157771979790958,0.0070204796554260394,0.008373972075581113,0.012157771979790958,0.0070204796554260394,0.008373972075581113,0.012208197492856945,0.007126009974240941,0.00842429750127109,
20,Vehicle_11,8354807,20,0.010316330485147247,0.005339746795041167,0.007899597216585803,0.008868309752091614,0.004110128278210224,0.007154051886657417,0.008868309752091614,0.004110128278210224,0.007154051886657417,0.010316330485147247,0.005339746795041167,0.007899597216585803,
20,Vehicle_11,8354807,40,0.010126544754002221,0.005159165393876387,0.007854767132012823,0.009462232184640254,0.004659128543965962,0.007390719794479882,0.009462232184640254,0.004659128543965962,0.007390719794479882,0.010126544754002221,0.005159165393876387,0.007854767132012823,
20,Vehicle_11,8354807,60,0.015447781388748562,0.009789914149151226,0.009896136893263357,0.015257380936390376,0.00970726990832549,0.009687949129354969,0.015257380936390376,0.00970726990832549,0.009687949129354969,0.015447781388748562,0.009789914149151226,0.009896136893263357,
20,Vehicle_11,8354807,80,0.010123865870698596,0.005155513248336117,0.00785268385227406,0.009469605840014175,0.004633664166460042,0.00739621013835798,0.009469605840014175,0.004633664166460042,0.00739621013835798,0.010123865870698596,0.005155513248336117,0.00785268385227406,
20,Vehicle_11,8354807,100,0.012773963657964203,0.00783018965346465,0.008298522153153323,0.012645747251989197,0.00766588330080018,0.008286502615899822,0.012645747251989197,0.00766588330080018,0.008286502615899822,0.012773963657964203,0.00783018965346465,0.008298522153153323,
