window_size,vehicle,ride,start,scale,scale x,scale y,offset,offset x,offset y,no scale,no scale x,no scale y,only offset,only offset x,only offset y,
20,Vehicle_4,9477474,0,0.008857979279358136,0.004330509101917363,0.00696159875724325,0.010488435679254261,0.005695773291209837,0.007682196811922576,0.00047149073378157763,0.00033339429512357476,0.00033339429512357465,0.0017578125,0.00117721474455583,0.0009819022445558296,
20,Vehicle_4,9477474,20,0.009346801991322972,0.00463501108485331,0.0072088197575891294,0.010011056814976839,0.005131668431462535,0.007701541478472553,0.0,0.0,0.0,0.0015625,0.0009819022445558298,0.0009819022445558298,
20,Vehicle_4,9477474,40,0.009694179579761094,0.005018557116861619,0.007239579545317868,0.012888750599365844,0.007769622968824551,0.008579089960591615,0.0,0.0,0.0,0.0017578125,0.00116234746574944,0.0010566451024396364,
20,Vehicle_4,9477474,60,0.009694956365578484,0.005027428670948483,0.007199714389356791,0.011836265918705773,0.006794337609434435,0.008259439900238693,0.0,0.0,0.0,0.0015625000000000003,0.0009819022445558298,0.0009819022445558298,
20,Vehicle_4,9477474,80,0.008691489076606313,0.004104411114044263,0.006942863105950805,0.009959999008975878,0.005131668431462536,0.007650483672471593,0.0,0.0,0.0,0.0015625,0.0009819022445558298,0.0009819022445558298,
20,Vehicle_4,9477474,100,0.01686127513938934,0.009361060835143351,0.01216503434471856,0.018648320002151716,0.011055956433052105,0.012742056508428098,0.00023575664298204767,0.0001667051209623818,0.00016670512096238178,0.001953125,0.0013427926869430513,0.001131387960323443,
20,Vehicle_4,9477474,120,0.0198430621360571,0.012505675925496514,0.012729147965966069,0.01982197397854371,0.012232722123101008,0.013061319964022173,0.00047137269901466084,0.00033331083193947214,0.0003333108319394721,0.0021484375,0.0014957667589499382,0.0011947518956401339,
20,Vehicle_4,9477474,140,0.015545394209852141,0.009975599635781776,0.009373153676568921,0.015528130039850437,0.010006539424237227,0.009349948563178886,0.0007071596097413532,0.0005000373554293433,0.0005000373554293433,0.001953125,0.001258115830956825,0.001258115830956825,
