window_size,vehicle,ride,start,offset,offset x,offset y,scale,scale x,scale y,no scale,no scale x,no scale y,only offset,only offset x,only offset y,
20,Vehicle_17,9335706,0,0.010308544312935547,0.005441786457001972,0.007823308773314486,0.009172604186928134,0.00459488714539714,0.007168315707161059,7.452180906202542e-05,4.563384391613663e-05,4.563635953940216e-05,0.0006751604980480853,0.00044098146009330445,0.00042168307366167453,
20,Vehicle_17,9335706,20,0.010837713093588566,0.005857950554203752,0.008093474519299398,0.008919399565463273,0.0044524736820287574,0.006993234499412147,0.00010354478315021904,4.814801309412426e-05,7.456104232845872e-05,0.0008101839818690149,0.000573659672959301,0.00044848142033869764,
20,Vehicle_17,9335706,40,0.014944259945467542,0.007952672719387191,0.01127151981411045,0.013393761813756433,0.007071792043862484,0.010147058346476376,0.00011178322414685628,5.527763585606253e-05,8.162829462541623e-05,0.000713726961177288,0.00047896127746039854,0.0004283829883543055,
20,Vehicle_17,9335706,60,0.009898049099839549,0.005057048805160416,0.007720876859034883,0.008773627456033948,0.004337836245761857,0.006932245268260448,7.451674103274365e-05,4.5629975129672735e-05,4.5634021282995e-05,0.0006558594272839514,0.00042167964856332533,0.00042168381442751995,
20,Vehicle_17,9335706,80,0.009938161350265469,0.005100736175714547,0.007715349516561469,0.008553818838698579,0.0040950926927721095,0.006885268941120647,7.452808615534314e-05,4.5638399628886744e-05,4.563949166450026e-05,0.0006944459882388722,0.00046026613109232024,0.00042168389285344575,
20,Vehicle_17,9335706,100,0.009909340236286451,0.005064980024381857,0.007723259142702015,0.00890140675514612,0.004446243619648264,0.006990138578834972,7.452370448966255e-05,4.5634999785524074e-05,4.563752508529241e-05,0.000655866258680554,0.0004216858565880147,0.0004216844377994334,
