subdir,file,cluster,size,20all_distances_scaled_to_max_trajs_distances_offset,20all_distances_scaled_to_max_trajs_distances_offset x,20all_distances_scaled_to_max_trajs_distances_offset y,20all_nums_scaled_to_max_trajs_num_intersections_offset
only_rays_acceler_size_20_,filenames_in_cluster_train KMeans test nclus 7,2,305,0.009903592130696,0.0051079322736326,0.0051079322736326,0.02631578947368421
only_rays_acceler_size_20_,filenames_in_cluster_train KMeans test nclus 7,0,247,0.0098516727574184,0.0050802407516688,0.0051079322736326,0.019736842105263157
only_rays_acceler_size_20_,filenames_in_cluster_train KMeans test nclus 7,3,103,0.0100757562637627,0.0052329322736326,0.0071831644463991,0.03289473684210526
only_rays_acceler_size_20_,filenames_in_cluster_train KMeans test nclus 7,4,80,0.0099900450982602,0.0052329322736326,0.0052329322736326,0.019736842105263157
only_rays_acceler_size_20_,filenames_in_cluster_train KMeans test nclus 7,6,72,0.0101748283197596,0.0073276521182273,0.0053577951428387,0.03618421052631579
only_rays_acceler_size_20_,filenames_in_cluster_train KMeans test nclus 7,1,37,0.010401548714499,0.0054829322736326,0.0062580643381695,0.046052631578947366
only_rays_acceler_size_20_,filenames_in_cluster_train KMeans test nclus 7,5,16,0.0133330138701355,0.0086362465640774,0.0074235771257543,0.06907894736842106
