subdir,file,cluster,size,20all_distances_scaled_to_max_trajs_distances_offset,20all_distances_scaled_to_max_trajs_distances_offset x,20all_distances_scaled_to_max_trajs_distances_offset y,20all_nums_scaled_to_max_trajs_num_intersections_offset
only_rays_acceler_size_20_,filenames_in_cluster_test KMeans test nclus 8,0,214,0.0010498809608026542,0.0013188866239358123,0.0011945534266271022,6.938893903907228e-18
only_rays_acceler_size_20_,filenames_in_cluster_test KMeans test nclus 8,2,172,0.0015844722745006982,0.001168247845733535,0.00148513351438336,0.001159382234258543
only_rays_acceler_size_20_,filenames_in_cluster_test KMeans test nclus 8,4,61,0.002709967643143725,0.001630671965952872,0.0022076958003234676,0.0021380745903363902
only_rays_acceler_size_20_,filenames_in_cluster_test KMeans test nclus 8,1,55,0.004868787136609671,0.0034333340578607393,0.003086603087320654,0.004677324113879702
only_rays_acceler_size_20_,filenames_in_cluster_test KMeans test nclus 8,3,60,0.0053268452437872,0.003817327447837154,0.003213225418998977,0.0042339330211201365
only_rays_acceler_size_20_,filenames_in_cluster_test KMeans test nclus 8,7,24,0.0029761352433572905,0.0019357371010915267,0.0021177722725188477,0.0017118963811399105
only_rays_acceler_size_20_,filenames_in_cluster_test KMeans test nclus 8,5,16,0.0063166070729417,0.0038458541144942076,0.004360776589213215,0.006778306546806966
only_rays_acceler_size_20_,filenames_in_cluster_test KMeans test nclus 8,6,4,0.0062266003200581906,0.003880498265957885,0.0041368120956567994,0.005872885220841157
