subdir,file,cluster,size,20all_distances_scaled_to_max_trajs_distances_offset,20all_distances_scaled_to_max_trajs_distances_offset x,20all_distances_scaled_to_max_trajs_distances_offset y,20all_nums_scaled_to_max_trajs_num_intersections_offset
only_rays_acceler_size_20_,filenames_in_cluster_train KMeans test nclus 8,0,305,0.010820602851264823,0.006706942258979481,0.007110862128408969,0.026315789473684115
only_rays_acceler_size_20_,filenames_in_cluster_train KMeans test nclus 8,2,247,0.011315236361522188,0.00759211038400608,0.0068452054026176875,0.02245365437886213
only_rays_acceler_size_20_,filenames_in_cluster_train KMeans test nclus 8,7,47,0.018388283674800665,0.011706659850640327,0.011729098873236712,0.0377939529675252
only_rays_acceler_size_20_,filenames_in_cluster_train KMeans test nclus 8,4,79,0.014539055421556023,0.009518886366526709,0.008997415264648641,0.029980013324450366
only_rays_acceler_size_20_,filenames_in_cluster_train KMeans test nclus 8,1,57,0.017604940782698867,0.011290042422228246,0.01118596397364891,0.04859187442289934
only_rays_acceler_size_20_,filenames_in_cluster_train KMeans test nclus 8,3,85,0.014875697229176728,0.00892855332305334,0.010050915195859968,0.04017027863777087
only_rays_acceler_size_20_,filenames_in_cluster_train KMeans test nclus 8,5,29,0.022422364931680476,0.014307309794952625,0.014295987090287164,0.06238656987295826
only_rays_acceler_size_20_,filenames_in_cluster_train KMeans test nclus 8,6,11,0.028263991021682797,0.017867664632710983,0.018195573589365698,0.0840311004784689
