window_size,vehicle,ride,start,scale,scale x,scale y,offset,offset x,offset y,no scale,no scale x,no scale y,only offset,only offset x,only offset y,
20,Vehicle_4,8893676,0,0.009119146730710246,0.006914794318765857,0.0048034832854979845,0.01005203202219999,0.0074791801184236634,0.005462386327716867,0.0002357498257315607,0.00016670030043833828,0.00016670030043832855,0.001367235464204651,0.0008842562538303262,0.0008842836994859965,
20,Vehicle_4,8893676,20,0.012679313013667376,0.008102741839271788,0.00833169652121305,0.013849474609364799,0.009022885561570607,0.00882471225170062,0.00023575579402254594,0.00016670452065736252,0.00016670452065735975,0.0015625072518619804,0.0010647164687181937,0.0009589708513328743,
20,Vehicle_4,8893676,40,0.01835251094456478,0.010678796883456493,0.01278231435442537,0.019222288422467555,0.011270426231206282,0.013366277139842259,0.0002357025212094954,0.00016666685109000267,0.00016666685108999781,0.0022461072736750455,0.0013099266747029603,0.001619038419040575,
