window_size,vehicle,ride,start,scale,scale x,scale y,offset,offset x,offset y,no scale,no scale x,no scale y,only offset,only offset x,only offset y,
20,Vehicle_10,8919796,0,0.012022903795568243,0.0070202045991977925,0.00816102241948364,0.012229657951683856,0.007336588532368296,0.008088018437627091,0.0,0.0,0.0,0.0008928571428571428,0.0005660233083526631,0.0005660233083526631,
20,Vehicle_10,8919796,20,0.012224979128046919,0.007856670302179944,0.0074242187495779325,0.012235102756311346,0.007923798094167165,0.007382459268916405,0.0,0.0,0.0,0.0008928571428571429,0.0005660233083526631,0.0005660233083526631,
20,Vehicle_10,8919796,40,0.013990303686096573,0.009153790905294477,0.008617737158493163,0.01406581437804191,0.009139648858407125,0.008777011093459672,0.0,0.0,0.0,0.0009566326530612245,0.00059369446518414,0.0006234830575811337,
20,Vehicle_10,8919796,60,0.013945224202299409,0.008809736091487571,0.0088024515176158,0.013877966454781827,0.008774387730662027,0.00871705509841029,0.0,0.0,0.0,0.0008928571428571428,0.0005660233083526631,0.0005660233083526632,
20,Vehicle_10,8919796,80,0.010813004034494538,0.007651528472221318,0.005992937523513252,0.01103026536922773,0.007726657715022809,0.006245185506319062,0.0,0.0,0.0,0.0008928571428571427,0.000566023308352663,0.0005660233083526631,
20,Vehicle_10,8919796,100,0.010140223743197346,0.007456485524341953,0.0053679022611423256,0.011517216536822493,0.008021447152925697,0.006632553307907936,0.0,0.0,0.0,0.0011479591836734695,0.0006767079356785708,0.0007958623052665455,
20,Vehicle_10,8919796,120,0.011185440646666408,0.006471651465694778,0.007578464236089276,0.01159422161557669,0.006811114203398976,0.007790549683870448,0.0,0.0,0.0,0.0008928571428571427,0.0005660233083526632,0.0005660233083526631,
