window_size,vehicle,ride,start,offset,offset x,offset y,scale,scale x,scale y,no scale,no scale x,no scale y,only offset,only offset x,only offset y,
20,Vehicle_17,9568608,0,0.01348480109507147,0.008293639390019484,0.008578943615278629,0.013432325814048022,0.008193563983214597,0.008668404963369493,0.013432325814048022,0.008193563983214597,0.008668404963369493,0.01348480109507147,0.008293639390019484,0.008578943615278629,
20,Vehicle_17,9568608,20,0.018341100017287178,0.01197564119778693,0.01136888788101011,0.017399858402643416,0.01171206504641869,0.010072481587563053,0.017399858402643416,0.01171206504641869,0.010072481587563053,0.018341100017287178,0.01197564119778693,0.01136888788101011,
20,Vehicle_17,9568608,40,0.00971615083414792,0.006997231353638773,0.005334708691207961,0.01172039846307942,0.007772837925468618,0.007003335701434556,0.01172039846307942,0.007772837925468618,0.007003335701434556,0.00971615083414792,0.006997231353638773,0.005334708691207961,
