subdir,file,cluster,size,36all_distances_scaled_to_max_trajs_distances_offset,36all_distances_scaled_to_max_trajs_distances_offset x,36all_distances_scaled_to_max_trajs_distances_offset y,36all_nums_scaled_to_max_trajs_num_intersections_offset
only_rays_size_36_,filenames_in_cluster_test KMeans test nclus 8,0,234,0.0036991946208913013,0.004915698340939199,0.004453031906050199,0.003289473684210526
only_rays_size_36_,filenames_in_cluster_test KMeans test nclus 8,5,166,0.0059804193126457,0.004882110569727799,0.0055051596655171,0.003289473684210526
only_rays_size_36_,filenames_in_cluster_test KMeans test nclus 8,4,82,0.0062690478414476995,0.0068880393864689,0.0055426516524779,0.013157894736842105
only_rays_size_36_,filenames_in_cluster_test KMeans test nclus 8,6,28,0.0104661519941452,0.008556899091927599,0.007489421226997001,0.009868421052631575
only_rays_size_36_,filenames_in_cluster_test KMeans test nclus 8,7,32,0.008106953384267,0.0058154169419021,0.0065142053931047,0.009868421052631578
only_rays_size_36_,filenames_in_cluster_test KMeans test nclus 8,2,50,0.0189631797790648,0.0134685111780835,0.012056263802975501,0.009868421052631575
only_rays_size_36_,filenames_in_cluster_test KMeans test nclus 8,1,12,0.0181476492045184,0.0105754995824561,0.0123576291268148,0.02631578947368421
only_rays_size_36_,filenames_in_cluster_test KMeans test nclus 8,3,2,0.0007924689507551042,0.0017390181682589018,0.0026656580994317003,0.009868421052631582
