subdir,file,cluster,size,36all_distances_scaled_to_max_trajs_distances_offset,36all_distances_scaled_to_max_trajs_distances_offset x,36all_distances_scaled_to_max_trajs_distances_offset y,36all_nums_scaled_to_max_trajs_num_intersections_offset
only_rays_size_36_,filenames_in_cluster_train KMeans test nclus 8,0,316,8.160659325283186e-07,1.6877275857596737e-06,1.3494402553431688e-06,5.201395827165634e-07
only_rays_size_36_,filenames_in_cluster_train KMeans test nclus 8,5,241,1.7577392542358894e-06,9.88138127674779e-07,1.9458262297381365e-06,1.5276807282369668e-06
only_rays_size_36_,filenames_in_cluster_train KMeans test nclus 8,2,75,8.900565790520193e-06,4.26032516953357e-06,4.198661043615573e-06,1.3273314866112644e-05
only_rays_size_36_,filenames_in_cluster_train KMeans test nclus 8,7,57,3.597538641001898e-06,1.7132282659896541e-06,1.9586646352098165e-06,1.2948795666086049e-05
only_rays_size_36_,filenames_in_cluster_train KMeans test nclus 8,4,96,3.5766885823768846e-06,3.263153621956624e-06,1.9294313887288494e-06,1.355280102711892e-05
only_rays_size_36_,filenames_in_cluster_train KMeans test nclus 8,6,41,1.770612839871017e-05,6.250215160500893e-06,1.0327054767772638e-05,9.398054844679246e-06
only_rays_size_36_,filenames_in_cluster_train KMeans test nclus 8,1,23,2.9377463538843635e-05,1.1210740853212597e-05,1.3274322220614101e-05,3.563241939791276e-05
only_rays_size_36_,filenames_in_cluster_train KMeans test nclus 8,3,11,3.576364935075096e-05,1.0172957926893004e-05,1.980977704082733e-05,0.00012018955609990608
