subdir,file,cluster,size,36all_distances_scaled_to_max_trajs_distances_offset,36all_distances_scaled_to_max_trajs_distances_offset x,36all_distances_scaled_to_max_trajs_distances_offset y,36all_nums_scaled_to_max_trajs_num_intersections_offset
only_rays_size_36_,filenames_in_cluster_test KMeans test nclus 5,0,412,0.0195252695770706,0.012120616146845,0.012569678116592,0.029605263157894735
only_rays_size_36_,filenames_in_cluster_test KMeans test nclus 5,2,106,0.0223272059937272,0.0139242056090153,0.0145149369680138,0.046052631578947366
only_rays_size_36_,filenames_in_cluster_test KMeans test nclus 5,1,65,0.0325864076726193,0.0215923108329703,0.0198358751037862,0.05263157894736842
only_rays_size_36_,filenames_in_cluster_test KMeans test nclus 5,3,20,0.0347771682490536,0.0229289889583773,0.0213808528555843,0.07894736842105263
only_rays_size_36_,filenames_in_cluster_test KMeans test nclus 5,4,3,0.0341187876136257,0.0225354632935453,0.0226927050303012,0.08552631578947369
