window_size,vehicle,ride,start,scale,scale x,scale y,offset,offset x,offset y,no scale,no scale x,no scale y,only offset,only offset x,only offset y,
20,Vehicle_17,8855431,0,0.007023947916150211,0.004934210526330947,0.004980130996522,0.016000983301600737,0.011508885851017054,0.009309420128427684,0.0,0.0,0.0,0.003289890047802105,0.0016453684210525263,0.0016445216267494739,
20,Vehicle_17,8855431,20,0.007023947916150211,0.004934210526330947,0.004980130996522,0.016000983301600737,0.011508885851017054,0.009309420128427684,0.0,0.0,0.0,0.003289890047802105,0.0016453684210525263,0.0016445216267494739,
20,Vehicle_17,8855431,40,0.007023947916150211,0.004934210526330947,0.004980130996522,0.016000983301600737,0.011508885851017054,0.009309420128427684,0.0,0.0,0.0,0.003289890047802105,0.0016453684210525263,0.0016445216267494739,
20,Vehicle_17,8855431,60,0.007023947916150211,0.004934210526330947,0.004980130996522,0.016000983301600737,0.011508885851017054,0.009309420128427684,0.0,0.0,0.0,0.003289890047802105,0.0016453684210525263,0.0016445216267494739,
20,Vehicle_17,8855431,80,0.007023947916150211,0.004934210526330947,0.004980130996522,0.016000983301600737,0.011508885851017054,0.009309420128427684,0.0,0.0,0.0,0.003289890047802105,0.0016453684210525263,0.0016445216267494739,
20,Vehicle_17,8855431,100,0.007023947916150211,0.004934210526330947,0.004980130996522,0.016000983301600737,0.011508885851017054,0.009309420128427684,0.0,0.0,0.0,0.003289890047802105,0.0016453684210525263,0.0016445216267494739,
20,Vehicle_17,8855431,120,0.007023947916150211,0.004934210526330947,0.004980130996522,0.016000983301600737,0.011508885851017054,0.009309420128427684,0.0,0.0,0.0,0.003289890047802105,0.0016453684210525263,0.0016445216267494739,
20,Vehicle_17,8855431,140,0.007023947916150211,0.004934210526330947,0.004980130996522,0.016000983301600737,0.011508885851017054,0.009309420128427684,0.0,0.0,0.0,0.003289890047802105,0.0016453684210525263,0.0016445216267494739,
20,Vehicle_17,8855431,160,0.007023947916150211,0.004934210526330947,0.004980130996522,0.016000983301600737,0.011508885851017054,0.009309420128427684,0.0,0.0,0.0,0.003289890047802105,0.0016453684210525263,0.0016445216267494739,
