window_size,vehicle,ride,start,scale,scale x,scale y,offset,offset x,offset y,no scale,no scale x,no scale y,only offset,only offset x,only offset y,
20,Vehicle_17,8855431,0,0.01022158065989642,0.004934210526315789,0.008177763740292316,0.014923791471161579,0.00822795625427758,0.011513157894736841,0.0,0.0,0.0,0.006578947368421052,0.003289473684210526,0.003289473684210526,
20,Vehicle_17,8855431,20,0.01022158065989642,0.004934210526315789,0.008177763740292316,0.014923791471161579,0.00822795625427758,0.011513157894736841,0.0,0.0,0.0,0.006578947368421052,0.003289473684210526,0.003289473684210526,
20,Vehicle_17,8855431,40,0.01022158065989642,0.004934210526315789,0.008177763740292316,0.014923791471161579,0.00822795625427758,0.011513157894736841,0.0,0.0,0.0,0.006578947368421052,0.003289473684210526,0.003289473684210526,
20,Vehicle_17,8855431,60,0.01022158065989642,0.004934210526315789,0.008177763740292316,0.014923791471161579,0.00822795625427758,0.011513157894736841,0.0,0.0,0.0,0.006578947368421052,0.003289473684210526,0.003289473684210526,
20,Vehicle_17,8855431,80,0.01022158065989642,0.004934210526315789,0.008177763740292316,0.014923791471161579,0.00822795625427758,0.011513157894736841,0.0,0.0,0.0,0.006578947368421052,0.003289473684210526,0.003289473684210526,
20,Vehicle_17,8855431,100,0.01022158065989642,0.004934210526315789,0.008177763740292316,0.014923791471161579,0.00822795625427758,0.011513157894736841,0.0,0.0,0.0,0.006578947368421052,0.003289473684210526,0.003289473684210526,
20,Vehicle_17,8855431,120,0.01022158065989642,0.004934210526315789,0.008177763740292316,0.014923791471161579,0.00822795625427758,0.011513157894736841,0.0,0.0,0.0,0.006578947368421052,0.003289473684210526,0.003289473684210526,
20,Vehicle_17,8855431,140,0.01022158065989642,0.004934210526315789,0.008177763740292316,0.014923791471161579,0.00822795625427758,0.011513157894736841,0.0,0.0,0.0,0.006578947368421052,0.003289473684210526,0.003289473684210526,
20,Vehicle_17,8855431,160,0.01022158065989642,0.004934210526315789,0.008177763740292316,0.014923791471161579,0.00822795625427758,0.011513157894736841,0.0,0.0,0.0,0.006578947368421052,0.003289473684210526,0.003289473684210526,
