window_size,vehicle,ride,start,scale,scale x,scale y,offset,offset x,offset y,no scale,no scale x,no scale y,only offset,only offset x,only offset y,
20,Vehicle_4,9471375,0,0.007544417382415922,0.003125,0.00625,0.01691941738241592,0.0125,0.00625,0.0,0.0,0.0,0.0125,0.009375,0.0031250000000000006,
20,Vehicle_4,9471375,20,0.007544417382415922,0.0031250000000000006,0.006250000000000001,0.01691941738241592,0.0125,0.006250000000000002,0.0,0.0,0.0,0.0125,0.009375,0.0031250000000000006,
20,Vehicle_4,9471375,40,0.004831234390102698,0.0031250000000000006,0.0035368170076867742,0.012414214616092097,0.009375000000000003,0.004869797233676172,0.0,0.0,0.0,0.009375,0.00625,0.003125,
