window_size,vehicle,ride,start,scale,scale x,scale y,offset,offset x,offset y,no scale,no scale x,no scale y,only offset,only offset x,only offset y,
20,Vehicle_4,9471375,0,0.007544417382415921,0.003125,0.00625,0.016919417382415917,0.0125,0.006250000000000001,0.007544417382415921,0.003125,0.00625,0.016919417382415917,0.0125,0.006250000000000001,
20,Vehicle_4,9471375,20,0.007544417382415921,0.003125,0.00625,0.016755774424267393,0.01233635704185147,0.006250000000000003,0.007544417382415921,0.003125,0.00625,0.016755774424267393,0.01233635704185147,0.006250000000000003,
20,Vehicle_4,9471375,40,0.007544417382415921,0.003125,0.00625,0.013794417382415925,0.009375,0.00625,0.007544417382415921,0.003125,0.00625,0.013794417382415925,0.009375,0.00625,
