window_size,vehicle,ride,start,scale,scale x,scale y,offset,offset x,offset y,no scale,no scale x,no scale y,only offset,only offset x,only offset y,
20,Vehicle_4,9471375,0,0.0047017262344724205,0.003289473684210526,0.003339181621403053,0.010212256950543577,0.007396867320295052,0.004742318701389685,0.0,0.0,0.0,0.004935872630992736,0.0032916452616827373,0.0016442273693100002,
20,Vehicle_4,9471375,20,0.0047017262344724205,0.003289473684210526,0.003339181621403053,0.010212256950543577,0.007396867320295052,0.004742318701389685,0.0,0.0,0.0,0.004935872630992736,0.0032916452616827373,0.0016442273693100002,
20,Vehicle_4,9471375,40,0.0047017262344724205,0.003289473684210526,0.003339181621403053,0.010212256950543577,0.007396867320295052,0.004742318701389685,0.0,0.0,0.0,0.004935872630992736,0.0032916452616827373,0.0016442273693100002,
