window_size,vehicle,ride,start,scale,scale x,scale y,offset,offset x,offset y,no scale,no scale x,no scale y,only offset,only offset x,only offset y,
20,Vehicle_4,9389871,0,0.01122921029555871,0.007957293511383925,0.006267948297856171,0.011963865084254852,0.008669240936513755,0.006681367614818189,0.01122921029555871,0.007957293511383925,0.006267948297856171,0.011963865084254852,0.008669240936513755,0.006681367614818189,
20,Vehicle_4,9389871,20,0.009579415102657933,0.007218207729664697,0.004981956374758642,0.010324975927597305,0.007894703473849202,0.005347529680770632,0.009579415102657933,0.007218207729664697,0.004981956374758642,0.010324975927597305,0.007894703473849202,0.005347529680770632,
