window_size,vehicle,ride,start,scale,scale x,scale y,offset,offset x,offset y,no scale,no scale x,no scale y,only offset,only offset x,only offset y,
20,Vehicle_4,9389871,0,0.011231211006307968,0.007957293511383915,0.006269949008605424,0.011992597905114408,0.008697973757373311,0.0066813676148181934,0.0,0.0,0.0,0.0010841836734693877,0.0005944060805409687,0.0007541518685799365,
20,Vehicle_4,9389871,20,0.009577701920231042,0.007216494547237796,0.00498195637475864,0.010359791986071428,0.007929519532323332,0.005347529680770628,0.0,0.0,0.0,0.0008928571428571428,0.0005660233083526631,0.0005660233083526631,
