subdir,file,cluster,size,12all_distances_scaled_to_max_trajs_distances_offset,12all_distances_scaled_to_max_trajs_distances_offset x,12all_distances_scaled_to_max_trajs_distances_offset y,12all_nums_scaled_to_max_trajs_num_intersections_offset
only_rays_heading_size_12_,filenames_in_cluster_test KMeans test nclus 9,6,224,0.0007223175316664554,0.0012521723723786207,0.001089750815199356,0.000998482240678429
only_rays_heading_size_12_,filenames_in_cluster_test KMeans test nclus 9,2,157,0.0012217416425572719,0.0009744831050217443,0.0012868500692401839,0.0011418393055178267
only_rays_heading_size_12_,filenames_in_cluster_test KMeans test nclus 9,0,64,0.0013800341237167656,0.0014263441241670796,0.0010288067432034425,0.0032311335619863717
only_rays_heading_size_12_,filenames_in_cluster_test KMeans test nclus 9,4,26,0.003624227981513367,0.0024123879206471317,0.002614276551356302,0.004653738400240263
only_rays_heading_size_12_,filenames_in_cluster_test KMeans test nclus 9,8,40,0.0021061206005825238,0.0013976649959515034,0.0015606884263133015,0.0028475805416415764
only_rays_heading_size_12_,filenames_in_cluster_test KMeans test nclus 9,7,38,0.002284582067693962,0.0015696334204594467,0.0017776562733539053,0.0034332638530214584
only_rays_heading_size_12_,filenames_in_cluster_test KMeans test nclus 9,3,41,0.0022122157241001054,0.0017070325569360255,0.0016148525406378092,0.003065624707083247
only_rays_heading_size_12_,filenames_in_cluster_test KMeans test nclus 9,1,13,0.004186876403531014,0.002602196629861357,0.002991260630392686,0.006846026952666338
only_rays_heading_size_12_,filenames_in_cluster_test KMeans test nclus 9,5,3,0.0006118829593188059,0.0010447452080619998,0.00135601750772763,0.005591030168413142
