subdir,file,cluster,size,12all_distances_scaled_to_max_trajs_distances_offset,12all_distances_scaled_to_max_trajs_distances_offset x,12all_distances_scaled_to_max_trajs_distances_offset y,12all_nums_scaled_to_max_trajs_num_intersections_offset
only_rays_heading_size_12_,filenames_in_cluster_test KMeans test nclus 10,2,231,0.0008443013720152043,0.0012657129348383805,0.0011103277190519423,0.0009849405596827627
only_rays_heading_size_12_,filenames_in_cluster_test KMeans test nclus 10,6,161,0.0013220630004866392,0.0010078053010178546,0.0013264667711157681,0.001151076006946982
only_rays_heading_size_12_,filenames_in_cluster_test KMeans test nclus 10,7,64,0.001191324935634987,0.0013145423343573538,0.0009907258064194026,0.003598963059855513
only_rays_heading_size_12_,filenames_in_cluster_test KMeans test nclus 10,8,24,0.0035342125183872846,0.002539202883618323,0.002263158053881192,0.003486320543305072
only_rays_heading_size_12_,filenames_in_cluster_test KMeans test nclus 10,0,29,0.0021632044358131123,0.0013809148335467186,0.0016885511186317842,0.0030394194661919833
only_rays_heading_size_12_,filenames_in_cluster_test KMeans test nclus 10,1,37,0.0027993917559924726,0.0023703271563207434,0.0015728037817156484,0.004173788973792853
only_rays_heading_size_12_,filenames_in_cluster_test KMeans test nclus 10,4,44,0.0018793084131743165,0.0015205198747628493,0.0013933547344671486,0.0035978497055968797
only_rays_heading_size_12_,filenames_in_cluster_test KMeans test nclus 10,3,4,0.0006026921246865233,0.001112038119569889,0.0012123170547859486,0.006154041754562402
only_rays_heading_size_12_,filenames_in_cluster_test KMeans test nclus 10,5,12,0.0030099406404639727,0.002131667115896269,0.002117610853118147,0.007288780592274304
