window_size,vehicle,ride,start,scale,scale x,scale y,offset,offset x,offset y,no scale,no scale x,no scale y,only offset,only offset x,only offset y,
20,Vehicle_9,9571672,0,0.009139541915797342,0.004441213011096059,0.007167892290578935,0.010336343615057428,0.005474491230241737,0.007744583730627864,0.0005799952880394282,0.00030141883550716315,0.00043953031805264313,0.001375,0.0009142189393343805,0.0007892189393343806,
20,Vehicle_9,9571672,20,0.008542492709751142,0.003916761913165896,0.00696702094721927,0.010150217484122764,0.005232932273632674,0.007764429452617294,0.002117667082137707,0.0009130844628697412,0.001735912052435485,0.002856532510892706,0.0015648743112618268,0.0020662020077425493,
20,Vehicle_9,9571672,40,0.009295737241969847,0.004656112226938766,0.0072036551457128626,0.010023289990114592,0.005107932273632675,0.007762501958609114,0.0012877318591703326,0.0006319067097097213,0.0010006795491193504,0.001990766255446354,0.000978573468761545,0.001496992257241932,
20,Vehicle_9,9571672,60,0.011693537825574482,0.006939856906392741,0.0077425685943196135,0.012140154182943985,0.007308303649164606,0.00799445952023454,0.00020219125448078185,0.00011602615040595182,0.0001185960914241131,0.00125,0.0007892189393343805,0.0007892189393343805,
20,Vehicle_9,9571672,80,0.009117671597574244,0.007200840294089313,0.004392831917214521,0.01005220513127986,0.007666417099774381,0.005232932273632678,0.0001376434469821873,6.248881728131705e-05,0.0001226412092729046,0.001375,0.0007892189393343805,0.0009142189393343803,
20,Vehicle_9,9571672,100,0.009939628860894828,0.005290115137490207,0.007342909632610058,0.012069802371087849,0.006845306740895235,0.008634200254298747,0.0009007498840009974,0.0004310444667998272,0.0006544326029262773,0.0017438441702975686,0.0009399463444646764,0.0012531101927050377,
20,Vehicle_9,9571672,120,0.009107876561034645,0.0045288190327985684,0.007095204390971077,0.010089676633478928,0.0051079322736326755,0.007828888601973448,0.0020119168972247228,0.0008549647301030848,0.0016499805312663208,0.0027315325108927067,0.0014852832192621625,0.0020037020077425497,
20,Vehicle_9,9571672,140,0.008986526326622836,0.004353799622449092,0.007114226758332483,0.010021650919351331,0.0051079322736326755,0.007760862887845858,0.001284896488130726,0.0006293431915244509,0.001000458568024258,0.0019907662554463535,0.000978573468761545,0.0014969922572419315,
