window_size,vehicle,ride,start,scale,scale x,scale y,offset,offset x,offset y,no scale,no scale x,no scale y,only offset,only offset x,only offset y,
20,Vehicle_11,8354807,0,0.011384771861337333,0.006517839395598184,0.008053348336005121,0.012088936126355032,0.007187665021117588,0.00826722470940626,5.8932658397092004e-05,4.167168238593389e-05,4.1671682385934286e-05,0.0008300825942267782,0.0005525469653960788,0.0005256030343903688,
20,Vehicle_11,8354807,20,0.00844182771596718,0.004113658345608304,0.006712180445471804,0.010104801682885694,0.005270098396649877,0.007747394450378986,5.8939591708758874e-05,4.167658497762953e-05,4.167658497763009e-05,0.0007568408179679028,0.0004957630454695039,0.00047134831816332686,
20,Vehicle_11,8354807,40,0.008613509977984678,0.004339533469849156,0.00670283423150803,0.009974912290991202,0.005145554822077484,0.007714254221885837,5.894076080012388e-05,4.167741165006168e-05,4.1677411650061987e-05,0.0007324136796149772,0.00047133492457102023,0.0004713493007088846,
20,Vehicle_11,8354807,60,0.014781112812555574,0.009656002991616102,0.009339628588152264,0.014834992522065016,0.00949827223007536,0.009516348301440878,5.893251262278679e-05,4.167157930793403e-05,4.167157930793468e-05,0.0008788768242285651,0.0005266733252488593,0.0006049290452607413,
20,Vehicle_11,8354807,80,0.009080691366664036,0.004589712538803284,0.007060685566033402,0.009968171533284484,0.005173173144548742,0.0076783270095711325,5.8940343527534884e-05,4.1677116593784446e-05,4.167711659378466e-05,0.0007324457643031782,0.0004713715884016601,0.0004713447215664461,
20,Vehicle_11,8354807,100,0.012253922687190994,0.007533456298571032,0.008030246146526594,0.012499071911136726,0.007818126495900628,0.008048074538966075,5.894076080012413e-05,4.167741165006168e-05,4.167741165006233e-05,0.0007324205234240301,0.0004713512307426198,0.0004713398383463383,
