window_size,vehicle,ride,start,scale,scale x,scale y,offset,offset x,offset y,no scale,no scale x,no scale y,only offset,only offset x,only offset y,
20,Vehicle_11,8354807,0,0.011937075996391993,0.0068000966713269335,0.00834780925783067,0.012412935216105642,0.007338486643360894,0.008440402176891754,0.0004849913844020951,0.00025927538818076715,0.00035115028635012194,0.00087890625,0.0005769584771588843,0.0005500151784007844,
20,Vehicle_11,8354807,20,0.008840388686343369,0.004119797604889238,0.007080188094067625,0.010280439950032983,0.005316401811178048,0.007876729302996448,0.0018012622701316587,0.000783613221035502,0.001436573909035669,0.002353826225020932,0.0011816381741298289,0.0018024322780027268,
20,Vehicle_11,8354807,40,0.009460208955221604,0.0046685744454701954,0.007366983753588844,0.010151052856369738,0.005180925934527975,0.007855023674815562,0.001598991976993689,0.0006482669589759447,0.001359032908907266,0.0022100305756684586,0.001096156701715975,0.0017147555577567315,
20,Vehicle_11,8354807,60,0.015256136857153938,0.00977898898967301,0.009691666634686817,0.015275716847405037,0.009612187919250042,0.009843156937599783,0.0019747130066984702,0.0013003437002326065,0.0011057636007456924,0.0028207522461625384,0.001759833519699239,0.001848270570383433,
20,Vehicle_11,8354807,80,0.00946639239802093,0.004682169833527864,0.007353929302665109,0.010118161435392315,0.005179084677745155,0.007822405378481312,0.0021624065092770506,0.0009115536004647591,0.0017720307471003102,0.0028839652768714173,0.0015713834561106687,0.002149342497598125,
20,Vehicle_11,8354807,100,0.012689213331120568,0.007651670790644574,0.008347322298383319,0.012798024413084304,0.007866924327865146,0.008298229208958565,0.0008703327897882989,0.0004902047939617151,0.0005431544099298217,0.001461552059248572,0.0008948025143952386,0.0009819946510352341,
