window_size,vehicle,ride,start,scale,scale x,scale y,offset,offset x,offset y,no scale,no scale x,no scale y,only offset,only offset x,only offset y,
20,Vehicle_10,8725430,0,0.0074572026641959496,0.006162785281780027,0.0031250000000393,0.014256813630614554,0.008434909175583647,0.009483069690226853,0.0,0.0,0.0,0.0046879127205591955,0.0015628516611841947,0.003125061059375023,
20,Vehicle_10,8725430,20,0.005022541361665499,0.003125,0.003728123979249577,0.007233096701121992,0.004478698231962338,0.004584981086743731,0.0,0.0,0.0,0.003124308369974438,0.001562036125992128,0.00156227224398231,
20,Vehicle_10,8725430,40,0.007544417382417763,0.0031250000000062846,0.0062499999999999995,0.007605930264617781,0.0047370865313506915,0.0046994263508493275,0.0,0.0,0.0,0.0031251086686577166,0.0015625875995662897,0.0015625210690914271,
20,Vehicle_10,8725430,60,0.0101920482468542,0.006402267616224408,0.006535654556981534,0.01898786340749857,0.013830016809836814,0.007903720524013497,0.0,0.0,0.0,0.007813106468060372,0.00468809429924244,0.003125012168817931,
20,Vehicle_10,8725430,80,0.0045887157830076485,0.0031249999999999997,0.0032942984005936374,0.006984192051251257,0.004210495955612868,0.004604278713228991,0.0,0.0,0.0,0.003124046720576479,0.0015616883299180429,0.001562358390658436,
20,Vehicle_10,8725430,100,0.004810549896969651,0.003125,0.0035161325145518303,0.007257101772154597,0.004460878899374269,0.004626805490362507,0.0,0.0,0.0,0.003124508173138374,0.0015621120699999547,0.0015623961031384192,
20,Vehicle_10,8725430,120,0.0053786234049085216,0.003638934046681229,0.0035702719758113704,0.006465620574801064,0.0041547397802220365,0.004141463412163106,0.0,0.0,0.0,0.003123703609876294,0.001561859782043895,0.0015618438278323988,
