window_size,vehicle,ride,start,offset,offset x,offset y,scale,scale x,scale y,no scale,no scale x,no scale y,only offset,only offset x,only offset y,
20,Vehicle_17,9513246,0,0.010067996587531634,0.005334708691207961,0.007349077107022484,0.009519771733263016,0.004889973484011349,0.007233461675559956,0.009519771733263016,0.004889973484011349,0.007233461675559956,0.010067996587531634,0.005334708691207961,0.007349077107022484,
20,Vehicle_17,9513246,20,0.013154372903479806,0.00806908369120796,0.008242826106660989,0.011262978022290576,0.006191185128146543,0.008486569407085835,0.011262978022290576,0.006191185128146543,0.008486569407085835,0.013154372903479806,0.00806908369120796,0.008242826106660989,
20,Vehicle_17,9513246,40,0.009723005346967841,0.00533470869120796,0.007004085866458695,0.010787728830965999,0.006080815184405423,0.007463619775499949,0.010787728830965999,0.006080815184405423,0.007463619775499949,0.009723005346967841,0.00533470869120796,0.007004085866458695,
20,Vehicle_17,9513246,60,0.010008472248109008,0.00533470869120796,0.007289552767599859,0.007861454243634209,0.003430222520562387,0.006617051044045424,0.007861454243634209,0.003430222520562387,0.006617051044045424,0.010008472248109008,0.00533470869120796,0.007289552767599859,
20,Vehicle_17,9513246,80,0.010426530458575178,0.006025471486723761,0.007459390758605322,0.009875840938818763,0.005043484832074037,0.007688863426716942,0.009875840938818763,0.005043484832074037,0.007688863426716942,0.010426530458575178,0.006025471486723761,0.007459390758605322,
