window_size,vehicle,ride,start,offset,offset x,offset y,scale,scale x,scale y,no scale,no scale x,no scale y,only offset,only offset x,only offset y,
20,Vehicle_17,9513246,0,0.010067996587531628,0.005334708691207962,0.0073490771070224845,0.009223198706901154,0.004736300615360274,0.007090561517849174,0.00094304020600181,0.0006668301245954387,0.0006668301245954386,0.003125,0.0018861043456039803,0.0018861043456039803,
20,Vehicle_17,9513246,20,0.01315437290347981,0.00806908369120796,0.008242826106660989,0.011262978022290572,0.006191185128146544,0.008486569407085835,0.0009430466485302605,0.000666834680150994,0.0006668346801509938,0.0046875,0.0034486043456039804,0.0018861043456039803,
20,Vehicle_17,9513246,40,0.010132601285106943,0.005334708691207961,0.0074136818045977965,0.010466426433708735,0.005759512787148157,0.007463619775499949,0.0009429744109633456,0.000666783600477572,0.0006667836004775719,0.003125,0.0018861043456039803,0.0018861043456039803,
20,Vehicle_17,9513246,60,0.010008472248109012,0.00533470869120796,0.007289552767599858,0.007861454243634209,0.0034302225205623876,0.006617051044045423,0.0,0.0,0.0,0.003125,0.0018861043456039803,0.0018861043456039808,
20,Vehicle_17,9513246,80,0.011069444835861366,0.006668385864009951,0.007459390758605324,0.010361754435921055,0.005529398329176323,0.007688863426716942,0.0,0.0,0.0,0.003125,0.0018861043456039803,0.00188610434560398,
