window_size,vehicle,ride,start,scale,scale x,scale y,offset,offset x,offset y,no scale,no scale x,no scale y,only offset,only offset x,only offset y,
20,Vehicle_11,8488890,0,0.009723534976382309,0.00491289646054461,0.007455765230953591,0.01123748090849875,0.006129213859621497,0.008182386781084013,0.0,0.0,0.0,0.0009566326530612246,0.000628199833364259,0.0005802146944468159,
20,Vehicle_11,8488890,20,0.013396633469002769,0.007359578751370505,0.00964479120458857,0.013903988231233457,0.007729579719098229,0.009970023186368717,0.0,0.0,0.0,0.0009566326530612245,0.0006158850100406753,0.0006057866885732456,
20,Vehicle_11,8488890,40,0.008750357102440804,0.0040676125935105115,0.007076229680915829,0.010061545338070044,0.005087371316388466,0.007843117345262971,0.0,0.0,0.0,0.0008928571428571429,0.0005660233083526631,0.0005660233083526631,
20,Vehicle_11,8488890,60,0.0137380745491074,0.00922994999243171,0.00822894554984051,0.013804611337304722,0.009244067803615533,0.008373665816896173,0.0,0.0,0.0,0.0010204081632653062,0.0006078858512782927,0.0006856595825927295,
20,Vehicle_11,8488890,80,0.009825014900668337,0.005050486562912384,0.007411328893257289,0.010496683925232748,0.005602208691056277,0.007805771056453853,0.0,0.0,0.0,0.0008928571428571428,0.0005660233083526631,0.0005660233083526631,
20,Vehicle_11,8488890,100,0.01040731274378979,0.0055690350159218385,0.0076089688176954355,0.011391173248351916,0.006327120639739599,0.00812988546860187,0.0,0.0,0.0,0.0008928571428571428,0.000566023308352663,0.0005660233083526631,
20,Vehicle_11,8488890,120,0.017518693368086032,0.010158738659480625,0.012131145971150739,0.01747537736178975,0.010103822775508108,0.012119847204508042,0.0,0.0,0.0,0.0011479591836734695,0.0006975109331868875,0.0007752846645013243,
20,Vehicle_11,8488890,140,0.01045332734795841,0.005579484026645732,0.007740180962712491,0.011346889419057666,0.006272019687793933,0.008260238190953156,0.0,0.0,0.0,0.0008928571428571428,0.0005660233083526631,0.000566023308352663,
20,Vehicle_11,8488890,160,0.014256970569804121,0.009100448451368003,0.008872122027188555,0.014393596029592214,0.009120378941017622,0.009013781666378942,0.0,0.0,0.0,0.0008928571428571428,0.0005660233083526631,0.0005660233083526631,
