window_size,vehicle,ride,start,scale,scale x,scale y,offset,offset x,offset y,no scale,no scale x,no scale y,only offset,only offset x,only offset y,
20,Vehicle_16,8448451,0,0.007544417382415922,0.0031250000000000006,0.0062499999999999995,0.01066941738241592,0.00625,0.00625,0.0,0.0,0.0,0.00625,0.003125,0.003125,
20,Vehicle_16,8448451,20,0.007544417382415921,0.003125,0.00625,0.010669417382415922,0.00625,0.00625,0.0,0.0,0.0,0.00625,0.003125,0.003125,
20,Vehicle_16,8448451,40,0.007544417382415921,0.0031250000000000006,0.00625,0.01066941738241592,0.00625,0.00625,0.0,0.0,0.0,0.00625,0.003125,0.003125,
20,Vehicle_16,8448451,60,0.010669417382415924,0.00625,0.00625,0.010669417382415924,0.00625,0.006250000000000002,0.0,0.0,0.0,0.00625,0.003125,0.003125,
20,Vehicle_16,8448451,80,0.007544417382415921,0.00625,0.003125,0.01379441738241592,0.00625,0.009374999999999998,0.0,0.0,0.0,0.007766594362745276,0.0015165943627452765,0.00625,
20,Vehicle_16,8448451,100,0.010067299590336363,0.00625,0.005647882207920441,0.010669417382415922,0.00625,0.006250000000000003,0.002209708691207961,0.0015624999999999997,0.0015625000000000003,0.00625,0.003125,0.003125,
20,Vehicle_16,8448451,120,0.01066941738241592,0.00625,0.00625,0.010669417382415922,0.00625,0.00625,0.002209708691207961,0.0015624999999999997,0.0015625000000000003,0.00625,0.003125,0.003125,
20,Vehicle_16,8448451,140,0.009972355896663683,0.00625,0.005552938514247759,0.01066941738241592,0.00625,0.00625,0.002209708691207961,0.0015624999999999997,0.0015625000000000003,0.00625,0.003125,0.003125,
20,Vehicle_16,8448451,160,0.01066941738241592,0.00625,0.00625,0.010669417382415922,0.00625,0.006250000000000001,0.0,0.0,0.0,0.00625,0.003125,0.003125,
20,Vehicle_16,8448451,180,0.01066941738241592,0.00625,0.00625,0.010669417382415922,0.00625,0.00625,0.0,0.0,0.0,0.00625,0.003125,0.003125,
20,Vehicle_16,8448451,200,0.01066941738241592,0.00625,0.006250000000000001,0.01066941738241592,0.00625,0.00625,0.0,0.0,0.0,0.00625,0.003125,0.003125,
20,Vehicle_16,8448451,220,0.010344762910237126,0.00625,0.005925345527821204,0.010669417382415922,0.00625,0.00625,0.0,0.0,0.0,0.00625,0.003125,0.003125,
