window_size,vehicle,ride,start,scale,scale x,scale y,offset,offset x,offset y,no scale,no scale x,no scale y,only offset,only offset x,only offset y,
20,Vehicle_4,9389871,0,0.01079263077186818,0.007999731629018144,0.005783933649324677,0.01195847711091383,0.008617047798537279,0.006745048815429531,0.0021101757760271364,0.0017848673389947365,0.0008407684648979455,0.0028565325108927068,0.0020662020077425493,0.001564874311261828,
20,Vehicle_4,9389871,20,0.009199295959107758,0.0069885318215734005,0.004754825591349373,0.01018441827270562,0.007715335280348225,0.005351814338169567,0.0019659237090205338,0.0016900357404650331,0.0007507679213614576,0.0028549935534670995,0.0021222521481592633,0.0015498789056787097,
