window_size,vehicle,ride,start,scale,scale x,scale y,offset,offset x,offset y,no scale,no scale x,no scale y,only offset,only offset x,only offset y,
20,Vehicle_4,9389871,0,0.010707705789350168,0.00791480664650014,0.005783933649324678,0.011973303751644987,0.008631874439268427,0.00674504881542953,0.0,0.0,0.0,0.001375,0.0007892189393343803,0.0009142189393343805,
20,Vehicle_4,9389871,20,0.009132022027309455,0.006921257889775098,0.004754825591349373,0.01026486454953499,0.0077957815571776,0.0053518143381695695,0.0,0.0,0.0,0.00125,0.0007892189393343804,0.0007892189393343805,
