window_size,vehicle,ride,start,scale,scale x,scale y,offset,offset x,offset y,no scale,no scale x,no scale y,only offset,only offset x,only offset y,
20,Vehicle_10,8919796,0,0.012027709523081614,0.007014791678914942,0.00819921619640589,0.012171493127956947,0.007237618923198043,0.008191672984784164,0.012027709523081614,0.007014791678914942,0.00819921619640589,0.012171493127956947,0.007237618923198043,0.008191672984784164,
20,Vehicle_10,8919796,20,0.012304501127778807,0.007950269956177829,0.00745644445764865,0.012316981760584532,0.007922422423126236,0.007496130431262661,0.012304501127778807,0.007950269956177829,0.00745644445764865,0.012316981760584532,0.007922422423126236,0.007496130431262661,
20,Vehicle_10,8919796,40,0.014093063517177127,0.00923392492701559,0.008690640635818517,0.01349789812078347,0.008852839797587907,0.008304521014065402,0.014093063517177127,0.00923392492701559,0.008690640635818517,0.01349789812078347,0.008852839797587907,0.008304521014065402,
20,Vehicle_10,8919796,60,0.013511598881353698,0.008534816980433553,0.008444231048494887,0.013555298303888371,0.008578903209108134,0.008471481437343721,0.013511598881353698,0.008534816980433553,0.008444231048494887,0.013555298303888371,0.008578903209108134,0.008471481437343721,
20,Vehicle_10,8919796,80,0.010703121191205164,0.007622588788958165,0.00586024573852798,0.011142700655329187,0.007807548942995693,0.006272810502192821,0.010703121191205164,0.007622588788958165,0.00586024573852798,0.011142700655329187,0.007807548942995693,0.006272810502192821,
20,Vehicle_10,8919796,100,0.010205833491700683,0.007471755260606267,0.0054379631001692744,0.01090777484273903,0.00781767456692158,0.006038629243236901,0.010205833491700683,0.007471755260606267,0.0054379631001692744,0.01090777484273903,0.00781767456692158,0.006038629243236901,
20,Vehicle_10,8919796,120,0.011546531178030946,0.00669970872678857,0.007850726354812886,0.011997273983302326,0.007121750255928458,0.008026073905792956,0.011546531178030946,0.00669970872678857,0.007850726354812886,0.011997273983302326,0.007121750255928458,0.008026073905792956,
