window_size,vehicle,ride,start,scale,scale x,scale y,offset,offset x,offset y,no scale,no scale x,no scale y,only offset,only offset x,only offset y,
20,Vehicle_6,9235254,0,0.009712313656678634,0.005027860605251588,0.007222118418676767,0.011853449418716753,0.006707942657885745,0.00835621466976715,0.0,0.0,0.0,0.0015625000000000003,0.0009819022445558296,0.0009819022445558298,
20,Vehicle_6,9235254,20,0.009241763747959573,0.004451443535437426,0.007289989981793769,0.010131723442663502,0.005188273856530837,0.007805037038190566,0.0,0.0,0.0,0.0015625,0.0009819022445558298,0.0009819022445558298,
20,Vehicle_6,9235254,40,0.008910236729608839,0.004293074404679406,0.006977071276152089,0.00998605335826765,0.0051316684314625365,0.0076765380217633655,0.0,0.0,0.0,0.0015625,0.0009819022445558296,0.0009819022445558298,
20,Vehicle_6,9235254,60,0.021168546627815737,0.012034917829718664,0.014876849861365187,0.02168626632024066,0.012370842496588957,0.015315660779668052,0.00047144687259433846,0.0003333632805806471,0.0003333632805806471,0.00234375,0.0012694947535239404,0.0016762119801435483,
20,Vehicle_6,9235254,80,0.0089463424716376,0.004285992842870424,0.007058763411300225,0.009984064344466467,0.005131668431462533,0.007674549007962185,0.0,0.0,0.0,0.0015625,0.0009819022445558298,0.0009819022445558298,
20,Vehicle_6,9235254,100,0.009503862020502359,0.004732269691196874,0.007399143805475071,0.010086817692743137,0.005187582493562399,0.0077603410109338385,0.0,0.0,0.0,0.0015625,0.0009819022445558298,0.0009819022445558298,
20,Vehicle_6,9235254,120,0.009107226099429572,0.004371270303109125,0.007251336700645646,0.010101761399947926,0.005131668431462536,0.0077922460634436376,0.00047151872320220535,0.0003334140866327022,0.0003334140866327021,0.0015625,0.0009819022445558298,0.0009819022445558298,
20,Vehicle_6,9235254,140,0.008648416819886118,0.004010104051226344,0.007037253409254882,0.010061352527617506,0.005131668431462537,0.007751837191113218,0.00023576136550151737,0.00016670846028792312,0.0001667084602879231,0.0015625000000000003,0.0009819022445558296,0.0009819022445558298,
20,Vehicle_6,9235254,160,0.008487454307095499,0.00385527852406841,0.006898968555487931,0.010100936284451098,0.005131668431462533,0.007791420947946814,0.0,0.0,0.0,0.0015624999999999999,0.0009819022445558298,0.0009819022445558298,
