subdir,file,cluster,size,24all_distances_scaled_to_max_trajs_distances_offset,24all_distances_scaled_to_max_trajs_distances_offset x,24all_distances_scaled_to_max_trajs_distances_offset y,24all_nums_scaled_to_max_trajs_num_intersections_offset
only_rays_size_24_,filenames_in_cluster_test KMeans test nclus 6,0,255,1.6134139623810658e-06,2.1229753283998153e-06,1.5596697882170924e-06,2.9537302401271187e-06
only_rays_size_24_,filenames_in_cluster_test KMeans test nclus 6,2,165,3.59981892595702e-06,1.691351383926523e-06,2.8890013837212835e-06,1.0476840935163777e-06
only_rays_size_24_,filenames_in_cluster_test KMeans test nclus 6,4,88,5.766467934243774e-06,3.9318915409637945e-06,2.678212734728438e-06,1.1646437291814523e-05
only_rays_size_24_,filenames_in_cluster_test KMeans test nclus 6,1,71,1.8658540480957332e-05,8.333409494419542e-06,8.504194004029369e-06,1.9988449286487916e-05
only_rays_size_24_,filenames_in_cluster_test KMeans test nclus 6,3,21,2.0940938629336083e-05,9.17293496354028e-06,9.722349682570476e-06,1.9923712790748807e-05
only_rays_size_24_,filenames_in_cluster_test KMeans test nclus 6,5,6,3.243628111424309e-05,1.0376371579489648e-05,1.7191264571875532e-05,2.7652739304401334e-05
