subdir,file,cluster,size,24all_distances_scaled_to_max_trajs_distances_offset,24all_distances_scaled_to_max_trajs_distances_offset x,24all_distances_scaled_to_max_trajs_distances_offset y,24all_nums_scaled_to_max_trajs_num_intersections_offset
only_rays_size_24_,filenames_in_cluster_train KMeans test nclus 9,2,352,0.011031393636187447,0.00691456178527432,0.007154287983132302,0.0259046052631579
only_rays_size_24_,filenames_in_cluster_train KMeans test nclus 9,0,226,0.011682973070115477,0.007817930856319025,0.007068333234958455,0.022837098276665132
only_rays_size_24_,filenames_in_cluster_train KMeans test nclus 9,1,61,0.020598240618924724,0.01306561209085433,0.013168500632885528,0.04669974115616911
only_rays_size_24_,filenames_in_cluster_train KMeans test nclus 9,6,27,0.016416501814203018,0.010630568328629937,0.01022701673295218,0.02984892787524365
only_rays_size_24_,filenames_in_cluster_train KMeans test nclus 9,5,51,0.014987946165101983,0.010036297257553147,0.00906106919567506,0.03444272445820433
only_rays_size_24_,filenames_in_cluster_train KMeans test nclus 9,7,61,0.014357955093218687,0.009317781014040571,0.00901509252436294,0.04206212251941327
only_rays_size_24_,filenames_in_cluster_train KMeans test nclus 9,3,37,0.010356124848997153,0.005417032777957046,0.00784437095739327,0.03645092460881936
only_rays_size_24_,filenames_in_cluster_train KMeans test nclus 9,4,35,0.02314671787263376,0.01447822081161171,0.015025268690469254,0.06193609022556389
only_rays_size_24_,filenames_in_cluster_train KMeans test nclus 9,8,10,0.035846021425654934,0.022601028235078237,0.02307432400198915,0.0861842105263158
