subdir,file,cluster,size,24all_distances_scaled_to_max_trajs_distances_offset,24all_distances_scaled_to_max_trajs_distances_offset x,24all_distances_scaled_to_max_trajs_distances_offset y,24all_nums_scaled_to_max_trajs_num_intersections_offset
only_rays_size_24_,filenames_in_cluster_test KMeans test nclus 9,2,242,0.0051282210554255,0.004944025318783101,0.004700664146031001,0.009868421052631578
only_rays_size_24_,filenames_in_cluster_test KMeans test nclus 9,0,161,0.0093129184340221,0.0068113422960752,0.0074608248737187,0.006578947368421052
only_rays_size_24_,filenames_in_cluster_test KMeans test nclus 9,5,42,0.011432850933861401,0.0050678845771268,0.0096828272979077,0.0032894736842105296
only_rays_size_24_,filenames_in_cluster_test KMeans test nclus 9,1,42,0.0185896280909078,0.0133237914075623,0.011617786050146703,0.013157894736842105
only_rays_size_24_,filenames_in_cluster_test KMeans test nclus 9,6,19,0.011727798522667799,0.0073643111695771,0.0086844111080907,0.003289473684210526
only_rays_size_24_,filenames_in_cluster_test KMeans test nclus 9,7,56,0.008428184724542898,0.0076272293015692,0.0072400768338392,0.013157894736842105
only_rays_size_24_,filenames_in_cluster_test KMeans test nclus 9,3,21,0.0024267295338298994,0.0036095173735625997,0.0015469702464679996,0.006578947368421052
only_rays_size_24_,filenames_in_cluster_test KMeans test nclus 9,4,20,0.0203051964270515,0.013391637306406601,0.0127797616408674,0.02631578947368421
only_rays_size_24_,filenames_in_cluster_test KMeans test nclus 9,8,3,0.0023840548350008983,0.002568465590371702,0.002519540636058599,0.013157894736842105
