subdir,file,cluster,size,24all_distances_scaled_to_max_trajs_distances_offset,24all_distances_scaled_to_max_trajs_distances_offset x,24all_distances_scaled_to_max_trajs_distances_offset y,24all_nums_scaled_to_max_trajs_num_intersections_offset
only_rays_size_24_,filenames_in_cluster_train KMeans test nclus 7,3,368,0.008512695384219499,0.0069333031116193995,0.0074952293441361,0.009868421052631578
only_rays_size_24_,filenames_in_cluster_train KMeans test nclus 7,0,232,0.0115538114151063,0.008377630312806101,0.0085878354892104,0.006578947368421052
only_rays_size_24_,filenames_in_cluster_train KMeans test nclus 7,1,85,0.0177849071763517,0.012059425489736798,0.012527924747443102,0.019736842105263157
only_rays_size_24_,filenames_in_cluster_train KMeans test nclus 7,5,49,0.0143443846334203,0.0096381356119007,0.0084598178724597,0.006578947368421056
only_rays_size_24_,filenames_in_cluster_train KMeans test nclus 7,4,72,0.005611714460184299,0.004764307745708699,0.005850960742998201,0.013157894736842105
only_rays_size_24_,filenames_in_cluster_train KMeans test nclus 7,6,43,0.023976756029448903,0.0147100062271227,0.017536578252676002,0.02631578947368421
only_rays_size_24_,filenames_in_cluster_train KMeans test nclus 7,2,11,0.0246637934764394,0.0133172676811208,0.0178871253052513,0.032894736842105254
