subdir,file,cluster,size,24all_distances_scaled_to_max_trajs_distances_offset,24all_distances_scaled_to_max_trajs_distances_offset x,24all_distances_scaled_to_max_trajs_distances_offset y,24all_nums_scaled_to_max_trajs_num_intersections_offset
only_rays_size_24_,filenames_in_cluster_test KMeans test nclus 6,0,255,0.047285731612677455,0.06410689748651663,0.04551447123270724,0.03033021487462087
only_rays_size_24_,filenames_in_cluster_test KMeans test nclus 6,2,165,0.04150582564682136,0.03645595097262047,0.05190080068207741,0.024205693296602392
only_rays_size_24_,filenames_in_cluster_test KMeans test nclus 6,4,88,0.06407352234347616,0.0730871019590994,0.04692741723365427,0.11959079430670337
only_rays_size_24_,filenames_in_cluster_test KMeans test nclus 6,1,71,0.036808758305130355,0.032384620119500176,0.03762943944903454,0.03769903120938913
only_rays_size_24_,filenames_in_cluster_test KMeans test nclus 6,3,21,0.05079041411673638,0.05114944871072864,0.05952860834257583,0.07365079365079359
only_rays_size_24_,filenames_in_cluster_test KMeans test nclus 6,5,6,0.17762160004357044,0.14081853965924218,0.15030366433435366,0.1022222222222222
