subdir,file,cluster,size,24all_distances_scaled_to_max_trajs_distances_offset,24all_distances_scaled_to_max_trajs_distances_offset x,24all_distances_scaled_to_max_trajs_distances_offset y,24all_nums_scaled_to_max_trajs_num_intersections_offset
only_rays_size_24_,filenames_in_cluster_test KMeans test nclus 6,0,255,0.21745282617771938,0.25319339937391067,0.21334120847296997,0.17415572018920558
only_rays_size_24_,filenames_in_cluster_test KMeans test nclus 6,2,165,0.20372978586063784,0.19093441536983444,0.22781747229323174,0.1555817897332538
only_rays_size_24_,filenames_in_cluster_test KMeans test nclus 6,4,88,0.25312748239469407,0.270346263075892,0.21662736953961811,0.34581901958496064
only_rays_size_24_,filenames_in_cluster_test KMeans test nclus 6,1,71,0.19185608748520427,0.1799572730386304,0.19398309062656605,0.19416238361070132
only_rays_size_24_,filenames_in_cluster_test KMeans test nclus 6,3,21,0.2253672871486374,0.22616243877073985,0.2439848526908501,0.27138679711952385
only_rays_size_24_,filenames_in_cluster_test KMeans test nclus 6,5,6,0.4214517766525257,0.3752579641516515,0.3876901653825561,0.31972210155418124
