subdir,file,cluster,size,28all_distances_scaled_to_max_trajs_distances_offset,28all_distances_scaled_to_max_trajs_distances_offset x,28all_distances_scaled_to_max_trajs_distances_offset y,28all_nums_scaled_to_max_trajs_num_intersections_offset,8all_distances_scaled_to_max_trajs_distances_offset,8all_distances_scaled_to_max_trajs_distances_offset x,8all_distances_scaled_to_max_trajs_distances_offset y,8all_nums_scaled_to_max_trajs_num_intersections_offset
only_rays_acceler_size_8_,filenames_in_cluster_train KMeans test nclus 8,0,230,0.0043847258434196994,0.004409092676052001,0.004020333817260099,0.0,0.0006279313044976996,0.0002807741416425008,0.0005979212766271001,0.0
only_rays_acceler_size_8_,filenames_in_cluster_train KMeans test nclus 8,7,144,0.0100246031095663,0.007245268569669901,0.007790863503338399,0.003289473684210526,0.005131183889969599,0.004730298047514501,0.004371367417051399,0.003289473684210526
only_rays_acceler_size_8_,filenames_in_cluster_train KMeans test nclus 8,2,127,0.005407492121343199,0.005571524323549,0.004114510720569,0.009868421052631578,0.007144088900120301,0.004282160181896799,0.0062157786919213006,0.009868421052631578
only_rays_acceler_size_8_,filenames_in_cluster_train KMeans test nclus 8,1,94,0.0171127226737321,0.0120156501040726,0.012756183794701099,0.016447368421052634,0.0159057286881748,0.0099315394709917,0.0107733649569362,0.016447368421052634
only_rays_acceler_size_8_,filenames_in_cluster_train KMeans test nclus 8,6,132,0.012375221058116502,0.0090322149916434,0.009076095736458,0.013157894736842105,0.015244853850556801,0.009187003583005601,0.012042877317191,0.013157894736842105
only_rays_acceler_size_8_,filenames_in_cluster_train KMeans test nclus 8,3,67,0.014289529894469601,0.0122337085966163,0.0108286667454759,0.013157894736842105,0.0157959008733231,0.0094753197445622,0.011111831685459001,0.013157894736842105
only_rays_acceler_size_8_,filenames_in_cluster_train KMeans test nclus 8,4,54,0.027134893907477697,0.0173197451242175,0.0180947520649326,0.02960526315789473,0.027381331985639,0.0175332598154428,0.0173851939315997,0.02960526315789473
only_rays_acceler_size_8_,filenames_in_cluster_train KMeans test nclus 8,5,12,0.0293467248611113,0.016977250792970702,0.0201633837034293,0.03618421052631578,0.0352079504109635,0.0226443356045163,0.0214663103142369,0.03618421052631578
