subdir,file,cluster,size,28all_distances_scaled_to_max_trajs_distances_offset,28all_distances_scaled_to_max_trajs_distances_offset x,28all_distances_scaled_to_max_trajs_distances_offset y,28all_nums_scaled_to_max_trajs_num_intersections_offset,8all_distances_scaled_to_max_trajs_distances_offset,8all_distances_scaled_to_max_trajs_distances_offset x,8all_distances_scaled_to_max_trajs_distances_offset y,8all_nums_scaled_to_max_trajs_num_intersections_offset
only_rays_acceler_size_8_,filenames_in_cluster_test KMeans test nclus 8,0,122,0.0039519109165132,0.0040052441113618,0.0042721235214723,0.0,0.0005633695242277005,0.0002807741416425008,0.0004258340485893998,0.0
only_rays_acceler_size_8_,filenames_in_cluster_test KMeans test nclus 8,7,134,0.006863382139087899,0.005868864437101801,0.005919491667981299,0.003289473684210526,0.0030772957239976004,0.0019255109837477006,0.0033275067296871996,0.003289473684210526
only_rays_acceler_size_8_,filenames_in_cluster_test KMeans test nclus 8,6,131,0.012276195736785499,0.0086651074237345,0.0095031640101389,0.006578947368421052,0.0038221636707630995,0.0030743221051995,0.0033275067296871996,0.006578947368421052
only_rays_acceler_size_8_,filenames_in_cluster_test KMeans test nclus 8,2,71,0.0099633614561009,0.007348064235875799,0.0076349783425273005,0.009868421052631578,0.0020635370300858998,0.0016544381625225998,0.002546256729687199,0.009868421052631578
only_rays_acceler_size_8_,filenames_in_cluster_test KMeans test nclus 8,1,79,0.0160006914724812,0.0116468596207371,0.012335516292460099,0.009868421052631582,0.010969303689949899,0.0094127123978806,0.0048717068869342005,0.009868421052631582
only_rays_acceler_size_8_,filenames_in_cluster_test KMeans test nclus 8,3,27,0.011134249696102399,0.0075899796736788,0.0096335740617653,0.006578947368421052,0.0023541086703249992,0.0029093952202811,0.0004258340485893998,0.006578947368421052
only_rays_acceler_size_8_,filenames_in_cluster_test KMeans test nclus 8,4,34,0.021981496505372396,0.015272771098477,0.0132973021249135,0.016447368421052634,0.002032131272574799,0.0016447368421051997,0.00040664810956509995,0.016447368421052634
only_rays_acceler_size_8_,filenames_in_cluster_test KMeans test nclus 8,5,8,0.017489605541459202,0.0099970534338924,0.013740480522020301,0.019736842105263164,0.0016347042276808003,0.0016447368421051997,4.0442849142800254e-05,0.019736842105263164
