subdir,file,cluster,size,28all_distances_scaled_to_max_trajs_distances_offset,28all_distances_scaled_to_max_trajs_distances_offset x,28all_distances_scaled_to_max_trajs_distances_offset y,28all_nums_scaled_to_max_trajs_num_intersections_offset,8all_distances_scaled_to_max_trajs_distances_offset,8all_distances_scaled_to_max_trajs_distances_offset x,8all_distances_scaled_to_max_trajs_distances_offset y,8all_nums_scaled_to_max_trajs_num_intersections_offset
only_rays_acceler_size_8_,filenames_in_cluster_train KMeans test nclus 6,4,230,0.0008490814229261167,0.0012940082774751626,0.0011672714270073371,6.938893903907228e-18,0.00019235382837003886,9.8705583713717e-05,0.0001471938570967759,6.938893903907228e-18
only_rays_acceler_size_8_,filenames_in_cluster_train KMeans test nclus 6,5,268,0.0014640692624414608,0.0011586329139180037,0.0014350509826234843,0.003430093965967904,0.0008941887123851395,0.0008451346773949351,0.0006853679628734379,0.003430093965967904
only_rays_acceler_size_8_,filenames_in_cluster_train KMeans test nclus 6,1,125,0.0048937806386613915,0.002922640974930526,0.003501933298469391,0.0063440158729405685,0.004864846461032296,0.0032418136815070306,0.0031059151838293353,0.0063440158729405685
only_rays_acceler_size_8_,filenames_in_cluster_train KMeans test nclus 6,0,135,0.0028531297197609,0.00200506094379083,0.0019955888355144944,0.002592940661680902,0.0037938903785973105,0.0023026914728088155,0.0026945343902040875,0.002592940661680902
only_rays_acceler_size_8_,filenames_in_cluster_train KMeans test nclus 6,3,69,0.004094791184217039,0.003155167786548136,0.0022650195841950062,0.0034012316898811915,0.005600410529341178,0.0034643531752274978,0.00387433863840077,0.0034012316898811915
only_rays_acceler_size_8_,filenames_in_cluster_train KMeans test nclus 6,2,33,0.008385429778616992,0.0051268283123401676,0.005625790956986057,0.013005985989075033,0.010129667635946062,0.006557250773641354,0.006292916011353501,0.013005985989075033
