subdir,file,cluster,size,28all_distances_scaled_to_max_trajs_distances_offset,28all_distances_scaled_to_max_trajs_distances_offset x,28all_distances_scaled_to_max_trajs_distances_offset y,28all_nums_scaled_to_max_trajs_num_intersections_offset,8all_distances_scaled_to_max_trajs_distances_offset,8all_distances_scaled_to_max_trajs_distances_offset x,8all_distances_scaled_to_max_trajs_distances_offset y,8all_nums_scaled_to_max_trajs_num_intersections_offset
only_rays_acceler_size_8_,filenames_in_cluster_test KMeans test nclus 6,4,122,9.160248545066119e-07,1.536192587345723e-06,9.659685515060208e-07,4.81482486096809e-35,4.527213823942972e-08,6.9914698046163415e-09,3.84588874065156e-08,4.81482486096809e-35
only_rays_acceler_size_8_,filenames_in_cluster_test KMeans test nclus 6,5,198,3.1909312668660433e-06,1.7633033425352104e-06,2.480801136200189e-06,1.2972399362267572e-05,9.157808375008487e-07,6.185963265966893e-07,5.330136023933585e-07,1.2972399362267572e-05
only_rays_acceler_size_8_,filenames_in_cluster_test KMeans test nclus 6,0,138,5.0307150387998825e-06,3.099685692124947e-06,3.2988688335885157e-06,4.475643698133669e-06,7.59552583862276e-07,4.133001250342778e-07,6.897407583240117e-07,4.475643698133669e-06
only_rays_acceler_size_8_,filenames_in_cluster_test KMeans test nclus 6,1,99,2.2314492997753047e-05,1.0403399555506446e-05,9.386489393326189e-06,1.950386443692076e-05,1.6403774579529452e-06,1.3457652815538184e-06,2.0112513652613328e-07,1.950386443692076e-05
only_rays_acceler_size_8_,filenames_in_cluster_test KMeans test nclus 6,3,28,1.3748786197833038e-05,7.252532492055493e-06,5.741376501647504e-06,3.5746747625643026e-06,3.3045696503618735e-06,2.5166725279223464e-06,5.633224375018855e-07,3.5746747625643026e-06
only_rays_acceler_size_8_,filenames_in_cluster_test KMeans test nclus 6,2,21,2.9611574870156654e-05,1.0647278007262913e-05,1.5372445615346958e-05,7.660324055753419e-05,5.903874789951262e-07,5.520733224037112e-07,7.1184478845790324e-09,7.660324055753419e-05
