subdir,file,cluster,size,28all_distances_scaled_to_max_trajs_distances_offset,28all_distances_scaled_to_max_trajs_distances_offset x,28all_distances_scaled_to_max_trajs_distances_offset y,28all_nums_scaled_to_max_trajs_num_intersections_offset,8all_distances_scaled_to_max_trajs_distances_offset,8all_distances_scaled_to_max_trajs_distances_offset x,8all_distances_scaled_to_max_trajs_distances_offset y,8all_nums_scaled_to_max_trajs_num_intersections_offset
only_rays_acceler_size_8_,filenames_in_cluster_train KMeans test nclus 4,2,340,0.024397799692337,0.0174486309334129,0.0135684707584201,0.03289473684210526,0.0175568361279445,0.010837828700028,0.0123317373831292,0.03289473684210526
only_rays_acceler_size_8_,filenames_in_cluster_train KMeans test nclus 4,0,297,0.0223533308753878,0.0141195863080318,0.0141634670528464,0.03289473684210526,0.0250693878096448,0.014802486415856,0.0173775860083989,0.03289473684210526
only_rays_acceler_size_8_,filenames_in_cluster_train KMeans test nclus 4,3,141,0.0272335604927721,0.0172943479510733,0.0179711061314977,0.05263157894736842,0.0259994169390236,0.0155470223038421,0.0179917441095669,0.05263157894736842
only_rays_acceler_size_8_,filenames_in_cluster_train KMeans test nclus 4,1,82,0.0470925473919057,0.0294264160162884,0.030468907807281,0.10526315789473684,0.0453016386618123,0.0282598184373667,0.0286979780592865,0.10526315789473684
