subdir,file,cluster,size,28all_distances_scaled_to_max_trajs_distances_offset,28all_distances_scaled_to_max_trajs_distances_offset x,28all_distances_scaled_to_max_trajs_distances_offset y,28all_nums_scaled_to_max_trajs_num_intersections_offset,8all_distances_scaled_to_max_trajs_distances_offset,8all_distances_scaled_to_max_trajs_distances_offset x,8all_distances_scaled_to_max_trajs_distances_offset y,8all_nums_scaled_to_max_trajs_num_intersections_offset
only_rays_acceler_size_8_,filenames_in_cluster_test DBSCAN test nclus 8,0,461,0.011480714975532295,0.007342955192797158,0.007314633830520348,0.02570927046466505,0.010979736297286742,0.00633654435526439,0.007399636690037958,0.02570927046466505
only_rays_acceler_size_8_,filenames_in_cluster_test DBSCAN test nclus 8,1,134,0.016488740169721596,0.01074072689660008,0.010302654152468152,0.044211508248232556,0.011610739885236702,0.006736891990677358,0.0076775211415960895,0.044211508248232556
only_rays_acceler_size_8_,filenames_in_cluster_test DBSCAN test nclus 8,-1,11,0.026087454509611897,0.017099318836329855,0.01621661423003432,0.0708732057416268,0.011715276453208644,0.006811655081654183,0.007657083698605619,0.0708732057416268
