subdir,file,cluster,size,16all_distances_scaled_to_max_trajs_distances_offset,16all_distances_scaled_to_max_trajs_distances_offset x,16all_distances_scaled_to_max_trajs_distances_offset y,16all_nums_scaled_to_max_trajs_num_intersections_offset
only_rays_heading_size_16_,filenames_in_cluster_test KMeans test nclus 7,0,345,1.1130937502456268e-06,1.638927505272192e-06,1.594594601549749e-06,2.548588456183406e-06
only_rays_heading_size_16_,filenames_in_cluster_test KMeans test nclus 7,5,58,7.48417283920301e-06,2.827870319758446e-06,4.8924790004716205e-06,2.6922928860576875e-06
only_rays_heading_size_16_,filenames_in_cluster_test KMeans test nclus 7,2,54,1.7336481991371245e-05,8.249107956689786e-06,7.718336745851083e-06,1.9388830228864343e-05
only_rays_heading_size_16_,filenames_in_cluster_test KMeans test nclus 7,6,45,4.737079961958433e-06,4.118414966410367e-06,1.6077397054595584e-06,8.314524127081838e-06
only_rays_heading_size_16_,filenames_in_cluster_test KMeans test nclus 7,4,41,5.011781904416769e-06,2.636285200729434e-06,2.7749349959722307e-06,2.434482426203897e-05
only_rays_heading_size_16_,filenames_in_cluster_test KMeans test nclus 7,3,45,4.8721014877476805e-06,1.3977024739793333e-06,3.2669218660897723e-06,4.146575014534386e-06
only_rays_heading_size_16_,filenames_in_cluster_test KMeans test nclus 7,1,18,2.643236932811343e-05,9.308838584068064e-06,1.3976045231055385e-05,8.352596739167607e-05
