window_size,vehicle,ride,start,scale,scale x,scale y,offset,offset x,offset y,no scale,no scale x,no scale y,only offset,only offset x,only offset y,
20,Vehicle_10,8994547,0,0.01182817684703121,0.006876090722010304,0.008037959923059156,0.012311616596317965,0.00740039595171587,0.008117059512007974,0.0017307084438106114,0.0008565063479763316,0.0012174426341346628,0.0022465475745862278,0.0013411742422354883,0.0014893605947690434,
20,Vehicle_10,8994547,20,0.01799202293318767,0.011180518238036796,0.011270434933939255,0.01782549993245453,0.011082225658734558,0.011131955841932035,0.003732217187623057,0.0023079336246576653,0.002309417640893955,0.004035417457428219,0.0025823083253122448,0.0025823083253122426,
20,Vehicle_10,8994547,40,0.012877615275865836,0.008017497094573162,0.008067012200939517,0.012820521870606557,0.007977791414563402,0.007998655693907732,0.003286023593920058,0.002031972867901729,0.00202586615237334,0.003769097842269534,0.002289759775464538,0.0024574552314175014,
