window_size,vehicle,ride,start,scale,scale x,scale y,offset,offset x,offset y,no scale,no scale x,no scale y,only offset,only offset x,only offset y,
20,Vehicle_4,9237382,0,0.019036261614029368,0.01227054296632663,0.012041561076240843,0.018072734726472316,0.011494119194101789,0.011375547183110738,0.0019349340912223159,0.0013682050170523159,0.0013682050170523159,0.004111842105263158,0.0025668752825325266,0.0025668752825325266,
20,Vehicle_4,9237382,20,0.019036261614029368,0.01227054296632663,0.012041561076240843,0.018072734726472316,0.011494119194101789,0.011375547183110738,0.0019349340912223159,0.0013682050170523159,0.0013682050170523159,0.004111842105263158,0.0025668752825325266,0.0025668752825325266,
