window_size,vehicle,ride,start,offset,offset x,offset y,scale,scale x,scale y,no scale,no scale x,no scale y,only offset,only offset x,only offset y,
20,Vehicle_4,9237382,0,0.013113234789670886,0.00822132553902779,0.008253412959406008,0.012771283895247705,0.008008681608068032,0.00823420175201482,0.0018858348480032636,0.00133348660922101,0.0013334866092210098,0.0031249999999999997,0.0018861043456039803,0.0018861043456039803,
20,Vehicle_4,9237382,20,0.017213040657013595,0.010919413234396795,0.010850712490820119,0.018084448533327968,0.011657015818010359,0.011439483022428835,0.0018858647608092666,0.001333507760768979,0.001333507760768979,0.00390625,0.002438531518405971,0.002438531518405971,
