window_size,vehicle,ride,start,scale,scale x,scale y,offset,offset x,offset y,no scale,no scale x,no scale y,only offset,only offset x,only offset y,
20,Vehicle_4,9237382,0,0.01607254209204737,0.011118839775896316,0.009882109841923264,0.01570997985750442,0.01111238339420316,0.009394528114180211,0.0,0.0,0.0,0.003289314963051263,0.0021556248672944213,0.0021555985555588423,
20,Vehicle_4,9237382,20,0.01607254209204737,0.011118839775896316,0.009882109841923264,0.01570997985750442,0.01111238339420316,0.009394528114180211,0.0,0.0,0.0,0.003289314963051263,0.0021556248672944213,0.0021555985555588423,
