window_size,vehicle,ride,start,scale,scale x,scale y,offset,offset x,offset y,no scale,no scale x,no scale y,only offset,only offset x,only offset y,
20,Vehicle_4,9237382,0,0.01911184082337484,0.012346122175672105,0.012041561076240843,0.018270204052954632,0.011645333081779053,0.011421802621915894,0.01911184082337484,0.012346122175672105,0.012041561076240843,0.018270204052954632,0.011645333081779053,0.011421802621915894,
20,Vehicle_4,9237382,20,0.01911184082337484,0.012346122175672105,0.012041561076240843,0.018270204052954632,0.011645333081779053,0.011421802621915894,0.01911184082337484,0.012346122175672105,0.012041561076240843,0.018270204052954632,0.011645333081779053,0.011421802621915894,
