window_size,vehicle,ride,start,scale,scale x,scale y,offset,offset x,offset y,no scale,no scale x,no scale y,only offset,only offset x,only offset y,
20,Vehicle_17,9513246,0,0.009915991049715297,0.005174340346457814,0.007422076253051936,0.010884709519888843,0.005855861100550392,0.008014451649240526,5.894001287511313e-05,4.1676882787214916e-05,4.167688278721491e-05,0.000830078125,0.0005436501791021527,0.0005052861674621576,
20,Vehicle_17,9513246,20,0.010225872584883595,0.005053765498722182,0.007932441342968628,0.01138544062588627,0.005978963938187639,0.008584824871971203,5.8940415533141284e-05,4.167716750943712e-05,4.1677167509437115e-05,0.00087890625,0.0005934165228324639,0.0004957602728324638,
20,Vehicle_17,9513246,40,0.01186088028206442,0.006845186913613721,0.008185786324883378,0.012095155026197698,0.007045307886979957,0.008295018611495536,5.89359006852091e-05,4.167397502984825e-05,4.167397502984824e-05,0.0008789062500000001,0.0005887614844005555,0.0005239718819331094,
20,Vehicle_17,9513246,60,0.008817948960006988,0.004141152505548078,0.007069409045534247,0.010049051590157862,0.005082366646475463,0.007840955647081248,0.0,0.0,0.0,0.00078125,0.0004957602728324639,0.0004957602728324639,
20,Vehicle_17,9513246,80,0.012010581065666959,0.006785159962892179,0.008507411898564828,0.013083845929012818,0.007637965569897843,0.0091083571210731,0.0,0.0,0.0,0.00087890625,0.0005859828834292693,0.0005331317017743672,
