subdir,file,cluster,size,28all_distances_scaled_to_max_trajs_distances_offset,28all_distances_scaled_to_max_trajs_distances_offset x,28all_distances_scaled_to_max_trajs_distances_offset y,28all_nums_scaled_to_max_trajs_num_intersections_offset
only_rays_heading_size_28_,filenames_in_cluster_train KMeans test nclus 5,0,582,0.0016408894768572243,0.0014191869268569922,0.0014786454407034316,0.002220724737002348
only_rays_heading_size_28_,filenames_in_cluster_train KMeans test nclus 5,1,85,0.003883541674660163,0.0023973808976936657,0.0027967509515001293,0.004730868975212423
only_rays_heading_size_28_,filenames_in_cluster_train KMeans test nclus 5,2,148,0.0033699213155423545,0.0025474716571635,0.002107381283048383,0.003875456983895143
only_rays_heading_size_28_,filenames_in_cluster_train KMeans test nclus 5,3,34,0.005008316265392135,0.003104764079813572,0.0034293335255987417,0.006026475039627491
only_rays_heading_size_28_,filenames_in_cluster_train KMeans test nclus 5,4,11,0.005936189233963206,0.0032141107686028685,0.004365452180212438,0.010963099748698179
