subdir,file,cluster,size,32all_distances_scaled_to_max_trajs_distances_offset,32all_distances_scaled_to_max_trajs_distances_offset x,32all_distances_scaled_to_max_trajs_distances_offset y,32all_nums_scaled_to_max_trajs_num_intersections_offset
only_rays_heading_size_32_,filenames_in_cluster_test KMeans test nclus 9,1,249,0.1612404886391824,0.21781759012852206,0.17624102468457772,0.12848616386293793
only_rays_heading_size_32_,filenames_in_cluster_test KMeans test nclus 9,6,156,0.22873832051469056,0.22071350896841846,0.2969524560368295,0.36080121229410994
only_rays_heading_size_32_,filenames_in_cluster_test KMeans test nclus 9,4,66,0.2309517878661387,0.24844923221004472,0.21650121292540475,0.2966070072732529
only_rays_heading_size_32_,filenames_in_cluster_test KMeans test nclus 9,2,26,0.20634933703099204,0.20809639286969095,0.22336715795308484,0.299778024386921
only_rays_heading_size_32_,filenames_in_cluster_test KMeans test nclus 9,7,22,0.26211632553727426,0.2580389608835992,0.285045147766231,0.28747978728803447
only_rays_heading_size_32_,filenames_in_cluster_test KMeans test nclus 9,8,45,0.25978569148096137,0.24043028404483757,0.22356540183553408,0.2515728301881761
only_rays_heading_size_32_,filenames_in_cluster_test KMeans test nclus 9,0,21,0.2581649698260263,0.24326716463528744,0.25312531718942144,0.39139136526787144
only_rays_heading_size_32_,filenames_in_cluster_test KMeans test nclus 9,3,4,0.4303419951423101,0.37897788063167737,0.3857955844970236,0.37416573867739417
only_rays_heading_size_32_,filenames_in_cluster_test KMeans test nclus 9,5,17,0.24934711135523144,0.251535400989268,0.25547255843089745,0.2828732950245786
