subdir,file,cluster,size,32all_distances_scaled_to_max_trajs_distances_offset,32all_distances_scaled_to_max_trajs_distances_offset x,32all_distances_scaled_to_max_trajs_distances_offset y,32all_nums_scaled_to_max_trajs_num_intersections_offset
only_rays_heading_size_32_,filenames_in_cluster_train KMeans test nclus 9,1,342,0.011303395169500548,0.007067565561647475,0.007351309415717628,0.026200369344413662
only_rays_heading_size_32_,filenames_in_cluster_train KMeans test nclus 9,6,229,0.011158040740674361,0.007560033645577551,0.0066621450102898935,0.02245173523327972
only_rays_heading_size_32_,filenames_in_cluster_train KMeans test nclus 9,2,44,0.02199681499182548,0.013901990445061322,0.014108864058185493,0.04545454545454546
only_rays_heading_size_32_,filenames_in_cluster_train KMeans test nclus 9,7,41,0.017031498341792562,0.010904366882806662,0.010730313569036417,0.02960526315789472
only_rays_heading_size_32_,filenames_in_cluster_train KMeans test nclus 9,4,79,0.014346335669359321,0.009589378701615288,0.00872392408575405,0.036850433044636886
only_rays_heading_size_32_,filenames_in_cluster_train KMeans test nclus 9,0,36,0.0102475936780985,0.005257480629130738,0.007892615920715822,0.03645833333333334
only_rays_heading_size_32_,filenames_in_cluster_train KMeans test nclus 9,8,46,0.015600201500802817,0.010147992508025292,0.00977106359023444,0.04762585812356979
only_rays_heading_size_32_,filenames_in_cluster_train KMeans test nclus 9,5,33,0.02379321672890662,0.014810960856918406,0.015505617673390516,0.06190191387559808
only_rays_heading_size_32_,filenames_in_cluster_train KMeans test nclus 9,3,10,0.03618810384960093,0.02287842699870573,0.023225108167099752,0.0861842105263158
