subdir,file,cluster,size,32all_distances_scaled_to_max_trajs_distances_offset,32all_distances_scaled_to_max_trajs_distances_offset x,32all_distances_scaled_to_max_trajs_distances_offset y,32all_nums_scaled_to_max_trajs_num_intersections_offset
only_rays_heading_size_32_,filenames_in_cluster_test KMeans test nclus 9,1,249,0.009729433453731801,0.007050169299368701,0.007806016578975,0.009868421052631578
only_rays_heading_size_32_,filenames_in_cluster_test KMeans test nclus 9,6,156,0.0051966566008713,0.0049297284557897,0.0044191320635282,0.003289473684210526
only_rays_heading_size_32_,filenames_in_cluster_test KMeans test nclus 9,4,66,0.011109475648890102,0.0057679193521952,0.009644330621224901,0.009868421052631582
only_rays_heading_size_32_,filenames_in_cluster_test KMeans test nclus 9,2,26,0.014485315043804698,0.009501473516198901,0.010274322435479299,0.013157894736842105
only_rays_heading_size_32_,filenames_in_cluster_test KMeans test nclus 9,7,22,0.0098761148398571,0.005767780722737301,0.0078066065873534,0.006578947368421052
only_rays_heading_size_32_,filenames_in_cluster_test KMeans test nclus 9,8,45,0.0109298973260134,0.009581293391307501,0.008007893552672101,0.016447368421052627
only_rays_heading_size_32_,filenames_in_cluster_test KMeans test nclus 9,0,21,0.0017165373879677003,0.0014666525248616,0.0008930379589184995,0.009868421052631582
only_rays_heading_size_32_,filenames_in_cluster_test KMeans test nclus 9,3,4,0.0027919277470372997,0.0030793186578725006,0.0030177235412384013,0.016447368421052627
only_rays_heading_size_32_,filenames_in_cluster_test KMeans test nclus 9,5,17,0.017784855779500803,0.011500200382374001,0.012061960254544599,0.02631578947368421
