subdir,file,cluster,size,32all_distances_scaled_to_max_trajs_distances_offset,32all_distances_scaled_to_max_trajs_distances_offset x,32all_distances_scaled_to_max_trajs_distances_offset y,32all_nums_scaled_to_max_trajs_num_intersections_offset
only_rays_heading_size_32_,filenames_in_cluster_train KMeans test nclus 7,4,370,0.0120595036317544,0.009066416485416201,0.0087159699282762,0.009868421052631578
only_rays_heading_size_32_,filenames_in_cluster_train KMeans test nclus 7,0,232,0.004164832396836401,0.004214860458645901,0.004078686716032401,0.003289473684210526
only_rays_heading_size_32_,filenames_in_cluster_train KMeans test nclus 7,2,59,0.011673211222183498,0.008779136449410502,0.008908678833073901,0.009868421052631578
only_rays_heading_size_32_,filenames_in_cluster_train KMeans test nclus 7,5,79,0.005526397098073699,0.005227951156248601,0.0051553800365759,0.009868421052631582
only_rays_heading_size_32_,filenames_in_cluster_train KMeans test nclus 7,1,49,0.011215070651269102,0.009292906446621299,0.0086673657544855,0.026315789473684216
only_rays_heading_size_32_,filenames_in_cluster_train KMeans test nclus 7,3,23,0.03329433531644341,0.021800224982627202,0.0203778575358003,0.042763157894736836
only_rays_heading_size_32_,filenames_in_cluster_train KMeans test nclus 7,6,48,0.0166521446138616,0.0110547382802516,0.013044779275511398,0.019736842105263157
