window_size,vehicle,ride,start,scale,scale x,scale y,offset,offset x,offset y,no scale,no scale x,no scale y,only offset,only offset x,only offset y,
20,Vehicle_12,8478762,0,0.011408736199027159,0.006588274889980315,0.007585432389500211,0.01116368541008158,0.006428245852933579,0.007758594016572105,0.0018155466596100002,0.0004535211332256842,0.0017253356973433683,0.003289473684210526,0.001985372995372526,0.001985372995372526,
20,Vehicle_12,8478762,20,0.011408736199027159,0.006588274889980315,0.007585432389500211,0.01116368541008158,0.006428245852933579,0.007758594016572105,0.0018155466596100002,0.0004535211332256842,0.0017253356973433683,0.003289473684210526,0.001985372995372526,0.001985372995372526,
20,Vehicle_12,8478762,40,0.011408736199027159,0.006588274889980315,0.007585432389500211,0.01116368541008158,0.006428245852933579,0.007758594016572105,0.0018155466596100002,0.0004535211332256842,0.0017253356973433683,0.003289473684210526,0.001985372995372526,0.001985372995372526,
20,Vehicle_12,8478762,60,0.011408736199027159,0.006588274889980315,0.007585432389500211,0.01116368541008158,0.006428245852933579,0.007758594016572105,0.0018155466596100002,0.0004535211332256842,0.0017253356973433683,0.003289473684210526,0.001985372995372526,0.001985372995372526,
