window_size,vehicle,ride,start,offset,offset x,offset y,scale,scale x,scale y,no scale,no scale x,no scale y,only offset,only offset x,only offset y,
20,Vehicle_12,8478762,0,0.012844685675100494,0.00818705647610787,0.00796395510397581,0.01341482847262844,0.008563230840649779,0.008339074918223907,0.0018838761504616469,0.0013321016009070394,0.0013321016009070394,0.003125,0.0018861043456039808,0.0018861043456039808,
20,Vehicle_12,8478762,20,0.013672328937640511,0.00837827762369257,0.008601698907835255,0.014467239987812294,0.009196592887182274,0.009015478256469919,0.002798484028665473,0.0019788270337116045,0.0019788270337116045,0.003125,0.0018861043456039808,0.0018861043456039803,
20,Vehicle_12,8478762,40,0.012209893168325619,0.007818589091069573,0.007449635864009951,0.012414625915322665,0.007969443702691082,0.007786550685214123,0.0009430521728019699,0.0006668385864009807,0.0006668385864009806,0.00390625,0.0018861043456039803,0.002667354345603981,
20,Vehicle_12,8478762,60,0.010605501139577513,0.006106833560286972,0.0073706643157435345,0.010838299389075823,0.0062588611454813484,0.007206160770025262,0.0017247693266295018,0.00043084507656441747,0.0016390689124762034,0.003125,0.0018861043456039803,0.0018861043456039803,
