window_size,vehicle,ride,start,offset,offset x,offset y,scale,scale x,scale y,no scale,no scale x,no scale y,only offset,only offset x,only offset y,
20,Vehicle_12,8478762,0,0.013664728374406706,0.008596994579624165,0.008374059699765736,0.013850003900863573,0.008543362513809228,0.00879411867329959,0.013850003900863573,0.008543362513809228,0.00879411867329959,0.013664728374406706,0.008596994579624165,0.008374059699765736,
20,Vehicle_12,8478762,20,0.013201586104330629,0.00790753479038269,0.008601698907835253,0.014090732262833824,0.0088200851622038,0.00901547825646992,0.014090732262833824,0.0088200851622038,0.00901547825646992,0.013201586104330629,0.00790753479038269,0.008601698907835253,
20,Vehicle_12,8478762,40,0.01220989316832562,0.007818589091069575,0.007449635864009953,0.012414625915322667,0.007969443702691084,0.007786550685214122,0.012414625915322667,0.007969443702691084,0.007786550685214122,0.01220989316832562,0.007818589091069575,0.007449635864009953,
20,Vehicle_12,8478762,60,0.010983136485079937,0.006106833560286971,0.007748299661245957,0.010838299389075823,0.0062588611454813484,0.007206160770025262,0.010838299389075823,0.0062588611454813484,0.007206160770025262,0.010983136485079937,0.006106833560286971,0.007748299661245957,
