window_size,vehicle,ride,start,offset,offset x,offset y,scale,scale x,scale y,no scale,no scale x,no scale y,only offset,only offset x,only offset y,
20,Vehicle_12,8478762,0,0.01366472837440671,0.008596994579624165,0.008374059699765733,0.013869872227704121,0.008563230840649777,0.008794118673299586,0.001886093204628269,0.0013336692949425157,0.0013336692949425153,0.003125,0.0018861043456039803,0.0018861043456039803,
20,Vehicle_12,8478762,20,0.013201586104330629,0.007907534790382689,0.008601698907835255,0.013716130369987636,0.0088200851622038,0.008640876363623736,0.0028290031559572667,0.0020004073155755276,0.0020004073155755276,0.003125,0.0018861043456039803,0.0018861043456039803,
20,Vehicle_12,8478762,40,0.011674178882611021,0.007282874805354978,0.007449635864009952,0.012117689050348419,0.007677479416975897,0.007781578105955074,0.0009430521728019699,0.0006668385864009807,0.0006668385864009806,0.00390625,0.0018861043456039803,0.002667354345603981,
20,Vehicle_12,8478762,60,0.010983136485079937,0.00610683356028697,0.007748299661245959,0.011781351561877814,0.0069256997318823425,0.007872999356426259,0.0,0.0,0.0,0.003125,0.0018861043456039803,0.0018861043456039803,
