window_size,vehicle,ride,start,scale,scale x,scale y,offset,offset x,offset y,no scale,no scale x,no scale y,only offset,only offset x,only offset y,
20,Vehicle_11,8686476,0,0.011230965665700946,0.006578947368421052,0.006578947368421052,0.011230965665700946,0.006578947368421052,0.006578947368421052,0.011230965665700946,0.006578947368421052,0.006578947368421052,0.011230965665700946,0.006578947368421052,0.006578947368421052,
20,Vehicle_11,8686476,20,0.011230965665700946,0.006578947368421052,0.006578947368421052,0.011230965665700946,0.006578947368421052,0.006578947368421052,0.011230965665700946,0.006578947368421052,0.006578947368421052,0.011230965665700946,0.006578947368421052,0.006578947368421052,
20,Vehicle_11,8686476,40,0.011230965665700946,0.006578947368421052,0.006578947368421052,0.011230965665700946,0.006578947368421052,0.006578947368421052,0.011230965665700946,0.006578947368421052,0.006578947368421052,0.011230965665700946,0.006578947368421052,0.006578947368421052,
20,Vehicle_11,8686476,60,0.011230965665700946,0.006578947368421052,0.006578947368421052,0.011230965665700946,0.006578947368421052,0.006578947368421052,0.011230965665700946,0.006578947368421052,0.006578947368421052,0.011230965665700946,0.006578947368421052,0.006578947368421052,
20,Vehicle_11,8686476,80,0.011230965665700946,0.006578947368421052,0.006578947368421052,0.011230965665700946,0.006578947368421052,0.006578947368421052,0.011230965665700946,0.006578947368421052,0.006578947368421052,0.011230965665700946,0.006578947368421052,0.006578947368421052,
