window_size,vehicle,ride,start,scale,scale x,scale y,offset,offset x,offset y,no scale,no scale x,no scale y,only offset,only offset x,only offset y,
20,Vehicle_9,8936336,0,0.009177447116057396,0.004795266740154545,0.006927124812224704,0.010274017040106673,0.005333633627794487,0.007823114758124371,0.0006645296608564028,0.00029396271774937576,0.00052789015763934,0.00125,0.0007892189393343804,0.0007892189393343807,
20,Vehicle_9,8936336,20,0.009071290937863215,0.0043725485046298114,0.007194083011235915,0.010154254799411748,0.005232932273632674,0.007768466767906268,0.001546593965942186,0.0006595042965385794,0.0013060753682222475,0.0023626883405951384,0.0012156737495949723,0.0017170014460756936,
20,Vehicle_9,8936336,40,0.01203917206870035,0.006922950435951263,0.008418985006955522,0.01211726172255587,0.0069516261108401286,0.008518922732151176,0.0004743372955215211,0.0003565100347593102,0.00024462907789498235,0.00125,0.0007892189393343804,0.0007892189393343806,
20,Vehicle_9,8936336,60,0.00971345930597033,0.004875306242315043,0.007497246470279272,0.010071544144221317,0.005107932273632677,0.007810756112715848,0.0011743629456410104,0.0005739691496338224,0.000939682417365969,0.0012499999999999998,0.0007892189393343803,0.0007892189393343804,
20,Vehicle_9,8936336,80,0.010548561340095429,0.005824790413353332,0.007556397889836768,0.012513237164966757,0.0073725435926638,0.008540655829979987,0.0005796004594688376,0.00033318306667717666,0.0003492331014504319,0.0015,0.0010269830684081686,0.0008664731879281175,
20,Vehicle_9,8936336,100,0.009262047191893049,0.004525143201012858,0.0072352292944524435,0.010038789735258626,0.005107932273632676,0.007778001703753154,0.0008993661752926212,0.00041249020450107645,0.0007171660712825265,0.0012500000000000002,0.0007892189393343805,0.0007892189393343806,
