subdir,file,cluster,size,all_feats_scaled_to_max_max_x,all_feats_scaled_to_max_max_y,all_feats_scaled_to_max_surf_trapz_x,all_feats_scaled_to_max_surf_trapz_y,all_feats_scaled_to_max_surf_simpson_x,all_feats_scaled_to_max_surf_simpson_y,all_feats_scaled_to_max_duration,all_feats_scaled_to_max_len,all_feats_scaled_to_max_offset,all_feats_scaled_to_max_mean_speed_len,all_feats_scaled_to_max_mean_speed_offset,all_feats_scaled_to_max_len_vs_offset,all_feats_scaled_to_max_total_surf,all_feats_scaled_to_max_monotonous,all_feats_scaled_to_max_key,all_feats_scaled_to_max_flip,all_feats_scaled_to_max_zone,all_feats_scaled_to_max_engine,all_feats_scaled_to_max_in_zone,all_feats_scaled_to_max_ignition,all_feats_scaled_to_max_sleep_mode,all_feats_scaled_to_max_staff_mode,all_feats_scaled_to_max_buzzer_active,all_feats_scaled_to_max_in_primary_zone,all_feats_scaled_to_max_in_restricted_zone,all_feats_scaled_to_max_onboard_geofencing,all_feats_scaled_to_max_speed_limit_active
no_rays_flags_no_same,filenames_in_cluster_train KMeans test nclus 4,0,96,0.1933600000000979,0.0803400000002341,1.611244163730879,0.7539918961555078,1.60669553599062,0.7520842397126187,21.99899983406067,0.1981083691522258,0.1977298288069668,0.010318144201053,0.0102984285581197,2.2878219759095995,0.0016643631999915,3.0,1.0,0.0,0.0,1.0,0.0,1.0,0.0,0.0,1.0,0.0,0.0,0.0,1.0
no_rays_flags_no_same,filenames_in_cluster_train KMeans test nclus 4,1,424,0.4586400000022195,0.4876600000002895,4.445433662000595,5.074022653821216,4.4555598234791605,5.058927716253561,22.960000038146973,0.5172959423945901,0.4971323590357691,0.0269298738006154,0.0258391323833738,3.133146268560913,0.0260288487999918,3.0,0.0,1.0,0.0,1.0,1.0,1.0,0.0,1.0,1.0,1.0,0.0,0.0,1.0
no_rays_flags_no_same,filenames_in_cluster_train KMeans test nclus 4,2,260,0.442639999999983,0.2323199999999303,3.2931506572147398,2.093636057264631,3.276314087946287,2.09362040126563,22.007000207901,0.4437553746566669,0.443462703730525,0.0233040317911799,0.0232886620335236,3.080282394141668,0.0095856943999923,3.0,1.0,1.0,0.0,1.0,1.0,1.0,0.0,1.0,1.0,1.0,0.0,0.0,1.0
no_rays_flags_no_same,filenames_in_cluster_train KMeans test nclus 4,3,80,0.1836800000006633,0.1530000000002473,1.5519414117897643,2.1155907752902,1.5495898975671267,2.1151946894307825,21.99799990653992,0.3351160169292869,0.0955248658744718,0.0152339311916106,0.0047760045108061,26.52155600841349,0.0047496788000028,0.0,0.0,1.0,0.0,1.0,1.0,1.0,0.0,1.0,0.0,1.0,0.0,0.0,1.0
