window_size,vehicle,ride,start,scale,scale x,scale y,offset,offset x,offset y,no scale,no scale x,no scale y,only offset,only offset x,only offset y,
20,Vehicle_9,8936382,0,0.010282722925213044,0.005450780084944118,0.007530434433780317,0.01027749905564809,0.005345696402706463,0.00784396527273635,0.010282722925213044,0.005450780084944118,0.007530434433780317,0.01027749905564809,0.005345696402706463,0.00784396527273635,
20,Vehicle_9,8936382,20,0.008884642498704841,0.004354251739768386,0.006901511089484615,0.01123906964724732,0.0061207823509993025,0.008278039164646969,0.008884642498704841,0.004354251739768386,0.006901511089484615,0.01123906964724732,0.0061207823509993025,0.008278039164646969,
20,Vehicle_9,8936382,40,0.009853742922299853,0.005111338825623714,0.007397074453714922,0.010579727308350887,0.005509543168363128,0.008053503906084166,0.009853742922299853,0.005111338825623714,0.007397074453714922,0.010579727308350887,0.005509543168363128,0.008053503906084166,
20,Vehicle_9,8936382,60,0.01063529610154292,0.007556296192261027,0.005942067343754836,0.010458715998115903,0.007948863830577994,0.005495121991786085,0.01063529610154292,0.007556296192261027,0.005942067343754836,0.010458715998115903,0.007948863830577994,0.005495121991786085,
20,Vehicle_9,8936382,80,0.019508850291101398,0.012689418662503841,0.012171275764783237,0.021094051951280772,0.013713118108834282,0.013078671130088797,0.019508850291101398,0.012689418662503841,0.012171275764783237,0.021094051951280772,0.013713118108834282,0.013078671130088797,
20,Vehicle_9,8936382,100,0.009040529749760566,0.004431031544686969,0.0071117611492676905,0.010045383570580142,0.005107932273632676,0.007784595539074674,0.009040529749760566,0.004431031544686969,0.0071117611492676905,0.010045383570580142,0.005107932273632676,0.007784595539074674,
20,Vehicle_9,8936382,120,0.016108509853985185,0.009080902655942273,0.011403374890798578,0.017440814548668426,0.009947835536187699,0.012416354518983864,0.016108509853985185,0.009080902655942273,0.011403374890798578,0.017440814548668426,0.009947835536187699,0.012416354518983864,
