window_size,vehicle,ride,start,scale,scale x,scale y,offset,offset x,offset y,no scale,no scale x,no scale y,only offset,only offset x,only offset y,
20,Vehicle_11,9192824,0,0.009230734115566838,0.004669687167285941,0.007079094994707777,0.010123075903096575,0.005155173080310772,0.007848811613450317,0.0,0.0,0.0,0.0012499999999999998,0.0007892189393343805,0.0007892189393343807,
20,Vehicle_11,9192824,20,0.015827777434367314,0.009110022649122277,0.011027354045488791,0.015466213130593202,0.008829248693314723,0.010899095987200179,0.0,0.0,0.0,0.0015,0.0009638192201678079,0.0009638192201678081,
20,Vehicle_11,9192824,40,0.010412162074433434,0.0071292268569615016,0.006002471650073555,0.011721769922208846,0.00803907748345586,0.006869184910822952,0.0,0.0,0.0,0.001375,0.0008278460636312488,0.0009081010038712746,
20,Vehicle_11,9192824,60,0.022027754013730555,0.012565182032816735,0.01549684129309798,0.021353217466375096,0.011983005208395153,0.01514049360284525,0.0,0.0,0.0,0.00175,0.0009399463444646764,0.0012531101927050372,
20,Vehicle_11,9192824,80,0.009387835572686166,0.0046801399397289715,0.0072367742934784565,0.011037001421205303,0.005961475171479322,0.00822592315623164,0.0,0.0,0.0,0.0012500000000000002,0.0007892189393343805,0.0007892189393343804,
20,Vehicle_11,9192824,100,0.012441244241407464,0.007320103360004998,0.008496045662356703,0.013009331829685998,0.007552284351988714,0.00906813479902705,0.0,0.0,0.0,0.001375,0.0009081010038712745,0.000827846063631249,
20,Vehicle_11,9192824,120,0.015547858242149023,0.010028072850123644,0.009780825482705435,0.015453628341500835,0.00998340258121214,0.009735012561847722,0.0,0.0,0.0,0.0015,0.000901319220167808,0.0010092281281681432,
20,Vehicle_11,9192824,140,0.010478190424253676,0.0059232023510663295,0.007303172090358753,0.010938550962085914,0.006169750077079162,0.0076823221886182175,0.0,0.0,0.0,0.0012500000000000002,0.0007892189393343805,0.0007892189393343805,
20,Vehicle_11,9192824,160,0.011190547593089782,0.006437493886806563,0.007718983939865811,0.01228878281480028,0.006959827237952157,0.008695288737972068,0.0,0.0,0.0,0.001375,0.0009081010038712746,0.000827846063631249,
20,Vehicle_11,9192824,180,0.009416227169805684,0.006924589180340003,0.0050286597539875725,0.010165536842697356,0.007693697600794006,0.005363294943769685,0.0,0.0,0.0,0.0012500000000000002,0.0007892189393343805,0.0007892189393343804,
