window_size,vehicle,ride,start,scale,scale x,scale y,offset,offset x,offset y,no scale,no scale x,no scale y,only offset,only offset x,only offset y,
20,Vehicle_11,9192824,0,0.009590361670698152,0.004820238959054223,0.007390983437809377,0.010754492541950733,0.005685408929207035,0.008054976811800181,0.0,0.0,0.0,0.0008928571428571428,0.0005660233083526632,0.0005660233083526631,
20,Vehicle_11,9192824,20,0.015923937065928394,0.009144184441063031,0.011054512639304783,0.01566058018788884,0.008884579200443603,0.011017078108893838,0.0,0.0,0.0,0.0010204081632653064,0.0006556483902612578,0.0006556483902612577,
20,Vehicle_11,9192824,40,0.011137418795164484,0.0077131468717594204,0.006382649468614352,0.011407658172487227,0.008087406747413817,0.006459604411190757,0.0,0.0,0.0,0.0009566326530612245,0.0005802146944468157,0.000628199833364259,
20,Vehicle_11,9192824,60,0.021770706089650878,0.012373305102783477,0.015328730636655841,0.02166406624004476,0.012419999243837224,0.015100744137384065,0.0,0.0,0.0,0.0012755102040816326,0.0006895117744245048,0.00091893306872489,
20,Vehicle_11,9192824,80,0.009870571411893922,0.005084284327457306,0.0074381310907363435,0.010276712213997615,0.005369917021687161,0.007712000992870991,0.0,0.0,0.0,0.0008928571428571428,0.0005660233083526631,0.0005660233083526631,
20,Vehicle_11,9192824,100,0.012949287795204338,0.0077092785451122045,0.0086728045059989,0.013479196916540637,0.007787737988600801,0.0094036051243807,0.0,0.0,0.0,0.0009566326530612245,0.0006234830575811336,0.00059369446518414,
20,Vehicle_11,9192824,120,0.01565191212461406,0.010150327501244066,0.009768548883887736,0.01580653371948526,0.01023379302885555,0.009911517304853403,0.0,0.0,0.0,0.0010204081632653062,0.0006078858512782927,0.0006856595825927295,
20,Vehicle_11,9192824,140,0.010671261478040348,0.005945051325667977,0.007511676321320055,0.011172973503620068,0.006313368337424129,0.007847633692052883,0.0,0.0,0.0,0.0008928571428571429,0.0005660233083526631,0.0005660233083526631,
20,Vehicle_11,9192824,160,0.011602437100660118,0.0066102487973665365,0.008087492402728335,0.01224361988807596,0.006933541791457869,0.0087110697413414,0.0,0.0,0.0,0.0009566326530612243,0.000628199833364259,0.0005802146944468158,
20,Vehicle_11,9192824,180,0.009575798834750132,0.0071106358415877246,0.005003653576756522,0.010873476035421404,0.008028680282516958,0.005869452521553783,0.0,0.0,0.0,0.0009566326530612246,0.0005802146944468159,0.000628199833364259,
