window_size,vehicle,ride,start,offset,offset x,offset y,scale,scale x,scale y,no scale,no scale x,no scale y,only offset,only offset x,only offset y,
20,Vehicle_4,9484077,0,0.014804892665307056,0.009151888078301995,0.009933547915904256,0.014549344833051038,0.008911002616391685,0.009769857022534151,7.451210953283913e-05,4.562757145760079e-05,4.5630752549312785e-05,0.0006558258824946404,0.0004216599902642835,0.0004216699279372575,
20,Vehicle_4,9484077,20,0.01023798013903231,0.005397535494971996,0.007773993382480847,0.008883815700764408,0.004421134800098906,0.006941169989831389,7.452762957567284e-05,4.563809148125519e-05,4.563924061852242e-05,0.000675175270767038,0.0004409964311410855,0.00042168287533284683,
20,Vehicle_4,9484077,40,0.014127083727112376,0.008727781308056636,0.00932564546992522,0.013655989341960504,0.008422287046670706,0.009091018298248201,0.00011178903755017958,8.163026554607912e-05,5.528278487130607e-05,0.0009452182363630362,0.0006791494101044913,0.0005364563318207541,
20,Vehicle_4,9484077,60,0.01121160479202881,0.006301396871389744,0.008132794134486258,0.010930986919975905,0.006156068955106332,0.007875922695426283,0.00010354288940661706,4.81513582372367e-05,7.455546998823463e-05,0.0006558126043984204,0.00042164617068154715,0.00042167046942376713,
