window_size,vehicle,ride,start,offset,offset x,offset y,scale,scale x,scale y,no scale,no scale x,no scale y,only offset,only offset x,only offset y,
20,Vehicle_4,9484077,0,0.015395717314406126,0.009366685489266703,0.010309575154091085,0.0153531782359054,0.009367726350088116,0.010228643348103715,0.0153531782359054,0.009367726350088116,0.010228643348103715,0.015395717314406126,0.009366685489266703,0.010309575154091085,
20,Vehicle_4,9484077,20,0.01038114486373898,0.005408466770617653,0.007906226831540878,0.009268066364588008,0.004522160151538947,0.007239153912772945,0.009268066364588008,0.004522160151538947,0.007239153912772945,0.01038114486373898,0.005408466770617653,0.007906226831540878,
20,Vehicle_4,9484077,40,0.014369320510803642,0.00887080304979054,0.009424860511827499,0.014093547344292561,0.008656999805843455,0.009293863541226698,0.014093547344292561,0.008656999805843455,0.009293863541226698,0.014369320510803642,0.00887080304979054,0.009424860511827499,
20,Vehicle_4,9484077,60,0.011368852349480157,0.006301396871376402,0.008290041691943894,0.011250339024740895,0.006170882044119252,0.008180461711171726,0.011250339024740895,0.006170882044119252,0.008180461711171726,0.011368852349480157,0.006301396871376402,0.008290041691943894,
