window_size,vehicle,ride,start,scale,scale x,scale y,offset,offset x,offset y,no scale,no scale x,no scale y,only offset,only offset x,only offset y,
20,Vehicle_16,9177298,0,0.010318519899911241,0.005434025686344612,0.007629958745676529,0.010914388610343535,0.005718154152130029,0.008287756517612242,0.0,0.0,0.0,0.0012500000000000002,0.0007892189393343805,0.0007892189393343805,
20,Vehicle_16,9177298,20,0.008884290201209366,0.004473273125698657,0.006776120119117215,0.010091497062815142,0.005232932273632676,0.007705709031309661,0.0,0.0,0.0,0.001375,0.0009142189393343804,0.0007892189393343806,
20,Vehicle_16,9177298,40,0.014937664464099233,0.00908885581015467,0.009891520098837913,0.015667802590968467,0.009512299861826414,0.010551475373552598,0.0,0.0,0.0,0.001625,0.001134228128168143,0.000901319220167808,
20,Vehicle_16,9177298,60,0.01006790056807961,0.005290691926017079,0.0074762016153858,0.010786265652556474,0.00584587104026761,0.00785690682853246,0.0,0.0,0.0,0.00125,0.0007892189393343804,0.0007892189393343804,
