subdir,file,cluster,size,24all_distances_scaled_to_max_trajs_distances_offset,24all_distances_scaled_to_max_trajs_distances_offset x,24all_distances_scaled_to_max_trajs_distances_offset y,24all_nums_scaled_to_max_trajs_num_intersections_offset
only_rays_size_24_,filenames_in_cluster_train KMeans test nclus 5,0,582,0.14334437033413375,0.16878866970468243,0.17277562393239487,0.22503344001623793
only_rays_size_24_,filenames_in_cluster_train KMeans test nclus 5,3,89,0.22318636065237069,0.19649802340556038,0.228248320220812,0.22706330357732102
only_rays_size_24_,filenames_in_cluster_train KMeans test nclus 5,4,130,0.2780180566691492,0.28082585551577444,0.23626193138279272,0.2805320389047764
only_rays_size_24_,filenames_in_cluster_train KMeans test nclus 5,2,48,0.21217649970622157,0.21056970473889733,0.20659850381739642,0.22447736893334558
only_rays_size_24_,filenames_in_cluster_train KMeans test nclus 5,1,11,0.25683411840301557,0.2511135972631993,0.26400652940868496,0.3029802112367498
