subdir,file,cluster,size,24all_distances_scaled_to_max_trajs_distances_offset,24all_distances_scaled_to_max_trajs_distances_offset x,24all_distances_scaled_to_max_trajs_distances_offset y,24all_nums_scaled_to_max_trajs_num_intersections_offset
only_rays_size_24_,filenames_in_cluster_train KMeans test nclus 5,0,582,2.7517779284485446e-06,2.008724889218557e-06,2.2015693618450246e-06,4.9316183575341465e-06
only_rays_size_24_,filenames_in_cluster_train KMeans test nclus 5,3,89,1.3419836812774432e-05,5.696386496365269e-06,6.571395182399827e-06,2.0083954920490813e-05
only_rays_size_24_,filenames_in_cluster_train KMeans test nclus 5,4,130,9.297101703519336e-06,5.302238657432587e-06,3.846690722974436e-06,1.3625038928682654e-05
only_rays_size_24_,filenames_in_cluster_train KMeans test nclus 5,2,48,2.2134990164384077e-05,8.015463620230804e-06,1.128118808254853e-05,4.4165482408048636e-05
only_rays_size_24_,filenames_in_cluster_train KMeans test nclus 5,1,11,4.012593654248058e-05,1.1183319111614865e-05,2.230028609306647e-05,0.00012018955609990608
