subdir,file,cluster,size,24all_distances_scaled_to_max_trajs_distances_offset,24all_distances_scaled_to_max_trajs_distances_offset x,24all_distances_scaled_to_max_trajs_distances_offset y,24all_nums_scaled_to_max_trajs_num_intersections_offset
only_rays_size_24_,filenames_in_cluster_test KMeans test nclus 5,0,410,2.1857004345735897e-06,2.0109182724752468e-06,2.0133671482660017e-06,5.033495182428344e-06
only_rays_size_24_,filenames_in_cluster_test KMeans test nclus 5,4,97,7.07060734687828e-06,4.322347376888217e-06,3.189878458330844e-06,1.461458778931824e-05
only_rays_size_24_,filenames_in_cluster_test KMeans test nclus 5,3,71,1.5175330444751333e-05,7.046083563073642e-06,7.089834073632042e-06,1.527038533334139e-05
only_rays_size_24_,filenames_in_cluster_test KMeans test nclus 5,2,25,2.5832829123952867e-05,1.0413427648606284e-05,1.2263822674553344e-05,5.945290858725762e-05
only_rays_size_24_,filenames_in_cluster_test KMeans test nclus 5,1,3,1.2177837161061667e-06,1.3329508632400243e-06,1.1754174548924597e-06,3.1259618344105885e-05
