subdir,file,cluster,size,24all_distances_scaled_to_max_trajs_distances_offset,24all_distances_scaled_to_max_trajs_distances_offset x,24all_distances_scaled_to_max_trajs_distances_offset y,24all_nums_scaled_to_max_trajs_num_intersections_offset
only_rays_size_24_,filenames_in_cluster_test KMeans test nclus 5,0,410,0.0099585095212276,0.0050950937969601,0.0050950937969601,0.019736842105263157
only_rays_size_24_,filenames_in_cluster_test KMeans test nclus 5,4,97,0.0100473714939635,0.0051818993525157,0.0051818993525157,0.029605263157894735
only_rays_size_24_,filenames_in_cluster_test KMeans test nclus 5,3,71,0.0102635842209566,0.0053555104636268,0.0053555104636268,0.03618421052631579
only_rays_size_24_,filenames_in_cluster_test KMeans test nclus 5,2,25,0.0146791157511242,0.0095980733424982,0.0087997319766425,0.046052631578947366
only_rays_size_24_,filenames_in_cluster_test KMeans test nclus 5,1,3,0.0311193661756638,0.0199931044527745,0.0197083728884186,0.07236842105263158
