subdir,file,cluster,size,24all_distances_scaled_to_max_trajs_distances_offset,24all_distances_scaled_to_max_trajs_distances_offset x,24all_distances_scaled_to_max_trajs_distances_offset y,24all_nums_scaled_to_max_trajs_num_intersections_offset
only_rays_size_24_,filenames_in_cluster_train KMeans test nclus 9,7,318,0.0099313763248431,0.0050950937969601,0.0050950937969601,0.02631578947368421
only_rays_size_24_,filenames_in_cluster_train KMeans test nclus 9,2,243,0.0099500345525405,0.0050758635733741,0.0050950937969601,0.019736842105263157
only_rays_size_24_,filenames_in_cluster_train KMeans test nclus 9,3,80,0.0131287719771348,0.0075533315762471,0.0081017944628579,0.03618421052631579
only_rays_size_24_,filenames_in_cluster_train KMeans test nclus 9,5,56,0.0141177357630927,0.0076787756046965,0.0084443888656712,0.019736842105263157
only_rays_size_24_,filenames_in_cluster_train KMeans test nclus 9,0,88,0.0100889933575436,0.0051818993525157,0.0051818993525157,0.03289473684210526
only_rays_size_24_,filenames_in_cluster_train KMeans test nclus 9,4,34,0.0103924818048376,0.0054423160191823,0.0069568582407334,0.049342105263157895
only_rays_size_24_,filenames_in_cluster_train KMeans test nclus 9,8,23,0.0209678786083627,0.0126930812739473,0.0130580909090522,0.049342105263157895
only_rays_size_24_,filenames_in_cluster_train KMeans test nclus 9,6,10,0.0293027414098391,0.0191893057485366,0.0183029226871608,0.06907894736842106
only_rays_size_24_,filenames_in_cluster_train KMeans test nclus 9,1,8,0.0136529381249638,0.0081476835828071,0.0074207806933146,0.06578947368421052
