window_size,vehicle,ride,start,scale,scale x,scale y,offset,offset x,offset y,no scale,no scale x,no scale y,only offset,only offset x,only offset y,
20,Vehicle_12,8478762,0,0.012268961037528633,0.0075004921017963935,0.0078223459213642,0.012281189000867858,0.007503360921164938,0.007850873329437303,0.012268961037528633,0.0075004921017963935,0.0078223459213642,0.012281189000867858,0.007503360921164938,0.007850873329437303,
20,Vehicle_12,8478762,20,0.012242461061459311,0.007821758871384843,0.007474657998609849,0.012294417125770238,0.007844040069983014,0.007523295794428741,0.012242461061459311,0.007821758871384843,0.007474657998609849,0.012294417125770238,0.007844040069983014,0.007523295794428741,
20,Vehicle_12,8478762,40,0.010812477708146079,0.00729237439127837,0.006235586530581218,0.012546311007790797,0.008391499971116476,0.007499493332717924,0.010812477708146079,0.00729237439127837,0.006235586530581218,0.012546311007790797,0.008391499971116476,0.007499493332717924,
20,Vehicle_12,8478762,60,0.010797287839464438,0.006000034261491865,0.007608650698825918,0.01108451898191792,0.0062715757540407115,0.00772799553927583,0.010797287839464438,0.006000034261491865,0.007608650698825918,0.01108451898191792,0.0062715757540407115,0.00772799553927583,
