subdir,file,cluster,size,all_feats_scaled_to_max_max_x,all_feats_scaled_to_max_max_y,all_feats_scaled_to_max_surf_trapz_x,all_feats_scaled_to_max_surf_trapz_y,all_feats_scaled_to_max_surf_simpson_x,all_feats_scaled_to_max_surf_simpson_y,all_feats_scaled_to_max_x_poly_1,all_feats_scaled_to_max_x_poly_2,all_feats_scaled_to_max_x_poly_3,all_feats_scaled_to_max_x_poly_4,all_feats_scaled_to_max_x_poly_5,all_feats_scaled_to_max_x_poly_6,all_feats_scaled_to_max_y_poly_1,all_feats_scaled_to_max_y_poly_2,all_feats_scaled_to_max_y_poly_3,all_feats_scaled_to_max_y_poly_4,all_feats_scaled_to_max_y_poly_5,all_feats_scaled_to_max_y_poly_6,all_feats_scaled_to_max_duration,all_feats_scaled_to_max_len,all_feats_scaled_to_max_offset,all_feats_scaled_to_max_mean_speed_len,all_feats_scaled_to_max_mean_speed_offset,all_feats_scaled_to_max_len_vs_offset,all_feats_scaled_to_max_total_surf,all_feats_scaled_to_max_monotonous
no_rays_poly_no_same_no_xy,filenames_in_cluster_train DBSCAN test nclus 5,0,855,0.45732000000384687,0.48666000000068266,4.432074262038293,5.066604633807291,4.538824153822784,5.324168143563062,3.4380275770660223e-06,0.0001626650697227871,0.0027630851292270997,0.0205174253953403,0.0680568526379139,0.0768904228996319,3.1414304146318223e-06,0.0001568633747964444,0.0026865603593662,0.019779153508145998,0.055370171824832295,0.1269179139410453,4.900000095367432,0.5120461358823117,0.4960824066555374,0.0266673834750015,0.025786634764362208,7.983768572567857,0.02602744439999183,3.0
no_rays_poly_no_same_no_xy,filenames_in_cluster_train DBSCAN test nclus 5,-1,5,0.224639999998999,0.1516600000002199,2.034540618948589,2.0997632352573925,4.801307049826452,2.6211542386907065,1.1209326360458484e-06,7.350315349036593e-05,0.0015685273753483,0.0117985485036219,0.0304842137361499,0.0864972968384274,1.0007387321461516e-06,3.697076839162349e-05,0.0006540277306889768,0.0037369449083119975,0.0163499197639109,0.022288902361377302,3.046000003814701,0.3292657451447761,0.2257882279191721,0.014929340585098299,0.011290921201398995,25.51769368585909,0.004111107600057072,1.0
