subdir,file,cluster,size,all_feats_scaled_to_max_max_x,all_feats_scaled_to_max_max_y,all_feats_scaled_to_max_surf_trapz_x,all_feats_scaled_to_max_surf_trapz_y,all_feats_scaled_to_max_surf_simpson_x,all_feats_scaled_to_max_surf_simpson_y,all_feats_scaled_to_max_x_poly_1,all_feats_scaled_to_max_x_poly_2,all_feats_scaled_to_max_x_poly_3,all_feats_scaled_to_max_x_poly_4,all_feats_scaled_to_max_x_poly_5,all_feats_scaled_to_max_x_poly_6,all_feats_scaled_to_max_y_poly_1,all_feats_scaled_to_max_y_poly_2,all_feats_scaled_to_max_y_poly_3,all_feats_scaled_to_max_y_poly_4,all_feats_scaled_to_max_y_poly_5,all_feats_scaled_to_max_y_poly_6,all_feats_scaled_to_max_duration,all_feats_scaled_to_max_len,all_feats_scaled_to_max_offset,all_feats_scaled_to_max_mean_speed_len,all_feats_scaled_to_max_mean_speed_offset,all_feats_scaled_to_max_len_vs_offset,all_feats_scaled_to_max_total_surf,all_feats_scaled_to_max_monotonous
no_rays_poly_no_same_no_xy,filenames_in_cluster_train KMeans test nclus 2,1,617,0.44132000000161037,0.2143400000008456,4.249281334354186,2.108172755276275,8.202912765247364,2.6211542386907065,3.4380275770660223e-06,0.0001626650697227871,0.0027630851292270997,0.0205174253953403,0.0630120426299712,0.0916295535270617,2.9915875828298563e-06,0.00014832658922577148,0.0026791795971734,0.019779153508145998,0.053221510723109294,0.1269179139410453,3.94700026512146,0.4672720109822135,0.4428227037287303,0.024874322901820598,0.023255340848475296,25.520985657751073,0.02602775759999277,3.0
no_rays_poly_no_same_no_xy,filenames_in_cluster_train KMeans test nclus 2,0,243,0.4539600000015299,0.3953400000007434,4.404125262778037,3.8364107903405777,4.413891619360137,3.8283057289769475,2.5401963211579318e-06,0.0001298332826327766,0.0022485516394702,0.014080634746809099,0.061645560198929805,0.0375861652460951,2.4149380146606366e-06,0.00011561547756676455,0.0019258627573878,0.0146713067537535,0.052392142808145095,0.033403733812982304,4.6570000648498535,0.409904928846201,0.4277781954983576,0.0215605915678496,0.022181405277050897,2.334461612333577,0.0245957187999616,3.0
