subdir,file,cluster,size,all_feats_scaled_to_max_max_x,all_feats_scaled_to_max_max_y,all_feats_scaled_to_max_surf_trapz_x,all_feats_scaled_to_max_surf_trapz_y,all_feats_scaled_to_max_surf_simpson_x,all_feats_scaled_to_max_surf_simpson_y,all_feats_scaled_to_max_x_poly_1,all_feats_scaled_to_max_x_poly_2,all_feats_scaled_to_max_x_poly_3,all_feats_scaled_to_max_x_poly_4,all_feats_scaled_to_max_x_poly_5,all_feats_scaled_to_max_x_poly_6,all_feats_scaled_to_max_y_poly_1,all_feats_scaled_to_max_y_poly_2,all_feats_scaled_to_max_y_poly_3,all_feats_scaled_to_max_y_poly_4,all_feats_scaled_to_max_y_poly_5,all_feats_scaled_to_max_y_poly_6,all_feats_scaled_to_max_duration,all_feats_scaled_to_max_len,all_feats_scaled_to_max_offset,all_feats_scaled_to_max_mean_speed_len,all_feats_scaled_to_max_mean_speed_offset,all_feats_scaled_to_max_len_vs_offset,all_feats_scaled_to_max_total_surf,all_feats_scaled_to_max_monotonous
no_rays_poly_no_same_no_xy,filenames_in_cluster_test KMeans test nclus 2,1,423,0.08165349242327394,0.047234208858094005,0.8455426663546762,0.3918784668551449,0.8454371966437632,0.3919640872653566,3.5281249386412325e-07,1.6842522543881733e-05,0.00028298588117429025,0.0019772531094299104,0.007644734717792319,0.006682346276809351,3.248296303323036e-07,1.545733310736688e-05,0.0002605615174640165,0.0018428197450973893,0.006463565610446163,0.01421092104577641,0.5410482594317848,0.08707152616012052,0.08059068936821594,0.004532826722947831,0.004181509173923882,14.668678240123365,0.0018873126251637456,0.951647498057855
no_rays_poly_no_same_no_xy,filenames_in_cluster_test KMeans test nclus 2,0,183,0.06886580136356214,0.09280867639280548,0.716841859742217,0.9010124833979378,0.7347124563911869,0.9753687518128048,4.1467777125105e-07,2.011004036292038e-05,0.0003382457081187277,0.00225891780708898,0.007364112427720924,0.0075101711664824706,5.234465653256858e-07,2.642754697606012e-05,0.00046485683967504606,0.0032637468100445645,0.011606164799663539,0.012469366059985425,0.6484703281215856,0.09188497974720249,0.09694617647875989,0.004814454775525006,0.00506777210534642,0.4221526612437549,0.004051926697813535,1.150581452155186
