subdir,file,cluster,size,all_feats_scaled_to_max_max_x,all_feats_scaled_to_max_max_y,all_feats_scaled_to_max_surf_trapz_x,all_feats_scaled_to_max_surf_trapz_y,all_feats_scaled_to_max_surf_simpson_x,all_feats_scaled_to_max_surf_simpson_y,all_feats_scaled_to_max_x_poly_1,all_feats_scaled_to_max_x_poly_2,all_feats_scaled_to_max_x_poly_3,all_feats_scaled_to_max_x_poly_4,all_feats_scaled_to_max_x_poly_5,all_feats_scaled_to_max_x_poly_6,all_feats_scaled_to_max_y_poly_1,all_feats_scaled_to_max_y_poly_2,all_feats_scaled_to_max_y_poly_3,all_feats_scaled_to_max_y_poly_4,all_feats_scaled_to_max_y_poly_5,all_feats_scaled_to_max_y_poly_6,all_feats_scaled_to_max_duration,all_feats_scaled_to_max_len,all_feats_scaled_to_max_offset,all_feats_scaled_to_max_mean_speed_len,all_feats_scaled_to_max_mean_speed_offset,all_feats_scaled_to_max_len_vs_offset,all_feats_scaled_to_max_total_surf,all_feats_scaled_to_max_monotonous
no_rays_poly_no_same_no_xy,filenames_in_cluster_test DBSCAN test nclus 3,0,601,0.014939966151142535,0.048984656389546744,0.017969567661951766,0.054177767617960726,0.018099308535592946,0.05387524911526419,0.011141239133519366,0.011120001180618407,0.01026332248815566,0.010690971611010484,0.013273166707086103,0.01661620172807652,0.010874091379463102,0.01146037347914586,0.012706027729721524,0.010361435946012652,0.019383085572714644,0.007395133000329773,0.02368447707713332,0.03297069382161628,0.030987431118802988,0.0322162761860256,0.0302212840268977,0.012468984599207637,0.010868476930434579,0.12273867827977589
no_rays_poly_no_same_no_xy,filenames_in_cluster_test DBSCAN test nclus 3,-1,5,0.12855471040165617,0.1540179388031708,0.15038419141722484,0.18194009560915295,0.14647092345356466,0.1465384608150601,0.16337055096016323,0.17159371673274873,0.16385264632731228,0.12954809468099854,0.10212911387228135,0.1154676986415416,0.10542795534525759,0.10727696184017017,0.1315089934352069,0.13252822681706716,0.114864627053215,0.14519748930284007,0.1456323480355176,0.17447477470549028,0.15246005520335337,0.16898146074215534,0.15223217497065747,0.14791392560356675,0.13540967627577086,0.16000000000000006
