subdir,file,cluster,size,all_feats_scaled_to_max_max_x,all_feats_scaled_to_max_max_y,all_feats_scaled_to_max_surf_trapz_x,all_feats_scaled_to_max_surf_trapz_y,all_feats_scaled_to_max_surf_simpson_x,all_feats_scaled_to_max_surf_simpson_y,all_feats_scaled_to_max_x_poly_1,all_feats_scaled_to_max_x_poly_2,all_feats_scaled_to_max_x_poly_3,all_feats_scaled_to_max_x_poly_4,all_feats_scaled_to_max_x_poly_5,all_feats_scaled_to_max_x_poly_6,all_feats_scaled_to_max_y_poly_1,all_feats_scaled_to_max_y_poly_2,all_feats_scaled_to_max_y_poly_3,all_feats_scaled_to_max_y_poly_4,all_feats_scaled_to_max_y_poly_5,all_feats_scaled_to_max_y_poly_6,all_feats_scaled_to_max_duration,all_feats_scaled_to_max_len,all_feats_scaled_to_max_offset,all_feats_scaled_to_max_mean_speed_len,all_feats_scaled_to_max_mean_speed_offset,all_feats_scaled_to_max_len_vs_offset,all_feats_scaled_to_max_total_surf,all_feats_scaled_to_max_monotonous
no_rays_poly_no_same_no_xy,filenames_in_cluster_test DBSCAN test nclus 6,0,595,0.025673678255170616,0.04923374785149503,0.03151267461331995,0.05451205557665096,0.03147029260726455,0.054207795471653636,0.011249054966322952,0.011227656851618365,0.010355725685312265,0.010761911368209198,0.013022361220764238,0.016737894813667248,0.01079400633165559,0.011332136855685458,0.0128571771044246,0.010267153522924809,0.019500932346714666,0.007464264322108101,0.023848536799961174,0.04522109263473863,0.04276980886184916,0.04768251716347153,0.04478328713029319,0.01659485129113545,0.010945947145544473,0.12227761692912462
no_rays_poly_no_same_no_xy,filenames_in_cluster_test DBSCAN test nclus 6,-1,11,0.07884856427451889,0.08870951041184284,0.07872934071944547,0.10925668314444614,0.08971147979643501,0.07678793862971599,0.09097933086650835,0.09276154668761277,0.07616685836146024,0.06582784487942626,0.06386299367541452,0.0787243457773979,0.0631913080403,0.07279079888825567,0.07161431908068011,0.07093413658186715,0.10422525947429322,0.07774220112002661,0.08228151412151684,0.08085196216262328,0.08555807831372154,0.08053059515559333,0.0848075525632022,0.07838472696225152,0.14601930059049464,0.08631772268135901
