subdir,file,cluster,size,all_feats_scaled_to_max_max_x,all_feats_scaled_to_max_max_y,all_feats_scaled_to_max_surf_trapz_x,all_feats_scaled_to_max_surf_trapz_y,all_feats_scaled_to_max_surf_simpson_x,all_feats_scaled_to_max_surf_simpson_y,all_feats_scaled_to_max_x_poly_1,all_feats_scaled_to_max_x_poly_2,all_feats_scaled_to_max_x_poly_3,all_feats_scaled_to_max_x_poly_4,all_feats_scaled_to_max_x_poly_5,all_feats_scaled_to_max_x_poly_6,all_feats_scaled_to_max_y_poly_1,all_feats_scaled_to_max_y_poly_2,all_feats_scaled_to_max_y_poly_3,all_feats_scaled_to_max_y_poly_4,all_feats_scaled_to_max_y_poly_5,all_feats_scaled_to_max_y_poly_6,all_feats_scaled_to_max_duration,all_feats_scaled_to_max_len,all_feats_scaled_to_max_offset,all_feats_scaled_to_max_mean_speed_len,all_feats_scaled_to_max_mean_speed_offset,all_feats_scaled_to_max_len_vs_offset,all_feats_scaled_to_max_total_surf,all_feats_scaled_to_max_monotonous
no_rays_poly_no_same_no_xy,filenames_in_cluster_test DBSCAN test nclus 4,0,597,0.6406799999979285,0.5136600000000158,6.0516474982036055,4.917083401697562,6.029239483749142,4.931248955961689,3.525702646572654e-06,0.00016980457424781864,0.0029769077517236998,0.020067090441567202,0.0659344179228803,0.053988904308733404,3.7979198167278656e-06,0.00018200870399128632,0.0029547054461805,0.023456840649349803,0.0683135739665881,0.16038470198573582,3.743000030517578,0.6378083592718805,0.6401527536931195,0.033505034971577,0.0336219449087027,6.825332831263521,0.028622758800044574,3.0
no_rays_poly_no_same_no_xy,filenames_in_cluster_test DBSCAN test nclus 4,-1,9,0.0706800000017437,0.22334000000086,0.4675147285970648,1.6571442756134125,2.914575712394412,7.641206221767565,1.1172347039454983e-06,4.7878387585169e-05,0.0007917752611135,0.0055768002443904,0.0135902360521293,0.015101830803836765,1.760528581973604e-06,8.33145384218388e-05,0.001352327809955,0.0090503521346443,0.0209808308654736,0.026498432651695172,2.0039999485015905,0.25650375321502283,0.2419918848197631,0.0134693392549512,0.012098280929950496,300.33666931702953,0.0034221631999492986,1.0
