subdir,file,cluster,size,all_feats_scaled_to_max_max_x,all_feats_scaled_to_max_max_y,all_feats_scaled_to_max_surf_trapz_x,all_feats_scaled_to_max_surf_trapz_y,all_feats_scaled_to_max_surf_simpson_x,all_feats_scaled_to_max_surf_simpson_y,all_feats_scaled_to_max_x_poly_1,all_feats_scaled_to_max_x_poly_2,all_feats_scaled_to_max_x_poly_3,all_feats_scaled_to_max_x_poly_4,all_feats_scaled_to_max_x_poly_5,all_feats_scaled_to_max_x_poly_6,all_feats_scaled_to_max_y_poly_1,all_feats_scaled_to_max_y_poly_2,all_feats_scaled_to_max_y_poly_3,all_feats_scaled_to_max_y_poly_4,all_feats_scaled_to_max_y_poly_5,all_feats_scaled_to_max_y_poly_6,all_feats_scaled_to_max_duration,all_feats_scaled_to_max_len,all_feats_scaled_to_max_offset,all_feats_scaled_to_max_mean_speed_len,all_feats_scaled_to_max_mean_speed_offset,all_feats_scaled_to_max_len_vs_offset,all_feats_scaled_to_max_total_surf,all_feats_scaled_to_max_monotonous
no_rays_poly_no_same_no_xy,filenames_in_cluster_test DBSCAN test nclus 9,0,600,0.086293866666684,0.11394406666665681,0.8461473084621641,1.0948061719265585,0.8469107435449427,1.0948252518022992,7.318082509128479e-09,-2.639912183267061e-07,-5.428174398815514e-07,6.987796126256824e-05,0.003899988984816356,0.0026021803347706994,1.198934113330963e-08,-9.389545624480038e-07,1.7781149925591637e-05,-5.003911533586097e-05,0.0049451134884504555,0.003996149491220664,19.27987832625707,0.18084713940113215,0.1562074796792441,0.009383508022623329,0.008101193969148882,1.4037590348963482,0.002039286150664626,1.015
no_rays_poly_no_same_no_xy,filenames_in_cluster_test DBSCAN test nclus 9,-1,6,0.029279999999213602,0.06905333333335757,0.24221113128518668,0.6417033399600282,0.6498847398581781,1.6400086320226606,2.5519865623430673e-07,-1.0864732417783028e-05,0.00015136710331169908,-0.000696722541839223,0.00075920760118035,0.0068071730029154835,5.7073204838197656e-08,2.388300373672522e-07,-6.422865305056147e-05,0.0007669423382974335,0.0014221992593816955,0.006191397009046188,19.49583335717519,0.11738385771897834,0.04562557665595477,0.006031542890339049,0.0022928911487973625,60.71637911206749,0.0008830863333560116,0.16666666666666666
