subdir,file,cluster,size,all_feats_scaled_to_max_max_x,all_feats_scaled_to_max_max_y,all_feats_scaled_to_max_surf_trapz_x,all_feats_scaled_to_max_surf_trapz_y,all_feats_scaled_to_max_surf_simpson_x,all_feats_scaled_to_max_surf_simpson_y,all_feats_scaled_to_max_x_poly_1,all_feats_scaled_to_max_x_poly_2,all_feats_scaled_to_max_x_poly_3,all_feats_scaled_to_max_x_poly_4,all_feats_scaled_to_max_x_poly_5,all_feats_scaled_to_max_x_poly_6,all_feats_scaled_to_max_y_poly_1,all_feats_scaled_to_max_y_poly_2,all_feats_scaled_to_max_y_poly_3,all_feats_scaled_to_max_y_poly_4,all_feats_scaled_to_max_y_poly_5,all_feats_scaled_to_max_y_poly_6,all_feats_scaled_to_max_duration,all_feats_scaled_to_max_len,all_feats_scaled_to_max_offset,all_feats_scaled_to_max_mean_speed_len,all_feats_scaled_to_max_mean_speed_offset,all_feats_scaled_to_max_len_vs_offset,all_feats_scaled_to_max_total_surf,all_feats_scaled_to_max_monotonous
no_rays_poly_no_same_no_xy,filenames_in_cluster_test DBSCAN test nclus 8,0,595,0.07504535985706726,0.1139743688697006,0.7842485686870806,1.1480316313130758,0.7844112373301575,1.1481213724034514,3.739415303822672e-07,1.7992601059676684e-05,0.0003029393197438794,0.0020817525893941586,0.007524143078465622,0.006984815368919355,3.9458186913466557e-07,1.937528335640242e-05,0.00033503255226737086,0.0023768104352364606,0.009539699502160656,0.013856592541550193,0.5780304270486692,0.11430828200183915,0.11118197715377501,0.005933295767746521,0.005763915342199878,0.7630722734675969,0.0029945954764484155,1.0490464967589004
no_rays_poly_no_same_no_xy,filenames_in_cluster_test DBSCAN test nclus 8,-1,11,0.1786898021943541,0.06651990234721383,1.6854940476911124,0.5477524476655278,1.7923494054676934,2.117426895581161,3.3698904793429575e-07,1.4582215322977996e-05,0.00021851685913179905,0.0014308361607187126,0.00982967221046093,0.004567387032130189,4.4255958664236024e-07,2.2478070837055565e-05,0.0003962975227627012,0.0026760543036763573,0.006856213827111699,0.007481480714120253,0.5748424655789361,0.1775531077865951,0.1886097456927681,0.00930629652289193,0.009862992009192618,84.0879783387249,0.0013076931498974828,0.8813963377120597
