subdir,file,cluster,size,all_feats_scaled_to_max_max_x,all_feats_scaled_to_max_max_y,all_feats_scaled_to_max_surf_trapz_x,all_feats_scaled_to_max_surf_trapz_y,all_feats_scaled_to_max_surf_simpson_x,all_feats_scaled_to_max_surf_simpson_y,all_feats_scaled_to_max_x_poly_1,all_feats_scaled_to_max_x_poly_2,all_feats_scaled_to_max_x_poly_3,all_feats_scaled_to_max_x_poly_4,all_feats_scaled_to_max_x_poly_5,all_feats_scaled_to_max_x_poly_6,all_feats_scaled_to_max_y_poly_1,all_feats_scaled_to_max_y_poly_2,all_feats_scaled_to_max_y_poly_3,all_feats_scaled_to_max_y_poly_4,all_feats_scaled_to_max_y_poly_5,all_feats_scaled_to_max_y_poly_6,all_feats_scaled_to_max_duration,all_feats_scaled_to_max_len,all_feats_scaled_to_max_offset,all_feats_scaled_to_max_mean_speed_len,all_feats_scaled_to_max_mean_speed_offset,all_feats_scaled_to_max_len_vs_offset,all_feats_scaled_to_max_total_surf,all_feats_scaled_to_max_monotonous
no_rays_poly_no_same_no_xy,filenames_in_cluster_test DBSCAN test nclus 6,0,595,0.4683599999992793,0.5136600000000158,4.41785138415157,4.917083401697562,4.421742177541712,4.931248955961689,3.525702646572654e-06,0.00016980457424781864,0.0029769077517236998,0.020067090441567202,0.0659344179228803,0.053988904308733404,3.7979198167278656e-06,0.00018200870399128632,0.0029547054461805,0.023456840649349803,0.0683135739665881,0.16038470198573582,3.743000030517578,0.5375355253676228,0.5376080191066424,0.027171674980870503,0.0272370212389295,5.923508160357687,0.028622758800044574,3.0
no_rays_poly_no_same_no_xy,filenames_in_cluster_test DBSCAN test nclus 6,-1,11,0.6363600000014458,0.22334000000086,6.0070177580407345,1.6571442756134125,5.984097568182467,7.641206221767565,1.1172347039454983e-06,4.7878387585169e-05,0.0007917752611135,0.0055768002443904,0.038896847056385,0.0162784587890529,1.760528581973604e-06,8.33145384218388e-05,0.0014808853067966,0.010047714322491099,0.0212372295412942,0.0268323768257223,2.0039999485015905,0.6244289018728217,0.6448127536945703,0.0327941540033274,0.03386814544520969,300.34346460577285,0.0034221631999492986,3.0
