subdir,file,cluster,size,all_feats_scaled_to_max_max_x,all_feats_scaled_to_max_max_y,all_feats_scaled_to_max_surf_trapz_x,all_feats_scaled_to_max_surf_trapz_y,all_feats_scaled_to_max_surf_simpson_x,all_feats_scaled_to_max_surf_simpson_y,all_feats_scaled_to_max_x_poly_1,all_feats_scaled_to_max_x_poly_2,all_feats_scaled_to_max_x_poly_3,all_feats_scaled_to_max_x_poly_4,all_feats_scaled_to_max_x_poly_5,all_feats_scaled_to_max_x_poly_6,all_feats_scaled_to_max_y_poly_1,all_feats_scaled_to_max_y_poly_2,all_feats_scaled_to_max_y_poly_3,all_feats_scaled_to_max_y_poly_4,all_feats_scaled_to_max_y_poly_5,all_feats_scaled_to_max_y_poly_6,all_feats_scaled_to_max_duration,all_feats_scaled_to_max_len,all_feats_scaled_to_max_offset,all_feats_scaled_to_max_mean_speed_len,all_feats_scaled_to_max_mean_speed_offset,all_feats_scaled_to_max_len_vs_offset,all_feats_scaled_to_max_total_surf,all_feats_scaled_to_max_monotonous
no_rays_poly_no_same_no_xy,filenames_in_cluster_test KMeans test nclus 2,1,423,0.006667292824917653,0.0022310704864500464,0.7149424006261753,0.1535687327847389,0.7147640534688651,0.15363584570576408,1.2447665582662202e-13,2.836705656411644e-10,8.008100894398953e-08,3.909529858750249e-06,5.84419689054192e-05,4.4653751763187794e-05,1.0551428874182101e-13,2.389291467921002e-10,6.789230438315097e-08,3.395984612920807e-06,4.177768040054229e-05,0.00020195027696929088,0.2927332190341639,0.007581450667852554,0.006494859212844273,2.0546518100269978e-05,1.7485018971609585e-05,215.1701213122687,3.561948945102469e-06,0.9056329605597752
no_rays_poly_no_same_no_xy,filenames_in_cluster_test KMeans test nclus 2,0,183,0.004742498597445598,0.00861345041378449,0.5138622518786804,0.8118234952389193,0.5398023935763716,0.9513442020128687,1.7195765396973815e-13,4.0441372339828686e-10,1.1441015906073955e-07,5.1027096591836866e-06,5.423015184811376e-05,5.640267094986468e-05,2.739963067512575e-13,6.984152391718645e-10,2.1609188139267147e-07,1.0652043240076071e-05,0.000134703061356949,0.00015548508993791645,0.42051376645411687,0.00844284950314381,0.009398561133850857,2.3178974785575535e-05,2.5682314111727283e-05,0.1782128693951845,1.6418109964454098e-05,1.3238376780435368
