subdir,file,cluster,size,all_feats_scaled_to_max_max_x,all_feats_scaled_to_max_max_y,all_feats_scaled_to_max_surf_trapz_x,all_feats_scaled_to_max_surf_trapz_y,all_feats_scaled_to_max_surf_simpson_x,all_feats_scaled_to_max_surf_simpson_y,all_feats_scaled_to_max_x_poly_1,all_feats_scaled_to_max_x_poly_2,all_feats_scaled_to_max_x_poly_3,all_feats_scaled_to_max_x_poly_4,all_feats_scaled_to_max_x_poly_5,all_feats_scaled_to_max_x_poly_6,all_feats_scaled_to_max_y_poly_1,all_feats_scaled_to_max_y_poly_2,all_feats_scaled_to_max_y_poly_3,all_feats_scaled_to_max_y_poly_4,all_feats_scaled_to_max_y_poly_5,all_feats_scaled_to_max_y_poly_6,all_feats_scaled_to_max_duration,all_feats_scaled_to_max_len,all_feats_scaled_to_max_offset,all_feats_scaled_to_max_mean_speed_len,all_feats_scaled_to_max_mean_speed_offset,all_feats_scaled_to_max_len_vs_offset,all_feats_scaled_to_max_total_surf,all_feats_scaled_to_max_monotonous
no_rays_poly_no_same_no_xy,filenames_in_cluster_train DBSCAN test nclus 4,0,855,0.027051359269811462,0.04661517864621139,0.029223729187513304,0.04234761159103816,0.027897162262389943,0.038387783033516046,0.00856676768553553,0.009324901113815724,0.009679480220300863,0.00893855164554014,0.011293031617923784,0.0097119291741309,0.008886605166109854,0.008396524101301666,0.008248554645505524,0.007498942607610222,0.02036248180972453,0.006741497621063407,0.015190844672003302,0.0467774545744343,0.04947584869168549,0.04619354376078081,0.04912249080982489,0.015099558285164901,0.012870298453266487,0.1344413665743306
no_rays_poly_no_same_no_xy,filenames_in_cluster_train DBSCAN test nclus 4,-1,5,0.11352459091170501,0.1683990771148257,0.11220804383344914,0.15024400766683083,0.1392606219463334,0.1292381035477771,0.10395336478769913,0.1055666704488252,0.11213539112420526,0.1255729829357234,0.12149974164514517,0.14082868361893475,0.1354375847693894,0.19349760709561808,0.14501391350414752,0.13916195316592087,0.13899697729827676,0.15319322264435709,0.13521112227174148,0.1282214774646227,0.1449034268145243,0.14213179286146407,0.14514318067091553,0.10458306741380273,0.14066663485159706,0.16000000000000003
