subdir,file,cluster,size,all_feats_scaled_to_max_max_x,all_feats_scaled_to_max_max_y,all_feats_scaled_to_max_surf_trapz_x,all_feats_scaled_to_max_surf_trapz_y,all_feats_scaled_to_max_surf_simpson_x,all_feats_scaled_to_max_surf_simpson_y,all_feats_scaled_to_max_x_poly_1,all_feats_scaled_to_max_x_poly_2,all_feats_scaled_to_max_x_poly_3,all_feats_scaled_to_max_x_poly_4,all_feats_scaled_to_max_x_poly_5,all_feats_scaled_to_max_x_poly_6,all_feats_scaled_to_max_y_poly_1,all_feats_scaled_to_max_y_poly_2,all_feats_scaled_to_max_y_poly_3,all_feats_scaled_to_max_y_poly_4,all_feats_scaled_to_max_y_poly_5,all_feats_scaled_to_max_y_poly_6,all_feats_scaled_to_max_duration,all_feats_scaled_to_max_len,all_feats_scaled_to_max_offset,all_feats_scaled_to_max_mean_speed_len,all_feats_scaled_to_max_mean_speed_offset,all_feats_scaled_to_max_len_vs_offset,all_feats_scaled_to_max_total_surf,all_feats_scaled_to_max_monotonous
no_rays_poly_no_same_no_xy,filenames_in_cluster_test DBSCAN test nclus 2,0,602,0.12212888580458052,0.22133279131492425,0.13395568267038543,0.23262560320789066,0.1351927578163447,0.1527051757014008,0.10546483198391467,0.1053655347247361,0.10122884941416356,0.1033328407750829,0.11521104652628329,0.12879710446934076,0.10432869120478148,0.10713837079875192,0.11284263387137468,0.10196182829123912,0.13926514829577655,0.08592352231414029,0.15397003789809188,0.1814727930834215,0.17597125267756186,0.17937288652402963,0.17376613756049855,0.11158731246106116,0.10417544016474033,0.3500497480089717
no_rays_poly_no_same_no_xy,filenames_in_cluster_test DBSCAN test nclus 2,-1,4,0.4402459032437509,0.41120466177758264,0.40187265210529716,0.40374242551906897,0.40190783740929253,0.4038128680314925,0.4181407415314347,0.4205400132122661,0.4261962254826319,0.42539947448479687,0.39134615928063116,0.39129411786020357,0.3792748267797056,0.36895848468724185,0.4013742215312081,0.3557626851981907,0.3807216895398082,0.4231136708747137,0.4090496355979316,0.401773587233015,0.4199465788693991,0.40408473577299603,0.42075630674817494,0.4235834484007897,0.41137318152837765,nan
