subdir,file,cluster,size,all_feats_scaled_to_max_max_x,all_feats_scaled_to_max_max_y,all_feats_scaled_to_max_surf_trapz_x,all_feats_scaled_to_max_surf_trapz_y,all_feats_scaled_to_max_surf_simpson_x,all_feats_scaled_to_max_surf_simpson_y,all_feats_scaled_to_max_x_poly_1,all_feats_scaled_to_max_x_poly_2,all_feats_scaled_to_max_x_poly_3,all_feats_scaled_to_max_x_poly_4,all_feats_scaled_to_max_x_poly_5,all_feats_scaled_to_max_x_poly_6,all_feats_scaled_to_max_y_poly_1,all_feats_scaled_to_max_y_poly_2,all_feats_scaled_to_max_y_poly_3,all_feats_scaled_to_max_y_poly_4,all_feats_scaled_to_max_y_poly_5,all_feats_scaled_to_max_y_poly_6,all_feats_scaled_to_max_duration,all_feats_scaled_to_max_len,all_feats_scaled_to_max_offset,all_feats_scaled_to_max_mean_speed_len,all_feats_scaled_to_max_mean_speed_offset,all_feats_scaled_to_max_len_vs_offset,all_feats_scaled_to_max_total_surf,all_feats_scaled_to_max_monotonous
no_rays_poly_no_same_no_xy,filenames_in_cluster_test DBSCAN test nclus 4,0,597,0.12232331163184036,0.221658117519864,0.134207945075044,0.23317761766056713,0.13469052142064644,0.23252588355066772,0.10589272839902616,0.10579121990241216,0.10160037656479112,0.10357756057004386,0.11517152301944197,0.12920004320409442,0.10375283550179597,0.10631370962146316,0.11325796953503803,0.10127735848107869,0.13954679963939437,0.08626544815260329,0.15428351533400106,0.18153091147738257,0.1764333804829024,0.1794467161049103,0.17424488028023172,0.11816723577128724,0.10449780674422525,0.35041619825409787
no_rays_poly_no_same_no_xy,filenames_in_cluster_test DBSCAN test nclus 4,-1,9,0.3049061276612861,0.3268792485966881,0.3403440396197477,0.3649716498775461,0.3017733525058106,0.3036728067260819,0.3308441670754535,0.3341303262869291,0.3025314429445949,0.2799721626980564,0.28952415807338244,0.28060650265363846,0.27038571164819264,0.2856896864102405,0.3033133530219047,0.2922553252286699,0.31002956086378136,0.303608267575672,0.30214964578609144,0.3791227527611943,0.30565849608295603,0.3728519996583397,0.30541583845406833,0.304529815201423,0.35214836606856864,0.31426968052735443
