subdir,file,cluster,size,all_feats_scaled_to_max_max_x,all_feats_scaled_to_max_max_y,all_feats_scaled_to_max_surf_trapz_x,all_feats_scaled_to_max_surf_trapz_y,all_feats_scaled_to_max_surf_simpson_x,all_feats_scaled_to_max_surf_simpson_y,all_feats_scaled_to_max_x_poly_1,all_feats_scaled_to_max_x_poly_2,all_feats_scaled_to_max_x_poly_3,all_feats_scaled_to_max_x_poly_4,all_feats_scaled_to_max_x_poly_5,all_feats_scaled_to_max_x_poly_6,all_feats_scaled_to_max_y_poly_1,all_feats_scaled_to_max_y_poly_2,all_feats_scaled_to_max_y_poly_3,all_feats_scaled_to_max_y_poly_4,all_feats_scaled_to_max_y_poly_5,all_feats_scaled_to_max_y_poly_6,all_feats_scaled_to_max_duration,all_feats_scaled_to_max_len,all_feats_scaled_to_max_offset,all_feats_scaled_to_max_mean_speed_len,all_feats_scaled_to_max_mean_speed_offset,all_feats_scaled_to_max_len_vs_offset,all_feats_scaled_to_max_total_surf,all_feats_scaled_to_max_monotonous
no_rays_poly_no_same_no_xy,filenames_in_cluster_test DBSCAN test nclus 3,0,601,0.006132420790246628,0.01292443482501849,0.6580893675688503,1.3098943094480247,0.6579411544918659,1.3100960841029008,1.3849205490112295e-13,3.2062959304404155e-10,9.095335618371327e-08,4.305127246075511e-06,5.7703067660850304e-05,4.843293451436924e-05,1.5685001379070416e-13,3.79649721352147e-10,1.1379959064734876e-07,5.7011042379184145e-06,9.04559058203053e-05,0.00019022687440772184,0.3318206898008421,0.01341246186537798,0.01281358215953498,3.6165584704819274e-05,3.447477058594406e-05,1.0093751753394544,8.904133639300794e-06,1.104648104517983
no_rays_poly_no_same_no_xy,filenames_in_cluster_test DBSCAN test nclus 3,-1,5,0.000635690496003305,0.007590620096032405,0.03224579284414909,0.49003800165116507,1.2405487380544922,8.51941904613235,2.0112479706790168e-13,3.5631110709051644e-10,6.816484722784521e-08,1.99185312459988e-06,9.332390043078949e-06,1.947352487041532e-05,1.0876667027857496e-13,1.9780504323810417e-10,4.229592469923523e-08,2.4713578798676416e-06,5.0562864807622955e-05,0.0001009762732786012,0.5016649631720019,0.011108678243176373,0.008928071858409398,2.9652320586250428e-05,2.228198010123474e-05,13342.148917993962,1.573653470467911e-06,0.16000000000000006
