subdir,file,cluster,size,all_feats_scaled_to_max_max_x,all_feats_scaled_to_max_max_y,all_feats_scaled_to_max_surf_trapz_x,all_feats_scaled_to_max_surf_trapz_y,all_feats_scaled_to_max_surf_simpson_x,all_feats_scaled_to_max_surf_simpson_y,all_feats_scaled_to_max_x_poly_1,all_feats_scaled_to_max_x_poly_2,all_feats_scaled_to_max_x_poly_3,all_feats_scaled_to_max_x_poly_4,all_feats_scaled_to_max_x_poly_5,all_feats_scaled_to_max_x_poly_6,all_feats_scaled_to_max_y_poly_1,all_feats_scaled_to_max_y_poly_2,all_feats_scaled_to_max_y_poly_3,all_feats_scaled_to_max_y_poly_4,all_feats_scaled_to_max_y_poly_5,all_feats_scaled_to_max_y_poly_6,all_feats_scaled_to_max_duration,all_feats_scaled_to_max_len,all_feats_scaled_to_max_offset,all_feats_scaled_to_max_mean_speed_len,all_feats_scaled_to_max_mean_speed_offset,all_feats_scaled_to_max_len_vs_offset,all_feats_scaled_to_max_total_surf,all_feats_scaled_to_max_monotonous
no_rays_poly_no_same_no_xy,filenames_in_cluster_test DBSCAN test nclus 3,0,601,0.08616133111482266,0.11376555740431574,0.8448481751036686,1.0930880022063143,0.8456105244558128,1.0931065315665334,7.190152205039017e-09,-2.59294420275735e-07,-5.721352846248636e-07,6.950319232781222e-05,0.0038953697960988484,0.0026055581693152094,1.209848543691721e-08,-9.445586636662231e-07,1.788002916021293e-05,-5.069249200249681e-05,0.0049368916645602424,0.00399676569864191,19.27938601617607,0.180581263762239,0.15595107137098552,0.009369740352445942,0.008087899037547766,1.4180583271054732,0.0020359469171360636,1.0133111480865225
no_rays_poly_no_same_no_xy,filenames_in_cluster_test DBSCAN test nclus 3,-1,5,0.03380799999945334,0.08153200000009514,0.27757972554094906,0.7576067739400625,0.7667658736342576,1.9556354804057712,3.2015199353089595e-07,-1.3549435783401029e-05,0.00018527309240016143,-0.0008049954165019076,0.0006862778082975401,0.007242155824294301,5.297083228554406e-08,1.1479999237602477e-06,-9.251589764727124e-05,0.0010088745043537201,0.00170587964517156,0.006556378380577485,19.598200035095214,0.13664945317750202,0.05432947470397542,0.00701602381920414,0.002729281363181275,70.8601282039649,0.0010532222400274935,0.2
