subdir,file,cluster,size,all_feats_scaled_to_max_max_x,all_feats_scaled_to_max_max_y,all_feats_scaled_to_max_surf_trapz_x,all_feats_scaled_to_max_surf_trapz_y,all_feats_scaled_to_max_surf_simpson_x,all_feats_scaled_to_max_surf_simpson_y,all_feats_scaled_to_max_x_poly_1,all_feats_scaled_to_max_x_poly_2,all_feats_scaled_to_max_x_poly_3,all_feats_scaled_to_max_x_poly_4,all_feats_scaled_to_max_x_poly_5,all_feats_scaled_to_max_x_poly_6,all_feats_scaled_to_max_y_poly_1,all_feats_scaled_to_max_y_poly_2,all_feats_scaled_to_max_y_poly_3,all_feats_scaled_to_max_y_poly_4,all_feats_scaled_to_max_y_poly_5,all_feats_scaled_to_max_y_poly_6,all_feats_scaled_to_max_duration,all_feats_scaled_to_max_len,all_feats_scaled_to_max_offset,all_feats_scaled_to_max_mean_speed_len,all_feats_scaled_to_max_mean_speed_offset,all_feats_scaled_to_max_len_vs_offset,all_feats_scaled_to_max_total_surf,all_feats_scaled_to_max_monotonous
no_rays_poly_no_same_no_xy,filenames_in_cluster_test DBSCAN test nclus 3,0,601,0.07830977455111608,0.113685684345121,0.8112270752192942,1.1445061421626468,0.8111357189101377,1.1445942879915576,3.721452067421035e-07,1.7906132833307184e-05,0.0003015847412978867,0.0020748800558286523,0.0075962535279472014,0.006959377451638131,3.960429443768746e-07,1.9484602160479105e-05,0.0003373419491367013,0.0023876985232475258,0.009510830974226453,0.013792275896592333,0.576038791923636,0.11581218357918126,0.11319709430694314,0.006013782894719369,0.005871521999102453,1.0046766521321446,0.0029839794971314388,1.0510224091416809
no_rays_poly_no_same_no_xy,filenames_in_cluster_test DBSCAN test nclus 3,-1,5,0.025212903363224654,0.08712416482258183,0.17957113588811843,0.7000271435102821,1.1137992359732036,2.918804386411044,4.4846939368021723e-07,1.8876204785139316e-05,0.00026108398500835934,0.0014113302677261194,0.0030548960772960754,0.004412881696852446,3.2979792339942795e-07,1.4064318086494779e-05,0.0002056597303782032,0.0015720553043285855,0.007110756978523662,0.010048695103275907,0.7082831094781252,0.10539771460129661,0.09448847473850659,0.005445394438077965,0.00472037923277725,115.50822013170301,0.0012544534548830065,0.4000000000000001
