subdir,file,cluster,size,all_feats_scaled_to_max_max_x,all_feats_scaled_to_max_max_y,all_feats_scaled_to_max_surf_trapz_x,all_feats_scaled_to_max_surf_trapz_y,all_feats_scaled_to_max_surf_simpson_x,all_feats_scaled_to_max_surf_simpson_y,all_feats_scaled_to_max_x_poly_1,all_feats_scaled_to_max_x_poly_2,all_feats_scaled_to_max_x_poly_3,all_feats_scaled_to_max_x_poly_4,all_feats_scaled_to_max_x_poly_5,all_feats_scaled_to_max_x_poly_6,all_feats_scaled_to_max_y_poly_1,all_feats_scaled_to_max_y_poly_2,all_feats_scaled_to_max_y_poly_3,all_feats_scaled_to_max_y_poly_4,all_feats_scaled_to_max_y_poly_5,all_feats_scaled_to_max_y_poly_6,all_feats_scaled_to_max_duration,all_feats_scaled_to_max_len,all_feats_scaled_to_max_offset,all_feats_scaled_to_max_mean_speed_len,all_feats_scaled_to_max_mean_speed_offset,all_feats_scaled_to_max_len_vs_offset,all_feats_scaled_to_max_total_surf,all_feats_scaled_to_max_monotonous
no_rays_poly_no_same_no_xy,filenames_in_cluster_test KMeans test nclus 2,1,423,0.016243035585954833,0.04168807377453894,0.019521977523981483,0.04325853392242868,0.019662450122724433,0.0431551796509678,0.010693894884099652,0.012011080181702908,0.014757782601706949,0.010039583525450313,0.013443132703640745,0.015319652931466482,0.009608109877423873,0.009852365156401262,0.009233286804596412,0.007739524751467232,0.009366624558542124,0.011962902090608608,0.021096940427784212,0.01863682381373246,0.015620772375054794,0.01830282317241964,0.015243450174381112,0.002385314192471346,0.023702430195752144,0.10062588450664169
no_rays_poly_no_same_no_xy,filenames_in_cluster_test KMeans test nclus 2,0,183,0.02529480981510032,0.05009482585370887,0.026559178828240937,0.05691641487859364,0.02784870937618538,0.022165184147640307,0.015746956724883014,0.014025782957063224,0.012910225720420635,0.014133787938787942,0.030485638295834536,0.02666777538360733,0.01899560481533829,0.021082853573366075,0.024751986833226984,0.02437863723980079,0.035413239261913476,0.006059507006289136,0.03130633794534493,0.047363668590950155,0.04318697722117155,0.05121078766218325,0.046490632625607334,0.025654861426769773,0.020446348697333888,0.14709307533817076
