subdir,file,cluster,size,all_feats_scaled_to_max_max_x,all_feats_scaled_to_max_max_y,all_feats_scaled_to_max_surf_trapz_x,all_feats_scaled_to_max_surf_trapz_y,all_feats_scaled_to_max_surf_simpson_x,all_feats_scaled_to_max_surf_simpson_y,all_feats_scaled_to_max_x_poly_1,all_feats_scaled_to_max_x_poly_2,all_feats_scaled_to_max_x_poly_3,all_feats_scaled_to_max_x_poly_4,all_feats_scaled_to_max_x_poly_5,all_feats_scaled_to_max_x_poly_6,all_feats_scaled_to_max_y_poly_1,all_feats_scaled_to_max_y_poly_2,all_feats_scaled_to_max_y_poly_3,all_feats_scaled_to_max_y_poly_4,all_feats_scaled_to_max_y_poly_5,all_feats_scaled_to_max_y_poly_6,all_feats_scaled_to_max_duration,all_feats_scaled_to_max_len,all_feats_scaled_to_max_offset,all_feats_scaled_to_max_mean_speed_len,all_feats_scaled_to_max_mean_speed_offset,all_feats_scaled_to_max_len_vs_offset,all_feats_scaled_to_max_total_surf,all_feats_scaled_to_max_monotonous
no_rays_poly_no_same_no_xy,filenames_in_cluster_test DBSCAN test nclus 3,0,601,0.12222915426011313,0.22132477581497004,0.13405061604465593,0.2327611815100635,0.1345336706389629,0.23211042440025004,0.10555206835263517,0.10545141620963848,0.10130805737035756,0.10339715475297415,0.11520923012973441,0.12890384683195658,0.1042789114800452,0.10705313390623303,0.11272101724932013,0.10179113883837165,0.13922315027578797,0.0859949591565097,0.15389761881567016,0.1815783407282275,0.1760324717738264,0.1794889305389767,0.17384269909000408,0.11166460763916038,0.10425198765699664,0.350340803047227
no_rays_poly_no_same_no_xy,filenames_in_cluster_test DBSCAN test nclus 3,-1,5,0.3585452696684983,0.39245119289304087,0.38779400642251405,0.4265443653468569,0.3827151988797475,0.38280342320185706,0.4041912306819177,0.4142387194996971,0.4047871617619712,0.35992790205956326,0.3195764601347874,0.3398053834793404,0.32469671286487883,0.3275316196036196,0.36264168739295116,0.36404426491440184,0.33891684386175763,0.38104788321527266,0.38161806565664264,0.41770177723525465,0.39046133637449093,0.41107354663387835,0.39016941829243545,0.3845957950934549,0.3679805379035294,0.4000000000000001
