subdir,file,cluster,size,all_feats_scaled_to_max_max_x,all_feats_scaled_to_max_max_y,all_feats_scaled_to_max_surf_trapz_x,all_feats_scaled_to_max_surf_trapz_y,all_feats_scaled_to_max_surf_simpson_x,all_feats_scaled_to_max_surf_simpson_y,all_feats_scaled_to_max_x_poly_1,all_feats_scaled_to_max_x_poly_2,all_feats_scaled_to_max_x_poly_3,all_feats_scaled_to_max_x_poly_4,all_feats_scaled_to_max_x_poly_5,all_feats_scaled_to_max_x_poly_6,all_feats_scaled_to_max_y_poly_1,all_feats_scaled_to_max_y_poly_2,all_feats_scaled_to_max_y_poly_3,all_feats_scaled_to_max_y_poly_4,all_feats_scaled_to_max_y_poly_5,all_feats_scaled_to_max_y_poly_6,all_feats_scaled_to_max_duration,all_feats_scaled_to_max_len,all_feats_scaled_to_max_offset,all_feats_scaled_to_max_mean_speed_len,all_feats_scaled_to_max_mean_speed_offset,all_feats_scaled_to_max_len_vs_offset,all_feats_scaled_to_max_total_surf,all_feats_scaled_to_max_monotonous
no_rays_poly_no_same_no_xy,filenames_in_cluster_train DBSCAN test nclus 10,0,852,0.08110450704226808,0.10347704225351359,0.783307408054611,0.9980576074866851,0.7826331499589825,0.9961962288476103,-1.977752012024761e-09,7.566428003571965e-08,-4.161368003169838e-06,9.71882305502723e-05,0.0033528940900657495,0.0023991902992653315,-1.0701680259470421e-08,5.423117122563565e-07,-1.3485120032265117e-05,0.00018135511785138443,0.004192020229065866,0.0025978014763061645,19.290037556153507,0.1624674744892271,0.14328315567887798,0.008414900632182771,0.007423508806159359,1.4236313485735053,0.0017339281779359713,1.1091549295774648
no_rays_poly_no_same_no_xy,filenames_in_cluster_train DBSCAN test nclus 10,-1,8,0.06349500000020211,0.06045750000005508,0.6355501432688802,0.6520173290063317,-0.11220648675226438,0.5747459120770431,-6.369956576386191e-08,3.0236915380504645e-06,-4.523235243839547e-05,0.0003236417361776,-0.0006788935007476872,0.022764277257394248,-1.2139085897207218e-07,7.4236850093356215e-06,-0.0001612843855090123,0.0013280029866719085,-0.0013787543013398884,0.01875679687679609,19.798624992370605,0.16817125818804085,0.04003060511373738,0.008347823406435901,0.0019926876852743754,10.828928739803164,0.001678693500025625,0.125
