subdir,file,cluster,size,all_feats_scaled_to_max_max_x,all_feats_scaled_to_max_max_y,all_feats_scaled_to_max_surf_trapz_x,all_feats_scaled_to_max_surf_trapz_y,all_feats_scaled_to_max_surf_simpson_x,all_feats_scaled_to_max_surf_simpson_y,all_feats_scaled_to_max_x_poly_1,all_feats_scaled_to_max_x_poly_2,all_feats_scaled_to_max_x_poly_3,all_feats_scaled_to_max_x_poly_4,all_feats_scaled_to_max_x_poly_5,all_feats_scaled_to_max_x_poly_6,all_feats_scaled_to_max_y_poly_1,all_feats_scaled_to_max_y_poly_2,all_feats_scaled_to_max_y_poly_3,all_feats_scaled_to_max_y_poly_4,all_feats_scaled_to_max_y_poly_5,all_feats_scaled_to_max_y_poly_6,all_feats_scaled_to_max_duration,all_feats_scaled_to_max_len,all_feats_scaled_to_max_offset,all_feats_scaled_to_max_mean_speed_len,all_feats_scaled_to_max_mean_speed_offset,all_feats_scaled_to_max_len_vs_offset,all_feats_scaled_to_max_total_surf,all_feats_scaled_to_max_monotonous
no_rays_poly_no_same_no_xy,filenames_in_cluster_test DBSCAN test nclus 2,0,602,0.086146644518286,0.11395863787374466,0.8443299603420402,1.0941282720459604,0.8491561129257734,1.1040865549557495,7.144971500567626e-09,-2.5510124326816895e-07,-6.939401648039942e-07,7.123254284969587e-05,0.0038826216412178663,0.0026048827715339693,1.1272196070435742e-08,-8.992192945243463e-07,1.702953360036042e-05,-4.3793384682826906e-05,0.004918429984047158,0.00399712167197013,19.280584710777003,0.18068678212198797,0.1560945610943219,0.009374449347686928,0.008094590215792752,1.4173760208144188,0.0020342552425232263,1.0132890365448506
no_rays_poly_no_same_no_xy,filenames_in_cluster_test DBSCAN test nclus 2,-1,4,0.022929999999377025,0.0444149999999865,0.21375393477532648,0.5171758560067609,0.213443646199774,0.518774197538545,4.0519214988530497e-07,-1.750304426382103e-05,0.00025006603378831726,-0.0012838873222528345,0.00180260212093515,0.00850295260411575,1.8754546865316122e-07,-5.152435485235582e-06,7.884702408660949e-06,0.00023545060183244998,0.0036766095575434,0.007142707565164232,19.497500002384186,0.1097859873891026,0.007328872175101,0.005718890902125224,0.0003826046187189435,88.32333276998347,0.001062138099982342,0.0
