window_size,vehicle,ride,start,scale,scale x,scale y,offset,offset x,offset y,no scale,no scale x,no scale y,only offset,only offset x,only offset y,
20,Vehicle_17,8694095,0,0.008867176101801561,0.004214162604526456,0.00707610156453149,0.010031145305885284,0.005107932273632675,0.007770357274379806,0.008867176101801561,0.004214162604526456,0.00707610156453149,0.010031145305885284,0.005107932273632675,0.007770357274379806,
20,Vehicle_17,8694095,20,0.010917763878103462,0.0062911176966578795,0.007419914675595963,0.012225702352757314,0.007179071427282047,0.008429628397981568,0.010917763878103462,0.0062911176966578795,0.007419914675595963,0.012225702352757314,0.007179071427282047,0.008429628397981568,
20,Vehicle_17,8694095,40,0.013760246434578786,0.00851982071459727,0.008992199999472797,0.01420791784318718,0.008989883407521024,0.008951963101309697,0.013760246434578786,0.00851982071459727,0.008992199999472797,0.01420791784318718,0.008989883407521024,0.008951963101309697,
20,Vehicle_17,8694095,60,0.012125507345433696,0.007091105734378244,0.008372318619559279,0.012924455922070567,0.00778570048813411,0.008727918842926863,0.012125507345433696,0.007091105734378244,0.008372318619559279,0.012924455922070567,0.00778570048813411,0.008727918842926863,
20,Vehicle_17,8694095,80,0.009188616021510842,0.004508578493102782,0.0071519734345818365,0.01052722881280358,0.005601814338169569,0.007808145820446184,0.009188616021510842,0.004508578493102782,0.0071519734345818365,0.01052722881280358,0.005601814338169569,0.007808145820446184,
20,Vehicle_17,8694095,100,0.009056256276442598,0.004329472091177741,0.007181563591088944,0.010377218293213307,0.005455265877774959,0.007866519913010163,0.009056256276442598,0.004329472091177741,0.007181563591088944,0.010377218293213307,0.005455265877774959,0.007866519913010163,
