window_size,vehicle,ride,start,scale,scale x,scale y,offset,offset x,offset y,no scale,no scale x,no scale y,only offset,only offset x,only offset y,
20,Vehicle_17,8577509,0,0.013524181818233205,0.008622928121844144,0.008794089165376807,0.013131535794972442,0.008158001859345227,0.008717941298246877,0.00027246495857723797,0.00017677672767683338,0.00017677587592386678,0.001041653479227712,0.0006997904863602115,0.0006384127408572507,
20,Vehicle_17,8577509,20,0.016848154512471958,0.011661985825168152,0.009849569230127479,0.018012075169745043,0.012261629684573082,0.010865985102656451,0.0006497082931563064,0.0004276418364607928,0.0004276408991211499,0.001692699209887413,0.0009363221313596302,0.0012591762257261015,
20,Vehicle_17,8577509,40,0.019672344388856153,0.011418006521636036,0.01390116777391989,0.020229131089282242,0.011609891073717309,0.014336512225086862,0.0004610679830108664,0.00033183473741289554,0.0002725588846508451,0.0015191052125934816,0.0008842548861025325,0.001082184331869413,
20,Vehicle_17,8577509,60,0.010938930013298733,0.005811960245323914,0.00826393244299347,0.012884039702904141,0.00701397009899001,0.009676953933123443,0.0004610902570381378,0.0002725675412894883,0.00033185515104791185,0.0009548445611765516,0.0006159366010460459,0.0006159486047008457,
