window_size,vehicle,ride,start,offset,offset x,offset y,scale,scale x,scale y,no scale,no scale x,no scale y,only offset,only offset x,only offset y,
20,Vehicle_12,8575983,0,0.012028824112391204,0.008289661512561705,0.006926925683632436,0.01193822712636072,0.008266965827061887,0.00680986708948319,0.0006999519340687278,0.0005176131575604453,0.00028973411456404075,0.0011940791309873727,0.0008611563209893363,0.0006648110548987454,
20,Vehicle_12,8575983,20,0.012149171185341038,0.007960802036670895,0.007280208204036242,0.01211201777028165,0.00798793748378745,0.00720785940684491,0.0023513980482211534,0.0015672406824702898,0.0012961530238609952,0.003107304347465238,0.002066639861471044,0.0018730414533731636,
20,Vehicle_12,8575983,40,0.015897775302236277,0.010172825373811418,0.009973962555252656,0.01543106989023326,0.009890915748977196,0.009570709104526735,0.0006944419110345946,0.0004459655558299718,0.0003726128908418025,0.0008873456790123456,0.0004868583642523484,0.0006252077867807138,
20,Vehicle_12,8575983,60,0.01225170265183439,0.00790098112978726,0.00749550110908285,0.012276423419687198,0.007971347178269493,0.007466580157003092,0.0011831023872976689,0.0007703245006805945,0.0006268877256846195,0.0016940074365047024,0.0010780501894290101,0.0010519398018812996,
20,Vehicle_12,8575983,80,0.011567700416211047,0.007960243055038159,0.006707633860765461,0.011240503341979312,0.007701360660687947,0.0064536572786847626,0.0010826427815525913,0.000754427216874341,0.0005148994688723542,0.00169283519522478,0.0011682433572842688,0.00097902195218056,
20,Vehicle_12,8575983,100,0.012360680673867938,0.008546942213128822,0.0071964012687496795,0.011924926047153795,0.008466415045646873,0.006670287570357286,0.0007693373796074963,0.0005432858974691617,0.0003765790384074627,0.001270946005840131,0.0009156861801007921,0.0007029932733061001,
20,Vehicle_12,8575983,120,0.028070075563037852,0.018919803190479433,0.01689707516220169,0.028464623295344372,0.019048705696825527,0.017258710929357483,0.0002642700559724343,0.00015370346626686633,0.00015359353989605898,0.0015046296296296294,0.0009697130425197776,0.0009555916920651314,
20,Vehicle_12,8575983,140,0.014541235320694608,0.010269039712406933,0.008284887942320096,0.013512062530505669,0.009475212616377826,0.007629305416955572,0.00035604573447580974,0.00025575096320806757,0.0001836727929884734,0.0007716049382716049,0.00046086885122507493,0.000515221939682078,
