window_size,vehicle,ride,start,scale,scale x,scale y,offset,offset x,offset y,no scale,no scale x,no scale y,only offset,only offset x,only offset y,
20,Vehicle_16,9177298,0,0.010925155968123625,0.005954560513490426,0.00789260276791857,0.010995286970727157,0.005921340074844472,0.00806870182994303,0.0003729497642793535,0.00015920511303488879,0.0002917181745423054,0.0009566326530612244,0.0006281998333642591,0.0005802146944468159,
20,Vehicle_16,9177298,20,0.008909697100303118,0.004263771487460472,0.007025701226910843,0.010352775238039225,0.005403050897023903,0.00784545649448852,0.0060920609768248925,0.0029041071952788707,0.004803414935133369,0.006754062488043563,0.0034478485257383213,0.005202878246354162,
20,Vehicle_16,9177298,40,0.0151604419529233,0.0092283516523189,0.010044815607993685,0.015631430526468204,0.0094466925763686,0.010463440110966254,0.0053511520971947025,0.003433815529703379,0.003290892224033073,0.005820632571422514,0.0034357506659587794,0.003949497060133041,
20,Vehicle_16,9177298,60,0.009736940011084683,0.00496118777708365,0.007385478705772686,0.010406295100569968,0.005489134441982693,0.00779726079492651,0.0028388176309875504,0.0012988905069218353,0.0022238107750261692,0.0036431004588272143,0.0019125024643864086,0.0027294056269212747,
