subdir,file,cluster,size,28all_distances_scaled_to_max_trajs_distances_offset,28all_distances_scaled_to_max_trajs_distances_offset x,28all_distances_scaled_to_max_trajs_distances_offset y,28all_nums_scaled_to_max_trajs_num_intersections_offset,8all_distances_scaled_to_max_trajs_distances_offset,8all_distances_scaled_to_max_trajs_distances_offset x,8all_distances_scaled_to_max_trajs_distances_offset y,8all_nums_scaled_to_max_trajs_num_intersections_offset
only_rays_size_8_,filenames_in_cluster_test KMeans test nclus 7,2,122,0.24218457698486637,0.3094523905442713,0.230058186843065,inf,0.3776784052652581,0.29780167417352366,0.4605300510391054,inf
only_rays_size_8_,filenames_in_cluster_test KMeans test nclus 7,0,198,0.17928866712981117,0.1791585317628762,0.20629474565609762,0.27373085086715654,0.3109757633248225,0.4064199814881712,0.2194068607580865,0.27373085086715654
only_rays_size_8_,filenames_in_cluster_test KMeans test nclus 7,4,138,0.18270526160122214,0.20318183495824937,0.1911235921560345,0.3215669012844455,0.22801826798851407,0.2091141401791705,0.24958817335239383,0.3215669012844455
only_rays_size_8_,filenames_in_cluster_test KMeans test nclus 7,6,79,0.260550209314803,0.24274890869056073,0.22701902913285665,0.29037384867654426,0.1522672202285176,0.15536443902575037,0.1370754059973719,0.29037384867654426
only_rays_size_8_,filenames_in_cluster_test KMeans test nclus 7,3,27,0.3168989133600876,0.3411858150270561,0.23991835885882168,0.23715274953454976,0.37446614772940257,0.30869055625993874,0.29194072722127956,0.23715274953454976
only_rays_size_8_,filenames_in_cluster_test KMeans test nclus 7,1,34,0.22706470964268935,0.22642289528365722,0.23786393410387566,0.27914848276952164,0.3653556984074266,0.44117647058823534,0.16270887855544747,0.27914848276952164
only_rays_size_8_,filenames_in_cluster_test KMeans test nclus 7,5,8,0.3966534940588326,0.37551639745207277,0.37347178220132277,0.3111080108972515,0.47842217255511105,0.4841229182759271,0.40617057617704716,0.3111080108972515
