subdir,file,cluster,size,28all_distances_scaled_to_max_trajs_distances_offset,28all_distances_scaled_to_max_trajs_distances_offset x,28all_distances_scaled_to_max_trajs_distances_offset y,28all_nums_scaled_to_max_trajs_num_intersections_offset,8all_distances_scaled_to_max_trajs_distances_offset,8all_distances_scaled_to_max_trajs_distances_offset x,8all_distances_scaled_to_max_trajs_distances_offset y,8all_nums_scaled_to_max_trajs_num_intersections_offset
only_rays_size_8_,filenames_in_cluster_test KMeans test nclus 5,0,242,0.012277110846847399,0.0086651074237345,0.0095031640101389,0.006578947368421052,0.0038221636707630995,0.003355096246842001,0.0033275067296871996,0.006578947368421052
only_rays_size_8_,filenames_in_cluster_test KMeans test nclus 5,2,216,0.0099633614561009,0.007411839746079899,0.0076349783425273005,0.013157894736842105,0.0030772957239976004,0.0019352123041651006,0.0033275067296871996,0.013157894736842105
only_rays_size_8_,filenames_in_cluster_test KMeans test nclus 5,1,100,0.024569550698677597,0.0175104358640403,0.016165682261561398,0.019736842105263157,0.010969303689949899,0.0094127123978806,0.0048717068869342005,0.019736842105263157
only_rays_size_8_,filenames_in_cluster_test KMeans test nclus 5,4,27,0.011134249696102399,0.0075899796736788,0.0096335740617653,0.006578947368421052,0.0023541086703249992,0.0029093952202811,0.0004258340485893998,0.006578947368421052
only_rays_size_8_,filenames_in_cluster_test KMeans test nclus 5,3,21,0.017707414791347603,0.0112687960143099,0.013740480522020301,0.02960526315789474,0.002032131272574799,0.0016447368421051997,0.0004258340485893998,0.02960526315789474
