subdir,file,cluster,size,28all_distances_scaled_to_max_trajs_distances_offset,28all_distances_scaled_to_max_trajs_distances_offset x,28all_distances_scaled_to_max_trajs_distances_offset y,28all_nums_scaled_to_max_trajs_num_intersections_offset,8all_distances_scaled_to_max_trajs_distances_offset,8all_distances_scaled_to_max_trajs_distances_offset x,8all_distances_scaled_to_max_trajs_distances_offset y,8all_nums_scaled_to_max_trajs_num_intersections_offset
only_rays_size_8_,filenames_in_cluster_train KMeans test nclus 3,0,354,0.01158029128112236,0.007263446729074429,0.007509180423618276,0.026919788878977155,0.0113270083621369,0.00638542626056606,0.007837147680631516,0.026919788878977155
only_rays_size_8_,filenames_in_cluster_train KMeans test nclus 3,2,297,0.01163831469314106,0.007712741988029504,0.0071213691418587875,0.023856990962254056,0.011633648301542045,0.006596091803589198,0.00803951075080007,0.023856990962254056
only_rays_size_8_,filenames_in_cluster_train KMeans test nclus 3,1,209,0.018567854826596765,0.011738081831929446,0.011937636055577003,0.04794132460337444,0.014187580283502218,0.008322140842503047,0.009543557070904873,0.04794132460337444
