subdir,file,cluster,size,28all_distances_scaled_to_max_trajs_distances_offset,28all_distances_scaled_to_max_trajs_distances_offset x,28all_distances_scaled_to_max_trajs_distances_offset y,28all_nums_scaled_to_max_trajs_num_intersections_offset,8all_distances_scaled_to_max_trajs_distances_offset,8all_distances_scaled_to_max_trajs_distances_offset x,8all_distances_scaled_to_max_trajs_distances_offset y,8all_nums_scaled_to_max_trajs_num_intersections_offset
only_rays_size_8_,filenames_in_cluster_test DBSCAN test nclus 8,0,461,0.15683725540893642,0.18948079327377348,0.16769941501617205,0.19390440850114038,0.2061852371472271,0.24325749870958577,0.20187146001778877,0.19390440850114038
only_rays_size_8_,filenames_in_cluster_test DBSCAN test nclus 8,1,134,0.18925447560944406,0.18510695647302242,0.18442432928980904,0.23584517457200976,0.1265048648820524,0.1319522149936569,0.10621222398992085,0.23584517457200976
only_rays_size_8_,filenames_in_cluster_test DBSCAN test nclus 8,-1,11,0.3575879385219078,0.35514816585074405,0.32810587447094336,0.29849830764917484,0.44015497346249477,0.4453617714151233,0.3655707343269905,0.29849830764917484
