subdir,file,cluster,size,28all_distances_scaled_to_max_trajs_distances_offset,28all_distances_scaled_to_max_trajs_distances_offset x,28all_distances_scaled_to_max_trajs_distances_offset y,28all_nums_scaled_to_max_trajs_num_intersections_offset,8all_distances_scaled_to_max_trajs_distances_offset,8all_distances_scaled_to_max_trajs_distances_offset x,8all_distances_scaled_to_max_trajs_distances_offset y,8all_nums_scaled_to_max_trajs_num_intersections_offset
only_rays_size_8_,filenames_in_cluster_test KMeans test nclus 6,4,122,0.0039519109165132,0.0040052441113618,0.0042721235214723,0.0,0.0005633695242277005,0.0002807741416425008,0.0004258340485893998,0.0
only_rays_size_8_,filenames_in_cluster_test KMeans test nclus 6,5,198,0.0099633614561009,0.007411839746079899,0.0076349783425273005,0.013157894736842105,0.0030772957239976004,0.0019352123041651006,0.0033275067296871996,0.013157894736842105
only_rays_size_8_,filenames_in_cluster_test KMeans test nclus 6,0,138,0.012276195736785499,0.0086651074237345,0.0095031640101389,0.006578947368421052,0.0038221636707630995,0.0030743221051995,0.0033275067296871996,0.006578947368421052
only_rays_size_8_,filenames_in_cluster_test KMeans test nclus 6,1,99,0.024569550698677597,0.0175104358640403,0.016165682261561398,0.019736842105263157,0.010969303689949899,0.0094127123978806,0.0048717068869342005,0.019736842105263157
only_rays_size_8_,filenames_in_cluster_test KMeans test nclus 6,3,28,0.011134249696102399,0.0084648327820557,0.0096335740617653,0.009868421052631582,0.009828443101772898,0.008005454198613399,0.004337248385887899,0.009868421052631582
only_rays_size_8_,filenames_in_cluster_test KMeans test nclus 6,2,21,0.017707414791347603,0.0112687960143099,0.013740480522020301,0.02960526315789474,0.002032131272574799,0.0016447368421051997,0.0004258340485893998,0.02960526315789474
