subdir,file,cluster,size,28all_distances_scaled_to_max_trajs_distances_offset,28all_distances_scaled_to_max_trajs_distances_offset x,28all_distances_scaled_to_max_trajs_distances_offset y,28all_nums_scaled_to_max_trajs_num_intersections_offset,8all_distances_scaled_to_max_trajs_distances_offset,8all_distances_scaled_to_max_trajs_distances_offset x,8all_distances_scaled_to_max_trajs_distances_offset y,8all_nums_scaled_to_max_trajs_num_intersections_offset
only_rays_size_8_,filenames_in_cluster_test DBSCAN test nclus 8,0,461,0.0123299169348382,0.0086651074237345,0.0095031640101389,0.016447368421052634,0.0045395509100982,0.003355096246842001,0.0033275067296871996,0.016447368421052634
only_rays_size_8_,filenames_in_cluster_test DBSCAN test nclus 8,1,134,0.0246635010481392,0.0175742113742444,0.0162294577717655,0.02631578947368421,0.010969303689949899,0.0094127123978806,0.0048717068869342005,0.02631578947368421
only_rays_size_8_,filenames_in_cluster_test DBSCAN test nclus 8,-1,11,0.017489605541459202,0.0099970534338924,0.013740480522020301,0.026315789473684216,0.0016347042276808003,0.0016447368421051997,4.0442849142800254e-05,0.026315789473684216
