subdir,file,cluster,size,28all_distances_scaled_to_max_trajs_distances_offset,28all_distances_scaled_to_max_trajs_distances_offset x,28all_distances_scaled_to_max_trajs_distances_offset y,28all_nums_scaled_to_max_trajs_num_intersections_offset,8all_distances_scaled_to_max_trajs_distances_offset,8all_distances_scaled_to_max_trajs_distances_offset x,8all_distances_scaled_to_max_trajs_distances_offset y,8all_nums_scaled_to_max_trajs_num_intersections_offset
only_rays_size_8_,filenames_in_cluster_train KMeans test nclus 8,0,230,0.19364527070725773,0.2934862958321498,0.2903419168816298,inf,0.30632941373086703,0.3515479849258879,0.24617598143873196,inf
only_rays_size_8_,filenames_in_cluster_train KMeans test nclus 8,7,144,0.1575617310329908,0.18512518914049855,0.15252673091576963,0.4443901876604488,0.20298636001229678,0.20601817104294692,0.17803820275340212,0.4443901876604488
only_rays_size_8_,filenames_in_cluster_train KMeans test nclus 8,2,127,0.16956391454546207,0.1759453434144832,0.2529851791983991,0.4341432677823692,0.09500626793908078,0.12564472558212084,0.07672944047927836,0.4341432677823692
only_rays_size_8_,filenames_in_cluster_train KMeans test nclus 8,1,94,0.24611484938476832,0.20754931247224903,0.24072987612161592,0.24746793784763763,0.26598707052617343,0.2837637578941832,0.2538552647583578,0.24746793784763763
only_rays_size_8_,filenames_in_cluster_train KMeans test nclus 8,6,132,0.23127939347759868,0.22057802745829425,0.2220343999574545,0.18751912972509185,0.2507347953427014,0.2513143779817554,0.22610460386077189,0.18751912972509185
only_rays_size_8_,filenames_in_cluster_train KMeans test nclus 8,3,67,0.2862327024587193,0.25839027207386295,0.20830963240125489,0.25367646465348553,0.3596144425008911,0.3703635104371025,0.35311373554659464,0.25367646465348553
only_rays_size_8_,filenames_in_cluster_train KMeans test nclus 8,4,54,0.22021368473351827,0.20317709309876547,0.23437899830545508,0.23496464894848065,0.2541804622918751,0.26046871344234124,0.25364047981012855,0.23496464894848065
only_rays_size_8_,filenames_in_cluster_train KMeans test nclus 8,5,12,0.28587045096154406,0.2821197314557898,0.2926327303784548,0.31125209976021423,0.3662353117645764,0.36871413982614404,0.3678535071953275,0.31125209976021423
