subdir,file,cluster,size,28all_distances_scaled_to_max_trajs_distances_offset,28all_distances_scaled_to_max_trajs_distances_offset x,28all_distances_scaled_to_max_trajs_distances_offset y,28all_nums_scaled_to_max_trajs_num_intersections_offset,8all_distances_scaled_to_max_trajs_distances_offset,8all_distances_scaled_to_max_trajs_distances_offset x,8all_distances_scaled_to_max_trajs_distances_offset y,8all_nums_scaled_to_max_trajs_num_intersections_offset
only_rays_size_8_,filenames_in_cluster_test KMeans test nclus 3,0,243,0.011244089098474012,0.006854128897327346,0.007506852570823449,0.02689787740957324,0.01095544804498833,0.006279275431445938,0.007446703083397584,0.02689787740957324
only_rays_size_8_,filenames_in_cluster_test KMeans test nclus 3,2,216,0.011670852010926566,0.007845196841920924,0.0070492752038294635,0.024275097465886925,0.011003745469507146,0.0064000338677209015,0.007344337527741217,0.024275097465886925
only_rays_size_8_,filenames_in_cluster_test KMeans test nclus 3,1,147,0.017250646944078143,0.011240383777673927,0.01077670741560359,0.04609738632295028,0.011614848451091746,0.006738417926236517,0.007675663350396634,0.04609738632295028
