subdir,file,cluster,size,28all_distances_scaled_to_max_trajs_distances_offset,28all_distances_scaled_to_max_trajs_distances_offset x,28all_distances_scaled_to_max_trajs_distances_offset y,28all_nums_scaled_to_max_trajs_num_intersections_offset,8all_distances_scaled_to_max_trajs_distances_offset,8all_distances_scaled_to_max_trajs_distances_offset x,8all_distances_scaled_to_max_trajs_distances_offset y,8all_nums_scaled_to_max_trajs_num_intersections_offset
only_rays_size_8_,filenames_in_cluster_test KMeans test nclus 8,0,122,0.01073716215901305,0.00621045884867574,0.007506051043626999,0.026315789473684174,0.010327824633473022,0.005587865704164256,0.007479879638358218,0.026315789473684174
only_rays_size_8_,filenames_in_cluster_test KMeans test nclus 8,7,134,0.011798632376153426,0.0076524282290742224,0.007372737194736118,0.022412608012568787,0.011048449441882834,0.006569471081362567,0.007213803997988817,0.022412608012568787
only_rays_size_8_,filenames_in_cluster_test KMeans test nclus 8,6,131,0.011756797207909463,0.007666835916582515,0.00735232282682364,0.02734531940538365,0.01163443143670815,0.007001203777812332,0.007426608881961622,0.02734531940538365
only_rays_size_8_,filenames_in_cluster_test KMeans test nclus 8,2,71,0.01130166370961734,0.007894567745762983,0.006578107229207085,0.027474054855448488,0.010764247279329835,0.005964356714538102,0.007557506617011606,0.027474054855448488
only_rays_size_8_,filenames_in_cluster_test KMeans test nclus 8,1,79,0.01610239122786632,0.0104761660519119,0.010073175094951719,0.04284643570952694,0.011655098175073098,0.006772930672052352,0.0077099854578630824,0.04284643570952694
only_rays_size_8_,filenames_in_cluster_test KMeans test nclus 8,3,27,0.013969899064790034,0.008902284755403281,0.008940448675044396,0.03679337231968813,0.011338721025109978,0.006515148542763318,0.0076086706865298726,0.03679337231968813
only_rays_size_8_,filenames_in_cluster_test KMeans test nclus 8,4,34,0.020567641347547988,0.013542078064316307,0.012695640319517396,0.05398606811145509,0.011712023966712512,0.006824848157927756,0.0076406381358359405,0.05398606811145509
only_rays_size_8_,filenames_in_cluster_test KMeans test nclus 8,5,8,0.02587221488478634,0.017008952160497512,0.0160343720294101,0.07442434210526316,0.011549959342753848,0.00664344335916615,0.007659978310638876,0.07442434210526316
