subdir,file,cluster,size,28all_distances_scaled_to_max_trajs_distances_offset,28all_distances_scaled_to_max_trajs_distances_offset x,28all_distances_scaled_to_max_trajs_distances_offset y,28all_nums_scaled_to_max_trajs_num_intersections_offset,8all_distances_scaled_to_max_trajs_distances_offset,8all_distances_scaled_to_max_trajs_distances_offset x,8all_distances_scaled_to_max_trajs_distances_offset y,8all_nums_scaled_to_max_trajs_num_intersections_offset
only_rays_size_8_,filenames_in_cluster_test KMeans test nclus 3,0,243,0.020650690122338004,0.03618416219856617,0.022331869457907372,0.04875611780047081,0.05638422758471509,0.06153826737284441,0.036899561048835024,0.04875611780047081
only_rays_size_8_,filenames_in_cluster_test KMeans test nclus 3,2,216,0.037820048467343756,0.03512085697214649,0.047676545523410274,0.08474258401920437,0.09868204754900511,0.1677567420390771,0.04490837443102826,0.08474258401920437
only_rays_size_8_,filenames_in_cluster_test KMeans test nclus 3,1,147,0.048073908034487356,0.04341567648143004,0.038753922698051085,0.03706644865051084,0.015000606024537158,0.016447057133451307,0.010285609416347048,0.03706644865051084
