window_size,vehicle,ride,start,offset,offset x,offset y,scale,scale x,scale y,no scale,no scale x,no scale y,only offset,only offset x,only offset y,
20,Vehicle_6,8585059,0,0.010043182649733067,0.005334708691207961,0.007324263169223917,0.010481815560205093,0.0058335359107012505,0.007353794959057747,0.0009430427734116965,0.0006668319400283794,0.0006668319400283792,0.003125,0.0018861043456039803,0.0018861043456039808,
20,Vehicle_6,8585059,20,0.014994035302879457,0.009355370104806967,0.009429603344616745,0.007936907977722429,0.0034601898166200557,0.006683760912394683,0.0,0.0,0.0,0.0046875,0.0034486043456039804,0.0018861043456039803,
20,Vehicle_6,8585059,40,0.010009629954797133,0.005334708691207962,0.007290710474287983,0.008539120607550892,0.004103087369715132,0.006824128501631011,0.0,0.0,0.0,0.003125,0.0018861043456039808,0.0018861043456039803,
