window_size,vehicle,ride,start,scale,scale x,scale y,offset,offset x,offset y,no scale,no scale x,no scale y,only offset,only offset x,only offset y,
20,Vehicle_16,9177298,0,0.008535794341981158,0.00491291071463821,0.006367627554812,0.009361081324418841,0.005180532416880421,0.006934011234601473,0.0009926864976862106,0.0007019353541062105,0.0007019353541062105,0.002467126978373684,0.0015742286312663157,0.0015741706536419999,
20,Vehicle_16,9177298,20,0.008535794341981158,0.00491291071463821,0.006367627554812,0.009361081324418841,0.005180532416880421,0.006934011234601473,0.0009926864976862106,0.0007019353541062105,0.0007019353541062105,0.002467126978373684,0.0015742286312663157,0.0015741706536419999,
20,Vehicle_16,9177298,40,0.008535794341981158,0.00491291071463821,0.006367627554812,0.009361081324418841,0.005180532416880421,0.006934011234601473,0.0009926864976862106,0.0007019353541062105,0.0007019353541062105,0.002467126978373684,0.0015742286312663157,0.0015741706536419999,
20,Vehicle_16,9177298,60,0.008535794341981158,0.00491291071463821,0.006367627554812,0.009361081324418841,0.005180532416880421,0.006934011234601473,0.0009926864976862106,0.0007019353541062105,0.0007019353541062105,0.002467126978373684,0.0015742286312663157,0.0015741706536419999,
