window_size,vehicle,ride,start,scale,scale x,scale y,offset,offset x,offset y,no scale,no scale x,no scale y,only offset,only offset x,only offset y,
20,Vehicle_16,9177298,0,0.008889423387774209,0.004210975360533053,0.007012007744182737,0.010626539916826631,0.005615482832850421,0.007764519411027579,0.0,0.0,0.0,0.003289473684210526,0.001985372995372526,0.001985372995372526,
20,Vehicle_16,9177298,20,0.008889423387774209,0.004210975360533053,0.007012007744182737,0.010626539916826631,0.005615482832850421,0.007764519411027579,0.0,0.0,0.0,0.003289473684210526,0.001985372995372526,0.001985372995372526,
20,Vehicle_16,9177298,40,0.008889423387774209,0.004210975360533053,0.007012007744182737,0.010626539916826631,0.005615482832850421,0.007764519411027579,0.0,0.0,0.0,0.003289473684210526,0.001985372995372526,0.001985372995372526,
20,Vehicle_16,9177298,60,0.008889423387774209,0.004210975360533053,0.007012007744182737,0.010626539916826631,0.005615482832850421,0.007764519411027579,0.0,0.0,0.0,0.003289473684210526,0.001985372995372526,0.001985372995372526,
