window_size,vehicle,ride,start,scale,scale x,scale y,offset,offset x,offset y,no scale,no scale x,no scale y,only offset,only offset x,only offset y,
20,Vehicle_16,8446872,0,0.011752194623511023,0.006810690133837572,0.007957760694988205,0.01147904399673853,0.006681910481235068,0.0077632795808610265,0.0005556205472426876,0.0003129947698582566,0.0003758213570095003,0.0010416666666666667,0.0006593536556185026,0.0006593536556185026,
20,Vehicle_16,8446872,20,0.010775149476146509,0.005945292472625714,0.00759362566316104,0.011601410879593826,0.006710581946570684,0.007966437647786314,0.0014894291553135906,0.0006628283734879563,0.0010991940405433388,0.0020744217305977194,0.0011705209587034504,0.0014668936637705595,
20,Vehicle_16,8446872,40,0.00988539313305698,0.005042736320951874,0.007501631605278149,0.010389263206284643,0.005492532090405355,0.007693359144782814,0.008003944285470074,0.004087184552414026,0.005997470428810088,0.00881638352238094,0.004709487563747843,0.006501431592502398,
20,Vehicle_16,8446872,60,0.012689649823119837,0.007793078266678398,0.0080823841948058,0.012772986132665682,0.007892572965077263,0.00805926701933254,0.007267457800211433,0.0044035201897938275,0.0046487911577231585,0.007974933133429327,0.004976673504530221,0.005088435767267543,
20,Vehicle_16,8446872,80,0.00985192615772759,0.007470807478361196,0.005028559705275186,0.01014486833409812,0.007760854928356236,0.005265747080492191,0.00695541951511125,0.005343688054123797,0.0034623481510271726,0.0071498797908013546,0.0054386121407821566,0.0037254577927368204,
20,Vehicle_16,8446872,100,0.01137422519924939,0.006482748623330482,0.007915538377620443,0.011564054838901374,0.0065642926656687885,0.00814983031048275,0.0041726706483410266,0.0024249749258006543,0.002798937545579504,0.004764447436733582,0.0027587980881712076,0.0032847692704836783,
20,Vehicle_16,8446872,120,0.01248875979884562,0.007175503830906141,0.00860633020188066,0.012556668429075428,0.0074283037447161245,0.008531535610845289,0.0005465953059851307,0.00022841829185440298,0.0004090958507281649,0.0012152777777777778,0.0008097052882199676,0.0007461592111740581,
20,Vehicle_16,8446872,140,0.015284389415806596,0.008472664788236895,0.011011624049592082,0.015494715484549214,0.008620548294807115,0.011191765235291395,0.0005850012396824903,0.00033177097881416584,0.000345725968152727,0.0013020833333333333,0.0008393130466750119,0.0008393130466750117,
