window_size,vehicle,ride,start,scale,scale x,scale y,offset,offset x,offset y,no scale,no scale x,no scale y,only offset,only offset x,only offset y,
20,Vehicle_16,8446872,0,0.01099129125986883,0.006403183190530578,0.007604364274664532,0.010971136022665917,0.006434644959391819,0.007502637128650207,0.0002724371199363108,0.00017675703307786536,0.00017675968443586702,0.0009548645326967597,0.0006159530479796135,0.0006159521292874855,
20,Vehicle_16,8446872,20,0.010161646598659332,0.0056906804113277904,0.00725929327791037,0.010983947682687095,0.006390966051094724,0.007668590346353095,0.0002723452811184656,0.00017669392306481717,0.00017670531651784019,0.00095486225482253,0.0006159516130837798,0.0006159512863090898,
20,Vehicle_16,8446872,40,0.009165375085053218,0.004838192949855673,0.006991871012467026,0.00997581583613932,0.005309928348325238,0.007462515516717843,0.0002719919185392421,0.0001764350745975119,0.0001765130011340864,0.000954910096475953,0.0006159880861468606,0.0006159626548994317,
20,Vehicle_16,8446872,60,0.01180690942796476,0.007399695080849135,0.007574182638638042,0.011906504895878396,0.007435630462718964,0.00764972828490256,0.0002720008315586299,0.00017647642303370107,0.00017648171592176686,0.0009547829373559663,0.0006159098149216631,0.0006159137670046426,
20,Vehicle_16,8446872,80,0.009453288646399495,0.007178108135528112,0.004922621536780061,0.010040534530608086,0.0076729218779184195,0.00524934632744087,0.0002723962428642208,0.00017673953793682486,0.00017672529033452907,0.0009549322083171857,0.0006159281889143288,0.0006160446639731964,
20,Vehicle_16,8446872,100,0.010930806094479748,0.0064198756316955,0.007516147917646338,0.01129639738044252,0.006482715161440527,0.00796375035625245,0.00027239115098692536,0.00017672311073658588,0.0001767231107365868,0.0009548435724882956,0.000615902201382391,0.0006159820156762443,
20,Vehicle_16,8446872,120,0.010932329279052156,0.006150206108808085,0.0078033911448963785,0.012071589859212683,0.007190627163825806,0.008284133621877292,0.0002724184462156682,0.00017674460896170048,0.00017674795976925167,0.0011284757942708324,0.0007663041771088563,0.0007027583387782248,
20,Vehicle_16,8446872,140,0.014535371676238074,0.00837943961823081,0.010338696139064385,0.01515228439385716,0.008418648292541481,0.011051234146900162,0.000272441293068174,0.00017675819238848446,0.00017676392850156283,0.0012152894351273146,0.0007959185848694561,0.00079591361027455,
