window_size,vehicle,ride,start,scale,scale x,scale y,offset,offset x,offset y,no scale,no scale x,no scale y,only offset,only offset x,only offset y,
20,Vehicle_16,8446872,0,0.01175219462351101,0.006810690133837566,0.007957760694988212,0.01155159294542572,0.006716271013642241,0.007801467997141057,0.01175219462351101,0.006810690133837566,0.007957760694988212,0.01155159294542572,0.006716271013642241,0.007801467997141057,
20,Vehicle_16,8446872,20,0.010768037849577899,0.005938180846057099,0.007593625663161039,0.011563725517800714,0.0067105819465706805,0.007928752285993202,0.010768037849577899,0.005938180846057099,0.007593625663161039,0.011563725517800714,0.0067105819465706805,0.007928752285993202,
20,Vehicle_16,8446872,40,0.009885393133056981,0.005042736320951873,0.007501631605278152,0.010345143233430377,0.005492532090405364,0.007649239171928539,0.009885393133056981,0.005042736320951873,0.007501631605278152,0.010345143233430377,0.005492532090405364,0.007649239171928539,
20,Vehicle_16,8446872,60,0.012817061287258322,0.007920489730816875,0.0080823841948058,0.012787062060444566,0.007906648892856149,0.008059267019332524,0.012817061287258322,0.007920489730816875,0.0080823841948058,0.012787062060444566,0.007906648892856149,0.008059267019332524,
20,Vehicle_16,8446872,80,0.009851926157727594,0.0074708074783611965,0.005028559705275188,0.010135102093744321,0.00775108868800244,0.005265747080492197,0.009851926157727594,0.0074708074783611965,0.005028559705275188,0.010135102093744321,0.00775108868800244,0.005265747080492197,
20,Vehicle_16,8446872,100,0.011374225199249377,0.006482748623330487,0.00791553837762044,0.011559155266405226,0.006581383844347503,0.008127839559307902,0.011374225199249377,0.006482748623330487,0.00791553837762044,0.011559155266405226,0.006581383844347503,0.008127839559307902,
20,Vehicle_16,8446872,120,0.012579653512388461,0.007199061234925135,0.008673666511404492,0.012609794494450198,0.007433077988301235,0.008579887432634967,0.012579653512388461,0.007199061234925135,0.008673666511404492,0.012609794494450198,0.007433077988301235,0.008579887432634967,
20,Vehicle_16,8446872,140,0.015324932359711557,0.008552833211088882,0.010971998570645068,0.015498641860030946,0.00861721144359986,0.011199028461980396,0.015324932359711557,0.008552833211088882,0.010971998570645068,0.015498641860030946,0.00861721144359986,0.011199028461980396,
