window_size,vehicle,ride,start,scale,scale x,scale y,offset,offset x,offset y,no scale,no scale x,no scale y,only offset,only offset x,only offset y,
20,Vehicle_17,9429473,0,0.007544417382415924,0.0031249999999999997,0.0062499999999999995,0.010669417382415922,0.0062499999999999995,0.0062499999999999995,0.0,0.0,0.0,0.00625,0.003125,0.003125,
20,Vehicle_17,9429473,20,0.007544417382415921,0.003125,0.00625,0.010669417382415922,0.00625,0.00625,0.0,0.0,0.0,0.00625,0.003125,0.003125,
20,Vehicle_17,9429473,40,0.01506840539909186,0.009354570634260016,0.009375,0.01699988897107097,0.010668902604309494,0.010907442910721673,0.0,0.0,0.0,0.00625,0.003125,0.003125,
20,Vehicle_17,9429473,60,0.022617434246031232,0.012499999999999999,0.015609182098783468,0.022461343105900197,0.012499999999999999,0.015453090958652434,0.0,0.0,0.0,0.009375,0.003125,0.00625,
20,Vehicle_17,9429473,80,0.02469891305378209,0.014665520628490839,0.015525140278043489,0.020286541796657072,0.012038632866813009,0.011909074165012225,0.0,0.0,0.0,0.0125,0.00625,0.00625,
20,Vehicle_17,9429473,100,0.0076853306355270596,0.004383426124586365,0.005132487128524774,0.008410009138588954,0.003990591756173034,0.006250000000000002,0.0,0.0,0.0,0.00625,0.003125,0.003125,
20,Vehicle_17,9429473,120,0.007544417382415922,0.0031249999999999997,0.0062499999999999995,0.010006937146002533,0.005587519763586611,0.0062499999999999995,0.0,0.0,0.0,0.00625,0.003125,0.0031250000000000006,
20,Vehicle_17,9429473,140,0.007544417382415922,0.003125,0.00625,0.010669417382415922,0.00625,0.00625,0.0,0.0,0.0,0.00625,0.003125,0.003125,
20,Vehicle_17,9429473,160,0.013630850757713826,0.009211433375297904,0.0062499999999999995,0.014912381123639889,0.009845755050016006,0.0078125,0.0,0.0,0.0,0.009375,0.00625,0.0031250000000000006,
20,Vehicle_17,9429473,180,0.004841542550169956,0.003125,0.0035471251677540346,0.008908764710359503,0.00625,0.004489347327943583,0.0,0.0,0.0,0.00625,0.003125,0.003125,
20,Vehicle_17,9429473,200,0.00751648422230797,0.0062220668398920475,0.003125,0.009188723711155245,0.005064951258511696,0.005954355070227626,0.0,0.0,0.0,0.00625,0.003125,0.003125,
20,Vehicle_17,9429473,220,0.007544417382415923,0.003125,0.00625,0.013794417382415922,0.009375,0.006250000000000002,0.0,0.0,0.0,0.009375,0.00625,0.003125,
20,Vehicle_17,9429473,240,0.007544417382415922,0.003125,0.00625,0.010669417382415922,0.00625,0.00625,0.0,0.0,0.0,0.00625,0.003125,0.003125,
