window_size,vehicle,ride,start,scale,scale x,scale y,offset,offset x,offset y,no scale,no scale x,no scale y,only offset,only offset x,only offset y,
20,Vehicle_4,9237382,0,0.013768929108944004,0.00841117060912967,0.008866213700117039,0.013283457472257272,0.008216515817137473,0.008395866010970825,0.013768929108944004,0.00841117060912967,0.008866213700117039,0.013283457472257272,0.008216515817137473,0.008395866010970825,
20,Vehicle_4,9237382,20,0.01848281474477502,0.01194611080504319,0.0115329746530638,0.01853537399716161,0.012167566351431387,0.011441457725168708,0.01848281474477502,0.01194611080504319,0.0115329746530638,0.01853537399716161,0.012167566351431387,0.011441457725168708,
