window_size,vehicle,ride,start,scale,scale x,scale y,offset,offset x,offset y,no scale,no scale x,no scale y,only offset,only offset x,only offset y,
20,Vehicle_4,9237382,0,0.013130565349939382,0.008348476430230553,0.008605702087946317,0.012505849419040274,0.007837872526003003,0.00799690124886763,0.0003353909119059257,8.680555555555556e-05,0.0003239627437125753,0.0017361886754934204,0.001122298034182107,0.0011222592576785916,
20,Vehicle_4,9237382,20,0.016788617743997224,0.011365583636091291,0.01041930482129524,0.016880715614032597,0.011477543021223587,0.010476822672364465,0.0013414037501697168,0.0008214408940696188,0.0008214364694161912,0.002430488539955021,0.0015965262869526993,0.0015965151775532383,
