window_size,vehicle,ride,start,scale,scale x,scale y,offset,offset x,offset y,no scale,no scale x,no scale y,only offset,only offset x,only offset y,
20,Vehicle_17,8694095,0,0.00911124495565991,0.004682800237815821,0.006857341833202128,0.009965784508104309,0.005183403899401219,0.007550702763285817,0.0036219062464878495,0.0017589844255583135,0.002742710129173742,0.0034248969809570406,0.0016430731970725272,0.002591701949700609,
20,Vehicle_17,8694095,20,0.010266437683840545,0.005485170679353812,0.007305909906752294,0.012714847048695563,0.007694532652029301,0.008310276168828212,0.0013726734855909306,0.000733333333152773,0.000892411291086297,0.002777777777777778,0.001990295419294749,0.0012958509748503047,
20,Vehicle_17,8694095,40,0.013516434748168852,0.0084972331923289,0.008621064496871365,0.014957392605940003,0.00957442283672503,0.009325712489152283,0.000988554593206681,0.0007206341026130825,0.0004900930655073986,0.002777777777777778,0.001943776462275457,0.0014694620859614159,
20,Vehicle_17,8694095,60,0.010917336852468968,0.006228264300693573,0.007590047498415051,0.01225623101186165,0.007260504874251524,0.008409914116303993,0.0009776410267491496,0.000708941109544854,0.0004884197240281741,0.0020833333333333333,0.0012958509748503047,0.0012958509748503047,
20,Vehicle_17,8694095,80,0.009294647679377927,0.004550149696945666,0.00723297172737309,0.011391870403461627,0.006520213247013043,0.007790734085755722,0.003773113744735081,0.0018514782105829792,0.0028608531700249876,0.00546090507302519,0.0032861463941450527,0.003540330702328693,
20,Vehicle_17,8694095,100,0.009018159648700352,0.0045738937300842065,0.0068907213923376206,0.010514062774234431,0.005831329386826372,0.007601810316715196,0.0014524341641745078,0.00075392498050086,0.0010156285005727167,0.0020833333333333333,0.0012958509748503047,0.0012958509748503045,
