window_size,vehicle,ride,start,scale,scale x,scale y,offset,offset x,offset y,no scale,no scale x,no scale y,only offset,only offset x,only offset y,
20,Vehicle_17,8694095,0,0.009347111852152307,0.004682800237815822,0.00709320872969452,0.009871724757227847,0.00518340389940122,0.00745664301240936,0.0010061357000522107,0.0007346952692748412,0.0004975642692880897,0.0020833333333333337,0.0012958509748503047,0.0012958509748503045,
20,Vehicle_17,8694095,20,0.010108200603055595,0.005424282684081147,0.00720856082124001,0.012422045808095163,0.007401731411428902,0.00831027616882821,0.0010059434847909177,0.0007345096035897515,0.0004975145203177078,0.002777777777777778,0.0019902954192947487,0.0012958509748503047,
20,Vehicle_17,8694095,40,0.013742789075990068,0.008662232128590554,0.008682419888430933,0.015051596470277004,0.009668626701062036,0.009325712489152281,0.001006084645005224,0.0007346605582788697,0.0004975364508771054,0.002777777777777778,0.0019437764622754566,0.0014694620859614159,
20,Vehicle_17,8694095,60,0.010937555713164212,0.006228264300693572,0.007610266359110298,0.01217482048942674,0.007260504874251523,0.008328503593869078,0.0010060300771729362,0.0007346020933135286,0.0004975280841697093,0.0020833333333333333,0.0012958509748503045,0.0012958509748503045,
20,Vehicle_17,8694095,80,0.009297387226034539,0.004550149696945664,0.007235711274029697,0.0113974309877194,0.0065257738312708155,0.007790734085755718,0.0010060753375585178,0.0007346369635832438,0.000497548646325112,0.002777777777777778,0.0019902954192947487,0.0012958509748503047,
20,Vehicle_17,8694095,100,0.009102876649028924,0.0043136488567727905,0.007235683265977604,0.01069188574914176,0.0058248726776360385,0.007786090000812859,0.0006707592417498451,0.0004107490826742941,0.00041075985859733967,0.0020833333333333333,0.0012958509748503047,0.0012958509748503047,
