window_size,vehicle,ride,start,scale,scale x,scale y,offset,offset x,offset y,no scale,no scale x,no scale y,only offset,only offset x,only offset y,
20,Vehicle_4,9389871,0,0.009628875788479974,0.007412424190519193,0.004676048509083177,0.01189640042007393,0.008198061767771084,0.007040943718360839,0.000670674423839358,0.00041071762552206996,0.00041068743544869253,0.0024305555555555556,0.0012958509748503047,0.001643073197072527,
20,Vehicle_4,9389871,20,0.00926915258995279,0.007072881508954158,0.004647279738645804,0.010680127689606274,0.007767875232087043,0.005831329386826373,0.0010058810553490566,0.0004974983623891789,0.0007344493013795374,0.0020833333333333333,0.0012958509748503047,0.0012958509748503045,
