window_size,vehicle,ride,start,scale,scale x,scale y,offset,offset x,offset y,no scale,no scale x,no scale y,only offset,only offset x,only offset y,
20,Vehicle_4,9389871,0,0.009628875788479978,0.007412424190519194,0.004676048509083177,0.01189640042007393,0.008198061767771086,0.007040943718360838,0.00345208414650856,0.0028555221935634713,0.0014035862139226965,0.0024305555555555556,0.0012958509748503045,0.001643073197072527,
20,Vehicle_4,9389871,20,0.009269152589952787,0.007072881508954158,0.004647279738645805,0.010623144599588678,0.0077108921420694495,0.005831329386826372,0.0032822471362742986,0.0024840011698948313,0.0015715343314458977,0.0024187242452392596,0.001619813718562881,0.0013826565304058602,
