window_size,vehicle,ride,start,scale,scale x,scale y,offset,offset x,offset y,no scale,no scale x,no scale y,only offset,only offset x,only offset y,
20,Vehicle_17,9335706,0,0.007499889397196489,0.0031250000000000006,0.006205472014780569,0.012127406906099784,0.009363324175821704,0.004594665347862158,0.0,0.0,0.0,0.009375,0.00625,0.003125,
20,Vehicle_17,9335706,20,0.007544417382415921,0.003125,0.00625,0.01066941738241592,0.00625,0.00625,0.0,0.0,0.0,0.00625,0.003125,0.003125,
20,Vehicle_17,9335706,40,0.009279250479216279,0.0046875,0.007337624405592397,0.014535883690520566,0.0109375,0.006344257616896683,0.0,0.0,0.0,0.009375,0.00625,0.0031250000000000006,
20,Vehicle_17,9335706,60,0.007544417382415921,0.0031250000000000006,0.00625,0.00913347716973433,0.00625,0.004714059787318408,0.0,0.0,0.0,0.00625,0.003125,0.0031250000000000006,
20,Vehicle_17,9335706,80,0.007544417382415922,0.003125,0.00625,0.016919417382415917,0.0125,0.00625,0.0,0.0,0.0,0.0125,0.009375,0.003125,
20,Vehicle_17,9335706,100,0.007544417382415922,0.003125,0.006250000000000001,0.010669417382415922,0.00625,0.00625,0.0,0.0,0.0,0.00625,0.003125,0.003125,
