window_size,vehicle,ride,start,scale,scale x,scale y,offset,offset x,offset y,no scale,no scale x,no scale y,only offset,only offset x,only offset y,
20,Vehicle_17,9335706,0,0.00754441738243675,0.0031250000000122,0.0062500000000244,0.011312078292858255,0.006892660910433705,0.0062500000000244,0.0,0.0,0.0,0.004688000341895015,0.0031255848214284732,0.0015624155204665424,
20,Vehicle_17,9335706,20,0.004679688271152983,0.003125,0.0033852708887417344,0.007474376702898232,0.00463227645992549,0.00467268286055682,0.0,0.0,0.0,0.0031249025313903724,0.0015624231509216325,0.0015624793804687397,
20,Vehicle_17,9335706,40,0.006915486434266914,0.004687500000000001,0.004973860360643032,0.009932031377995101,0.00652216292126406,0.00615574238310716,0.0,0.0,0.0,0.004686883855360447,0.0031244257999999635,0.0015624580553604828,
20,Vehicle_17,9335706,60,0.0045878310108879595,0.003125,0.003293413628468509,0.0071251573999547005,0.0042947998048606375,0.004660940212674613,0.0,0.0,0.0,0.003124613610000182,0.0015621380875001645,0.0015624755225000174,
20,Vehicle_17,9335706,80,0.004441580502979199,0.003125000000015748,0.0031471631205586647,0.010846789508302831,0.00801558134572729,0.0046617907801642326,0.0,0.0,0.0,0.006250125047348764,0.004687643172348754,0.0015624818750000103,
20,Vehicle_17,9335706,100,0.004677755251332976,0.003125,0.003383337868917054,0.007948271095560473,0.005028422835036535,0.004750430878108015,0.0,0.0,0.0,0.0031251669531250138,0.001562640937500004,0.0015625260156250098,
