window_size,vehicle,ride,start,scale,scale x,scale y,offset,offset x,offset y,no scale,no scale x,no scale y,only offset,only offset x,only offset y,
20,Vehicle_17,9568608,0,0.013350682165752484,0.00826426815629452,0.008533369898075963,0.013021034818923862,0.008022092542619205,0.008318990584682493,0.0011545363592519963,0.0006923042488768799,0.000692703529018311,0.001730170042620702,0.0011255870967064854,0.0011255870967064854,
20,Vehicle_17,9568608,20,0.017903640079342843,0.011562748362289297,0.011143915093897387,0.019307505118490758,0.012705811292397503,0.011861108316539175,0.00045621159884752917,0.0003047395115629088,0.0002497148396254304,0.0014756944444444444,0.0010504112804057529,0.0008090710923712448,
20,Vehicle_17,9568608,40,0.011136239781988999,0.007794871834108877,0.0062853657612919524,0.0114210870720059,0.007810262239950112,0.006671436430859099,0.0009847413407158394,0.0006540549962469484,0.000537706141842611,0.0010416666666666667,0.0006593536556185026,0.0006593536556185027,
