subdir,file,cluster,size,24all_distances_scaled_to_max_trajs_distances_offset,24all_distances_scaled_to_max_trajs_distances_offset x,24all_distances_scaled_to_max_trajs_distances_offset y,24all_nums_scaled_to_max_trajs_num_intersections_offset,4all_distances_scaled_to_max_trajs_distances_offset,4all_distances_scaled_to_max_trajs_distances_offset x,4all_distances_scaled_to_max_trajs_distances_offset y,4all_nums_scaled_to_max_trajs_num_intersections_offset
only_rays_acceler_heading_size_4_,filenames_in_cluster_train KMeans test nclus 6,0,424,0.0012358965763798338,0.0012876619182888016,0.0013520868701101835,0.002439072620977257,0.00044396031741914964,2.6020852139652106e-18,0.0004439603174191622,0.002439072620977257
only_rays_acceler_heading_size_4_,filenames_in_cluster_train KMeans test nclus 6,5,84,0.0033033436189317004,0.00220264368479042,0.0023869810702592353,0.0043782659333877465,0.0005085364335612958,2.6020852139652106e-18,0.0005085364335613192,0.0043782659333877465
only_rays_acceler_heading_size_4_,filenames_in_cluster_train KMeans test nclus 6,3,160,0.0023089280469295284,0.001734040276961794,0.0016336942375090307,0.002464019451739907,0.0030835122092298193,0.001656925182133039,0.003184421952086724,0.002464019451739907
only_rays_acceler_heading_size_4_,filenames_in_cluster_train KMeans test nclus 6,1,116,0.00464269169866564,0.003030105333270932,0.003107697963439279,0.007179049553883139,0.003843532737814651,0.0021531736695734917,0.0034445647652368984,0.007179049553883139
only_rays_acceler_heading_size_4_,filenames_in_cluster_train KMeans test nclus 6,4,27,0.00916345563607598,0.005573498123561257,0.00615732226212589,0.012410167230260082,0.005315902360646171,0.0037654890959959073,0.002801956340176974,0.012410167230260082
only_rays_acceler_heading_size_4_,filenames_in_cluster_train KMeans test nclus 6,2,49,0.004032554428587432,0.002567717835725964,0.002835633814822331,0.005643092288847343,0.0012305151995562888,0.0009302098859124004,0.0007290312996624249,0.005643092288847343
