subdir,file,cluster,size,24all_distances_scaled_to_max_trajs_distances_offset,24all_distances_scaled_to_max_trajs_distances_offset x,24all_distances_scaled_to_max_trajs_distances_offset y,24all_nums_scaled_to_max_trajs_num_intersections_offset,4all_distances_scaled_to_max_trajs_distances_offset,4all_distances_scaled_to_max_trajs_distances_offset x,4all_distances_scaled_to_max_trajs_distances_offset y,4all_nums_scaled_to_max_trajs_num_intersections_offset
only_rays_acceler_heading_size_4_,filenames_in_cluster_test KMeans test nclus 7,0,273,0.04065529372570979,0.058626505410701364,0.06459525373582503,0.03014598344268674,0.12530951976203894,0.16252733835151456,0.06538409626911026,0.03014598344268674
only_rays_acceler_heading_size_4_,filenames_in_cluster_test KMeans test nclus 7,6,69,0.04863639698070266,0.040523115945552204,0.051577724963417663,0.06473896707041005,0.07484168855624998,0.09325771896660384,0.05043666577662711,0.06473896707041005
only_rays_acceler_heading_size_4_,filenames_in_cluster_test KMeans test nclus 7,1,39,0.051401850031211484,0.05125358941471294,0.05119722822299898,0.06504850460894418,0.04865220249835637,0.04865220249835636,inf,0.06504850460894418
only_rays_acceler_heading_size_4_,filenames_in_cluster_test KMeans test nclus 7,4,21,0.12104911445969985,0.08144852270042766,0.0739574133389875,0.09705215419501137,0.18140589569161003,nan,0.18140589569161003,0.09705215419501137
only_rays_acceler_heading_size_4_,filenames_in_cluster_test KMeans test nclus 7,3,7,0.15339182905921714,0.12462552678330696,0.13690271320547706,0.11428571428571424,0.24489795918367346,0.24489795918367346,inf,0.11428571428571424
only_rays_acceler_heading_size_4_,filenames_in_cluster_test KMeans test nclus 7,2,123,0.03664176242760987,0.04063608127492385,0.046841962805201226,0.11276356666005685,inf,inf,inf,0.11276356666005685
only_rays_acceler_heading_size_4_,filenames_in_cluster_test KMeans test nclus 7,5,74,0.0688190633718764,0.058190129164401125,0.0548614703515714,0.09046018991964941,inf,inf,inf,0.09046018991964941
