subdir,file,cluster,size,24all_distances_scaled_to_max_trajs_distances_offset,24all_distances_scaled_to_max_trajs_distances_offset x,24all_distances_scaled_to_max_trajs_distances_offset y,24all_nums_scaled_to_max_trajs_num_intersections_offset,4all_distances_scaled_to_max_trajs_distances_offset,4all_distances_scaled_to_max_trajs_distances_offset x,4all_distances_scaled_to_max_trajs_distances_offset y,4all_nums_scaled_to_max_trajs_num_intersections_offset
only_rays_acceler_heading_size_4_,filenames_in_cluster_train KMeans test nclus 5,0,433,0.0210299717804112,0.0130232156683041,0.0135497503693095,0.03289473684210526,0.0112309656657009,0.006578947368421,0.006578947368421,0.03289473684210526
only_rays_acceler_heading_size_4_,filenames_in_cluster_train KMeans test nclus 5,4,92,0.0260843469964305,0.0173893963838507,0.0170382677225631,0.046052631578947366,0.0112309656657009,0.006578947368421,0.006578947368421,0.046052631578947366
only_rays_acceler_heading_size_4_,filenames_in_cluster_train KMeans test nclus 5,2,160,0.0215038459676468,0.0134727241097662,0.0136829292861705,0.03289473684210526,0.0304034233128923,0.0197368421052631,0.0164473684210526,0.03289473684210526
only_rays_acceler_heading_size_4_,filenames_in_cluster_train KMeans test nclus 5,1,119,0.0355280864604177,0.0215929197635302,0.0235901669114643,0.06578947368421052,0.0304034233128923,0.0197368421052631,0.0164473684210526,0.06578947368421052
only_rays_acceler_heading_size_4_,filenames_in_cluster_train KMeans test nclus 5,3,56,0.0474275302061675,0.0295748252147564,0.0307684485950234,0.10526315789473684,0.0239279012126191,0.0179133383022698,0.0098684210526315,0.10526315789473684
