subdir,file,cluster,size,24all_distances_scaled_to_max_trajs_distances_offset,24all_distances_scaled_to_max_trajs_distances_offset x,24all_distances_scaled_to_max_trajs_distances_offset y,24all_nums_scaled_to_max_trajs_num_intersections_offset,4all_distances_scaled_to_max_trajs_distances_offset,4all_distances_scaled_to_max_trajs_distances_offset x,4all_distances_scaled_to_max_trajs_distances_offset y,4all_nums_scaled_to_max_trajs_num_intersections_offset
only_rays_acceler_heading_size_4_,filenames_in_cluster_test KMeans test nclus 7,0,273,0.0012159167727057738,0.0013971639481503801,0.0012784318009879652,0.002284552463594108,0.0017473834542609521,0.0013261407731598865,0.0008416474614828823,0.002284552463594108
only_rays_acceler_heading_size_4_,filenames_in_cluster_test KMeans test nclus 7,6,69,0.0029800069758197855,0.002048663132627679,0.0021239980102407538,0.005021813151130317,0.0013504172440429079,0.0010045436453902236,0.0007392091596309739,0.005021813151130317
only_rays_acceler_heading_size_4_,filenames_in_cluster_test KMeans test nclus 7,1,39,0.005319084517598556,0.0036039550988565625,0.0034361820631453196,0.005872771655036845,0.0007255672458706835,0.0007255672458706831,8.673617379884035e-19,0.005872771655036845
only_rays_acceler_heading_size_4_,filenames_in_cluster_test KMeans test nclus 7,4,21,0.0032425717350879836,0.002119047617017247,0.002348258460326554,0.005123880712342144,0.000690357926235678,0.0,0.0006903579262356784,0.005123880712342144
only_rays_acceler_heading_size_4_,filenames_in_cluster_test KMeans test nclus 7,3,7,0.0067577137122676635,0.0036916943109244487,0.0049684764068004695,0.005560225360056028,0.0032557346006934023,0.003255734600693401,1.734723475976807e-18,0.005560225360056028
only_rays_acceler_heading_size_4_,filenames_in_cluster_test KMeans test nclus 7,2,123,0.0017830897326459852,0.001373057156063138,0.0016147466360350218,0.0022092293996644613,6.938893903907228e-18,3.469446951953614e-18,2.6020852139652106e-18,0.0022092293996644613
only_rays_acceler_heading_size_4_,filenames_in_cluster_test KMeans test nclus 7,5,74,0.004226056550054365,0.0027880035684163156,0.0029374535293245404,0.004946809297028292,3.469446951953614e-18,3.469446951953614e-18,2.6020852139652106e-18,0.004946809297028292
