subdir,file,cluster,size,24all_distances_scaled_to_max_trajs_distances_offset,24all_distances_scaled_to_max_trajs_distances_offset x,24all_distances_scaled_to_max_trajs_distances_offset y,24all_nums_scaled_to_max_trajs_num_intersections_offset,4all_distances_scaled_to_max_trajs_distances_offset,4all_distances_scaled_to_max_trajs_distances_offset x,4all_distances_scaled_to_max_trajs_distances_offset y,4all_nums_scaled_to_max_trajs_num_intersections_offset
only_rays_acceler_heading_size_4_,filenames_in_cluster_train KMeans test nclus 5,0,433,1.5089609478215432e-06,1.6438960681788137e-06,1.828727797517848e-06,7.112490211614113e-06,1.9331922066926415e-07,6.770847460736376e-36,1.9331922066927508e-07,7.112490211614113e-06
only_rays_acceler_heading_size_4_,filenames_in_cluster_train KMeans test nclus 5,4,92,1.5569421557435115e-05,6.886057788230264e-06,7.1992325310610355e-06,2.809862750956962e-05,3.3381480134275754e-07,6.770847460736376e-36,3.3381480134277835e-07,2.809862750956962e-05
only_rays_acceler_heading_size_4_,filenames_in_cluster_train KMeans test nclus 5,2,160,5.331148725897807e-06,3.0068956821257354e-06,2.6689568616702134e-06,6.071391858552631e-06,9.50804754446936e-06,2.745401059186604e-06,1.0140543168931822e-05,6.071391858552631e-06
only_rays_acceler_heading_size_4_,filenames_in_cluster_train KMeans test nclus 5,1,119,2.5051322349058658e-05,1.0299247070178965e-05,1.136030503809364e-05,6.327486184305888e-05,1.6348917461328795e-05,5.068790792973547e-06,1.2692719665673061e-05,6.327486184305888e-05
only_rays_acceler_heading_size_4_,filenames_in_cluster_train KMeans test nclus 5,3,56,6.59123534663895e-05,2.341370237810681e-05,3.146778581145877e-05,0.0001766048053786958,1.342494544810755e-05,1.059527051445384e-05,7.527686042859551e-07,0.0001766048053786958
