window_size,vehicle,ride,start,scale,scale x,scale y,offset,offset x,offset y,no scale,no scale x,no scale y,only offset,only offset x,only offset y,
20,Vehicle_12,8575983,0,0.005730985832167684,0.004368441219098211,0.003289473684379474,0.010041659960299473,0.006903928527385368,0.006028125039794737,0.0,0.0,0.0,0.003289442450376737,0.0016447817869994737,0.001644660663377158,
20,Vehicle_12,8575983,20,0.005730985832167684,0.004368441219098211,0.003289473684379474,0.010041659960299473,0.006903928527385368,0.006028125039794737,0.0,0.0,0.0,0.003289442450376737,0.0016447817869994737,0.001644660663377158,
20,Vehicle_12,8575983,40,0.005730985832167684,0.004368441219098211,0.003289473684379474,0.010041659960299473,0.006903928527385368,0.006028125039794737,0.0,0.0,0.0,0.003289442450376737,0.0016447817869994737,0.001644660663377158,
20,Vehicle_12,8575983,60,0.005730985832167684,0.004368441219098211,0.003289473684379474,0.010041659960299473,0.006903928527385368,0.006028125039794737,0.0,0.0,0.0,0.003289442450376737,0.0016447817869994737,0.001644660663377158,
20,Vehicle_12,8575983,80,0.005730985832167684,0.004368441219098211,0.003289473684379474,0.010041659960299473,0.006903928527385368,0.006028125039794737,0.0,0.0,0.0,0.003289442450376737,0.0016447817869994737,0.001644660663377158,
20,Vehicle_12,8575983,100,0.005730985832167684,0.004368441219098211,0.003289473684379474,0.010041659960299473,0.006903928527385368,0.006028125039794737,0.0,0.0,0.0,0.003289442450376737,0.0016447817869994737,0.001644660663377158,
20,Vehicle_12,8575983,120,0.005730985832167684,0.004368441219098211,0.003289473684379474,0.010041659960299473,0.006903928527385368,0.006028125039794737,0.0,0.0,0.0,0.003289442450376737,0.0016447817869994737,0.001644660663377158,
20,Vehicle_12,8575983,140,0.005730985832167684,0.004368441219098211,0.003289473684379474,0.010041659960299473,0.006903928527385368,0.006028125039794737,0.0,0.0,0.0,0.003289442450376737,0.0016447817869994737,0.001644660663377158,
