window_size,vehicle,ride,start,scale,scale x,scale y,offset,offset x,offset y,no scale,no scale x,no scale y,only offset,only offset x,only offset y,
20,Vehicle_12,8575983,0,0.00791701664713894,0.004234191176476015,0.0055134080882470035,0.0074701207072769655,0.004779779411772075,0.004520923913088969,0.0,0.0,0.0,0.003124968423913055,0.001562539218750003,0.0015624292051630516,
20,Vehicle_12,8575983,20,0.007566785569737058,0.0042600413826646985,0.005137326804656438,0.009207818064022577,0.00625,0.004788400681630882,0.0,0.0,0.0,0.0031250114663461614,0.0015623918990384622,0.0015626195673076992,
20,Vehicle_12,8575983,40,0.015090747286656573,0.007547223878231087,0.011204688643573211,0.012711649693327573,0.006549737230396525,0.008907786389296948,0.0,0.0,0.0,0.004687944036018132,0.0015625954063604342,0.0031253486296576984,
20,Vehicle_12,8575983,60,0.007927715281734232,0.004291217276910551,0.005467080622407758,0.007745050143508976,0.004600561180076778,0.004975071581016276,0.0,0.0,0.0,0.0031251350860380445,0.0015624414640925456,0.001562693621945499,
20,Vehicle_12,8575983,80,0.007951026938395807,0.0038502027027087922,0.005931406853271093,0.007812835175228098,0.004445219594592383,0.005198198198219792,0.0,0.0,0.0,0.00312519862916667,0.0015623207124999983,0.0015628779166666717,
20,Vehicle_12,8575983,100,0.008053932659548737,0.004418194460197334,0.00546632081704616,0.00604877727011513,0.004305990322403954,0.0035733695653435244,0.0,0.0,0.0,0.0031243120055483354,0.0015623245055483071,0.0015619875000000504,
20,Vehicle_12,8575983,120,0.017741876789116554,0.010880833333076748,0.011437500000000001,0.021120752146581632,0.014005833332706673,0.012606666666627192,0.0,0.0,0.0,0.00781250149999998,0.0046874982999999815,0.0031250031999999982,
20,Vehicle_12,8575983,140,0.0054444365405593,0.004150019158143377,0.0031250000001605527,0.009539576962284578,0.006558732101016186,0.005726718787805061,0.0,0.0,0.0,0.003124970327857901,0.0015625426976495715,0.0015624276302083518,
