window_size,vehicle,ride,start,offset,offset x,offset y,scale,scale x,scale y,no scale,no scale x,no scale y,only offset,only offset x,only offset y,
20,Vehicle_17,9335706,0,0.011802148887801846,0.007446716907965376,0.007413763766590379,0.00964055824537345,0.004854850741931038,0.007611349357993158,0.0024410633531388786,0.0009854888711850257,0.0021023693861424286,0.00390625,0.0026673543456039806,0.0018861043456039808,
20,Vehicle_17,9335706,20,0.010040667379731602,0.00533470869120796,0.007321747899222451,0.008919956381789764,0.004547100632575862,0.006700387788793422,0.0018706663852689862,0.0004682146150218251,0.0017775327077532398,0.0031249999999999997,0.0018861043456039808,0.0018861043456039803,
20,Vehicle_17,9335706,40,0.014043019836780447,0.00784026086400995,0.009802838443214732,0.013542977911105206,0.007105090196442509,0.01035960683125837,0.0018732741711463634,0.0013246048694392028,0.0013246048694392026,0.00390625,0.0026673543456039806,0.0018861043456039803,
20,Vehicle_17,9335706,60,0.009641838905514415,0.005334708691207962,0.006922919425005266,0.008470033192981697,0.0040648405936527555,0.006771649543904324,0.001486223759599236,0.0003193970565617014,0.0014226917349444534,0.003125,0.0018861043456039803,0.0018861043456039803,
20,Vehicle_17,9335706,80,0.011556675719587635,0.00689720869120796,0.0072752562390784896,0.007973135328937083,0.0034787609694152993,0.006715017196408689,0.0008437547751952689,0.0003228909734461603,0.0007795277672615709,0.0046875,0.0034486043456039813,0.0018861043456039803,
20,Vehicle_17,9335706,100,0.010033275978080078,0.005334708691207959,0.007314356497570929,0.008464210504010371,0.004045922655208024,0.0067775980802119605,0.0,0.0,0.0,0.003125,0.0018861043456039803,0.0018861043456039803,
