window_size,vehicle,ride,start,scale,scale x,scale y,offset,offset x,offset y,no scale,no scale x,no scale y,only offset,only offset x,only offset y,
20,Vehicle_6,8585059,0,0.009355315645273053,0.004634922930240192,0.0072902041875921204,0.010044686042337396,0.005107932273632673,0.007783898010831915,0.009355315645273053,0.004634922930240192,0.0072902041875921204,0.010044686042337396,0.005107932273632673,0.007783898010831915,
20,Vehicle_6,8585059,20,0.009029543645317576,0.004316522981071587,0.0071652061751383495,0.011781958798200806,0.006436003743076944,0.008700002799632787,0.009029543645317576,0.004316522981071587,0.0071652061751383495,0.011781958798200806,0.006436003743076944,0.008700002799632787,
20,Vehicle_6,8585059,40,0.00911097239293561,0.004469217110964371,0.007090763807384701,0.010034513609793521,0.005107932273632674,0.00777372557828804,0.00911097239293561,0.004469217110964371,0.007090763807384701,0.010034513609793521,0.005107932273632674,0.00777372557828804,
