window_size,vehicle,ride,start,scale,scale x,scale y,offset,offset x,offset y,no scale,no scale x,no scale y,only offset,only offset x,only offset y,
20,Vehicle_6,8585059,0,0.008664533486098755,0.004520236225320716,0.006674517481300655,0.009747427882006622,0.005040290732269126,0.0075542813918389505,0.0,0.0,0.0,0.0011249965804981203,0.0007267163510825015,0.0007267181080843814,
20,Vehicle_6,8585059,20,0.008877619113748004,0.0046892044254505105,0.006822403727149492,0.011571457266432822,0.006479802897496559,0.008445702113446764,0.0,0.0,0.0,0.0012501102436928817,0.0008518290411745842,0.0007267190811870625,
20,Vehicle_6,8585059,40,0.008342444135912876,0.0043302132915800425,0.006497851022101541,0.009686782257631093,0.005039737852631752,0.007494188647135433,0.0,0.0,0.0,0.001124992768130992,0.0007267121823343849,0.0007267184644653697,
