window_size,vehicle,ride,start,scale,scale x,scale y,offset,offset x,offset y,no scale,no scale x,no scale y,only offset,only offset x,only offset y,
20,Vehicle_17,9121863,0,0.007544417382415923,0.003125,0.00625,0.010669417382415922,0.00625,0.00625,0.0,0.0,0.0,0.00625,0.003125,0.003125,
20,Vehicle_17,9121863,20,0.007544417382415923,0.0031250000000000006,0.0062499999999999995,0.010669417382415922,0.0062499999999999995,0.0062499999999999995,0.0,0.0,0.0,0.00625,0.003125,0.003125,
20,Vehicle_17,9121863,40,0.007544417382415923,0.003125,0.00625,0.010669417382415922,0.00625,0.00625,0.0,0.0,0.0,0.00625,0.003125,0.003125,
20,Vehicle_17,9121863,60,0.009063704338524011,0.004644286956108089,0.006250000000000002,0.012937410944605238,0.007223576179773397,0.009375,0.0,0.0,0.0,0.00625,0.0031250000000000006,0.003125,
20,Vehicle_17,9121863,80,0.009533215958674283,0.0075915898850504,0.0046875,0.01915303189942795,0.009688125772261687,0.014041362671126458,0.0,0.0,0.0,0.009375,0.003125,0.00625,
20,Vehicle_17,9121863,100,0.007544417382415922,0.0062499999999999995,0.003125,0.010669417382415924,0.00625,0.00625,0.0,0.0,0.0,0.00625,0.0031250000000000006,0.003125,
20,Vehicle_17,9121863,120,0.03215467322058054,0.015039334902354562,0.024437668788562295,0.009497814784770481,0.005078397402354562,0.00625,0.0,0.0,0.0,0.00625,0.003125,0.003125,
20,Vehicle_17,9121863,140,0.009901521477973964,0.005645895904431793,0.006086208191126248,0.009384425914832057,0.004965008532416134,0.006250000000000002,0.0,0.0,0.0,0.00625,0.003125,0.003125,
20,Vehicle_17,9121863,160,0.007544417382415923,0.003125,0.00625,0.010669417382415922,0.0062499999999999995,0.00625,0.0,0.0,0.0,0.00625,0.003125,0.003125,
20,Vehicle_17,9121863,180,0.007544417382415921,0.0031249999999999997,0.006250000000000001,0.010669417382415924,0.0062499999999999995,0.0062499999999999995,0.0,0.0,0.0,0.00625,0.003125,0.003125,
20,Vehicle_17,9121863,200,0.007544417382415922,0.003125,0.00625,0.010669417382415922,0.00625,0.00625,0.0,0.0,0.0,0.00625,0.003125,0.003125,
20,Vehicle_17,9121863,220,0.007544417382415923,0.003125,0.006250000000000001,0.010669417382415922,0.0062499999999999995,0.006250000000000001,0.0,0.0,0.0,0.00625,0.0031250000000000006,0.003125,
