window_size,vehicle,ride,start,scale,scale x,scale y,offset,offset x,offset y,no scale,no scale x,no scale y,only offset,only offset x,only offset y,
20,Vehicle_4,8893676,0,0.00964388761182656,0.007350047231288995,0.004969749920494188,0.009760606560416657,0.007528644016914306,0.00507910678566627,0.0,0.0,0.0,0.0011250306970909784,0.0007267255052700588,0.0007267430704896887,
20,Vehicle_4,8893676,20,0.013031790760459938,0.008254885090347584,0.008570726480538741,0.013981585874134332,0.008915209188419274,0.00905686128396742,0.0,0.0,0.0,0.0012500046411916704,0.0008456171657712783,0.0007653345429229228,
20,Vehicle_4,8893676,40,0.019257256566171,0.011189224247481852,0.013418370639251345,0.017920781909235885,0.010514396908430172,0.012420047555869312,0.0,0.0,0.0,0.0015625086551520305,0.0008774344263709289,0.001128130765950818,
