window_size,vehicle,ride,start,offset,offset x,offset y,scale,scale x,scale y,no scale,no scale x,no scale y,only offset,only offset x,only offset y,
20,Vehicle_17,8577509,0,0.012415438416203543,0.007449635864009952,0.00848177999334352,0.01531425915712563,0.010017434902776413,0.009412160718195147,0.0009345830900892281,0.0006608500405843713,0.0006608500405843712,0.003125,0.0018861043456039808,0.0018861043456039803,
20,Vehicle_17,8577509,20,0.017148937393736286,0.01213914300371035,0.009605993957551861,0.019027639376480474,0.012068916429988245,0.012009871632466624,0.002793201891354905,0.0019750919986001435,0.001975091998600143,0.00546875,0.0029909586912079613,0.0037722086912079606,
20,Vehicle_17,8577509,40,0.019627169825508002,0.011040652516859551,0.01408175475840089,0.01906383061704487,0.010965956707360374,0.013189155122407684,0.001851315374759837,0.0013090776556075954,0.0013090776556075952,0.0046875,0.002438531518405971,0.00321978151840597,
20,Vehicle_17,8577509,60,0.015330866082147095,0.008849075818810802,0.010722822525106089,0.015001527931133418,0.008771458009555918,0.01007413071841508,0.0018738572397851087,0.0013250171612275569,0.0013250171612275569,0.003125,0.0018861043456039803,0.0018861043456039808,
