window_size,vehicle,ride,start,offset,offset x,offset y,scale,scale x,scale y,no scale,no scale x,no scale y,only offset,only offset x,only offset y,
20,Vehicle_17,8577509,0,0.012351917771397889,0.007386115219204295,0.008481779993343517,0.015282092918188833,0.00995850374517616,0.009438925636858608,0.015282092918188833,0.00995850374517616,0.009438925636858608,0.012351917771397889,0.007386115219204295,0.008481779993343517,
20,Vehicle_17,8577509,20,0.017148937393736286,0.012139143003710348,0.00960599395755186,0.018913707084826044,0.012068916429988242,0.011895939340812189,0.018913707084826044,0.012068916429988242,0.011895939340812189,0.017148937393736286,0.012139143003710348,0.00960599395755186,
20,Vehicle_17,8577509,40,0.01982423477128043,0.01104065251685955,0.014278819704173312,0.0192907584285577,0.010942271542266818,0.01343976809901407,0.0192907584285577,0.010942271542266818,0.01343976809901407,0.01982423477128043,0.01104065251685955,0.014278819704173312,
20,Vehicle_17,8577509,60,0.01533086608214709,0.008849075818810804,0.010722822525106087,0.01500152793113341,0.008771458009555914,0.010074130718415078,0.01500152793113341,0.008771458009555914,0.010074130718415078,0.01533086608214709,0.008849075818810804,0.010722822525106087,
