subdir,file,cluster,size,12all_distances_scaled_to_max_trajs_distances_offset,12all_distances_scaled_to_max_trajs_distances_offset x,12all_distances_scaled_to_max_trajs_distances_offset y,12all_nums_scaled_to_max_trajs_num_intersections_offset
only_rays_size_12_,filenames_in_cluster_train KMeans test nclus 8,2,503,0.010759996654575592,0.0069156400962603354,0.0067897647452004415,0.02506670503296034
only_rays_size_12_,filenames_in_cluster_train KMeans test nclus 8,3,92,0.015129115164914131,0.009533048450782518,0.009690609223894656,0.03854405034324938
only_rays_size_12_,filenames_in_cluster_train KMeans test nclus 8,6,60,0.01341453558058,0.008543734938629033,0.008437017255845962,0.0207236842105263
only_rays_size_12_,filenames_in_cluster_train KMeans test nclus 8,7,41,0.013441457075916076,0.00862000406263496,0.008446718485836122,0.030247111681643103
only_rays_size_12_,filenames_in_cluster_train KMeans test nclus 8,0,45,0.013021879797045709,0.008198990072337665,0.008317954896556526,0.03230994152046786
only_rays_size_12_,filenames_in_cluster_train KMeans test nclus 8,1,75,0.018538435272740652,0.011849883170122876,0.011744993923617001,0.04758771929824561
only_rays_size_12_,filenames_in_cluster_train KMeans test nclus 8,5,33,0.02344886288465681,0.014686021242926011,0.015184496162114682,0.06160287081339712
only_rays_size_12_,filenames_in_cluster_train KMeans test nclus 8,4,11,0.033567519337844964,0.021039276883190242,0.02171466312763571,0.08552631578947369
