subdir,file,cluster,size,12all_distances_scaled_to_max_trajs_distances_offset,12all_distances_scaled_to_max_trajs_distances_offset x,12all_distances_scaled_to_max_trajs_distances_offset y,12all_nums_scaled_to_max_trajs_num_intersections_offset
only_rays_size_12_,filenames_in_cluster_train KMeans test nclus 4,0,596,0.0017451730417551564,0.0014144413540354743,0.001501918798758828,0.002747916478466652
only_rays_size_12_,filenames_in_cluster_train KMeans test nclus 4,3,143,0.0035536281402586364,0.0024458810080812323,0.002355882828425795,0.0041833153925908365
only_rays_size_12_,filenames_in_cluster_train KMeans test nclus 4,1,97,0.004735177758093181,0.002893740791853385,0.003314489893793054,0.005582224184360351
only_rays_size_12_,filenames_in_cluster_train KMeans test nclus 4,2,24,0.00827215899492472,0.004828125442884968,0.00572438453445153,0.011630045743199794
