subdir,file,cluster,size,12all_distances_scaled_to_max_trajs_distances_offset,12all_distances_scaled_to_max_trajs_distances_offset x,12all_distances_scaled_to_max_trajs_distances_offset y,12all_nums_scaled_to_max_trajs_num_intersections_offset
only_rays_size_12_,filenames_in_cluster_test KMeans test nclus 6,0,387,0.0176383073647871,0.0112028817544348,0.0123131518933198,0.02631578947368421
only_rays_size_12_,filenames_in_cluster_test KMeans test nclus 6,5,40,0.0202028460949104,0.012977553281431,0.0133699969447766,0.03289473684210526
only_rays_size_12_,filenames_in_cluster_test KMeans test nclus 6,1,71,0.03053505812805,0.0206441040266399,0.018234775796376,0.05263157894736842
only_rays_size_12_,filenames_in_cluster_test KMeans test nclus 6,3,85,0.0229868764358594,0.0144440501904464,0.0150414745326048,0.039473684210526314
only_rays_size_12_,filenames_in_cluster_test KMeans test nclus 6,4,18,0.0343305777277798,0.0222964486562451,0.0213485100152779,0.06907894736842106
only_rays_size_12_,filenames_in_cluster_test KMeans test nclus 6,2,5,0.0329057178384496,0.0219265463009021,0.022550276959395,0.08552631578947369
