window_size,vehicle,ride,start,scale,scale x,scale y,offset,offset x,offset y,no scale,no scale x,no scale y,only offset,only offset x,only offset y,
20,Vehicle_9,8936382,0,0.007544417382415921,0.0031249999999999997,0.0062499999999999995,0.010669417382415922,0.0062499999999999995,0.0062499999999999995,0.0,0.0,0.0,0.00625,0.003125,0.003125,
20,Vehicle_9,8936382,20,0.007544417382415922,0.0031250000000000006,0.00625,0.01593880416724942,0.010872178093625538,0.0078125,0.0,0.0,0.0,0.009375,0.00625,0.0031250000000000006,
20,Vehicle_9,8936382,40,0.0074514091183220214,0.003125,0.006156991735906098,0.010669417382415922,0.00625,0.00625,0.0,0.0,0.0,0.00625,0.003125,0.003125,
20,Vehicle_9,8936382,60,0.007544417382415923,0.0062499999999999995,0.0031249999999999997,0.01066941738241592,0.0062499999999999995,0.0062499999999999995,0.0,0.0,0.0,0.00625,0.003125,0.003125,
20,Vehicle_9,8936382,80,0.016004126073623882,0.010937500000000001,0.007812500000000002,0.017382243051201344,0.012499999999999999,0.0085434082863695,0.0,0.0,0.0,0.009375,0.00625,0.003125,
20,Vehicle_9,8936382,100,0.007544417382415921,0.003125,0.00625,0.010669417382415922,0.00625,0.006250000000000001,0.0,0.0,0.0,0.00625,0.003125,0.003125,
20,Vehicle_9,8936382,120,0.011921610769727115,0.006250000000000002,0.009332776004895267,0.017298543456039806,0.010937500000000003,0.010937500000000003,0.0,0.0,0.0,0.00625,0.003125,0.003125,
