window_size,vehicle,ride,start,scale,scale x,scale y,offset,offset x,offset y,no scale,no scale x,no scale y,only offset,only offset x,only offset y,
20,Vehicle_9,8936382,0,0.01254906396813379,0.006578947368421052,0.009823974741994946,0.01820899311162084,0.011513157894736841,0.011513157894736841,0.0,0.0,0.0,0.006578947368421052,0.003289473684210526,0.003289473684210526,
20,Vehicle_9,8936382,20,0.01254906396813379,0.006578947368421052,0.009823974741994946,0.01820899311162084,0.011513157894736841,0.011513157894736841,0.0,0.0,0.0,0.006578947368421052,0.003289473684210526,0.003289473684210526,
20,Vehicle_9,8936382,40,0.01254906396813379,0.006578947368421052,0.009823974741994946,0.01820899311162084,0.011513157894736841,0.011513157894736841,0.0,0.0,0.0,0.006578947368421052,0.003289473684210526,0.003289473684210526,
20,Vehicle_9,8936382,60,0.01254906396813379,0.006578947368421052,0.009823974741994946,0.01820899311162084,0.011513157894736841,0.011513157894736841,0.0,0.0,0.0,0.006578947368421052,0.003289473684210526,0.003289473684210526,
20,Vehicle_9,8936382,80,0.01254906396813379,0.006578947368421052,0.009823974741994946,0.01820899311162084,0.011513157894736841,0.011513157894736841,0.0,0.0,0.0,0.006578947368421052,0.003289473684210526,0.003289473684210526,
20,Vehicle_9,8936382,100,0.01254906396813379,0.006578947368421052,0.009823974741994946,0.01820899311162084,0.011513157894736841,0.011513157894736841,0.0,0.0,0.0,0.006578947368421052,0.003289473684210526,0.003289473684210526,
20,Vehicle_9,8936382,120,0.01254906396813379,0.006578947368421052,0.009823974741994946,0.01820899311162084,0.011513157894736841,0.011513157894736841,0.0,0.0,0.0,0.006578947368421052,0.003289473684210526,0.003289473684210526,
