window_size,vehicle,ride,start,scale,scale x,scale y,offset,offset x,offset y,no scale,no scale x,no scale y,only offset,only offset x,only offset y,
20,Vehicle_9,8936382,0,0.004734826352798252,0.0031249999999999997,0.0034404089703823294,0.007266230903927523,0.004493959415805189,0.0046028541057064115,0.0,0.0,0.0,0.003124923943816782,0.0015624470860042816,0.0015624768578125004,
20,Vehicle_9,8936382,20,0.00754441738241592,0.003125000000092828,0.00625,0.012787492503426607,0.007720866429936334,0.007812500000046414,0.0,0.0,0.0,0.004687399321467378,0.00312495616249997,0.0015624431589674303,
20,Vehicle_9,8936382,40,0.0051432919575466985,0.003125,0.003848874575130776,0.00891725504202221,0.0057449045041642575,0.00500293315553969,0.0,0.0,0.0,0.003125963182901925,0.0015632418750000099,0.0015627213079019264,
20,Vehicle_9,8936382,60,0.0046986285989045525,0.0034042112164693154,0.003125000000263789,0.006847787301609855,0.004517498267379261,0.004160871652097778,0.0,0.0,0.0,0.003124765444651789,0.0015624427604166158,0.0015623226842352623,
20,Vehicle_9,8936382,80,0.011957154995029886,0.006890528922732133,0.007812500000460673,0.016098529356322177,0.011216286306656347,0.008543408285103842,0.0,0.0,0.0,0.00468762397977931,0.0031250887499999712,0.0015625352297793382,
20,Vehicle_9,8936382,100,0.0046077736553450255,0.003125,0.0033133562729291033,0.007927761682096756,0.005141793582307461,0.004616550717373372,0.0,0.0,0.0,0.0031254312623371417,0.0015630110802800968,0.001562420182057045,
20,Vehicle_9,8936382,120,0.008881058759939461,0.0062499999999999995,0.006292223995107618,0.015126600558173104,0.010936379684981736,0.008766677417181717,0.0,0.0,0.0,0.0031253509156250027,0.0015630749000000055,0.0015622760156250083,
