window_size,vehicle,ride,start,scale,scale x,scale y,offset,offset x,offset y,no scale,no scale x,no scale y,only offset,only offset x,only offset y,
20,Vehicle_9,8936382,0,0.007059716623446267,0.0031250000000000006,0.005765299241030346,0.010669417382415922,0.00625,0.006250000000000001,0.0,0.0,0.0,0.00625,0.003125,0.003125,
20,Vehicle_9,8936382,20,0.007544417382415923,0.003125,0.006250000000000001,0.016004126073623885,0.0109375,0.007812500000000002,0.0,0.0,0.0,0.009375,0.00625,0.0031250000000000006,
20,Vehicle_9,8936382,40,0.007544417382415921,0.003125,0.00625,0.01066941738241592,0.00625,0.00625,0.0,0.0,0.0,0.00625,0.003125,0.003125,
20,Vehicle_9,8936382,60,0.006925202700666096,0.005630785318250175,0.003125,0.008936915649855074,0.00451749826743915,0.00625,0.0,0.0,0.0,0.00625,0.003125,0.003125,
20,Vehicle_9,8936382,80,0.01280285074967484,0.009050829874981342,0.006497894801069613,0.017382243051201344,0.0125,0.0085434082863695,0.0,0.0,0.0,0.009375,0.00625,0.003125,
20,Vehicle_9,8936382,100,0.007214162544243385,0.0031250000000000006,0.005919745161827464,0.010669417382415922,0.00625,0.006250000000000001,0.0,0.0,0.0,0.00625,0.003125,0.003125,
20,Vehicle_9,8936382,120,0.011963834764831845,0.006250000000000001,0.009375000000000003,0.017298543456039806,0.0109375,0.0109375,0.0,0.0,0.0,0.00625,0.003125,0.003125,
