window_size,vehicle,ride,start,scale,scale x,scale y,offset,offset x,offset y,no scale,no scale x,no scale y,only offset,only offset x,only offset y,
20,Vehicle_16,8446872,0,0.011840863890686544,0.006873783967595972,0.008153499180221069,0.011148717758955755,0.006426439606572548,0.007589730548017561,0.0004715226822777956,0.0003334168861218992,0.0003334168861218991,0.0015625000000000003,0.0009819022445558296,0.0009819022445558298,
20,Vehicle_16,8446872,20,0.010690074926122787,0.005931648654639535,0.007470360970783679,0.010546984144006124,0.005880033678602366,0.007427526347967215,0.0,0.0,0.0,0.0015624999999999997,0.0009819022445558298,0.0009819022445558296,
20,Vehicle_16,8446872,40,0.009770436916135938,0.005056015265806704,0.007275725347634891,0.010781159705228435,0.005752139857953546,0.00812885916468595,0.0,0.0,0.0,0.0015625,0.0009819022445558298,0.0009819022445558298,
20,Vehicle_16,8446872,60,0.012043610738073019,0.007368159899543412,0.007712796640221141,0.012735701957078484,0.007977996344305755,0.007957730046267517,0.0,0.0,0.0,0.0015625,0.0009819022445558298,0.0009819022445558298,
20,Vehicle_16,8446872,80,0.009516881517249658,0.007167398366304927,0.004970225215897883,0.009976160030400567,0.00766664469389628,0.005131668431462532,0.00023571221795028272,0.0001666737077211664,0.00016667370772116636,0.0015625,0.0009819022445558296,0.0009819022445558296,
20,Vehicle_16,8446872,100,0.011202425515147678,0.006408588565355607,0.007828902049966764,0.012046694108167666,0.006990281686786176,0.008426682437734452,0.00047132835702691413,0.00033327947741924505,0.00033327947741924505,0.0015625,0.0009819022445558298,0.0009819022445558298,
20,Vehicle_16,8446872,120,0.013047279710164903,0.007764717837467617,0.008785858633474912,0.012946892888809626,0.0071582858956765645,0.009196937546363219,0.0,0.0,0.0,0.001953125,0.0013427926869430508,0.0011313879603234427,
20,Vehicle_16,8446872,140,0.014727216090847317,0.008267956747036658,0.010502605633703324,0.015726258716414067,0.00869243577775263,0.01138670774342949,0.0,0.0,0.0,0.0017578125,0.001120009037756327,0.0011200090377563273,
