window_size,vehicle,ride,start,scale,scale x,scale y,offset,offset x,offset y,no scale,no scale x,no scale y,only offset,only offset x,only offset y,
20,Vehicle_16,8446872,0,0.010936693543984757,0.006376896076501697,0.007746216724610067,0.010486648873495938,0.006101530563834367,0.007252570705302779,0.0002357338934600127,0.00016668903462108142,0.0001666890346210828,0.001367195198567712,0.0008842508773683297,0.0008842488103110418,
20,Vehicle_16,8446872,20,0.009894228188464747,0.005743647160050922,0.006960171977714692,0.009922535289717961,0.005624772650485706,0.007058338521798664,0.00023567453102776823,0.00016664705904269398,0.00016664705904269466,0.0013671900733506965,0.000884247648852704,0.0008842469136096515,
20,Vehicle_16,8446872,40,0.009008688158710334,0.004977092153755946,0.006690555952258897,0.010475261298645396,0.005675045227174012,0.007900055388883408,0.00023545620524678673,0.00016649267940245377,0.00016649267940245516,0.0013672977170708976,0.000884329713244636,0.0008842724929379209,
20,Vehicle_16,8446872,60,0.011012911675288974,0.006909448851821765,0.007140808625158072,0.011429297038136728,0.0072208581229574065,0.007408463348674,0.00023544607618774743,0.00016648551707611968,0.00016648551707612174,0.0013670116090509278,0.0008841536029879415,0.0008841624951746452,
20,Vehicle_16,8446872,80,0.008733779428388346,0.006502759884811815,0.004851761608531656,0.009742128025831435,0.007469514383698564,0.005094766737094312,0.000235712217950283,0.00016667370772116623,0.0001666737077211669,0.0013673474687136713,0.0008841949444714392,0.0008844570133538912,
20,Vehicle_16,8446872,100,0.010636779395392188,0.00623419904674098,0.007437645448828207,0.011839190395618896,0.0068334243388148376,0.008376036073159997,0.0002355653138264156,0.00016656983081899459,0.00016656983081899667,0.001367148038098669,0.0008841364725245791,0.0008843160546857492,
20,Vehicle_16,8446872,120,0.010611824051293288,0.006187467425725842,0.007444386484646204,0.012224650591279626,0.006832826094626016,0.008800155049871125,0.00023571871396955846,0.00016667830110044592,0.000166678301100448,0.001757820537109374,0.00124514018694305,0.0010337359974328165,
20,Vehicle_16,8446872,140,0.015226720631585897,0.008765621511541928,0.010978033021282156,0.01520245109880193,0.008474461789768517,0.011080874113852059,0.0002357373652608037,0.0001666914895549633,0.00016669148955496537,0.0015625262290364622,0.001022371498693827,0.0010223603058552896,
