window_size,vehicle,ride,start,scale,scale x,scale y,offset,offset x,offset y,no scale,no scale x,no scale y,only offset,only offset x,only offset y,
20,Vehicle_16,8446872,0,0.011848533589605543,0.0068814536665149735,0.00815349918022107,0.011148717758955757,0.006426439606572548,0.007589730548017562,0.011848533589605543,0.0068814536665149735,0.00815349918022107,0.011148717758955757,0.006426439606572548,0.007589730548017562,
20,Vehicle_16,8446872,20,0.010674073766343403,0.005915647494860153,0.0074703609707836805,0.01077009171616799,0.00600653534798582,0.007524132250745633,0.010674073766343403,0.005915647494860153,0.0074703609707836805,0.01077009171616799,0.00600653534798582,0.007524132250745633,
20,Vehicle_16,8446872,40,0.00970988742133366,0.005056015265806702,0.007215175852832606,0.010776231214346909,0.005752139857953546,0.008123930673804422,0.00970988742133366,0.005056015265806702,0.007215175852832606,0.010776231214346909,0.005752139857953546,0.008123930673804422,
20,Vehicle_16,8446872,60,0.012275349167771869,0.007508788013233512,0.007803906956229895,0.012661011039737654,0.007912890674875073,0.007948144798357365,0.012275349167771869,0.007508788013233512,0.007803906956229895,0.012661011039737654,0.007912890674875073,0.007948144798357365,
20,Vehicle_16,8446872,80,0.00951688151724966,0.007167398366304921,0.004970225215897884,0.009893201642488601,0.007583686305984315,0.0051316684314625365,0.00951688151724966,0.007167398366304921,0.004970225215897884,0.009893201642488601,0.007583686305984315,0.0051316684314625365,
20,Vehicle_16,8446872,100,0.011234277731059419,0.006408588565355604,0.007860754265878511,0.012128166256511638,0.006990281686786175,0.008508154586078408,0.011234277731059419,0.006408588565355604,0.007860754265878511,0.012128166256511638,0.006990281686786175,0.008508154586078408,
20,Vehicle_16,8446872,120,0.012962228931450557,0.007598008190867371,0.008769861251360814,0.012806914404380736,0.007070369905415455,0.00914487505219543,0.012962228931450557,0.007598008190867371,0.008769861251360814,0.012806914404380736,0.007070369905415455,0.00914487505219543,
20,Vehicle_16,8446872,140,0.014941605454518411,0.008267956747036653,0.010716994997374416,0.0157780492874241,0.008692435777752628,0.011438498314439518,0.014941605454518411,0.008267956747036653,0.010716994997374416,0.0157780492874241,0.008692435777752628,0.011438498314439518,
