window_size,vehicle,ride,start,scale,scale x,scale y,offset,offset x,offset y,no scale,no scale x,no scale y,only offset,only offset x,only offset y,
20,Vehicle_17,9568608,0,0.0075913923916257255,0.004078341250322638,0.005343633758887166,0.00900767779269782,0.005379995669632924,0.005458264740699479,0.0,0.0,0.0,0.0031250444881399386,0.0015621063854613815,0.001562938102678557,
20,Vehicle_17,9568608,20,0.0151100555869086,0.012093111604829239,0.006678109217408226,0.012348723435969884,0.008903670236762655,0.007106218434536093,0.0,0.0,0.0,0.004687313466365484,0.0031249253413654808,0.0015623881250000026,
20,Vehicle_17,9568608,40,0.008165747335811541,0.0038111795774660273,0.0061851503759295925,0.007733628676292297,0.004545554577473577,0.005018656716402798,0.0,0.0,0.0,0.0031250946056469386,0.0015624290272887365,0.0015626655783582022,
