window_size,vehicle,ride,start,scale,scale x,scale y,offset,offset x,offset y,no scale,no scale x,no scale y,only offset,only offset x,only offset y,
20,Vehicle_17,9568608,0,0.010440408611453473,0.005856653076349788,0.006510684606244842,0.009735645057843896,0.005083626760564,0.006578947368421052,0.010440408611453473,0.005856653076349788,0.006510684606244842,0.009735645057843896,0.005083626760564,0.006578947368421052,
20,Vehicle_17,9568608,20,0.010440408611453473,0.005856653076349788,0.006510684606244842,0.009735645057843896,0.005083626760564,0.006578947368421052,0.010440408611453473,0.005856653076349788,0.006510684606244842,0.009735645057843896,0.005083626760564,0.006578947368421052,
20,Vehicle_17,9568608,40,0.010440408611453473,0.005856653076349788,0.006510684606244842,0.009735645057843896,0.005083626760564,0.006578947368421052,0.010440408611453473,0.005856653076349788,0.006510684606244842,0.009735645057843896,0.005083626760564,0.006578947368421052,
