window_size,vehicle,ride,start,scale,scale x,scale y,offset,offset x,offset y,no scale,no scale x,no scale y,only offset,only offset x,only offset y,
20,Vehicle_11,8529300,0,0.009059538394785509,0.004793674199339498,0.0068582205752310554,0.01131786240439067,0.0061864042265760266,0.008418631795175328,0.0,0.0,0.0,0.0008609691089222025,0.0005660224067189175,0.0005341361760514696,
20,Vehicle_11,8529300,20,0.009063401629178406,0.006698558907949099,0.004788947456346941,0.010195086484552349,0.007745802161486292,0.005355424890225383,0.0,0.0,0.0,0.0008609721897814015,0.0005341373347132072,0.0005660243289163789,
20,Vehicle_11,8529300,40,0.012115306973649816,0.007792755631226736,0.007392235866083739,0.012125179978335707,0.00779171584067788,0.007396245519096356,0.0,0.0,0.0,0.0008290816962949117,0.0005341367361526749,0.0005341344339904213,
20,Vehicle_11,8529300,60,0.011560600309222898,0.007059530825949941,0.007481406334841636,0.01187009611997494,0.007254417045594973,0.007711599391621665,0.0,0.0,0.0,0.0008290814548469402,0.0005341350697047033,0.0005341358589904214,
20,Vehicle_11,8529300,80,0.014292580897327246,0.009851069335436934,0.008472519196815097,0.01442655718504292,0.009887297503998534,0.008520417586544869,0.0,0.0,0.0,0.0013711740007653092,0.0008038734866629418,0.0009953098581920682,
20,Vehicle_11,8529300,100,0.024341254745680833,0.01576567496820821,0.015309934641017093,0.025084748474139704,0.016185319777340557,0.015995844002308635,0.0,0.0,0.0,0.0019132650316309896,0.0011519964411745326,0.0013075431316678914,
20,Vehicle_11,8529300,120,0.01548071273417104,0.009800039401125987,0.00968821187935179,0.015363162803399708,0.009694042449624688,0.009637237081976346,0.0,0.0,0.0,0.0010841836734693906,0.0006690044168955574,0.0007487786655427749,
20,Vehicle_11,8529300,140,0.012223516846596233,0.007811753618184842,0.007479506311316881,0.012307943352965103,0.007900639483035769,0.00752217838846245,0.0,0.0,0.0,0.0008290816919054669,0.0005341360760659507,0.0005341350896877006,
20,Vehicle_11,8529300,160,0.010126184918149707,0.0074337009931604294,0.0054388378560969956,0.011019240673399601,0.007849275974342694,0.006222975630138567,0.0,0.0,0.0,0.0008290801000668145,0.0005341373070771528,0.000534132266837846,
20,Vehicle_11,8529300,180,0.013194573145049753,0.00797749205604719,0.00889054616635896,0.013210327272012094,0.008011765844091662,0.008843615396097067,0.0,0.0,0.0,0.0008290915276924046,0.0005341414524853165,0.0005341395490552724,
