window_size,vehicle,ride,start,offset,offset x,offset y,scale,scale x,scale y,no scale,no scale x,no scale y,only offset,only offset x,only offset y,
20,Vehicle_10,8919796,0,0.011756289530134478,0.006822164740944945,0.008221270191714439,0.011056024147006013,0.006038200442805018,0.008081793248381734,0.011056024147006013,0.006038200442805018,0.008081793248381734,0.011756289530134478,0.006822164740944945,0.008221270191714439,
20,Vehicle_10,8919796,20,0.013598469185028716,0.00837514844391669,0.008509052466760373,0.013014372636924657,0.00818016320003957,0.0079519816730683,0.013014372636924657,0.00818016320003957,0.0079519816730683,0.013598469185028716,0.00837514844391669,0.008509052466760373,
20,Vehicle_10,8919796,40,0.012160639265900471,0.008181517224955633,0.007608708357364227,0.013982666322264064,0.008678969195180785,0.008983115531233725,0.013982666322264064,0.008678969195180785,0.008983115531233725,0.012160639265900471,0.008181517224955633,0.007608708357364227,
20,Vehicle_10,8919796,60,0.013963515547407924,0.008683592483576317,0.008685524424492528,0.013919303235036772,0.008641986640377377,0.008667470744479756,0.013919303235036772,0.008641986640377377,0.008667470744479756,0.013963515547407924,0.008683592483576317,0.008685524424492528,
20,Vehicle_10,8919796,80,0.010160013535866926,0.007441094055357776,0.005334708691207961,0.011777603852804183,0.00793693955760587,0.006873103135626208,0.011777603852804183,0.00793693955760587,0.006873103135626208,0.010160013535866926,0.007441094055357776,0.005334708691207961,
20,Vehicle_10,8919796,100,0.009718784750431475,0.0069998652699223285,0.005334708691207961,0.009432474611155425,0.007145312215932934,0.004883375640986074,0.009432474611155425,0.007145312215932934,0.004883375640986074,0.009718784750431475,0.0069998652699223285,0.005334708691207961,
20,Vehicle_10,8919796,120,0.01067247706806495,0.005763267641338104,0.0077671659035835365,0.01268984517753656,0.007606142597344942,0.008428141741700809,0.01268984517753656,0.007606142597344942,0.008428141741700809,0.01067247706806495,0.005763267641338104,0.0077671659035835365,
