window_size,vehicle,ride,start,offset,offset x,offset y,scale,scale x,scale y,no scale,no scale x,no scale y,only offset,only offset x,only offset y,
20,Vehicle_10,8919796,0,0.012292079324535807,0.007357954535346269,0.008221270191714439,0.012045258284692606,0.007027434580491613,0.008081793248381736,0.0009418890278653263,0.0006660161187287772,0.0006660161187287772,0.003125,0.0018861043456039803,0.0018861043456039808,
20,Vehicle_10,8919796,20,0.01314579520968971,0.007922474468577684,0.008509052466760371,0.012305848906852905,0.00782305261014689,0.007600568532889222,0.0009430521728019895,0.0006668385864009947,0.0006668385864009946,0.003125,0.0018861043456039803,0.0018861043456039803,
20,Vehicle_10,8919796,40,0.012952803091063437,0.008263453777363806,0.008318935630119028,0.01398266632226407,0.008678969195180783,0.008983115531233727,0.0009403662337892896,0.0006649393407112611,0.000664939340711261,0.003125,0.0018861043456039808,0.0018861043456039803,
20,Vehicle_10,8919796,60,0.013469223386852034,0.008189300323020421,0.008685524424492524,0.013433311855732419,0.008155995261073022,0.008667470744479756,0.0009090173020881246,0.0006427722985224134,0.0006427722985224133,0.003125,0.0018861043456039808,0.0018861043456039808,
20,Vehicle_10,8919796,80,0.010160013535866926,0.007441094055357775,0.00533470869120796,0.01177760385280418,0.007936939557605872,0.006873103135626207,0.00094305217280199,0.000666838586400995,0.0006668385864009949,0.003125,0.0018861043456039803,0.0018861043456039803,
20,Vehicle_10,8919796,100,0.009969131698897286,0.007250212218388136,0.005334708691207961,0.009432474611155425,0.007145312215932936,0.004883375640986075,0.00094305217280199,0.000666838586400995,0.0006668385864009949,0.003125,0.0018861043456039808,0.0018861043456039803,
20,Vehicle_10,8919796,120,0.010973730281441578,0.006064520854714733,0.007767165903583538,0.012448681293192283,0.007364978713000666,0.008428141741700809,0.0018720947924997246,0.0013237709228005779,0.0013237709228005779,0.003125,0.0018861043456039803,0.0018861043456039803,
