window_size,vehicle,ride,start,offset,offset x,offset y,scale,scale x,scale y,no scale,no scale x,no scale y,only offset,only offset x,only offset y,
20,Vehicle_10,8919796,0,0.012292079324535804,0.007357954535346268,0.00822127019171444,0.01204525828469261,0.007027434580491611,0.008081793248381734,0.000943046357077307,0.0006668344740626341,0.000666834474062634,0.003125,0.0018861043456039803,0.0018861043456039803,
20,Vehicle_10,8919796,20,0.012770788956577732,0.0079616735992097,0.008094847083016376,0.012657262047031976,0.007823052610146892,0.007951981673068301,0.0009430521728019895,0.0006668385864009947,0.0006668385864009946,0.003125,0.0018861043456039803,0.0018861043456039808,
20,Vehicle_10,8919796,40,0.013023825818308642,0.008263453777363804,0.008389958357364226,0.013821992655506824,0.008678969195180781,0.008822441864476484,0.0009430387431069267,0.0006668290901725465,0.0006668290901725464,0.003125,0.0018861043456039803,0.0018861043456039803,
20,Vehicle_10,8919796,60,0.012752490839993906,0.008074130276150848,0.008083961924503974,0.012733180871389173,0.00804082521420345,0.008082509807006082,0.0009428819984484205,0.0006667182549616021,0.000666718254961602,0.003125,0.0018861043456039803,0.0018861043456039803,
20,Vehicle_10,8919796,80,0.009741036186560845,0.0070221167060516955,0.00533470869120796,0.011530425500250355,0.007689761205052045,0.006873103135626206,0.00094305217280199,0.000666838586400995,0.0006668385864009949,0.003125,0.0018861043456039808,0.0018861043456039803,
20,Vehicle_10,8919796,100,0.010110712396784065,0.007391792916274915,0.005334708691207962,0.009432474611155421,0.007145312215932933,0.004883375640986073,0.00094305217280199,0.000666838586400995,0.0006668385864009949,0.003125,0.0018861043456039803,0.0018861043456039803,
20,Vehicle_10,8919796,120,0.01067247706806495,0.005763267641338104,0.007767165903583537,0.012689845177536558,0.007606142597344942,0.008428141741700807,0.0018860342978384592,0.0013336276415519832,0.0013336276415519832,0.003125,0.0018861043456039803,0.0018861043456039803,
