window_size,vehicle,ride,start,scale,scale x,scale y,offset,offset x,offset y,no scale,no scale x,no scale y,only offset,only offset x,only offset y,
20,Vehicle_17,9079303,0,0.00814357739026152,0.004131426098315759,0.006429267190431788,0.009699517586166355,0.005046738562712469,0.007499923265579665,0.0,0.0,0.0,0.0011250021481034186,0.000726720903209376,0.0007267191235628028,
20,Vehicle_17,9079303,20,0.007859701676999672,0.003919400891889453,0.006281751666236911,0.00964884813921054,0.004992891513840327,0.007503100867497251,0.0,0.0,0.0,0.0011248540262855653,0.0007265710370955718,0.000726720867858754,
20,Vehicle_17,9079303,40,0.010165521257964768,0.005702468902599315,0.007317329558352318,0.01095622542537964,0.006152428297729225,0.007902864125762856,0.0,0.0,0.0,0.0013749990343014807,0.0009289684824269662,0.0008736689922101304,
20,Vehicle_17,9079303,60,0.008784731278587036,0.004824796109805719,0.006519072435336328,0.00994857810023131,0.00524787039917249,0.0075834390468680875,0.0,0.0,0.0,0.001124927358676445,0.0007266229303053011,0.0007267423070399044,
20,Vehicle_17,9079303,80,0.008064954354298638,0.0040709608173630845,0.006392853435829108,0.009713993200466576,0.0050613065595418805,0.007499830883052279,0.0,0.0,0.0,0.0011250418288741898,0.0007267587298194495,0.0007267209777235006,
