window_size,vehicle,ride,start,scale,scale x,scale y,offset,offset x,offset y,no scale,no scale x,no scale y,only offset,only offset x,only offset y,
20,Vehicle_17,9079303,0,0.008836316904556071,0.004142236117623958,0.00711119668541595,0.010080935657061684,0.005107932273632672,0.007820147625556214,0.0020612936840041967,0.0008527403596173069,0.0017310929162573183,0.0027315325108927062,0.0014398743112618271,0.0020662020077425493,
20,Vehicle_17,9079303,20,0.0088461136536396,0.004081382670839305,0.007199701413601439,0.010026007485060499,0.0051079322736326755,0.0077652194535550315,0.005189271623684287,0.0023907269070959527,0.004218077876626997,0.005780732108895165,0.0029630042544099696,0.004481604577151952,
20,Vehicle_17,9079303,40,0.010317333303064512,0.005499715373267856,0.007584104412473809,0.011311121004974556,0.006221374189726379,0.008188813813360825,0.001031359806810451,0.0005597854931168129,0.0006950046453650623,0.0016234610425743922,0.0010475233283448308,0.0010461698468243802,
20,Vehicle_17,9079303,60,0.009366761425437128,0.004824796109810728,0.00710110258218408,0.010294974726023094,0.00535181433816957,0.007825891733665706,0.0038650400557709466,0.0018455884601350024,0.0030741919227399482,0.004627791001531312,0.0023135395636693264,0.003612794545817909,
20,Vehicle_17,9079303,80,0.008821088370306415,0.0041305319610744256,0.007103591440031636,0.009971329299401845,0.005107932273632673,0.007710541267896363,0.004434914432083151,0.0019895540119241654,0.0036298391360190282,0.005320216348774282,0.0026695219090396467,0.0041433771720216575,
