window_size,vehicle,ride,start,scale,scale x,scale y,offset,offset x,offset y,no scale,no scale x,no scale y,only offset,only offset x,only offset y,
20,Vehicle_4,9237382,0,0.007699823949593348,0.004802422503464765,0.00472798406372711,0.008452901818544443,0.005368830018433432,0.004914654417709539,0.0,0.0,0.0,0.0031256980794407197,0.0015630235339861632,0.0015626745454545676,
20,Vehicle_4,9237382,20,0.011214663887257585,0.007977848897443017,0.007813271533795048,0.00930331246679286,0.0067027606750057695,0.006261717026946844,0.0,0.0,0.0,0.003124396859595091,0.0015622484220950915,0.0015621484375000106,
