window_size,vehicle,ride,start,scale,scale x,scale y,offset,offset x,offset y,no scale,no scale x,no scale y,only offset,only offset x,only offset y,
20,Vehicle_4,9237382,0,0.006892128120364475,0.0036213859662917436,0.0051013247716568105,0.010669417382415922,0.00625,0.00625,0.0,0.0,0.0,0.00625,0.003125,0.003125,
20,Vehicle_4,9237382,20,0.01713242302468623,0.010772151102454308,0.010936728466192114,0.014624357062727583,0.00892223932479361,0.009363282973102129,0.0,0.0,0.0,0.00625,0.003125,0.003125,
