window_size,vehicle,ride,start,scale,scale x,scale y,offset,offset x,offset y,no scale,no scale x,no scale y,only offset,only offset x,only offset y,
20,Vehicle_4,9237382,0,0.010669417382415922,0.00625,0.006250000000000001,0.010669417382415924,0.00625,0.00625,0.010669417382415922,0.00625,0.006250000000000001,0.010669417382415924,0.00625,0.00625,
20,Vehicle_4,9237382,20,0.017132423024686226,0.01077215110245431,0.010936728466192114,0.014624357062727581,0.008922239324793609,0.00936328297310213,0.017132423024686226,0.01077215110245431,0.010936728466192114,0.014624357062727581,0.008922239324793609,0.00936328297310213,
