window_size,vehicle,ride,start,scale,scale x,scale y,offset,offset x,offset y,no scale,no scale x,no scale y,only offset,only offset x,only offset y,
20,Vehicle_4,9484077,0,0.00947513646713779,0.005991588098129999,0.0065095697706051584,0.010512063243106422,0.006243823559570315,0.007487536301180632,0.0009924125127,0.0007017416174645263,0.0007017416174645263,0.002466005514808421,0.0015733799372347368,0.001573897884108316,
20,Vehicle_4,9484077,20,0.00947513646713779,0.005991588098129999,0.0065095697706051584,0.010512063243106422,0.006243823559570315,0.007487536301180632,0.0009924125127,0.0007017416174645263,0.0007017416174645263,0.002466005514808421,0.0015733799372347368,0.001573897884108316,
20,Vehicle_4,9484077,40,0.00947513646713779,0.005991588098129999,0.0065095697706051584,0.010512063243106422,0.006243823559570315,0.007487536301180632,0.0009924125127,0.0007017416174645263,0.0007017416174645263,0.002466005514808421,0.0015733799372347368,0.001573897884108316,
20,Vehicle_4,9484077,60,0.00947513646713779,0.005991588098129999,0.0065095697706051584,0.010512063243106422,0.006243823559570315,0.007487536301180632,0.0009924125127,0.0007017416174645263,0.0007017416174645263,0.002466005514808421,0.0015733799372347368,0.001573897884108316,
