window_size,vehicle,ride,start,scale,scale x,scale y,offset,offset x,offset y,no scale,no scale x,no scale y,only offset,only offset x,only offset y,
20,Vehicle_4,9484077,0,0.01015221795525421,0.005991588098154526,0.00718665125870221,0.011423533845214738,0.007019353541063053,0.0076234769217872625,0.0009925813865570526,0.000701861029314,0.000701861029314,0.003289473684210526,0.001985372995372526,0.001985372995372526,
20,Vehicle_4,9484077,20,0.01015221795525421,0.005991588098154526,0.00718665125870221,0.011423533845214738,0.007019353541063053,0.0076234769217872625,0.0009925813865570526,0.000701861029314,0.000701861029314,0.003289473684210526,0.001985372995372526,0.001985372995372526,
20,Vehicle_4,9484077,40,0.01015221795525421,0.005991588098154526,0.00718665125870221,0.011423533845214738,0.007019353541063053,0.0076234769217872625,0.0009925813865570526,0.000701861029314,0.000701861029314,0.003289473684210526,0.001985372995372526,0.001985372995372526,
20,Vehicle_4,9484077,60,0.01015221795525421,0.005991588098154526,0.00718665125870221,0.011423533845214738,0.007019353541063053,0.0076234769217872625,0.0009925813865570526,0.000701861029314,0.000701861029314,0.003289473684210526,0.001985372995372526,0.001985372995372526,
