window_size,vehicle,ride,start,offset,offset x,offset y,scale,scale x,scale y,no scale,no scale x,no scale y,only offset,only offset x,only offset y,
20,Vehicle_17,9444930,0,0.011536491966402811,0.006885837910545339,0.007266443266556289,0.01066102917537063,0.005415762603814348,0.008596918989216856,0.0018860714016651445,0.0013336538779194405,0.0013336538779194405,0.0046875,0.0034486043456039804,0.0018861043456039808,
20,Vehicle_17,9444930,20,0.010031592727805528,0.00533470869120796,0.007312673247296382,0.010194158062883226,0.0054459876533177395,0.007737116207128818,0.0009430466485302605,0.000666834680150994,0.0006668346801509938,0.003125,0.0018861043456039803,0.0018861043456039803,
20,Vehicle_17,9444930,40,0.013115362506820511,0.00794818363036176,0.008545987058875437,0.010818966667360635,0.006059047864430831,0.007758225294440999,0.0009430262332621239,0.0006668202443764549,0.0006668202443764548,0.003906250000000001,0.0026673543456039806,0.0018861043456039808,
20,Vehicle_17,9444930,60,0.012920193201331627,0.007564047277608957,0.008963776933337369,0.013750931848965734,0.008487763334611964,0.008949235823877163,0.0009430270840076842,0.0006668208459444096,0.0006668208459444095,0.003125,0.0018861043456039803,0.0018861043456039808,
