window_size,vehicle,ride,start,offset,offset x,offset y,scale,scale x,scale y,no scale,no scale x,no scale y,only offset,only offset x,only offset y,
20,Vehicle_16,8446872,0,0.010310145607693874,0.0057462535386876065,0.00741885467953955,0.012781510067845479,0.0075993608346813235,0.008567471505798884,0.001883381047044396,0.0013317515099233125,0.0013317515099233123,0.003125,0.0018861043456039803,0.0018861043456039808,
20,Vehicle_16,8446872,20,0.010149005170441172,0.005334708691207961,0.007430085689932025,0.010910109909633453,0.0063146706708067995,0.0072301169501611685,0.0017334553169753224,0.00043341006443598195,0.0016472446950121914,0.0031249999999999997,0.0018861043456039803,0.0018861043456039803,
20,Vehicle_16,8446872,40,0.010089511795650685,0.005334708691207962,0.007370592315141535,0.008603750237338736,0.004215265542130303,0.0065930543480697745,0.008177575824115066,0.00410101691895493,0.0061896053989517795,0.009489026074945952,0.00510588586400995,0.006815622284705265,
20,Vehicle_16,8446872,60,0.01374894162077029,0.008645733496536287,0.00846100267691904,0.012410087794952998,0.007532295274605089,0.007893116103519516,0.007590012534309226,0.004526792310207581,0.004722073668596971,0.007116977884701751,0.0045534586912079605,0.0045534586912079605,
20,Vehicle_16,8446872,80,0.009667255448650665,0.00694833596814152,0.00533470869120796,0.010011399710793352,0.007412725825009943,0.005338073405001706,0.006405760979388416,0.005428562856517114,0.002724794612976865,0.00601212353909777,0.0045534586912079605,0.002990958691207961,
20,Vehicle_16,8446872,100,0.010023957413525148,0.005180888083099536,0.007458858541124425,0.01182201760747107,0.006817712737086576,0.008347008707842975,0.006150022208174792,0.00416416388002907,0.0037783331763557733,0.004568561769548885,0.002438531518405971,0.003219781518405971,
20,Vehicle_16,8446872,120,0.009306271779762006,0.00490512265225241,0.007016938338208407,0.011677708139857301,0.00746783017524426,0.007312331685552713,0.0,0.0,0.0,0.0031250000000000006,0.0018861043456039803,0.0018861043456039808,
20,Vehicle_16,8446872,140,0.016530326656769342,0.009678974450410946,0.01163726010175973,0.013305476896267567,0.007375644944978763,0.009342736804196028,0.0,0.0,0.0,0.00390625,0.002438531518405971,0.002438531518405971,
