window_size,vehicle,ride,start,scale,scale x,scale y,offset,offset x,offset y,no scale,no scale x,no scale y,only offset,only offset x,only offset y,
20,Vehicle_11,8686342,0,0.011505153086913264,0.00665715441251242,0.0076294607773197895,0.010297581978967157,0.005615482832850421,0.007435561473168106,0.0,0.0,0.0,0.003289473684210526,0.001985372995372526,0.001985372995372526,
20,Vehicle_11,8686342,20,0.011505153086913264,0.00665715441251242,0.0076294607773197895,0.010297581978967157,0.005615482832850421,0.007435561473168106,0.0,0.0,0.0,0.003289473684210526,0.001985372995372526,0.001985372995372526,
20,Vehicle_11,8686342,40,0.011505153086913264,0.00665715441251242,0.0076294607773197895,0.010297581978967157,0.005615482832850421,0.007435561473168106,0.0,0.0,0.0,0.003289473684210526,0.001985372995372526,0.001985372995372526,
20,Vehicle_11,8686342,60,0.011505153086913264,0.00665715441251242,0.0076294607773197895,0.010297581978967157,0.005615482832850421,0.007435561473168106,0.0,0.0,0.0,0.003289473684210526,0.001985372995372526,0.001985372995372526,
