window_size,vehicle,ride,start,scale,scale x,scale y,offset,offset x,offset y,no scale,no scale x,no scale y,only offset,only offset x,only offset y,
20,Vehicle_11,8686342,0,0.011440819060130737,0.006592820385729894,0.0076294607773197895,0.010686442531996947,0.005615482832850421,0.007824422026197894,0.003216696515641158,0.0016476976839566314,0.0022739751650245263,0.003289473684210526,0.001985372995372526,0.001985372995372526,
20,Vehicle_11,8686342,20,0.011440819060130737,0.006592820385729894,0.0076294607773197895,0.010686442531996947,0.005615482832850421,0.007824422026197894,0.003216696515641158,0.0016476976839566314,0.0022739751650245263,0.003289473684210526,0.001985372995372526,0.001985372995372526,
20,Vehicle_11,8686342,40,0.011440819060130737,0.006592820385729894,0.0076294607773197895,0.010686442531996947,0.005615482832850421,0.007824422026197894,0.003216696515641158,0.0016476976839566314,0.0022739751650245263,0.003289473684210526,0.001985372995372526,0.001985372995372526,
20,Vehicle_11,8686342,60,0.011440819060130737,0.006592820385729894,0.0076294607773197895,0.010686442531996947,0.005615482832850421,0.007824422026197894,0.003216696515641158,0.0016476976839566314,0.0022739751650245263,0.003289473684210526,0.001985372995372526,0.001985372995372526,
