window_size,vehicle,ride,start,offset,offset x,offset y,scale,scale x,scale y,no scale,no scale x,no scale y,only offset,only offset x,only offset y,
20,Vehicle_11,8686342,0,0.009029612243514545,0.006740610042412923,0.0049047914117981446,0.008133820960851206,0.006051653806929029,0.004428699152734769,0.0,0.0,0.0,0.002343720996093759,0.0014954870799789785,0.0014954426073227444,
20,Vehicle_11,8686342,20,0.010241306685058148,0.006594453044726131,0.006705185427092827,0.013471096565363418,0.008678223401600316,0.008860647865251654,0.0009429374195291731,0.0006667574435836189,0.0006667574435836266,0.0023438784151255726,0.0014958409447359225,0.001495246161597613,
20,Vehicle_11,8686342,40,0.016266322514766104,0.009500681961449367,0.011881174524849403,0.01191067174764997,0.00647803136466285,0.008962822318646336,0.0009428446834962644,0.0006666918693058888,0.0006666918693058965,0.0031244310108867845,0.0020475173411490222,0.0020477267065497073,
20,Vehicle_11,8686342,60,0.008942376616559923,0.004911051160125019,0.006647114667132255,0.011101444830066046,0.006825367116995482,0.00730909171084157,0.0009430521728019802,0.0006668385864009842,0.0006668385864009918,0.0023437303302010913,0.0014954243992917767,0.0014955146221172777,
