window_size,vehicle,ride,start,scale,scale x,scale y,offset,offset x,offset y,no scale,no scale x,no scale y,only offset,only offset x,only offset y,
20,Vehicle_10,8636366,0,0.007544417382415922,0.003125,0.00625,0.010669417382415924,0.00625,0.00625,0.0,0.0,0.0,0.00625,0.003125,0.003125,
20,Vehicle_10,8636366,20,0.007463757836148288,0.0046499278181931945,0.004644412635539173,0.007393857836827347,0.004617367562100658,0.004607072892310769,0.0,0.0,0.0,0.00625,0.003125,0.003125,
20,Vehicle_10,8636366,40,0.00791613111530336,0.004860074603216098,0.00488663912967134,0.00739667818394266,0.004618619291431569,0.004608641510095169,0.002209708691207961,0.0015624999999999997,0.0015625000000000003,0.00625,0.003125,0.003125,
20,Vehicle_10,8636366,60,0.010669417382415922,0.00625,0.006250000000000002,0.010669417382415922,0.00625,0.006250000000000001,0.002209708691207961,0.0015624999999999997,0.0015625000000000003,0.00625,0.003125,0.0031250000000000006,
20,Vehicle_10,8636366,80,0.008146491976735894,0.004962182826450435,0.0050148917678695375,0.0076324159588517255,0.004727777005699477,0.004735221570736325,0.004020853463934695,0.003373644772726733,0.0015625000000000007,0.010669417382415924,0.00625,0.00625,
20,Vehicle_10,8636366,100,0.009189505578210284,0.004770088195794362,0.00625,0.009397136887335348,0.004977719504919425,0.006250000000000001,0.00845970869120796,0.0046875,0.0046875,0.009297115637160024,0.004877698254744101,0.00625,
20,Vehicle_10,8636366,120,0.01788226162293503,0.009212821105912374,0.012330605752190806,0.017370783557352096,0.008531948792520252,0.012500000000000004,0.002209708691207961,0.0015624999999999997,0.0015625000000000003,0.009375,0.003125,0.00625,
20,Vehicle_10,8636366,140,0.01066941738241592,0.00625,0.00625,0.01066941738241592,0.00625,0.00625,0.006622531967068181,0.0028503232758602193,0.0046875000000000016,0.010669417382415922,0.00625,0.00625,
20,Vehicle_10,8636366,160,0.008909108087361568,0.0044896907049456454,0.006250000000000001,0.009149068551411432,0.004729651168995511,0.00625,0.00845970869120796,0.0046875,0.0046875,0.010669417382415922,0.00625,0.00625,
20,Vehicle_10,8636366,180,0.010669417382415922,0.00625,0.00625,0.01066941738241592,0.006249999999999999,0.006250000000000001,0.002209708691207961,0.0015624999999999997,0.0015625000000000003,0.00625,0.003125,0.003125,
