window_size,vehicle,ride,start,scale,scale x,scale y,offset,offset x,offset y,no scale,no scale x,no scale y,only offset,only offset x,only offset y,
20,Vehicle_10,8636366,0,0.007544417382415921,0.003125,0.0062499999999999995,0.010669417382415922,0.0062499999999999995,0.0062499999999999995,0.0,0.0,0.0,0.00625,0.003125,0.003125,
20,Vehicle_10,8636366,20,0.010669417382415922,0.0062499999999999995,0.006250000000000002,0.010669417382415922,0.0062499999999999995,0.006250000000000002,0.0,0.0,0.0,0.0062499999999999995,0.003125,0.003125,
20,Vehicle_10,8636366,40,0.007916131115303362,0.004860074603216099,0.00488663912967134,0.00739667818394266,0.004618619291431569,0.004608641510095169,0.0,0.0,0.0,0.00625,0.003125,0.003125,
20,Vehicle_10,8636366,60,0.009647167934827275,0.00625,0.005227750552411353,0.009118106776360187,0.00625,0.004698689393944266,0.0,0.0,0.0,0.00625,0.0031250000000000006,0.0031250000000000006,
20,Vehicle_10,8636366,80,0.008146491976735894,0.004962182826450436,0.0050148917678695375,0.007632415958851725,0.004727777005699478,0.004735221570736325,0.0,0.0,0.0,0.00625,0.003125,0.0031250000000000006,
20,Vehicle_10,8636366,100,0.01066941738241592,0.00625,0.00625,0.010669417382415924,0.00625,0.00625,0.0,0.0,0.0,0.00625,0.003125,0.003125,
20,Vehicle_10,8636366,120,0.017882261622935026,0.009212821105912376,0.012330605752190806,0.017370783557352092,0.00853194879252025,0.0125,0.0,0.0,0.0,0.009375,0.003125,0.00625,
20,Vehicle_10,8636366,140,0.010669417382415922,0.00625,0.00625,0.010669417382415922,0.00625,0.00625,0.0,0.0,0.0,0.0062499999999999995,0.003125,0.003125,
20,Vehicle_10,8636366,160,0.010669417382415922,0.00625,0.00625,0.009149068551411434,0.004729651168995511,0.00625,0.0,0.0,0.0,0.00625,0.003125,0.003125,
20,Vehicle_10,8636366,180,0.01066941738241592,0.00625,0.00625,0.010669417382415922,0.00625,0.00625,0.0,0.0,0.0,0.00625,0.003125,0.003125,
