window_size,vehicle,ride,start,scale,scale x,scale y,offset,offset x,offset y,no scale,no scale x,no scale y,only offset,only offset x,only offset y,
20,Vehicle_11,8354936,0,0.009118885467577465,0.0062499999999999995,0.004699468085222622,0.007544417382439544,0.004780585106336941,0.00459441489368668,0.0,0.0,0.0,0.003125,0.0015625437499999784,0.0015624562500000216,
20,Vehicle_11,8354936,20,0.004435237911124757,0.003125,0.0031408205287088353,0.008666668371013401,0.006172171682560122,0.0043250793060373586,0.0,0.0,0.0,0.004686569577739302,0.0031248355176339226,0.0015617340601053798,
20,Vehicle_11,8354936,40,0.005679752850106916,0.003125,0.004385335467686468,0.00847495701139144,0.005071747521529771,0.005233792107450272,0.0,0.0,0.0,0.003125668499669454,0.0015627760434194671,0.0015628924562499868,
20,Vehicle_11,8354936,60,0.009794792106134702,0.00625,0.007205957341292801,0.01334149165597719,0.005149865582352815,0.010937500000008583,0.0,0.0,0.0,0.004686339210736001,0.001561432869614876,0.0031249063411211255,
20,Vehicle_11,8354936,80,0.005936089498765506,0.003125,0.004641672116349584,0.014194352172665063,0.009299327354256887,0.008556190053576329,0.0,0.0,0.0,0.003127487026909731,0.0015641578124999944,0.0015633292144097365,
20,Vehicle_11,8354936,100,0.004432572144318149,0.0031381547619022264,0.003125000000019225,0.009247652695569436,0.004357851731600652,0.0067203835815720855,0.0,0.0,0.0,0.004687662549286692,0.0015621192562499998,0.0031255432930367144,
20,Vehicle_11,8354936,120,0.010378517736849852,0.005959100354431378,0.0062500000000051004,0.00909500476314832,0.004675587380729849,0.0062500000000051004,0.0,0.0,0.0,0.0031249907055951156,0.0015624740686103699,0.0015625166369847455,
20,Vehicle_11,8354936,140,0.014561129737560257,0.00934968157510922,0.00887261339762165,0.014712674174700256,0.009300691252894355,0.00907314815697232,0.0,0.0,0.0,0.0031275701648482367,0.0015638914588214537,0.0015636787060267832,
20,Vehicle_11,8354936,160,0.0047061376092667,0.0031249999999999997,0.0034117202268507778,0.006994136782343864,0.004244447070012718,0.004580272329915223,0.0,0.0,0.0,0.0031247671212500496,0.0015623125000000294,0.0015624546212500202,
20,Vehicle_11,8354936,180,0.009754126073672882,0.004687500000014351,0.007812500000071757,0.008697978109325356,0.0042785607268975455,0.006250000000057406,0.0,0.0,0.0,0.003124882929153039,0.0015624209111445686,0.0015624620180084703,
