window_size,vehicle,ride,start,scale,scale x,scale y,offset,offset x,offset y,no scale,no scale x,no scale y,only offset,only offset x,only offset y,
20,Vehicle_11,8354936,0,0.010267501130181895,0.004934210526330841,0.00822368421060179,0.009155766430868737,0.004503748133576316,0.0065789473684814736,0.0,0.0,0.0,0.00328935045174,0.0016446535906784211,0.0016446968610614738,
20,Vehicle_11,8354936,20,0.010267501130181895,0.004934210526330841,0.00822368421060179,0.009155766430868737,0.004503748133576316,0.0065789473684814736,0.0,0.0,0.0,0.00328935045174,0.0016446535906784211,0.0016446968610614738,
20,Vehicle_11,8354936,40,0.010267501130181895,0.004934210526330841,0.00822368421060179,0.009155766430868737,0.004503748133576316,0.0065789473684814736,0.0,0.0,0.0,0.00328935045174,0.0016446535906784211,0.0016446968610614738,
20,Vehicle_11,8354936,60,0.010267501130181895,0.004934210526330841,0.00822368421060179,0.009155766430868737,0.004503748133576316,0.0065789473684814736,0.0,0.0,0.0,0.00328935045174,0.0016446535906784211,0.0016446968610614738,
20,Vehicle_11,8354936,80,0.010267501130181895,0.004934210526330841,0.00822368421060179,0.009155766430868737,0.004503748133576316,0.0065789473684814736,0.0,0.0,0.0,0.00328935045174,0.0016446535906784211,0.0016446968610614738,
20,Vehicle_11,8354936,100,0.010267501130181895,0.004934210526330841,0.00822368421060179,0.009155766430868737,0.004503748133576316,0.0065789473684814736,0.0,0.0,0.0,0.00328935045174,0.0016446535906784211,0.0016446968610614738,
20,Vehicle_11,8354936,120,0.010267501130181895,0.004934210526330841,0.00822368421060179,0.009155766430868737,0.004503748133576316,0.0065789473684814736,0.0,0.0,0.0,0.00328935045174,0.0016446535906784211,0.0016446968610614738,
20,Vehicle_11,8354936,140,0.010267501130181895,0.004934210526330841,0.00822368421060179,0.009155766430868737,0.004503748133576316,0.0065789473684814736,0.0,0.0,0.0,0.00328935045174,0.0016446535906784211,0.0016446968610614738,
20,Vehicle_11,8354936,160,0.010267501130181895,0.004934210526330841,0.00822368421060179,0.009155766430868737,0.004503748133576316,0.0065789473684814736,0.0,0.0,0.0,0.00328935045174,0.0016446535906784211,0.0016446968610614738,
20,Vehicle_11,8354936,180,0.010267501130181895,0.004934210526330841,0.00822368421060179,0.009155766430868737,0.004503748133576316,0.0065789473684814736,0.0,0.0,0.0,0.00328935045174,0.0016446535906784211,0.0016446968610614738,
