window_size,vehicle,ride,start,scale,scale x,scale y,offset,offset x,offset y,no scale,no scale x,no scale y,only offset,only offset x,only offset y,
20,Vehicle_11,8354936,0,0.01066941738241592,0.0062499999999999995,0.0062499999999999995,0.010669417382415922,0.0062499999999999995,0.006250000000000001,0.0,0.0,0.0,0.00625,0.0031250000000000006,0.003125,
20,Vehicle_11,8354936,20,0.007544417382415922,0.003125,0.00625,0.013407974244069068,0.008988556861653146,0.006250000000000001,0.0,0.0,0.0,0.009375,0.00625,0.003125,
20,Vehicle_11,8354936,40,0.007544417382415923,0.003125,0.00625,0.010669417382415922,0.00625,0.00625,0.0,0.0,0.0,0.00625,0.003125,0.003125,
20,Vehicle_11,8354936,60,0.01508883476483184,0.00625,0.012500000000000002,0.01554176049127839,0.007350134417654504,0.0109375,0.0,0.0,0.0,0.009375,0.003125,0.00625,
20,Vehicle_11,8354936,80,0.009754126073623885,0.004687500000000001,0.0078125,0.015088834764831843,0.009375000000000001,0.009375000000000001,0.0,0.0,0.0,0.00625,0.003125,0.003125,
20,Vehicle_11,8354936,100,0.007531262620513331,0.006236845238097409,0.003125,0.012561565650817307,0.005017148268401387,0.009375,0.0,0.0,0.0,0.009375,0.0031250000000000006,0.00625,
20,Vehicle_11,8354936,120,0.010669417382415922,0.0062499999999999995,0.006250000000000001,0.010669417382415922,0.0062499999999999995,0.0062499999999999995,0.0,0.0,0.0,0.00625,0.003125,0.0031250000000000006,
20,Vehicle_11,8354936,140,0.014561129737590548,0.009349681575107799,0.008872613397650907,0.014712674174733409,0.00930069125289702,0.009073148157004544,0.0,0.0,0.0,0.00625,0.003125,0.003125,
20,Vehicle_11,8354936,160,0.007043241815333595,0.0031250000000000006,0.0057488244329176735,0.010669417382415922,0.0062499999999999995,0.006250000000000001,0.0,0.0,0.0,0.00625,0.003125,0.0031250000000000006,
20,Vehicle_11,8354936,180,0.007544417382415922,0.0031250000000000006,0.00625,0.009303308238312569,0.00625,0.004883890855896645,0.0,0.0,0.0,0.00625,0.003125,0.003125,
