subdir,file,cluster,size,24all_distances_scaled_to_max_trajs_distances_offset,24all_distances_scaled_to_max_trajs_distances_offset x,24all_distances_scaled_to_max_trajs_distances_offset y,24all_nums_scaled_to_max_trajs_num_intersections_offset,4all_distances_scaled_to_max_trajs_distances_offset,4all_distances_scaled_to_max_trajs_distances_offset x,4all_distances_scaled_to_max_trajs_distances_offset y,4all_nums_scaled_to_max_trajs_num_intersections_offset
only_rays_acceler_size_4_,filenames_in_cluster_train KMeans test nclus 5,0,433,0.010929522568777003,0.007084101338173928,0.00686816770432615,0.025107876504193626,0.011109099759680456,0.006578947368420949,0.0064570814624005145,0.025107876504193626
only_rays_acceler_size_4_,filenames_in_cluster_train KMeans test nclus 5,4,92,0.014913488790875045,0.009448084689522207,0.00957148569341796,0.037721681922196756,0.011007614729898115,0.006578947368421008,0.006355596432618207,0.037721681922196756
only_rays_acceler_size_4_,filenames_in_cluster_train KMeans test nclus 5,2,160,0.012309413917649144,0.007744282673598428,0.007901492796967004,0.024547697368421054,0.019050309011733775,0.013610945637227681,0.007956414473684174,0.024547697368421054
only_rays_acceler_size_4_,filenames_in_cluster_train KMeans test nclus 5,1,119,0.01719676053372001,0.010837565327479943,0.0110715971127361,0.04052410437859355,0.01980320198790738,0.01409829343810931,0.008417182662538665,0.04052410437859355
only_rays_acceler_size_4_,filenames_in_cluster_train KMeans test nclus 5,3,56,0.023119432204690087,0.014871868880033194,0.01460380375779192,0.06326362781954888,0.013041607112539518,0.008778527657653282,0.00622441797372629,0.06326362781954888
