subdir,file,cluster,size,24all_distances_scaled_to_max_trajs_distances_offset,24all_distances_scaled_to_max_trajs_distances_offset x,24all_distances_scaled_to_max_trajs_distances_offset y,24all_nums_scaled_to_max_trajs_num_intersections_offset,4all_distances_scaled_to_max_trajs_distances_offset,4all_distances_scaled_to_max_trajs_distances_offset x,4all_distances_scaled_to_max_trajs_distances_offset y,4all_nums_scaled_to_max_trajs_num_intersections_offset
only_rays_acceler_size_4_,filenames_in_cluster_test KMeans test nclus 5,0,279,0.008190096883013,0.0058376966821712005,0.007163757420102901,0.013157894736842105,0.0049362390837331006,0.0032894736842105,0.0032915022416279997,0.013157894736842105
only_rays_acceler_size_4_,filenames_in_cluster_test KMeans test nclus 5,4,76,0.0134920941108083,0.010176985035631799,0.009352398736988302,0.01644736842105263,0.004910345298672699,0.0032894736842105,0.0032656084565674997,0.01644736842105263
only_rays_acceler_size_4_,filenames_in_cluster_test KMeans test nclus 5,3,22,0.019708082690496297,0.013161312062046801,0.0140306842250802,0.03618421052631579,0.0081998189828833,0.006578947368421099,0.0016208716144622002,0.03618421052631579
only_rays_acceler_size_4_,filenames_in_cluster_test KMeans test nclus 5,2,123,0.009315046387986099,0.0068113422960752,0.0074608248737187,0.006578947368421052,0.0,0.0,0.0,0.006578947368421052
only_rays_acceler_size_4_,filenames_in_cluster_test KMeans test nclus 5,1,106,0.0248931606219088,0.0178078112963891,0.016397594264994198,0.029605263157894735,0.0,0.0,0.0,0.029605263157894735
