subdir,file,cluster,size,24all_distances_scaled_to_max_trajs_distances_offset,24all_distances_scaled_to_max_trajs_distances_offset x,24all_distances_scaled_to_max_trajs_distances_offset y,24all_nums_scaled_to_max_trajs_num_intersections_offset,4all_distances_scaled_to_max_trajs_distances_offset,4all_distances_scaled_to_max_trajs_distances_offset x,4all_distances_scaled_to_max_trajs_distances_offset y,4all_nums_scaled_to_max_trajs_num_intersections_offset
only_rays_acceler_size_4_,filenames_in_cluster_test KMeans test nclus 7,0,273,0.006030388581017402,0.0057703262284022,0.0050301074342132,0.013157894736842105,0.0049362390837331006,0.0032894736842105,0.0032915022416279997,0.013157894736842105
only_rays_acceler_size_4_,filenames_in_cluster_test KMeans test nclus 7,6,69,0.0135125272693128,0.010176985035631799,0.009352398736988302,0.019736842105263157,0.0049362390837331006,0.0032894736842105,0.0032915022416279997,0.019736842105263157
only_rays_acceler_size_4_,filenames_in_cluster_test KMeans test nclus 7,1,39,0.023461053831240898,0.0159190530044136,0.015186333810304098,0.02302631578947368,0.0032894736842106007,0.003289473684210599,0.0,0.02302631578947368
only_rays_acceler_size_4_,filenames_in_cluster_test KMeans test nclus 7,4,21,0.009319847034083902,0.007425045341660899,0.008634854799709199,0.016447368421052627,0.0016208716144621993,0.0,0.0016208716144622002,0.016447368421052627
only_rays_acceler_size_4_,filenames_in_cluster_test KMeans test nclus 7,3,7,0.017254352890650596,0.010457364085469502,0.0134281815478347,0.016447368421052627,0.006578947368421101,0.006578947368421099,0.0,0.016447368421052627
only_rays_acceler_size_4_,filenames_in_cluster_test KMeans test nclus 7,2,123,0.009315046387986099,0.0068113422960752,0.0074608248737187,0.006578947368421052,0.0,0.0,0.0,0.006578947368421052
only_rays_acceler_size_4_,filenames_in_cluster_test KMeans test nclus 7,5,74,0.016109457869626,0.0115576267430657,0.0125411477171802,0.01644736842105263,0.0,0.0,0.0,0.01644736842105263
