subdir,file,cluster,size,24all_distances_scaled_to_max_trajs_distances_offset,24all_distances_scaled_to_max_trajs_distances_offset x,24all_distances_scaled_to_max_trajs_distances_offset y,24all_nums_scaled_to_max_trajs_num_intersections_offset,4all_distances_scaled_to_max_trajs_distances_offset,4all_distances_scaled_to_max_trajs_distances_offset x,4all_distances_scaled_to_max_trajs_distances_offset y,4all_nums_scaled_to_max_trajs_num_intersections_offset
only_rays_acceler_size_4_,filenames_in_cluster_test KMeans test nclus 4,0,328,0.0195340818484473,0.0120385162800779,0.0127364599502829,0.039473684210526314,0.0145204393499114,0.0098684210526315,0.0082236842105263,0.039473684210526314
only_rays_acceler_size_4_,filenames_in_cluster_test KMeans test nclus 4,3,52,0.0335034210106647,0.0225615700431462,0.0222279135244772,0.08552631578947369,0.017809913034122,0.0131578947368421,0.0082236842105263,0.08552631578947369
only_rays_acceler_size_4_,filenames_in_cluster_test KMeans test nclus 4,2,123,0.0192735559092137,0.0119064360930353,0.0125559186706788,0.02631578947368421,0.017809913034122,0.0131578947368421,0.006578947368421,0.02631578947368421
only_rays_acceler_size_4_,filenames_in_cluster_test KMeans test nclus 4,1,103,0.0349843121781757,0.0229897106489048,0.0215794936175099,0.05921052631578947,0.017809913034122,0.0131578947368421,0.006578947368421,0.05921052631578947
