subdir,file,cluster,size,24all_distances_scaled_to_max_trajs_distances_offset,24all_distances_scaled_to_max_trajs_distances_offset x,24all_distances_scaled_to_max_trajs_distances_offset y,24all_nums_scaled_to_max_trajs_num_intersections_offset,4all_distances_scaled_to_max_trajs_distances_offset,4all_distances_scaled_to_max_trajs_distances_offset x,4all_distances_scaled_to_max_trajs_distances_offset y,4all_nums_scaled_to_max_trajs_num_intersections_offset
only_rays_acceler_size_4_,filenames_in_cluster_test KMeans test nclus 8,0,241,0.19443084303828104,0.28880544906347394,0.2527021754277491,0.203615670479424,0.3543296723229203,0.42023588502984943,0.24282902200959786,0.203615670479424
only_rays_acceler_size_4_,filenames_in_cluster_test KMeans test nclus 8,6,69,0.22053661142926512,0.2013035418107496,0.2271072983490792,0.25443853299060276,0.27357209023628487,0.3053812681986304,0.22458108953477607,0.25443853299060276
only_rays_acceler_size_4_,filenames_in_cluster_test KMeans test nclus 8,4,35,0.23522831770083294,0.23202518023122304,0.2345285598420471,0.2550285608459316,0.23211538298959883,0.23211538298959886,inf,0.2550285608459316
only_rays_acceler_size_4_,filenames_in_cluster_test KMeans test nclus 8,3,22,0.3419594537697727,0.2790287035553683,0.271570507090154,0.24694674786478102,0.41907020260422206,nan,0.41907020260422223,0.24694674786478102
only_rays_acceler_size_4_,filenames_in_cluster_test KMeans test nclus 8,5,32,0.29521219615822963,0.2744671025483847,0.22509911927205078,0.4841229182759271,0.4428552586862783,nan,0.4428552586862529,0.4841229182759271
only_rays_acceler_size_4_,filenames_in_cluster_test KMeans test nclus 8,7,6,0.4214517766525257,0.3752579641516515,0.3876901653825561,0.31972210155418124,0.4714045207910317,0.47140452079103173,inf,0.31972210155418124
only_rays_acceler_size_4_,filenames_in_cluster_test KMeans test nclus 8,2,123,0.19142038143209794,0.20158393109304087,0.21643004136487434,0.3358028687489981,inf,inf,inf,0.3358028687489981
only_rays_acceler_size_4_,filenames_in_cluster_test KMeans test nclus 8,1,78,0.2655549803140601,0.24184249660427184,0.23492842909026465,0.3181141009081195,nan,inf,inf,0.3181141009081195
