subdir,file,cluster,size,24all_distances_scaled_to_max_trajs_distances_offset,24all_distances_scaled_to_max_trajs_distances_offset x,24all_distances_scaled_to_max_trajs_distances_offset y,24all_nums_scaled_to_max_trajs_num_intersections_offset,4all_distances_scaled_to_max_trajs_distances_offset,4all_distances_scaled_to_max_trajs_distances_offset x,4all_distances_scaled_to_max_trajs_distances_offset y,4all_nums_scaled_to_max_trajs_num_intersections_offset
only_rays_acceler_size_4_,filenames_in_cluster_train KMeans test nclus 5,0,433,0.001228397715653014,0.0012821451041823673,0.0013523046245272727,0.0026669252354751365,0.0004396808168083572,2.6020852139652106e-18,0.0004396808168083696,0.0026669252354751365
only_rays_acceler_size_4_,filenames_in_cluster_train KMeans test nclus 5,4,92,0.003945810633752603,0.002624129910699976,0.002683138559795419,0.0053008138535105736,0.000577767082259588,2.6020852139652106e-18,0.000577767082259606,0.0053008138535105736
only_rays_acceler_size_4_,filenames_in_cluster_train KMeans test nclus 5,2,160,0.0023089280469295284,0.001734040276961794,0.0016336942375090307,0.002464019451739907,0.0030835122092298193,0.001656925182133039,0.003184421952086724,0.002464019451739907
only_rays_acceler_size_4_,filenames_in_cluster_train KMeans test nclus 5,1,119,0.0050051296036225336,0.003209244002904573,0.0033705051606685963,0.007954549757406693,0.004043379460467295,0.0022513975199803227,0.0035626843342728334,0.007954549757406693
only_rays_acceler_size_4_,filenames_in_cluster_train KMeans test nclus 5,3,56,0.00811864234132712,0.00483877075072862,0.005609615478039362,0.013289274072675897,0.0036640067478250567,0.0032550377132152925,0.0008676223857681146,0.013289274072675897
