subdir,file,cluster,size,24all_distances_scaled_to_max_trajs_distances_offset,24all_distances_scaled_to_max_trajs_distances_offset x,24all_distances_scaled_to_max_trajs_distances_offset y,24all_nums_scaled_to_max_trajs_num_intersections_offset,4all_distances_scaled_to_max_trajs_distances_offset,4all_distances_scaled_to_max_trajs_distances_offset x,4all_distances_scaled_to_max_trajs_distances_offset y,4all_nums_scaled_to_max_trajs_num_intersections_offset
only_rays_acceler_size_4_,filenames_in_cluster_test KMeans test nclus 5,0,279,0.0012866103642720484,0.0014185359155531431,0.0013139896563268353,0.002492288047425637,0.001740324268283529,0.0013161296137253246,0.0008434444852287407,0.002492288047425637
only_rays_acceler_size_4_,filenames_in_cluster_test KMeans test nclus 5,4,76,0.0034489943742213236,0.0023930291412366427,0.002300024404392077,0.005834641654424816,0.0013536583532158327,0.0010194395527453074,0.0007256769559838917,0.005834641654424816
only_rays_acceler_size_4_,filenames_in_cluster_test KMeans test nclus 5,3,22,0.005805220726252507,0.003513608078531524,0.004098350042819602,0.010206966606385176,0.0032649937944862276,0.0031823858633063563,0.00033762576659446877,0.010206966606385176
only_rays_acceler_size_4_,filenames_in_cluster_test KMeans test nclus 5,2,123,0.0017830897326459852,0.001373057156063138,0.0016147466360350218,0.0022092293996644613,6.938893903907228e-18,3.469446951953614e-18,2.6020852139652106e-18,0.0022092293996644613
only_rays_acceler_size_4_,filenames_in_cluster_test KMeans test nclus 5,1,106,0.005002112249455227,0.0033765604113467525,0.003306834040611147,0.007799357028825116,3.469446951953614e-18,1.734723475976807e-18,2.6020852139652106e-18,0.007799357028825116
