window_size,vehicle,ride,start,scale,scale x,scale y,offset,offset x,offset y,no scale,no scale x,no scale y,only offset,only offset x,only offset y,
20,Vehicle_6,8585059,0,0.007544417382415923,0.003125,0.00625,0.010669417382415922,0.00625,0.00625,0.007544417382415923,0.003125,0.00625,0.010669417382415922,0.00625,0.00625,
20,Vehicle_6,8585059,20,0.007544417382415921,0.003125,0.00625,0.01821993825835595,0.012506103493524106,0.009375000000000003,0.007544417382415921,0.003125,0.00625,0.01821993825835595,0.012506103493524106,0.009375000000000003,
20,Vehicle_6,8585059,40,0.007544417382415921,0.003125,0.00625,0.010669417382415922,0.00625,0.00625,0.007544417382415921,0.003125,0.00625,0.010669417382415922,0.00625,0.00625,
