window_size,vehicle,ride,start,scale,scale x,scale y,offset,offset x,offset y,no scale,no scale x,no scale y,only offset,only offset x,only offset y,
20,Vehicle_11,9289849,0,0.013056373054715133,0.007428592739684281,0.009136447821610336,0.013908774143973558,0.007928220622015281,0.009847644677038485,0.0,0.0,0.0,0.001084183673469388,0.0007494350927968112,0.0006078858512782927,
20,Vehicle_11,9289849,20,0.010912362655462351,0.006221025010985409,0.007555140633743999,0.012169515481231567,0.007101183962416207,0.008348811144003054,0.0,0.0,0.0,0.0009566326530612245,0.0006281998333642591,0.0005802146944468158,
20,Vehicle_11,9289849,40,0.010731924729792544,0.005941023519936148,0.007581780019346536,0.011099117990456514,0.006213252886920628,0.007838470827810983,0.0,0.0,0.0,0.0008928571428571428,0.0005660233083526631,0.0005660233083526632,
20,Vehicle_11,9289849,60,0.011914140061868377,0.0069689491562569044,0.008083597664965123,0.012572523242176087,0.007546538178333241,0.008375816224214405,0.0,0.0,0.0,0.0008928571428571429,0.000566023308352663,0.0005660233083526632,
20,Vehicle_11,9289849,80,0.0107341775217695,0.005975782111056894,0.007542934185792685,0.011469845711146317,0.006545399601226694,0.00804007133104789,0.0,0.0,0.0,0.0008928571428571429,0.0005660233083526632,0.0005660233083526631,
20,Vehicle_11,9289849,100,0.011209023317432155,0.006194075753678853,0.008100244685844115,0.011628493591128027,0.0065604464553286924,0.008295052783099763,0.0,0.0,0.0,0.0009566326530612245,0.000628199833364259,0.0005802146944468157,
20,Vehicle_11,9289849,120,0.010360872883510772,0.007606259600519227,0.005523364461894314,0.010903952888526391,0.007897286612446234,0.006018534024829185,0.0,0.0,0.0,0.0008928571428571428,0.000566023308352663,0.0005660233083526631,
20,Vehicle_11,9289849,140,0.012806206467962634,0.008126452381284125,0.00802633539826661,0.012843112847007137,0.008107193794204921,0.008081983337370082,0.0,0.0,0.0,0.0008928571428571427,0.0005660233083526631,0.0005660233083526631,
20,Vehicle_11,9289849,160,0.012302147153141443,0.008376130476854326,0.007258581704248958,0.013204690686982087,0.00897390845806881,0.00790641390353849,0.0,0.0,0.0,0.0008928571428571428,0.0005660233083526631,0.0005660233083526631,
20,Vehicle_11,9289849,180,0.014109275778872325,0.008426925679010796,0.009531718819822265,0.014731023741200576,0.008746806889722576,0.010000842840635639,0.0,0.0,0.0,0.0010841836734693877,0.0007494350927968112,0.0006078858512782927,
