window_size,vehicle,ride,start,scale,scale x,scale y,offset,offset x,offset y,no scale,no scale x,no scale y,only offset,only offset x,only offset y,
20,Vehicle_11,9289849,0,0.012335015624418516,0.0071776025573689105,0.008666080573634731,0.013473755919768073,0.0077698747047594266,0.009570972370091493,0.0,0.0,0.0,0.0009885216919053054,0.000685663548012439,0.0005759954144985844,
20,Vehicle_11,9289849,20,0.010384365357457043,0.00597642456809437,0.007271743778624666,0.011800933282313074,0.006855946191717507,0.008225466715784658,0.0,0.0,0.0,0.0008928805816648356,0.0005963253051120015,0.0005483371513026859,
20,Vehicle_11,9289849,40,0.010322147839523564,0.005848685505318222,0.007274024076299597,0.010787450282771532,0.006137516401018941,0.007602539606028003,0.0,0.0,0.0,0.000829081559538996,0.0005341353826511327,0.0005341356507360475,
20,Vehicle_11,9289849,60,0.0119838384647263,0.007306367356826683,0.007918547532110113,0.012401747788684345,0.007497955631227721,0.008253623317827752,0.0,0.0,0.0,0.0008290760242242405,0.000534121522638377,0.0005341439754340479,
20,Vehicle_11,9289849,80,0.010104801381667524,0.005673869489085342,0.007211152485659802,0.011027261812066227,0.00630991119394815,0.007832975839245122,0.0,0.0,0.0,0.0008290799404764497,0.0005341344412921314,0.0005341349730325026,
20,Vehicle_11,9289849,100,0.010699803822762314,0.006114284996624523,0.007670815948225936,0.011367406056586218,0.006567511748505184,0.008026899955386859,0.0,0.0,0.0,0.0008928696201453057,0.0005963348098860189,0.0005483166850091385,
20,Vehicle_11,9289849,120,0.01013698551556652,0.0074392250611509765,0.0054665116333215535,0.010758917071414418,0.0077943079437034464,0.005976476876464455,0.0,0.0,0.0,0.0008290849887674688,0.000534131718676252,0.000534142743939401,
20,Vehicle_11,9289849,140,0.012582404389994133,0.008233325389760895,0.00769566031182587,0.01264617051363327,0.00822692364203749,0.007765311156166622,0.0,0.0,0.0,0.000829080423132797,0.0005341448456967675,0.0005341250512842138,
20,Vehicle_11,9289849,160,0.011919130507724711,0.008283427183429113,0.006997697579819339,0.012729313101626434,0.008711635801015728,0.007693308975237841,0.0,0.0,0.0,0.0008290721410335852,0.0005341328158781733,0.0005341287990035963,
20,Vehicle_11,9289849,180,0.013676173122008748,0.008303795597033236,0.009168422166182638,0.014449808599992554,0.008600172747162828,0.009866261841967101,0.0,0.0,0.0,0.0009885233864478907,0.0006856591592510772,0.0005760014978025311,
