window_size,vehicle,ride,start,scale,scale x,scale y,offset,offset x,offset y,no scale,no scale x,no scale y,only offset,only offset x,only offset y,
20,Vehicle_17,8577509,0,0.015088834764831843,0.009375,0.009375,0.01508883476483184,0.009375,0.009375,0.0,0.0,0.0,0.00625,0.0031250000000000006,0.003125,
20,Vehicle_17,8577509,20,0.012879126073623882,0.007812499999999999,0.007812500000000002,0.016004126073623885,0.0078125,0.010937500000000003,0.0,0.0,0.0,0.009375,0.0031250000000000006,0.00625,
20,Vehicle_17,8577509,40,0.017103122775768184,0.009266739917361886,0.011497548093574455,0.022052529816817792,0.012422440537774516,0.01512183713179551,0.0,0.0,0.0,0.009375,0.0031250000000000006,0.00625,
20,Vehicle_17,8577509,60,0.007544417382415921,0.003125,0.00625,0.017293511966451184,0.010932468510411377,0.0109375,0.0,0.0,0.0,0.00625,0.003125,0.0031250000000000006,
