window_size,vehicle,ride,start,scale,scale x,scale y,offset,offset x,offset y,no scale,no scale x,no scale y,only offset,only offset x,only offset y,
20,Vehicle_17,8577509,0,0.015078107820048868,0.009375,0.009364273055217025,0.015088834764831843,0.009375000000000001,0.009375,0.0,0.0,0.0,0.00625,0.003125,0.003125,
20,Vehicle_17,8577509,20,0.012423396907006154,0.0078125,0.007356770833382273,0.016004126073623885,0.0078125,0.010937500000000003,0.0,0.0,0.0,0.009375,0.0031250000000000006,0.00625,
20,Vehicle_17,8577509,40,0.01810410967012446,0.009266739917361886,0.012498534987930727,0.022052529816817785,0.012422440537774516,0.015121837131795506,0.0,0.0,0.0,0.009375,0.003125,0.00625,
20,Vehicle_17,8577509,60,0.007544417382415924,0.0031249999999999997,0.006250000000000001,0.01729351196645118,0.010932468510411377,0.010937499999999998,0.0,0.0,0.0,0.00625,0.003125,0.003125,
