window_size,vehicle,ride,start,scale,scale x,scale y,offset,offset x,offset y,no scale,no scale x,no scale y,only offset,only offset x,only offset y,
20,Vehicle_17,9513246,0,0.009047668523353862,0.0044264878615833045,0.007101802817907675,0.009991616439125947,0.005131668431462532,0.007682101102621663,0.0002357600515004525,0.00016670753114885966,0.00016670753114885964,0.0015625,0.0009819022445558298,0.0009819022445558298,
20,Vehicle_17,9513246,20,0.01046061903828115,0.00527546695516055,0.008087143892879841,0.011582012368687465,0.00624822560945565,0.008474788887607183,0.00023576166213256513,0.0001667086700377485,0.00016670867003774846,0.0019531250000000004,0.00137252724455583,0.0009819022445558298,
20,Vehicle_17,9513246,40,0.01158955500990839,0.006655566382768826,0.008027142095297368,0.012065930824177002,0.007025440341116176,0.008267102283068406,0.0002357436027408364,0.000166695900119393,0.00016669590011939296,0.0017578124999999996,0.0011623474657494405,0.0010566451024396361,
20,Vehicle_17,9513246,60,0.00853321369136941,0.00401313882383834,0.006859960334678387,0.010067535904942384,0.005131668431462536,0.007758020568438098,0.0,0.0,0.0,0.0015625,0.0009819022445558298,0.0009819022445558298,
20,Vehicle_17,9513246,80,0.011283723689281723,0.006260304352956469,0.008114845548297688,0.013965814299053941,0.00861008544360943,0.009296860189406479,0.0,0.0,0.0,0.001953125,0.001342792686943051,0.001131387960323443,
