window_size,vehicle,ride,start,scale,scale x,scale y,offset,offset x,offset y,no scale,no scale x,no scale y,only offset,only offset x,only offset y,
20,Vehicle_11,8354807,0,0.011256451098750337,0.006468139982743482,0.007974530115826028,0.011461651361132898,0.006635081421729602,0.008026605236307603,0.0,0.0,0.0,0.0008290874700104875,0.0005341388848257335,0.0005341380590329382,
20,Vehicle_11,8354807,20,0.008589428025975223,0.004331628845561304,0.006706071039495048,0.009886253320975341,0.005090668897409348,0.007664527747148065,0.0,0.0,0.0,0.0008609757622437929,0.0005660269297561438,0.0005341383063358334,
20,Vehicle_11,8354807,40,0.008655536550542135,0.004446964515103886,0.0066548509528610595,0.009957007555329049,0.00516712434759103,0.0076722209462614125,0.0,0.0,0.0,0.0008290709284767061,0.000534120812664247,0.0005341395896606435,
20,Vehicle_11,8354807,60,0.014678022924770833,0.009685166616327267,0.009207440423229426,0.014564527136278276,0.009428520324118604,0.009262844034286918,0.0,0.0,0.0,0.000956594219400577,0.000575982491972614,0.00065374899803368,
20,Vehicle_11,8354807,80,0.008928264525668859,0.004505967958869467,0.006973061778519574,0.009961096900150387,0.005205602165390534,0.007637832473288471,0.0,0.0,0.0,0.0008291128350082344,0.0005341687001165112,0.0005341336087399076,
20,Vehicle_11,8354807,100,0.012376013793605051,0.007682795956322413,0.008100710655394016,0.012288894810965104,0.007684769678189086,0.007905599597815576,0.0,0.0,0.0,0.0008290798673293472,0.00053414211052103,0.0005341272306565015,
