window_size,vehicle,ride,start,scale,scale x,scale y,offset,offset x,offset y,no scale,no scale x,no scale y,only offset,only offset x,only offset y,
20,Vehicle_11,8363277,0,0.012382751239160616,0.007361257728181627,0.008016959955542245,0.012162935801068614,0.0073843778864378885,0.007621363499280573,0.012382751239160616,0.007361257728181627,0.008016959955542245,0.012162935801068614,0.0073843778864378885,0.007621363499280573,
20,Vehicle_11,8363277,20,0.012234997598893693,0.007345106968230924,0.008110782983221073,0.011767150375933351,0.006874770099750273,0.008012287147835308,0.012234997598893693,0.007345106968230924,0.008110782983221073,0.011767150375933351,0.006874770099750273,0.008012287147835308,
20,Vehicle_11,8363277,40,0.02093685621587273,0.011703443938327743,0.014835658161913476,0.021754013808781857,0.012323218122881426,0.015228964782606113,0.02093685621587273,0.011703443938327743,0.014835658161913476,0.021754013808781857,0.012323218122881426,0.015228964782606113,
20,Vehicle_11,8363277,60,0.008663715862821995,0.0039296545190786155,0.007069661831999606,0.010045681925173196,0.005183403899401217,0.007630600180354704,0.008663715862821995,0.0039296545190786155,0.007069661831999606,0.010045681925173196,0.005183403899401217,0.007630600180354704,
20,Vehicle_11,8363277,80,0.013030283881111606,0.007929302352573182,0.008085618691993122,0.013033798553898347,0.007934783197206332,0.008084671236816762,0.013030283881111606,0.007929302352573182,0.008085618691993122,0.013033798553898347,0.007934783197206332,0.008084671236816762,
20,Vehicle_11,8363277,100,0.012615434179237833,0.007507800080840156,0.008341698409954437,0.01335366701947647,0.008302224974340319,0.008449952008412446,0.012615434179237833,0.007507800080840156,0.008341698409954437,0.01335366701947647,0.008302224974340319,0.008449952008412446,
20,Vehicle_11,8363277,120,0.015165342585946496,0.008312776698276098,0.011035801962651531,0.014152003310851017,0.007841019852251769,0.010245040731214553,0.015165342585946496,0.008312776698276098,0.011035801962651531,0.014152003310851017,0.007841019852251769,0.010245040731214553,
20,Vehicle_11,8363277,140,0.009028502070069557,0.004271165580234234,0.00718280183950317,0.010376521165855508,0.005523366527691754,0.00762147679274648,0.009028502070069557,0.004271165580234234,0.00718280183950317,0.010376521165855508,0.005523366527691754,0.00762147679274648,
