window_size,vehicle,ride,start,scale,scale x,scale y,offset,offset x,offset y,no scale,no scale x,no scale y,only offset,only offset x,only offset y,
20,Vehicle_17,8694095,0,0.009164538590183843,0.004398713834881712,0.007244817830978075,0.010053279054044658,0.00509509379696016,0.007818924561292797,0.009164538590183843,0.004398713834881712,0.007244817830978075,0.010053279054044658,0.00509509379696016,0.007818924561292797,
20,Vehicle_17,8694095,20,0.011296410439197381,0.006434963086579862,0.007795571468537621,0.012890531364933957,0.007722246193240698,0.008669473454871563,0.011296410439197381,0.006434963086579862,0.007795571468537621,0.012890531364933957,0.007722246193240698,0.008669473454871563,
20,Vehicle_17,8694095,40,0.013684988891794545,0.008454026955036201,0.008892027709098244,0.014599796620329012,0.009274011257631125,0.009236557615097389,0.013684988891794545,0.008454026955036201,0.008892027709098244,0.014599796620329012,0.009274011257631125,0.009236557615097389,
20,Vehicle_17,8694095,60,0.012631853781177775,0.007579156798597853,0.008423902067294002,0.012970468180353845,0.007699991378258091,0.008898051763778229,0.012631853781177775,0.007579156798597853,0.008423902067294002,0.012970468180353845,0.007699991378258091,0.008898051763778229,
20,Vehicle_17,8694095,80,0.009531449979050725,0.004688740306321166,0.007425835828555532,0.010560396079452172,0.005601339563459593,0.007878478884423981,0.009531449979050725,0.004688740306321166,0.007425835828555532,0.010560396079452172,0.005601339563459593,0.007878478884423981,
20,Vehicle_17,8694095,100,0.009381359880527766,0.004509628744239249,0.007413558606582715,0.010315803383742694,0.0053425370740905085,0.007892688678083598,0.009381359880527766,0.004509628744239249,0.007413558606582715,0.010315803383742694,0.0053425370740905085,0.007892688678083598,
