window_size,vehicle,ride,start,offset,offset x,offset y,scale,scale x,scale y,no scale,no scale x,no scale y,only offset,only offset x,only offset y,
20,Vehicle_10,8725430,0,0.014742639413371443,0.009181205077396589,0.009519954353179884,0.011256328892933562,0.007693406709732713,0.00666859651203406,0.0017095859598712868,0.0013868904608796701,0.0009424181500263977,0.00390625,0.0018861043456039803,0.0026673543456039806,
20,Vehicle_10,8725430,20,0.010126320425292545,0.005334708691207962,0.0074074009447833945,0.008621970816537395,0.004200771753242258,0.006614157921128452,0.0038711800435715566,0.001931698597223732,0.0028306789776216404,0.004568561769548885,0.0024385315184059704,0.00321978151840597,
20,Vehicle_10,8725430,40,0.010054769292274437,0.00533470869120796,0.007335849811765288,0.00859727560566341,0.004231285400921644,0.0065833931683571744,0.0021393063514225296,0.000737046119114349,0.0018630810434387313,0.0031249999999999997,0.0018861043456039803,0.0018861043456039803,
20,Vehicle_10,8725430,60,0.0214324725362121,0.013393062344038902,0.013511993024414243,0.017231178450932087,0.009057312396836938,0.012639297553833702,0.001866887245686525,0.0013200886311356182,0.001320088631135618,0.0062499999999999995,0.004001031518405971,0.003219781518405971,
20,Vehicle_10,8725430,80,0.010022542824018378,0.005334708691207961,0.007303623343509229,0.009063710017980802,0.004644945845793408,0.006770640176793258,0.0018989129829615147,0.0004758023522872568,0.001804270010663247,0.003125,0.0018861043456039803,0.0018861043456039803,
20,Vehicle_10,8725430,100,0.009649041169135491,0.00533470869120796,0.006930121688626341,0.007935427040350489,0.004235005350131471,0.005920804659140393,0.002146486653523889,0.0007388687729459652,0.00186989879715153,0.003125,0.0018861043456039803,0.0018861043456039808,
20,Vehicle_10,8725430,120,0.012455735229000524,0.008373487861901202,0.007375073062681381,0.011741948748772942,0.0077882516254244106,0.006898322304641307,0.0032648557604590274,0.002211980292681847,0.00179895472923436,0.003125,0.0018861043456039803,0.0018861043456039803,
