window_size,vehicle,ride,start,offset,offset x,offset y,scale,scale x,scale y,no scale,no scale x,no scale y,only offset,only offset x,only offset y,
20,Vehicle_10,8725430,0,0.01471562199080414,0.009181205077396592,0.009492936930612572,0.011256328892933563,0.007693406709732716,0.006668596512034057,0.0009427784530296832,0.0006666450372938521,0.000666645037293852,0.00390625,0.0018861043456039803,0.0026673543456039806,
20,Vehicle_10,8725430,20,0.009761325153610126,0.005334708691207959,0.0070424056731009784,0.007950937421568376,0.004108947906827949,0.006034948372573748,0.0,0.0,0.0,0.003125,0.0018861043456039803,0.0018861043456039808,
20,Vehicle_10,8725430,40,0.010054769292274439,0.005334708691207959,0.007335849811765287,0.008597275605663408,0.004231285400921645,0.006583393168357174,0.0,0.0,0.0,0.0031249999999999997,0.0018861043456039803,0.0018861043456039803,
20,Vehicle_10,8725430,60,0.021883030416327914,0.013393062344038902,0.013962550904530066,0.01723117845093209,0.009057312396836938,0.0126392975538337,0.0018860082601043933,0.0013336092300936585,0.0013336092300936585,0.00625,0.004001031518405971,0.003219781518405971,
20,Vehicle_10,8725430,80,0.010022542824018378,0.005334708691207961,0.007303623343509229,0.009063710017980803,0.004644945845793405,0.006770640176793258,0.0,0.0,0.0,0.003125,0.0018861043456039803,0.0018861043456039803,
20,Vehicle_10,8725430,100,0.010054839796545891,0.005334708691207961,0.007335920316036744,0.009561946084516363,0.0049018439365324665,0.00727111011690527,0.0,0.0,0.0,0.003125,0.0018861043456039803,0.0018861043456039803,
20,Vehicle_10,8725430,120,0.011404786027094091,0.007849672806954025,0.006847938915722121,0.010948616865944269,0.0073933880038624345,0.006499854043374604,0.0009423726474048139,0.0006663580893846633,0.0006663580893846632,0.003125,0.0018861043456039803,0.0018861043456039803,
