subdir,file,cluster,size,24all_distances_scaled_to_max_trajs_distances_offset,24all_distances_scaled_to_max_trajs_distances_offset x,24all_distances_scaled_to_max_trajs_distances_offset y,24all_nums_scaled_to_max_trajs_num_intersections_offset
only_rays_acceler_size_24_,filenames_in_cluster_test KMeans test nclus 7,3,257,0.0099585095212276,0.0050950937969601,0.0050950937969601,0.019736842105263157
only_rays_acceler_size_24_,filenames_in_cluster_test KMeans test nclus 7,0,163,0.0099606374751916,0.0050950937969601,0.0050950937969601,0.019736842105263157
only_rays_acceler_size_24_,filenames_in_cluster_test KMeans test nclus 7,5,38,0.0100473714939635,0.0077262114456561,0.0051818993525157,0.029605263157894735
only_rays_acceler_size_24_,filenames_in_cluster_test KMeans test nclus 7,1,64,0.0102635842209566,0.0070706576444912,0.0053555104636268,0.039473684210526314
only_rays_acceler_size_24_,filenames_in_cluster_test KMeans test nclus 7,4,57,0.0101123049800936,0.0051818993525157,0.0052687049080712,0.03289473684210526
only_rays_acceler_size_24_,filenames_in_cluster_test KMeans test nclus 7,6,21,0.0146791157511242,0.0095980733424982,0.0087997319766425,0.05263157894736842
only_rays_acceler_size_24_,filenames_in_cluster_test KMeans test nclus 7,2,6,0.0199899274553993,0.0139775081635917,0.0115332006899496,0.06907894736842106
