subdir,file,cluster,size,24all_distances_scaled_to_max_trajs_distances_offset,24all_distances_scaled_to_max_trajs_distances_offset x,24all_distances_scaled_to_max_trajs_distances_offset y,24all_nums_scaled_to_max_trajs_num_intersections_offset
only_rays_acceler_size_24_,filenames_in_cluster_train KMeans test nclus 6,0,368,0.0017334230739886295,0.0015850134821763652,0.0014265447908222352,0.0019161349007760149
only_rays_acceler_size_24_,filenames_in_cluster_train KMeans test nclus 6,2,235,0.002165576511264739,0.0013437060779121052,0.001843879283446724,0.001113152035390316
only_rays_acceler_size_24_,filenames_in_cluster_train KMeans test nclus 6,1,91,0.003880995669476074,0.002487922041299201,0.0027151804392908803,0.004760852156433902
only_rays_acceler_size_24_,filenames_in_cluster_train KMeans test nclus 6,4,112,0.0028315247587862693,0.0021977606849636544,0.0018564988684764692,0.003116990192435615
only_rays_acceler_size_24_,filenames_in_cluster_train KMeans test nclus 6,3,43,0.00512162293435861,0.003096041817109826,0.00361816443567016,0.006247710216981462
only_rays_acceler_size_24_,filenames_in_cluster_train KMeans test nclus 6,5,11,0.006931394616128837,0.0037957499098003997,0.005044267127346124,0.010572768857454357
