subdir,file,cluster,size,24all_distances_scaled_to_max_trajs_distances_offset,24all_distances_scaled_to_max_trajs_distances_offset x,24all_distances_scaled_to_max_trajs_distances_offset y,24all_nums_scaled_to_max_trajs_num_intersections_offset
only_rays_acceler_size_24_,filenames_in_cluster_test KMeans test nclus 5,3,256,0.0014730181345648547,0.0015288358704318723,0.0013367055976389493,0.0017265740030088903
only_rays_acceler_size_24_,filenames_in_cluster_test KMeans test nclus 5,0,165,0.001897318878300909,0.001300519659184944,0.001699706263953064,0.0010235644061398275
only_rays_acceler_size_24_,filenames_in_cluster_test KMeans test nclus 5,4,91,0.0026611394000886648,0.0020791656194679695,0.0018067815073092423,0.0033755400607081414
only_rays_acceler_size_24_,filenames_in_cluster_test KMeans test nclus 5,1,73,0.00428294159157263,0.0028911332796149277,0.0028776267092221843,0.004422438408934858
only_rays_acceler_size_24_,filenames_in_cluster_test KMeans test nclus 5,2,21,0.005681981156508182,0.003486266671225809,0.0039878597343514215,0.009055456411525461
