subdir,file,cluster,size,32all_distances_scaled_to_max_trajs_distances_offset,32all_distances_scaled_to_max_trajs_distances_offset x,32all_distances_scaled_to_max_trajs_distances_offset y,32all_nums_scaled_to_max_trajs_num_intersections_offset
only_rays_acceler_heading_size_32_,filenames_in_cluster_train KMeans test nclus 8,0,370,0.011706481917892383,0.007338965831953003,0.007589944762436621,0.026431365576102477
only_rays_acceler_heading_size_32_,filenames_in_cluster_train KMeans test nclus 8,6,232,0.0111943481193516,0.0075771409003107274,0.006689218524199236,0.022459165154264982
only_rays_acceler_heading_size_32_,filenames_in_cluster_train KMeans test nclus 8,5,44,0.021657646800582016,0.013612433588308305,0.013966865390045019,0.04433313397129188
only_rays_acceler_heading_size_32_,filenames_in_cluster_train KMeans test nclus 8,4,52,0.015440943196790893,0.010332986268105665,0.009340938481698959,0.03422317813765182
only_rays_acceler_heading_size_32_,filenames_in_cluster_train KMeans test nclus 8,1,69,0.014607752835639984,0.0095513945605706,0.009098754969238914,0.043239893211289064
only_rays_acceler_heading_size_32_,filenames_in_cluster_train KMeans test nclus 8,7,39,0.01044000262389852,0.005558814118780204,0.007836222263571585,0.036437246963562764
only_rays_acceler_heading_size_32_,filenames_in_cluster_train KMeans test nclus 8,3,42,0.022137331713631483,0.013937012802017808,0.014285822700753377,0.059680451127819535
only_rays_acceler_heading_size_32_,filenames_in_cluster_train KMeans test nclus 8,2,12,0.03540238003191765,0.022294556574250033,0.022780084655996596,0.08360745614035088
