subdir,file,cluster,size,32all_distances_scaled_to_max_trajs_distances_offset,32all_distances_scaled_to_max_trajs_distances_offset x,32all_distances_scaled_to_max_trajs_distances_offset y,32all_nums_scaled_to_max_trajs_num_intersections_offset
only_rays_acceler_heading_size_32_,filenames_in_cluster_train KMeans test nclus 9,1,342,3.0402535687977518e-06,2.4800681304569412e-06,2.0920979002365516e-06,1.5053641052137072e-06
only_rays_acceler_heading_size_32_,filenames_in_cluster_train KMeans test nclus 9,6,229,1.2629470455942888e-06,9.057639490572712e-07,1.6783636398116177e-06,1.559924803502958e-06
only_rays_acceler_heading_size_32_,filenames_in_cluster_train KMeans test nclus 9,2,44,6.512445717596584e-06,2.798979917588891e-06,3.6264577722803807e-06,2.3250955793136605e-05
only_rays_acceler_heading_size_32_,filenames_in_cluster_train KMeans test nclus 9,7,41,4.34594010543553e-06,2.6327813922004663e-06,1.945613511574464e-06,4.750523613269373e-06
only_rays_acceler_heading_size_32_,filenames_in_cluster_train KMeans test nclus 9,4,79,8.933379908113991e-06,2.6447815469947337e-06,5.6873295830051305e-06,7.774352963003565e-06
only_rays_acceler_heading_size_32_,filenames_in_cluster_train KMeans test nclus 9,0,36,9.926195736889213e-08,5.559211097195299e-08,2.8980035312058303e-08,9.843774045860264e-06
only_rays_acceler_heading_size_32_,filenames_in_cluster_train KMeans test nclus 9,8,46,7.079993304632039e-06,3.4653365044663746e-06,4.112041198647798e-06,2.5752707245678604e-05
only_rays_acceler_heading_size_32_,filenames_in_cluster_train KMeans test nclus 9,5,33,2.733870169837212e-05,1.0698693128229481e-05,1.2467783171395802e-05,4.095745289714064e-05
only_rays_acceler_heading_size_32_,filenames_in_cluster_train KMeans test nclus 9,3,10,4.039744369622803e-05,1.1944978908278745e-05,2.1540469909345695e-05,0.00010560941828254842
