subdir,file,cluster,size,32all_distances_scaled_to_max_trajs_distances_offset,32all_distances_scaled_to_max_trajs_distances_offset x,32all_distances_scaled_to_max_trajs_distances_offset y,32all_nums_scaled_to_max_trajs_num_intersections_offset
only_rays_acceler_heading_size_32_,filenames_in_cluster_train KMeans test nclus 9,1,342,0.0220654311600046,0.0141487831318916,0.0137983365747516,0.029605263157894735
only_rays_acceler_heading_size_32_,filenames_in_cluster_train KMeans test nclus 9,6,229,0.0141492389170394,0.0092972271051213,0.0091182591512487,0.023026315789473683
only_rays_acceler_heading_size_32_,filenames_in_cluster_train KMeans test nclus 9,2,44,0.0281717001765993,0.0176996896483233,0.0186059488210403,0.05263157894736842
only_rays_acceler_heading_size_32_,filenames_in_cluster_train KMeans test nclus 9,7,41,0.0243109866415022,0.0174020355502923,0.0134720730856691,0.03289473684210526
only_rays_acceler_heading_size_32_,filenames_in_cluster_train KMeans test nclus 9,4,79,0.0211047189295357,0.0145480062744703,0.0136304097080815,0.04276315789473684
only_rays_acceler_heading_size_32_,filenames_in_cluster_train KMeans test nclus 9,0,36,0.0117697057294158,0.0063196043784654,0.0087822352637856,0.039473684210526314
only_rays_acceler_heading_size_32_,filenames_in_cluster_train KMeans test nclus 9,8,46,0.0213246155935399,0.0136566637003362,0.0145703789439458,0.05921052631578947
only_rays_acceler_heading_size_32_,filenames_in_cluster_train KMeans test nclus 9,5,33,0.0374523465529321,0.0225233270768039,0.0248867471843596,0.07894736842105263
only_rays_acceler_heading_size_32_,filenames_in_cluster_train KMeans test nclus 9,3,10,0.0471914836535226,0.0295936012445085,0.0303834870265202,0.10526315789473684
