window_size,vehicle,ride,start,offset,offset x,offset y,scale,scale x,scale y,no scale,no scale x,no scale y,only offset,only offset x,only offset y,
20,Vehicle_15,8801123,0,0.013297959633626903,0.009266620743687799,0.007671190026927518,0.012495735390680314,0.008640401274347204,0.007077832177004837,0.012495735390680314,0.008640401274347204,0.007077832177004837,0.013297959633626903,0.009266620743687799,0.007671190026927518,
20,Vehicle_15,8801123,20,0.012609894414451194,0.00770926211660924,0.008091610764200195,0.012806206722284793,0.007887434824224628,0.008195834122937552,0.012806206722284793,0.007887434824224628,0.008195834122937552,0.012609894414451194,0.00770926211660924,0.008091610764200195,
20,Vehicle_15,8801123,40,0.010509387858599735,0.005509907788883665,0.007957317038250854,0.00931862900166309,0.00472702628999653,0.007019088701312774,0.00931862900166309,0.00472702628999653,0.007019088701312774,0.010509387858599735,0.005509907788883665,0.007957317038250854,
20,Vehicle_15,8801123,60,0.010991385700755313,0.008376870423630299,0.005723748529406541,0.010280858767612687,0.007960479140753783,0.005096906505078127,0.010280858767612687,0.007960479140753783,0.005096906505078127,0.010991385700755313,0.008376870423630299,0.005723748529406541,
20,Vehicle_15,8801123,80,0.014339192003539487,0.008824230055609335,0.009330864579134079,0.01407050986595583,0.008691505820144274,0.00909058759319806,0.01407050986595583,0.008691505820144274,0.00909058759319806,0.014339192003539487,0.008824230055609335,0.009330864579134079,
20,Vehicle_15,8801123,100,0.011009521595316114,0.006090250272804645,0.007967846695616242,0.010320171267356409,0.0054592623756190865,0.007641830416222495,0.010320171267356409,0.0054592623756190865,0.007641830416222495,0.011009521595316114,0.006090250272804645,0.007967846695616242,
20,Vehicle_15,8801123,120,0.01232709803743423,0.007966498146787383,0.007485465423859341,0.012146363550835813,0.007864669261813584,0.00733028475200961,0.012146363550835813,0.007864669261813584,0.00733028475200961,0.01232709803743423,0.007966498146787383,0.007485465423859341,
