window_size,vehicle,ride,start,scale,scale x,scale y,offset,offset x,offset y,no scale,no scale x,no scale y,only offset,only offset x,only offset y,
20,Vehicle_17,8700334,0,0.00795431009689456,0.004014308861896133,0.006303218619516915,0.009769168214402426,0.005107932273638249,0.007508380182888373,0.0,0.0,0.0,0.0011250309784414522,0.0007267485393343773,0.0007267203177758352,
20,Vehicle_17,8700334,20,0.00817094308506517,0.004235919684789924,0.006328732160220246,0.011127893294291983,0.006158999017239065,0.008264163644741201,0.0,0.0,0.0,0.0011874445612954714,0.0007891641393343977,0.0007267183006298339,
20,Vehicle_17,8700334,40,0.008440649589515065,0.004449597675889259,0.00642503722025364,0.009805071143815118,0.005157682649991091,0.007494532735953216,0.0,0.0,0.0,0.001249994168012618,0.0008517126716193882,0.0007267193750619905,
20,Vehicle_17,8700334,60,0.008061588137815696,0.004076734907237458,0.006348403995897747,0.009756114292653531,0.005105444486044975,0.007497814048734096,0.0,0.0,0.0,0.0011874986400530238,0.0007892160908175856,0.0007267204279041985,
