window_size,vehicle,ride,start,offset,offset x,offset y,scale,scale x,scale y,no scale,no scale x,no scale y,only offset,only offset x,only offset y,
20,Vehicle_9,9571672,0,0.010232426764047198,0.005268210306876362,0.007860588476360453,0.009073270372561233,0.004313939766849672,0.0072204911527570005,0.009073270372561233,0.004313939766849672,0.0072204911527570005,0.010232426764047198,0.005268210306876362,0.007860588476360453,
20,Vehicle_9,9571672,20,0.010089416134448182,0.005117519122062495,0.007849821354392331,0.008809409629414336,0.0040310483035192034,0.007170858853612292,0.008809409629414336,0.0040310483035192034,0.007170858853612292,0.010089416134448182,0.005117519122062495,0.007849821354392331,
20,Vehicle_9,9571672,40,0.010739445052317402,0.005664257786769713,0.008119433898732946,0.009374371421267833,0.004622233616769376,0.007301656833421187,0.009374371421267833,0.004622233616769376,0.007301656833421187,0.010739445052317402,0.005664257786769713,0.008119433898732946,
20,Vehicle_9,9571672,60,0.012100852375377117,0.007324072104975224,0.007887547148576974,0.012040050821367637,0.00722079918064299,0.007900454312654136,0.012040050821367637,0.00722079918064299,0.007900454312654136,0.012100852375377117,0.007324072104975224,0.007887547148576974,
20,Vehicle_9,9571672,80,0.010304628282846473,0.00788092149010164,0.005342588894462513,0.00956054207733928,0.007459922264071578,0.004626833458161805,0.00956054207733928,0.007459922264071578,0.004626833458161805,0.010304628282846473,0.00788092149010164,0.005342588894462513,
20,Vehicle_9,9571672,100,0.011343046180438207,0.006374603536727385,0.008064579160687606,0.010270335002059513,0.005390998442222147,0.007603351253939128,0.010270335002059513,0.005390998442222147,0.007603351253939128,0.011343046180438207,0.006374603536727385,0.008064579160687606,
20,Vehicle_9,9571672,120,0.010619590294116167,0.005547786168859845,0.008062636961899683,0.009379122318137369,0.004682009179549253,0.007231746321089783,0.009379122318137369,0.004682009179549253,0.007231746321089783,0.010619590294116167,0.005547786168859845,0.008062636961899683,
20,Vehicle_9,9571672,140,0.010077094836204826,0.005090570850975715,0.007873918064485085,0.009155269646772615,0.004429125469853403,0.007227313537329513,0.009155269646772615,0.004429125469853403,0.007227313537329513,0.010077094836204826,0.005090570850975715,0.007873918064485085,
