window_size,vehicle,ride,start,scale,scale x,scale y,offset,offset x,offset y,no scale,no scale x,no scale y,only offset,only offset x,only offset y,
20,Vehicle_16,8874226,0,0.011528434736914275,0.006691221146340972,0.007830447001445797,0.011649642950466322,0.006825789019511035,0.007829731475791864,0.0,0.0,0.0,0.0008928571428571428,0.0005660233083526631,0.0005660233083526632,
20,Vehicle_16,8874226,20,0.012532349518626718,0.007743548153185654,0.007889068905554894,0.012764222521790778,0.007867655276217217,0.008112372627755401,0.0,0.0,0.0,0.000892857142857143,0.0005660233083526631,0.0005660233083526631,
20,Vehicle_16,8874226,40,0.011838802859095844,0.006841290567902665,0.00811699042325545,0.011992688542668533,0.00706529953914329,0.008060579219119375,0.0,0.0,0.0,0.0008928571428571427,0.000566023308352663,0.0005660233083526632,
20,Vehicle_16,8874226,60,0.013214932628245642,0.007495830527701672,0.009286163515837978,0.014399682238284512,0.008518366391397173,0.009820059657983686,0.0,0.0,0.0,0.0014030612244897958,0.0010445684053129291,0.0007334734800551816,
20,Vehicle_16,8874226,80,0.03564778128276843,0.021684002860412527,0.023626057893603714,0.035583840091492985,0.021625126730621363,0.023600003982944023,0.0,0.0,0.0,0.0025510204081632647,0.0014699309173224525,0.001799322682286542,
20,Vehicle_16,8874226,100,0.012400011802928452,0.007605160790372582,0.007878044649450808,0.012274662422380359,0.0075365209550752234,0.007762238862356058,0.0,0.0,0.0,0.0008928571428571428,0.0005660233083526631,0.0005660233083526632,
20,Vehicle_16,8874226,120,0.011717223097184716,0.006943392212307054,0.007742029314417896,0.011842909606477978,0.007065074515615637,0.00781066430026248,0.0,0.0,0.0,0.0008928571428571425,0.0005660233083526632,0.0005660233083526632,
20,Vehicle_16,8874226,140,0.010718791806631092,0.005952393926811079,0.007549088887661403,0.011223979535975129,0.006324792379697865,0.007890977039871648,0.0,0.0,0.0,0.0008928571428571428,0.000566023308352663,0.0005660233083526631,
