window_size,vehicle,ride,start,scale,scale x,scale y,offset,offset x,offset y,no scale,no scale x,no scale y,only offset,only offset x,only offset y,
20,Vehicle_16,8874226,0,0.011473031030528295,0.006666780932470534,0.007799483508930268,0.011584967589607352,0.006853420067177434,0.007737425067266475,0.00020856311598017554,0.0001230346820831654,0.00011960113407043026,0.0008928571428571426,0.000566023308352663,0.000566023308352663,
20,Vehicle_16,8874226,20,0.01251815235208,0.007729350986638932,0.007889068905554904,0.012814366945883978,0.00791779970031042,0.008112372627755387,0.00034883637083497757,0.00019005076695561616,0.00021853207709376257,0.0008928571428571428,0.0005660233083526631,0.0005660233083526632,
20,Vehicle_16,8874226,40,0.011881942105926604,0.006898248375811671,0.008103171862177207,0.012032968864125686,0.007060101100342198,0.008124737393842769,0.0012087542255640013,0.0006696183928530198,0.0007695702010503012,0.0020335982001325487,0.0011881005457251084,0.00137763492616107,
20,Vehicle_16,8874226,60,0.013252300947691456,0.0074514984719729095,0.009367863891012554,0.014435587667954228,0.00849862100506852,0.009875710473982072,0.0014005682687986088,0.0007996589258412031,0.0009028848610503037,0.002417053275401269,0.00148797116339674,0.0015729384579144595,
20,Vehicle_16,8874226,80,0.03552511358984639,0.02155455900970986,0.023632834051384412,0.03550361058784697,0.021482528317457186,0.023662372892462213,0.0019763058030052563,0.001205499351117197,0.0012328211207067305,0.002551020408163265,0.0014699309173224519,0.0017993226822865427,
20,Vehicle_16,8874226,100,0.012348072610020178,0.007553221597464321,0.007878044649450812,0.01228673978984048,0.007548598322535342,0.007762238862356057,0.0012551653512931533,0.0007451190996181905,0.0007224354403230928,0.0020335982001325487,0.0012721900380151566,0.0012721900380151564,
20,Vehicle_16,8874226,120,0.011657109571702035,0.0068994362248707836,0.007725871776371491,0.011809951587407325,0.007065074515615649,0.007777706281191829,0.0005746624740845309,0.0002944806827107619,0.0003749519897205047,0.0011463551555850107,0.0007230829273133174,0.0007629698411777404,
20,Vehicle_16,8874226,140,0.010746143241738235,0.005952393926811074,0.0075764403227685405,0.011240254343958115,0.00632786051553699,0.007904183712015513,0.00034700778943509887,0.0001476707887460098,0.00025424152824884223,0.0008928571428571428,0.0005660233083526632,0.0005660233083526631,
