window_size,vehicle,ride,start,scale,scale x,scale y,offset,offset x,offset y,no scale,no scale x,no scale y,only offset,only offset x,only offset y,
20,Vehicle_6,9437017,0,0.007544417382415923,0.0031250000000000006,0.00625,0.016919417382415924,0.0125,0.006250000000000002,0.0,0.0,0.0,0.0125,0.009375,0.0031250000000000006,
20,Vehicle_6,9437017,20,0.004515946969747423,0.003125,0.003221529587331501,0.009151326802372677,0.006249999999999999,0.004731909419956755,0.0,0.0,0.0,0.00625,0.003125,0.003125,
20,Vehicle_6,9437017,40,0.007544417382415922,0.003125,0.00625,0.008184584612919564,0.0037651672305036446,0.00625,0.0,0.0,0.0,0.00625,0.003125,0.003125,
20,Vehicle_6,9437017,60,0.007544417382415922,0.0031250000000000006,0.006250000000000001,0.010669417382415924,0.006249999999999999,0.00625,0.0,0.0,0.0,0.00625,0.003125,0.0031250000000000006,
20,Vehicle_6,9437017,80,0.01379441738241592,0.009375,0.00625,0.01066941738241592,0.00625,0.006250000000000002,0.0,0.0,0.0,0.00625,0.003125,0.003125,
20,Vehicle_6,9437017,100,0.009670601419794478,0.00625,0.005251184037378559,0.007627228783015472,0.00443205982549522,0.005025751575104329,0.0,0.0,0.0,0.00625,0.0031250000000000006,0.003125,
20,Vehicle_6,9437017,120,0.010669417382415922,0.00625,0.00625,0.009482789934601468,0.0050633725521855456,0.006250000000000001,0.002209708691207961,0.0015624999999999997,0.0015625000000000003,0.00625,0.003125,0.0031250000000000006,
20,Vehicle_6,9437017,140,0.007544417382415923,0.0031250000000000006,0.00625,0.010669417382415924,0.006249999999999999,0.00625,0.0,0.0,0.0,0.00625,0.003125,0.003125,
20,Vehicle_6,9437017,160,0.007316141981338139,0.0031250000000000006,0.0060217245989222165,0.01379441738241592,0.009375,0.00625,0.0,0.0,0.0,0.009375,0.00625,0.003125,
