window_size,vehicle,ride,start,offset,offset x,offset y,scale,scale x,scale y,no scale,no scale x,no scale y,only offset,only offset x,only offset y,
20,Vehicle_10,8994547,0,0.012104302949003765,0.0072624723877389805,0.007673790364961695,0.010896828134021559,0.006167289772236303,0.007388615864594107,0.0,0.0,0.0,0.003125,0.0018861043456039808,0.0018861043456039803,
20,Vehicle_10,8994547,20,0.01928941626063973,0.01192943202901337,0.012681074944166213,0.017659701629177526,0.010759141605632589,0.011517936328533077,0.0009425934615844806,0.0006665142285884878,0.0006665142285884877,0.004687499999999999,0.002990958691207961,0.0029909586912079613,
20,Vehicle_10,8994547,40,0.01288221089620116,0.008109699042764998,0.008082742635042339,0.014018301830346205,0.009039339435928589,0.00862214708437449,0.0018851027315267982,0.0013329689246958827,0.0013329689246958827,0.003125,0.0018861043456039803,0.0018861043456039808,
