window_size,vehicle,ride,start,offset,offset x,offset y,scale,scale x,scale y,no scale,no scale x,no scale y,only offset,only offset x,only offset y,
20,Vehicle_10,8994547,0,0.01208813592600713,0.0072624723877389805,0.007657623341965063,0.01042538526799852,0.005695846906213263,0.007388615864594103,0.002052329230736816,0.000713596522711098,0.0017807683374876852,0.003125,0.0018861043456039808,0.0018861043456039803,
20,Vehicle_10,8994547,20,0.020519874073088123,0.01276085751350581,0.013080107272122164,0.018820729500887482,0.011540788962900141,0.011897316842975477,0.007204053198747083,0.004430919566418693,0.004390672737049216,0.004687500000000001,0.0029909586912079613,0.0029909586912079613,
20,Vehicle_10,8994547,40,0.013246056514637176,0.00847354466120102,0.008082742635042339,0.013641427659588696,0.008662465265171079,0.008622147084374495,0.005433818914532254,0.0035061265201432384,0.0034990073628006517,0.003125,0.0018861043456039803,0.0018861043456039808,
