window_size,vehicle,ride,start,offset,offset x,offset y,scale,scale x,scale y,no scale,no scale x,no scale y,only offset,only offset x,only offset y,
20,Vehicle_10,8994547,0,0.01145069839752038,0.006608867836255594,0.007673790364961695,0.010896828134021559,0.006167289772236302,0.007388615864594106,0.010896828134021559,0.006167289772236302,0.007388615864594106,0.01145069839752038,0.006608867836255594,0.007673790364961695,
20,Vehicle_10,8994547,20,0.01970260690076254,0.011943590341180239,0.013080107272122162,0.018020055037636866,0.01074011449964953,0.01189731684297548,0.018020055037636866,0.01074011449964953,0.01189731684297548,0.01970260690076254,0.011943590341180239,0.013080107272122162,
20,Vehicle_10,8994547,40,0.013611477390810537,0.008473544661201019,0.008448163511215705,0.014395984873411222,0.009039339435928589,0.008999830127439504,0.014395984873411222,0.009039339435928589,0.008999830127439504,0.013611477390810537,0.008473544661201019,0.008448163511215705,
