window_size,vehicle,ride,start,scale,scale x,scale y,offset,offset x,offset y,no scale,no scale x,no scale y,only offset,only offset x,only offset y,
20,Vehicle_16,8874226,0,0.01103975068209671,0.006270355741170565,0.0075311692072892325,0.011788680646917106,0.006861183932554759,0.00791192957839966,0.0006707818238118526,0.0004107682992681314,0.0004107682992681315,0.0020833333333333333,0.0012958509748503045,0.0012958509748503045,
20,Vehicle_16,8874226,20,0.01217511776451362,0.00726844643546615,0.007837313173686909,0.012083990003068024,0.007180476047448326,0.007757665127119615,0.0006707818238118528,0.0004107682992681316,0.0004107682992681315,0.0020833333333333333,0.0012958509748503045,0.0012958509748503047,
20,Vehicle_16,8874226,40,0.011057506802847382,0.0062635276998454885,0.007554568527291483,0.012295905090880046,0.00736714545643091,0.008197688782772144,0.0006707818238118526,0.0004107682992681314,0.00041076829926813143,0.0020833333333333333,0.001295850974850305,0.0012958509748503045,
20,Vehicle_16,8874226,60,0.011365019267828708,0.005962469480578818,0.008402721029518428,0.01381247019831744,0.007872969721697938,0.010050711543123324,0.0010061111618738423,0.0004975462980174616,0.0007346831875373594,0.0024305555555555556,0.0015965542400532347,0.0014694620859614159,
20,Vehicle_16,8874226,80,0.03728435130852956,0.021745063238256035,0.025471164068956453,0.03584945711049448,0.02159384975655352,0.02407814070137374,0.00268263645208495,0.0016427873514573246,0.0016427578850418457,0.006249999999999999,0.003459757505256166,0.004442440497937483,
20,Vehicle_16,8874226,100,0.01228091520092773,0.007444254110505866,0.00776217031784512,0.012210664305310927,0.007369479389995463,0.007691428767628956,0.0006707818238118528,0.0004107682992681315,0.0004107682992681315,0.0020833333333333337,0.0012958509748503045,0.0012958509748503045,
20,Vehicle_16,8874226,120,0.011693199557034968,0.006805981545761544,0.007825312315494855,0.0115847455077764,0.006892186286222645,0.0075269238748426415,0.0006707818238118528,0.0004107682992681315,0.0004107682992681315,0.0020833333333333333,0.0012958509748503047,0.0012958509748503047,
20,Vehicle_16,8874226,140,0.011088505039479878,0.006285967209721828,0.00756457191495279,0.013126335763343532,0.007985724320464831,0.00864098122431546,0.0006707818238118526,0.00041076829926813143,0.0004107682992681315,0.0027777777777777775,0.001897257505256165,0.001643073197072527,
