window_size,vehicle,ride,start,scale,scale x,scale y,offset,offset x,offset y,no scale,no scale x,no scale y,only offset,only offset x,only offset y,
20,Vehicle_17,8694095,0,0.009031506615116097,0.0043001956465077975,0.0071724115330014495,0.01007804171160858,0.005082366646475464,0.00786994576853197,0.002107898543140109,0.0008739991391041197,0.0017491147045173645,0.002880596746387789,0.0014948328684903137,0.0021968968152302126,
20,Vehicle_17,8694095,20,0.011160666022378299,0.006339471625718083,0.00772057408546467,0.012308493678972326,0.0072384377076047685,0.008426467650257464,0.0013553493098490388,0.0006792170747980077,0.0009424592071508898,0.0018995944596408173,0.0010939958023569575,0.001315049054552072,
20,Vehicle_17,8694095,40,0.01437652746712837,0.0091092500649579,0.009165607787200743,0.014050461215943591,0.00885796944266061,0.00893803406775855,0.0004120912798594941,0.00028523615512691773,0.00020514642567443742,0.0010253906250000003,0.0007187878137269759,0.00057822678750143,
20,Vehicle_17,8694095,60,0.012764927536375262,0.007684525365934014,0.008538499507358945,0.013232518686804298,0.007980153774687315,0.008895947257434063,0.0006012920936230091,0.000394575003451309,0.0003213503281490878,0.00087890625,0.0005887614844005556,0.0005239718819331093,
20,Vehicle_17,8694095,80,0.009375687731303164,0.004565675912885774,0.0073313914478761255,0.010344673530790428,0.0053698984008823045,0.00787494908297226,0.0032884498302582685,0.0015236231783546357,0.002615430994142829,0.004103338151754107,0.002140899178260673,0.0030863063170891844,
20,Vehicle_17,8694095,100,0.009312754925761805,0.00447271313862545,0.007385988705264727,0.01033100660562296,0.005362451335206767,0.007891832698766366,0.0013440256426475812,0.0005904832152087762,0.0010763366339609567,0.0018017030888728576,0.0009739844181302722,0.0013510065520686322,
