window_size,vehicle,ride,start,scale,scale x,scale y,offset,offset x,offset y,no scale,no scale x,no scale y,only offset,only offset x,only offset y,
20,Vehicle_9,8936382,0,0.010806818875733861,0.005891012255828365,0.007726057427997003,0.01007744429363531,0.005183403899401218,0.007662362548816819,0.010806818875733861,0.005891012255828365,0.007726057427997003,0.01007744429363531,0.005183403899401218,0.007662362548816819,
20,Vehicle_9,8936382,20,0.010323319834375299,0.0052374385006239855,0.007672611779335281,0.012155635626456033,0.0069583636005623156,0.008521921444758666,0.010323319834375299,0.0052374385006239855,0.007672611779335281,0.012155635626456033,0.0069583636005623156,0.008521921444758666,
20,Vehicle_9,8936382,40,0.010200424222816112,0.005290728834084535,0.00764330100584787,0.010028739720064055,0.005183403899401218,0.007613657975245564,0.010200424222816112,0.005290728834084535,0.00764330100584787,0.010028739720064055,0.005183403899401218,0.007613657975245564,
20,Vehicle_9,8936382,60,0.012179100086720518,0.008152227456910187,0.00722473793334279,0.009955716824324091,0.007540635079505602,0.005183403899401219,0.012179100086720518,0.008152227456910187,0.00722473793334279,0.009955716824324091,0.007540635079505602,0.005183403899401219,
20,Vehicle_9,8936382,80,0.020848974036530823,0.013349774529958851,0.013366446111198879,0.02065752289695121,0.013440180293662044,0.01283189389021825,0.020848974036530823,0.013349774529958851,0.013366446111198879,0.02065752289695121,0.013440180293662044,0.01283189389021825,
20,Vehicle_9,8936382,100,0.00900560236671251,0.00429971318345484,0.007105029172080209,0.010001941201418334,0.005183403899401219,0.007586859456599841,0.00900560236671251,0.00429971318345484,0.007105029172080209,0.010001941201418334,0.005183403899401219,0.007586859456599841,
20,Vehicle_9,8936382,120,0.01573044585480003,0.008925942056652982,0.011197048134778046,0.016336100270421663,0.009094340781911821,0.012095322665434349,0.01573044585480003,0.008925942056652982,0.011197048134778046,0.016336100270421663,0.009094340781911821,0.012095322665434349,
