window_size,vehicle,ride,start,scale,scale x,scale y,offset,offset x,offset y,no scale,no scale x,no scale y,only offset,only offset x,only offset y,
20,Vehicle_9,8936382,0,0.010730198048554322,0.005868247068534341,0.007672201788111486,0.010077444293635308,0.005183403899401218,0.007662362548816819,0.0013141251331501489,0.0010327274734286574,0.0005767405437637764,0.0020833333333333333,0.0012958509748503047,0.0012958509748503045,
20,Vehicle_9,8936382,20,0.009988730827883091,0.00515063294506843,0.007349450941036426,0.01218033311345196,0.006983061087558239,0.008521921444758664,0.002261242620179565,0.0012236120569847587,0.0014878521896897663,0.0024305555555555556,0.001643073197072527,0.0012958509748503047,
20,Vehicle_9,8936382,40,0.01020042422281611,0.005290728834084534,0.007643301005847869,0.010028739720064057,0.005183403899401218,0.007613657975245561,0.0007656793783724403,0.00013110147779010073,0.000748419541383975,0.0020833333333333333,0.0012958509748503045,0.0012958509748503047,
20,Vehicle_9,8936382,60,0.012104925618293395,0.008078052988483063,0.007224737933342794,0.009757843794695744,0.00734276204987725,0.005183403899401219,0.0015726527064438564,0.0008340682588044573,0.0010343662720616814,0.0020833333333333333,0.0012958509748503047,0.0012958509748503047,
20,Vehicle_9,8936382,80,0.020722605725611184,0.013369473463364806,0.013220378866873293,0.020321723353706526,0.013196779829709633,0.012739494810925962,0.0009982155010955802,0.0007286900806733949,0.0004938692348370019,0.003472222222222222,0.002545182992681317,0.0018166843081836382,
20,Vehicle_9,8936382,100,0.008968907384693341,0.004299713183454842,0.007068334190061038,0.010062496756973103,0.005183403899401219,0.007647415012154608,0.0017678172854562236,0.0009813897054523771,0.0012384063837086038,0.0020833333333333333,0.0012958509748503045,0.0012958509748503047,
20,Vehicle_9,8936382,120,0.01605312231086331,0.00924861851271626,0.011197048134778046,0.016723077496002728,0.009441438524684,0.012135202148243233,0.0014841263964393764,0.0007043349837470065,0.0009985813522539464,0.002777777777777778,0.0018972575052561647,0.0016430731970725266,
