window_size,vehicle,ride,start,scale,scale x,scale y,offset,offset x,offset y,no scale,no scale x,no scale y,only offset,only offset x,only offset y,
20,Vehicle_9,8936382,0,0.010811118732343267,0.0058953121124377715,0.007726057427997003,0.010030843824809534,0.00518340389940122,0.007615762079991042,0.0013414264550513377,0.0010585639551269608,0.0005843412160461648,0.0020833333333333333,0.0012958509748503047,0.0012958509748503045,
20,Vehicle_9,8936382,20,0.0103233198343753,0.005237438500623986,0.007672611779335281,0.012173075123854791,0.0069758030979610785,0.008521921444758664,0.002012300026623724,0.0012322614336002973,0.0012322927037082662,0.0024305555555555556,0.001643073197072527,0.0012958509748503047,
20,Vehicle_9,8936382,40,0.009854699059344198,0.005203923278528978,0.007309004010569302,0.00996183349185765,0.005183403899401218,0.007546751747039157,0.00033539091190592656,8.68055555555556e-05,0.0003239627437125762,0.0020833333333333333,0.0012958509748503047,0.0012958509748503045,
20,Vehicle_9,8936382,60,0.012197328639281486,0.008170456009471149,0.007224737933342792,0.01008609337085807,0.007671011626039581,0.005183403899401219,0.001341436220354931,0.0005843449820584931,0.001058572149120126,0.0020833333333333333,0.0012958509748503047,0.0012958509748503045,
20,Vehicle_9,8936382,80,0.02108581006283549,0.013586610556263498,0.01336644611119889,0.020550707685811905,0.01336359752421193,0.01280166144852905,0.0010061329495446684,0.0007347008381691712,0.0004975553317237535,0.003472222222222222,0.0025451829926813165,0.0018166843081836382,
20,Vehicle_9,8936382,100,0.009005602366712509,0.004299713183454842,0.007105029172080209,0.010062496756973101,0.005183403899401219,0.007647415012154606,0.0006707789887542794,0.00041076656315702017,0.00041076656315701995,0.0020833333333333333,0.0012958509748503047,0.0012958509748503047,
20,Vehicle_9,8936382,120,0.015725754299788387,0.008925942056652971,0.011192356579766402,0.016723077496002724,0.009441438524684001,0.012135202148243233,0.0010060093899987078,0.0007345790626845397,0.0004975257782881584,0.002777777777777778,0.001897257505256165,0.001643073197072527,
