subdir,file,cluster,size,12all_distances_scaled_to_max_trajs_distances_offset,12all_distances_scaled_to_max_trajs_distances_offset x,12all_distances_scaled_to_max_trajs_distances_offset y,12all_nums_scaled_to_max_trajs_num_intersections_offset
only_rays_acceler_size_12_,filenames_in_cluster_test KMeans test nclus 10,2,231,0.0099158167557332,0.0051834038994012,0.0051834038994012,0.02631578947368421
only_rays_acceler_size_12_,filenames_in_cluster_test KMeans test nclus 10,6,161,0.00966699883937,0.0049097152510109,0.0049950788804644,0.019736842105263157
only_rays_acceler_size_12_,filenames_in_cluster_test KMeans test nclus 10,7,64,0.0101483701156082,0.0055306261216234,0.0055306261216234,0.03289473684210526
only_rays_acceler_size_12_,filenames_in_cluster_test KMeans test nclus 10,8,24,0.018382477652406,0.0101596941251686,0.0112055695631068,0.039473684210526314
only_rays_acceler_size_12_,filenames_in_cluster_test KMeans test nclus 10,0,29,0.0134938549305781,0.007410719136383,0.0074714620808332,0.019736842105263157
only_rays_acceler_size_12_,filenames_in_cluster_test KMeans test nclus 10,1,37,0.0109948369213081,0.0062250705660678,0.0062250705660678,0.046052631578947366
only_rays_acceler_size_12_,filenames_in_cluster_test KMeans test nclus 10,4,44,0.0138669746882098,0.0079907936994622,0.0081292830737221,0.03289473684210526
only_rays_acceler_size_12_,filenames_in_cluster_test KMeans test nclus 10,3,4,0.0314726084503032,0.0190259917990161,0.0194613800368601,0.06907894736842106
only_rays_acceler_size_12_,filenames_in_cluster_test KMeans test nclus 10,5,12,0.0177023373287355,0.0111210304870839,0.0103319689508939,0.05592105263157895
