subdir,file,cluster,size,12all_distances_scaled_to_max_trajs_distances_offset,12all_distances_scaled_to_max_trajs_distances_offset x,12all_distances_scaled_to_max_trajs_distances_offset y,12all_nums_scaled_to_max_trajs_num_intersections_offset
only_rays_acceler_size_12_,filenames_in_cluster_train KMeans test nclus 8,0,320,0.2418528121811207,0.31704689480748394,0.24549213608038528,0.2700866108191038
only_rays_acceler_size_12_,filenames_in_cluster_train KMeans test nclus 8,6,221,0.25200022229646835,0.19977413274167002,0.30607487321686916,0.3850144323290977
only_rays_acceler_size_12_,filenames_in_cluster_train KMeans test nclus 8,7,45,0.21795261596163967,0.21386502819486292,0.2440482037593806,0.2597624745991548
only_rays_acceler_size_12_,filenames_in_cluster_train KMeans test nclus 8,5,84,0.21766328105698396,0.22205153798064814,0.20523492824217168,0.2809344447686961
only_rays_acceler_size_12_,filenames_in_cluster_train KMeans test nclus 8,3,106,0.2637594956645663,0.2582527871311955,0.23702452994313522,0.30793534428326097
only_rays_acceler_size_12_,filenames_in_cluster_train KMeans test nclus 8,1,39,0.276814029441976,0.257283483418515,0.27259875407865103,0.3390911867500405
only_rays_acceler_size_12_,filenames_in_cluster_train KMeans test nclus 8,4,34,0.22437864779084601,0.23552183582200734,0.22571168259622798,0.2617212017209654
only_rays_acceler_size_12_,filenames_in_cluster_train KMeans test nclus 8,2,11,0.26498549191296455,0.2677428188885756,0.2612274672069361,0.3029802112367498
