subdir,file,cluster,size,12all_distances_scaled_to_max_trajs_distances_offset,12all_distances_scaled_to_max_trajs_distances_offset x,12all_distances_scaled_to_max_trajs_distances_offset y,12all_nums_scaled_to_max_trajs_num_intersections_offset
only_rays_acceler_size_12_,filenames_in_cluster_train KMeans test nclus 8,0,320,0.0007596320715856766,0.001193148209654505,0.0011429924134895742,0.0017768855974941036
only_rays_acceler_size_12_,filenames_in_cluster_train KMeans test nclus 8,6,221,0.0012313124331592294,0.0009512422404889981,0.0012829817445735683,0.0012664948431878214
only_rays_acceler_size_12_,filenames_in_cluster_train KMeans test nclus 8,7,45,0.0026537636487427635,0.0018781197124931722,0.0018129702510377977,0.0042724091216966254
only_rays_acceler_size_12_,filenames_in_cluster_train KMeans test nclus 8,5,84,0.0020945280827313496,0.001459505968390582,0.0014247452483938778,0.0027723793891647644
only_rays_acceler_size_12_,filenames_in_cluster_train KMeans test nclus 8,3,106,0.0025294565935223457,0.001868038073499892,0.0017096007460082943,0.0030388356343742868
only_rays_acceler_size_12_,filenames_in_cluster_train KMeans test nclus 8,1,39,0.0030753290442156554,0.0021481926522736463,0.0021627074251050573,0.003346294606085927
only_rays_acceler_size_12_,filenames_in_cluster_train KMeans test nclus 8,4,34,0.004459121362257168,0.0026187910961162145,0.0031768159085947345,0.006026475039627491
only_rays_acceler_size_12_,filenames_in_cluster_train KMeans test nclus 8,2,11,0.0061857514881415165,0.0033016713634319915,0.004523265125580122,0.010963099748698179
