subdir,file,cluster,size,12all_distances_scaled_to_max_trajs_distances_offset,12all_distances_scaled_to_max_trajs_distances_offset x,12all_distances_scaled_to_max_trajs_distances_offset y,12all_nums_scaled_to_max_trajs_num_intersections_offset
only_rays_acceler_size_12_,filenames_in_cluster_train KMeans test nclus 7,4,362,0.01086903286832226,0.006781577926557248,0.007046035543688506,0.027024571096248957
only_rays_acceler_size_12_,filenames_in_cluster_train KMeans test nclus 7,0,249,0.011252651122840128,0.0074834360386711665,0.0068415492913143925,0.02244504333121961
only_rays_acceler_size_12_,filenames_in_cluster_train KMeans test nclus 7,1,67,0.017971683895709235,0.011492089068728471,0.011321576811456324,0.033778476040848375
only_rays_acceler_size_12_,filenames_in_cluster_train KMeans test nclus 7,6,80,0.013060244399595803,0.00820679599591246,0.008404196897005747,0.04013157894736837
only_rays_acceler_size_12_,filenames_in_cluster_train KMeans test nclus 7,5,57,0.019804235237864995,0.012614156388482522,0.012570324351109531,0.04841874422899353
only_rays_acceler_size_12_,filenames_in_cluster_train KMeans test nclus 7,3,34,0.022856141002724942,0.01439411893606266,0.014724850420691271,0.061726006191950455
only_rays_acceler_size_12_,filenames_in_cluster_train KMeans test nclus 7,2,11,0.035288964368415346,0.02201734893022643,0.022928268206996658,0.08462918660287083
