window_size,vehicle,ride,start,scale,scale x,scale y,offset,offset x,offset y,no scale,no scale x,no scale y,only offset,only offset x,only offset y,
20,Vehicle_17,8700334,0,0.009141114744161767,0.004460200145544227,0.007113554980020626,0.01004990884715611,0.00518340389940122,0.007634827102337622,0.0017779551654848803,0.0010723212088353553,0.0010952413657081936,0.0020833333333333333,0.0012958509748503047,0.0012958509748503047,
20,Vehicle_17,8700334,20,0.008930235276014088,0.004268722302415917,0.006953731628534103,0.012685138700555607,0.007266737232734551,0.008928493308113409,0.0011091483633250156,0.0004263027385902854,0.0009219253353235783,0.0024305555555555556,0.001643073197072527,0.0012958509748503047,
20,Vehicle_17,8700334,40,0.009372306311057342,0.005000890753905286,0.006781127840922975,0.010648690608394974,0.005877848343845663,0.0075391644191320365,0.0012558252908576146,0.0007248904585739596,0.0007547773559563052,0.002777777777777778,0.0019902954192947487,0.0012958509748503047,
20,Vehicle_17,8700334,60,0.00902414053677769,0.004263831935402965,0.007189588593199218,0.010379843127097178,0.005530626121623439,0.00761753916005646,0.0021822258587258026,0.00119366053272823,0.0015915794369178126,0.002430555555555555,0.001643073197072527,0.001295850974850305,
