window_size,vehicle,ride,start,scale,scale x,scale y,offset,offset x,offset y,no scale,no scale x,no scale y,only offset,only offset x,only offset y,
20,Vehicle_10,8919796,0,0.010639355861574624,0.006347908717720334,0.007232685837172573,0.012431961158418254,0.007480478224721456,0.008490109425695457,0.0003353909119059269,0.00032396274371257656,8.680555555555556e-05,0.0017361165466666646,0.0011222094242947524,0.0011222757387391881,
20,Vehicle_10,8919796,20,0.01221994728724667,0.007898118699967647,0.007468690103057913,0.011043494469813281,0.007429307001377932,0.006461206897192829,0.001006159011321103,0.000497570302688445,0.0007347177862315066,0.0017361112274453928,0.0011222362250283687,0.0011222436187842996,
20,Vehicle_10,8919796,40,0.012877102317174965,0.008711224822793786,0.007843853726091464,0.012332888257277932,0.00799666121850942,0.007912572088360601,0.0006707516396552996,0.00041075138477973086,0.0004107482458655973,0.0022569047145833297,0.0012958424949891941,0.0015965229900532297,
20,Vehicle_10,8919796,60,0.01354862321334339,0.009064292029492379,0.007992366985849061,0.012732287605215201,0.008525240552228999,0.00756925645912886,0.0003353676149843599,0.0003239402406143621,8.67995258685614e-05,0.0017361034829980822,0.00112224723562617,0.0011222248637391876,
20,Vehicle_10,8919796,80,0.010721626691449482,0.007484322838091714,0.005998153012109248,0.01282944443476886,0.008553698417589984,0.007772509943919363,0.0006707818238118526,0.00041076829926813213,0.0004107682992681309,0.002430553455899806,0.0014694651946390044,0.0017236411858117147,
20,Vehicle_10,8919796,100,0.009278744361198557,0.006981250312012735,0.0049069452516523745,0.010712549741962816,0.007823917021401701,0.006003896830698835,0.0003353909119059251,0.0003239627437125753,8.680555555555309e-05,0.001736110969057743,0.0011222400036723615,0.0011222395817526573,
20,Vehicle_10,8919796,120,0.010131418611926533,0.00583445768866832,0.006983989927309781,0.011778650293328467,0.007151973717440903,0.00789080914427459,0.0003353909119059251,0.0003239627437125753,8.680555555555309e-05,0.001736106319444444,0.001122230592905862,0.0011222443429058575,
