subdir,file,cluster,size,20all_distances_scaled_to_max_trajs_distances_offset,20all_distances_scaled_to_max_trajs_distances_offset x,20all_distances_scaled_to_max_trajs_distances_offset y,20all_nums_scaled_to_max_trajs_num_intersections_offset
only_rays_size_20_,filenames_in_cluster_test KMeans test nclus 9,2,214,0.0010498809608026542,0.0013188866239358123,0.0011945534266271022,6.938893903907228e-18
only_rays_size_20_,filenames_in_cluster_test KMeans test nclus 9,7,124,0.0007079771044685381,0.0010291604283836546,0.001163711805138948,0.0007591833627575437
only_rays_size_20_,filenames_in_cluster_test KMeans test nclus 9,4,61,0.002709967643143725,0.001630671965952872,0.0022076958003234676,0.0021380745903363902
only_rays_size_20_,filenames_in_cluster_test KMeans test nclus 9,3,55,0.004868787136609671,0.0034333340578607393,0.003086603087320654,0.004677324113879702
only_rays_size_20_,filenames_in_cluster_test KMeans test nclus 9,5,59,0.005199502332484144,0.003777293452156133,0.003092885172525194,0.004251934871752368
only_rays_size_20_,filenames_in_cluster_test KMeans test nclus 9,1,48,0.001335654088185768,0.0009028961549206441,0.0010693302933127546,0.0015925095995918655
only_rays_size_20_,filenames_in_cluster_test KMeans test nclus 9,0,25,0.0034024246540134257,0.0020738995820229205,0.002494084584590713,0.002021354144175949
only_rays_size_20_,filenames_in_cluster_test KMeans test nclus 9,8,16,0.0063166070729417,0.0038458541144942076,0.004360776589213215,0.006778306546806966
only_rays_size_20_,filenames_in_cluster_test KMeans test nclus 9,6,4,0.0062266003200581906,0.003880498265957885,0.0041368120956567994,0.005872885220841157
