subdir,file,cluster,size,20all_distances_scaled_to_max_trajs_distances_offset,20all_distances_scaled_to_max_trajs_distances_offset x,20all_distances_scaled_to_max_trajs_distances_offset y,20all_nums_scaled_to_max_trajs_num_intersections_offset
only_rays_size_20_,filenames_in_cluster_test KMeans test nclus 9,2,214,0.06031147095077551,0.0864642466772198,0.09329805303917207,inf
only_rays_size_20_,filenames_in_cluster_test KMeans test nclus 9,7,124,0.10261618748747732,0.09467626428208759,0.10825279326767942,0.05326482830385016
only_rays_size_20_,filenames_in_cluster_test KMeans test nclus 9,4,61,0.05058777183107071,0.036964344833696115,0.05681240475212269,0.0469407865269193
only_rays_size_20_,filenames_in_cluster_test KMeans test nclus 9,3,55,0.04116310179389076,0.04008548665068469,0.03922898723676192,0.056161616161616176
only_rays_size_20_,filenames_in_cluster_test KMeans test nclus 9,5,59,0.057266283165321924,0.05853472098355719,0.0469424765563251,0.06683137029589196
only_rays_size_20_,filenames_in_cluster_test KMeans test nclus 9,1,48,0.08403978981074481,0.053938739157499145,0.06711788656466659,0.23437500000000003
only_rays_size_20_,filenames_in_cluster_test KMeans test nclus 9,0,25,0.05769199221171245,0.04685680023077619,0.05466493960250692,0.041955555555555496
only_rays_size_20_,filenames_in_cluster_test KMeans test nclus 9,8,16,0.11346479701838517,0.10480665725918333,0.09992276504177576,0.08665497448979595
only_rays_size_20_,filenames_in_cluster_test KMeans test nclus 9,6,4,0.1459651443371039,0.15646465728494666,0.14080613527358538,0.12749999999999997
