subdir,file,cluster,size,20all_distances_scaled_to_max_trajs_distances_offset,20all_distances_scaled_to_max_trajs_distances_offset x,20all_distances_scaled_to_max_trajs_distances_offset y,20all_nums_scaled_to_max_trajs_num_intersections_offset
only_rays_size_20_,filenames_in_cluster_train KMeans test nclus 6,2,305,0.22102788990608488,0.29816899281698683,0.25480990820775956,inf
only_rays_size_20_,filenames_in_cluster_train KMeans test nclus 6,0,247,0.20443017671132688,0.18182508386956406,0.22462460364572295,0.37918605583702336
only_rays_size_20_,filenames_in_cluster_train KMeans test nclus 6,3,126,0.2745385769136759,0.28732684705533984,0.22589768929355186,0.24171325169370345
only_rays_size_20_,filenames_in_cluster_train KMeans test nclus 6,5,80,0.23472705379446498,0.17351788091667938,0.286031828862899,0.2142392062625326
only_rays_size_20_,filenames_in_cluster_train KMeans test nclus 6,1,82,0.21841510245625823,0.20315049628449092,0.21670379800884845,0.23675541869608877
only_rays_size_20_,filenames_in_cluster_train KMeans test nclus 6,4,20,0.28904018816335375,0.2900484250187967,0.27972689414600854,0.27008107483170407
