subdir,file,cluster,size,20all_distances_scaled_to_max_trajs_distances_offset,20all_distances_scaled_to_max_trajs_distances_offset x,20all_distances_scaled_to_max_trajs_distances_offset y,20all_nums_scaled_to_max_trajs_num_intersections_offset
only_rays_size_20_,filenames_in_cluster_train KMeans test nclus 8,0,305,0.009903592130696,0.0051079322736326,0.0051079322736326,0.02631578947368421
only_rays_size_20_,filenames_in_cluster_train KMeans test nclus 8,2,247,0.0098516727574184,0.0050802407516688,0.0051079322736326,0.019736842105263157
only_rays_size_20_,filenames_in_cluster_train KMeans test nclus 8,7,47,0.0117264816814262,0.0062429950634211,0.0071831644463991,0.03289473684210526
only_rays_size_20_,filenames_in_cluster_train KMeans test nclus 8,4,79,0.0099900450982602,0.0052329322736326,0.0052329322736326,0.019736842105263157
only_rays_size_20_,filenames_in_cluster_train KMeans test nclus 8,1,57,0.0101748283197596,0.0054829322736326,0.0053579322736326,0.039473684210526314
only_rays_size_20_,filenames_in_cluster_train KMeans test nclus 8,3,85,0.0100757562637627,0.0052329322736326,0.0053577951428387,0.03289473684210526
only_rays_size_20_,filenames_in_cluster_train KMeans test nclus 8,5,29,0.0104574842250718,0.0056079322736326,0.0071472050030448,0.05263157894736842
only_rays_size_20_,filenames_in_cluster_train KMeans test nclus 8,6,11,0.0133330138701355,0.0086362465640774,0.0074235771257543,0.06907894736842106
