subdir,file,cluster,size,24all_distances_scaled_to_max_trajs_distances_offset,24all_distances_scaled_to_max_trajs_distances_offset x,24all_distances_scaled_to_max_trajs_distances_offset y,24all_nums_scaled_to_max_trajs_num_intersections_offset,4all_distances_scaled_to_max_trajs_distances_offset,4all_distances_scaled_to_max_trajs_distances_offset x,4all_distances_scaled_to_max_trajs_distances_offset y,4all_nums_scaled_to_max_trajs_num_intersections_offset
only_rays_size_4_,filenames_in_cluster_train KMeans test nclus 4,0,496,0.0112655855951983,0.00728490622619594,0.00709520993386304,0.026388741511035825,0.011100297970582918,0.00657894736842093,0.006448279673302974,0.026388741511035825
only_rays_size_4_,filenames_in_cluster_train KMeans test nclus 4,3,86,0.02123475059204417,0.013559137640348905,0.01351004198558006,0.05638004895960833,0.012387591500226308,0.00808773159592599,0.00624919512743144,0.05638004895960833
only_rays_size_4_,filenames_in_cluster_train KMeans test nclus 4,2,160,0.012309413917649144,0.007744282673598428,0.007901492796967004,0.024547697368421054,0.019050309011733775,0.013610945637227681,0.007956414473684174,0.024547697368421054
only_rays_size_4_,filenames_in_cluster_train KMeans test nclus 4,1,118,0.017217863914255227,0.010845214210628241,0.011091005327658209,0.040421498661909014,0.019820094267176742,0.014106262918628525,0.008432760927743052,0.040421498661909014
