subdir,file,cluster,size,24all_distances_scaled_to_max_trajs_distances_offset,24all_distances_scaled_to_max_trajs_distances_offset x,24all_distances_scaled_to_max_trajs_distances_offset y,24all_nums_scaled_to_max_trajs_num_intersections_offset,4all_distances_scaled_to_max_trajs_distances_offset,4all_distances_scaled_to_max_trajs_distances_offset x,4all_distances_scaled_to_max_trajs_distances_offset y,4all_nums_scaled_to_max_trajs_num_intersections_offset
only_rays_size_4_,filenames_in_cluster_test KMeans test nclus 8,0,241,0.0009966706032098762,0.001338257983692419,0.0012711190912609689,0.002009365169204842,0.0017490559770467417,0.001382354884966599,0.0007992722702769262,0.002009365169204842
only_rays_size_4_,filenames_in_cluster_test KMeans test nclus 8,6,69,0.0029800069758197855,0.002048663132627679,0.0021239980102407538,0.005021813151130317,0.0013504172440429079,0.0010045436453902236,0.0007392091596309739,0.005021813151130317
only_rays_size_4_,filenames_in_cluster_test KMeans test nclus 8,4,35,0.005518704224211478,0.003693621142459458,0.0035616289978112076,0.005872368177373424,0.0007635374440447503,0.00076353744404475,8.673617379884035e-19,0.005872368177373424
only_rays_size_4_,filenames_in_cluster_test KMeans test nclus 8,3,22,0.0031870098009931674,0.0020718007755234674,0.0023449718966068777,0.006498598628020554,0.0006792589958681064,0.0,0.000679258995868107,0.006498598628020554
only_rays_size_4_,filenames_in_cluster_test KMeans test nclus 8,5,32,0.001777843562303958,0.0015837647206685004,0.001016871765411604,0.0015925095995918655,0.0007292787170011936,0.0,0.000729278717001196,0.0015925095995918655
only_rays_size_4_,filenames_in_cluster_test KMeans test nclus 8,7,6,0.005695285867649058,0.003221237585073421,0.00414623498753695,0.005258587196614822,0.003101345531519968,0.0031013455315199675,8.673617379884035e-19,0.005258587196614822
only_rays_size_4_,filenames_in_cluster_test KMeans test nclus 8,2,123,0.0017830897326459852,0.001373057156063138,0.0016147466360350218,0.0022092293996644613,6.938893903907228e-18,3.469446951953614e-18,2.6020852139652106e-18,0.0022092293996644613
only_rays_size_4_,filenames_in_cluster_test KMeans test nclus 8,1,78,0.004277946767438714,0.0028643642994726297,0.002946272132186103,0.005232139817567754,0.0,3.469446951953614e-18,3.469446951953614e-18,0.005232139817567754
