subdir,file,cluster,size,24all_distances_scaled_to_max_trajs_distances_offset,24all_distances_scaled_to_max_trajs_distances_offset x,24all_distances_scaled_to_max_trajs_distances_offset y,24all_nums_scaled_to_max_trajs_num_intersections_offset,4all_distances_scaled_to_max_trajs_distances_offset,4all_distances_scaled_to_max_trajs_distances_offset x,4all_distances_scaled_to_max_trajs_distances_offset y,4all_nums_scaled_to_max_trajs_num_intersections_offset
only_rays_size_4_,filenames_in_cluster_train KMeans test nclus 9,4,382,0.0099313763248431,0.0050950937969601,0.0050950937969601,0.023026315789473683,0.0094422741073463,0.006578947368421,0.0047902558100663,0.023026315789473683
only_rays_size_4_,filenames_in_cluster_train KMeans test nclus 9,1,85,0.0100465601574717,0.0052687049080712,0.0051818993525157,0.029605263157894735,0.0094422741073463,0.006578947368421,0.0047902558100663,0.029605263157894735
only_rays_size_4_,filenames_in_cluster_train KMeans test nclus 9,6,42,0.009979660753687,0.0050758635733741,0.0055919428174851,0.019736842105263157,0.0094422741073463,0.006578947368421,0.0047902558100663,0.019736842105263157
only_rays_size_4_,filenames_in_cluster_train KMeans test nclus 9,8,56,0.0099891046738025,0.0050950937969601,0.0058003840469718,0.019736842105263157,0.017809913034122,0.0115131578947368,0.006578947368421,0.019736842105263157
only_rays_size_4_,filenames_in_cluster_train KMeans test nclus 9,5,99,0.0100728419630274,0.0051818993525157,0.0051818993525157,0.029605263157894735,0.017809913034122,0.0115131578947368,0.006578947368421,0.029605263157894735
only_rays_size_4_,filenames_in_cluster_train KMeans test nclus 9,0,104,0.0099631682795925,0.0050950937969601,0.0050950937969601,0.019736842105263157,0.017809913034122,0.0115131578947368,0.006578947368421,0.019736842105263157
only_rays_size_4_,filenames_in_cluster_train KMeans test nclus 9,2,31,0.012244386951707,0.0086136880316253,0.0069573083392925,0.046052631578947366,0.0095088109244004,0.006578947368421,0.0048567926271205,0.046052631578947366
only_rays_size_4_,filenames_in_cluster_train KMeans test nclus 9,7,13,0.0143746318793686,0.0081476835828071,0.0102446271133238,0.06907894736842106,0.0095088109244004,0.006578947368421,0.0048567926271205,0.06907894736842106
only_rays_size_4_,filenames_in_cluster_train KMeans test nclus 9,3,48,0.0103924818048376,0.0054423160191823,0.0069568582407334,0.04276315789473684,0.0094422741073463,0.006578947368421,0.0047902558100663,0.04276315789473684
