window_size,vehicle,ride,start,scale,scale x,scale y,offset,offset x,offset y,no scale,no scale x,no scale y,only offset,only offset x,only offset y,
20,Vehicle_11,8686342,0,0.00973840773570549,0.007532260085714485,0.004906443924530561,0.010056172847370008,0.007641091102551515,0.005183403899401218,0.0006707663981474941,0.000410759802991478,0.00041075790304147405,0.0020833333333333337,0.0012958509748503047,0.0012958509748503047,
20,Vehicle_11,8686342,20,0.013125984251990007,0.007961337929947906,0.008675659705282746,0.012337526229885536,0.007405571123400037,0.008248328214357843,0.0006707818238118529,0.00041076829926813165,0.0004107682992681315,0.0020833333333333333,0.0012958509748503045,0.0012958509748503047,
20,Vehicle_11,8686342,40,0.01609287803192529,0.009024072457257531,0.011425716144236263,0.016883340430291157,0.009423904287696757,0.012154389507397024,0.0006704439404667252,0.0004104419290187999,0.0004106808486233895,0.0024305555555555556,0.0014694620859614159,0.0015965542400532351,
20,Vehicle_11,8686342,60,0.010993085084141237,0.006267882440354174,0.007486293551735087,0.01161135752465434,0.0067418924899437255,0.00796148039432439,0.0006707818238118525,0.00041076829926813127,0.00041076829926813143,0.0020833333333333333,0.0012958509748503045,0.0012958509748503047,
