window_size,vehicle,ride,start,scale,scale x,scale y,offset,offset x,offset y,no scale,no scale x,no scale y,only offset,only offset x,only offset y,
20,Vehicle_11,8686342,0,0.009738407735705485,0.007532260085714484,0.0049064439245305605,0.009886238206846892,0.0074711564620284,0.005183403899401218,0.009738407735705485,0.007532260085714484,0.0049064439245305605,0.009886238206846892,0.0074711564620284,0.005183403899401218,
20,Vehicle_11,8686342,20,0.013289689120955532,0.007961337929947906,0.008839364574248275,0.012479826978952018,0.007405571123400039,0.008390628963424324,0.013289689120955532,0.007961337929947906,0.008839364574248275,0.012479826978952018,0.007405571123400039,0.008390628963424324,
20,Vehicle_11,8686342,40,0.016092878031925287,0.009024072457257526,0.011425716144236264,0.01648210161958585,0.009076770233413984,0.012100284750974495,0.016092878031925287,0.009024072457257526,0.011425716144236264,0.01648210161958585,0.009076770233413984,0.012100284750974495,
20,Vehicle_11,8686342,60,0.011078143010842825,0.006267882440354171,0.007571351478436672,0.011766842916325992,0.006741892489943725,0.00811696578599604,0.011078143010842825,0.006267882440354171,0.007571351478436672,0.011766842916325992,0.006741892489943725,0.00811696578599604,
