subdir,file,cluster,size,28all_distances_scaled_to_max_trajs_distances_offset,28all_distances_scaled_to_max_trajs_distances_offset x,28all_distances_scaled_to_max_trajs_distances_offset y,28all_nums_scaled_to_max_trajs_num_intersections_offset,8all_distances_scaled_to_max_trajs_distances_offset,8all_distances_scaled_to_max_trajs_distances_offset x,8all_distances_scaled_to_max_trajs_distances_offset y,8all_nums_scaled_to_max_trajs_num_intersections_offset
only_rays_acceler_heading_size_8_,filenames_in_cluster_test KMeans test nclus 3,0,243,0.0017642635512533343,0.0016482884366555656,0.0014201387076993284,0.0014526833902205234,0.0009075866476102606,0.0008322956319675274,0.000639189367897459,0.0014526833902205234
only_rays_acceler_heading_size_8_,filenames_in_cluster_test KMeans test nclus 3,2,216,0.0019376124962437516,0.0013890202363702712,0.0016670944269445488,0.0038303394109823813,0.0009666924114857875,0.0007926265367962706,0.0007051517856056608,0.0038303394109823813
only_rays_acceler_heading_size_8_,filenames_in_cluster_test KMeans test nclus 3,1,147,0.005407660771640875,0.003661838038793072,0.0034860860639864336,0.009499662245670783,0.0013434869824138535,0.001207143470795093,0.0004940787376519357,0.009499662245670783
