subdir,file,cluster,size,28all_distances_scaled_to_max_trajs_distances_offset,28all_distances_scaled_to_max_trajs_distances_offset x,28all_distances_scaled_to_max_trajs_distances_offset y,28all_nums_scaled_to_max_trajs_num_intersections_offset,8all_distances_scaled_to_max_trajs_distances_offset,8all_distances_scaled_to_max_trajs_distances_offset x,8all_distances_scaled_to_max_trajs_distances_offset y,8all_nums_scaled_to_max_trajs_num_intersections_offset
only_rays_acceler_heading_size_8_,filenames_in_cluster_train KMeans test nclus 3,0,354,0.0021989805395483115,0.0018443344743246794,0.001628258883064185,0.0017576205223243603,0.0024404568000536337,0.0017013002540852663,0.001571481225445773,0.0017576205223243603
only_rays_acceler_heading_size_8_,filenames_in_cluster_train KMeans test nclus 3,2,297,0.0020188249602325387,0.0014052239157197983,0.0017140938598151673,0.0036218961675785625,0.003314180412004032,0.0021560767122271334,0.002174742457346071,0.0036218961675785625
only_rays_acceler_heading_size_8_,filenames_in_cluster_train KMeans test nclus 3,1,209,0.006692216315970037,0.004245682414031888,0.004434362181851852,0.012560203070119059,0.0059820854034051945,0.0039186759132794,0.00381358337604884,0.012560203070119059
