subdir,file,cluster,size,28all_distances_scaled_to_max_trajs_distances_offset,28all_distances_scaled_to_max_trajs_distances_offset x,28all_distances_scaled_to_max_trajs_distances_offset y,28all_nums_scaled_to_max_trajs_num_intersections_offset,8all_distances_scaled_to_max_trajs_distances_offset,8all_distances_scaled_to_max_trajs_distances_offset x,8all_distances_scaled_to_max_trajs_distances_offset y,8all_nums_scaled_to_max_trajs_num_intersections_offset
only_rays_acceler_heading_size_8_,filenames_in_cluster_test DBSCAN test nclus 8,0,461,0.0019337903314801891,0.001641871428451677,0.0015936750453030334,0.0031892172450845462,0.000935988380940508,0.0008161523209367041,0.0006717286417409726,0.0031892172450845462
only_rays_acceler_heading_size_8_,filenames_in_cluster_test DBSCAN test nclus 8,1,134,0.004667677957558558,0.0032531087798999534,0.0029931068642951313,0.006206451962421309,0.0013876702811473106,0.0012420282499986007,0.0005174348230882953,0.006206451962421309
only_rays_acceler_heading_size_8_,filenames_in_cluster_test DBSCAN test nclus 8,-1,11,0.006254071991131731,0.0035504351909587686,0.004508332377328435,0.007855218622346708,0.0007195231959538707,0.0007325029135116877,1.4784722059409186e-05,0.007855218622346708
