subdir,file,cluster,size,28all_distances_scaled_to_max_trajs_distances_offset,28all_distances_scaled_to_max_trajs_distances_offset x,28all_distances_scaled_to_max_trajs_distances_offset y,28all_nums_scaled_to_max_trajs_num_intersections_offset,8all_distances_scaled_to_max_trajs_distances_offset,8all_distances_scaled_to_max_trajs_distances_offset x,8all_distances_scaled_to_max_trajs_distances_offset y,8all_nums_scaled_to_max_trajs_num_intersections_offset
only_rays_acceler_heading_size_8_,filenames_in_cluster_test KMeans test nclus 6,4,122,0.01073716215901305,0.00621045884867574,0.007506051043626999,0.026315789473684174,0.010327824633473022,0.005587865704164256,0.007479879638358218,0.026315789473684174
only_rays_acceler_heading_size_8_,filenames_in_cluster_test KMeans test nclus 6,5,198,0.011601254546737263,0.007744070466313386,0.007055058287849131,0.023856990962254153,0.010931915145127973,0.00635506216488352,0.007316311960645233,0.023856990962254153
only_rays_acceler_heading_size_8_,filenames_in_cluster_test KMeans test nclus 6,0,138,0.011786426780938768,0.007659197430343311,0.007400327149913849,0.02762681159420286,0.011625689141435872,0.006975607520878716,0.007445570296141591,0.02762681159420286
only_rays_acceler_heading_size_8_,filenames_in_cluster_test KMeans test nclus 6,1,99,0.01681149090221514,0.010964638304951617,0.01048748579794695,0.044590643274853785,0.011578617097914405,0.006707442203859682,0.007658574949517765,0.044590643274853785
only_rays_acceler_heading_size_8_,filenames_in_cluster_test KMeans test nclus 6,3,28,0.014224020150626075,0.009072908696955031,0.009088295742672576,0.03700657894736844,0.011646353628151985,0.006768926703074049,0.007751190258032455,0.03700657894736844
only_rays_acceler_heading_size_8_,filenames_in_cluster_test KMeans test nclus 6,2,21,0.023473502052803033,0.01547335439346249,0.014493634239746514,0.06469298245614034,0.01167265327796271,0.006790294862925546,0.007635820742088343,0.06469298245614034
