subdir,file,cluster,size,28all_distances_scaled_to_max_trajs_distances_offset,28all_distances_scaled_to_max_trajs_distances_offset x,28all_distances_scaled_to_max_trajs_distances_offset y,28all_nums_scaled_to_max_trajs_num_intersections_offset,8all_distances_scaled_to_max_trajs_distances_offset,8all_distances_scaled_to_max_trajs_distances_offset x,8all_distances_scaled_to_max_trajs_distances_offset y,8all_nums_scaled_to_max_trajs_num_intersections_offset
only_rays_acceler_heading_size_8_,filenames_in_cluster_test KMeans test nclus 8,0,122,0.24218457698486637,0.3094523905442713,0.230058186843065,inf,0.3776784052652581,0.29780167417352366,0.4605300510391054,inf
only_rays_acceler_heading_size_8_,filenames_in_cluster_test KMeans test nclus 8,7,134,0.2545524196947162,0.2313359639572826,0.24974169375947924,0.3895636757056175,0.34163826273419096,0.3982376165878142,0.25593925453107413,0.3895636757056175
only_rays_acceler_heading_size_8_,filenames_in_cluster_test KMeans test nclus 8,6,131,0.1824305247892164,0.19797145270632255,0.1945859054263153,0.2698880844223464,0.22862893545038657,0.2032349936491518,0.2537421339227585,0.2698880844223464
only_rays_acceler_heading_size_8_,filenames_in_cluster_test KMeans test nclus 8,2,71,0.18832080732982423,0.19237160685916102,0.2090279177424683,0.4975639924691745,0.34485629755452946,0.39961737202203645,0.10747240576537608,0.4975639924691745
only_rays_acceler_heading_size_8_,filenames_in_cluster_test KMeans test nclus 8,1,79,0.260550209314803,0.24274890869056073,0.22701902913285665,0.29037384867654426,0.1522672202285176,0.15536443902575037,0.1370754059973719,0.29037384867654426
only_rays_acceler_heading_size_8_,filenames_in_cluster_test KMeans test nclus 8,3,27,0.3168989133600876,0.3411858150270561,0.23991835885882168,0.23715274953454976,0.37446614772940257,0.30869055625993874,0.29194072722127956,0.23715274953454976
only_rays_acceler_heading_size_8_,filenames_in_cluster_test KMeans test nclus 8,4,34,0.22706470964268935,0.22642289528365722,0.23786393410387566,0.27914848276952164,0.3653556984074266,0.44117647058823534,0.16270887855544747,0.27914848276952164
only_rays_acceler_heading_size_8_,filenames_in_cluster_test KMeans test nclus 8,5,8,0.3966534940588326,0.37551639745207277,0.37347178220132277,0.3111080108972515,0.47842217255511105,0.4841229182759271,0.40617057617704716,0.3111080108972515
