window_size,vehicle,ride,start,scale,scale x,scale y,offset,offset x,offset y,no scale,no scale x,no scale y,only offset,only offset x,only offset y,
20,Vehicle_12,8575983,0,0.011796389992965133,0.008087925308967061,0.006791473086658662,0.012184904067707702,0.008261157435754379,0.007169129924642395,0.0,0.0,0.0,0.0008928571428571428,0.000566023308352663,0.000566023308352663,
20,Vehicle_12,8575983,20,0.01184109353368513,0.007854696471011637,0.0070110955685372236,0.012222861248591276,0.007983022258246892,0.0073841174119073545,0.0,0.0,0.0,0.0010204081632653062,0.000645550068793828,0.0006657467117286875,
20,Vehicle_12,8575983,40,0.015242684064177229,0.00978926795643877,0.009460408216048917,0.015660171108996663,0.010005467608094759,0.009829386313977678,0.0,0.0,0.0,0.0011479591836734695,0.0006220772373724454,0.0008116116178084071,
20,Vehicle_12,8575983,60,0.01243876128322406,0.00811625701053522,0.007548866969409213,0.0126120909343286,0.008105858843173021,0.007762743878381062,0.0,0.0,0.0,0.001147959183673469,0.0007008923824567821,0.0007806662101856284,
20,Vehicle_12,8575983,80,0.011466211551947308,0.007817341739660243,0.006640103901382826,0.011373479488035911,0.007804300988836666,0.00660957114592438,0.0,0.0,0.0,0.0008928571428571429,0.0005660233083526631,0.000566023308352663,
20,Vehicle_12,8575983,100,0.011647708389441045,0.008267312091437917,0.006508543251314166,0.012133861849667558,0.00841360544743678,0.0070625259368074815,0.0,0.0,0.0,0.0008928571428571428,0.0005660233083526631,0.0005660233083526632,
20,Vehicle_12,8575983,120,0.028207968158994987,0.018870553412177415,0.01707688518907683,0.028255617475491338,0.018745494027245797,0.01726079650332568,0.0,0.0,0.0,0.001977040816326531,0.0012791314478423914,0.0012493428554453978,
20,Vehicle_12,8575983,140,0.013575892146904092,0.009578597441567641,0.007694858447862894,0.014727262272810552,0.010111621884898612,0.008643154659318137,0.0,0.0,0.0,0.0009566326530612245,0.0005802146944468158,0.0006281998333642593,
