window_size,vehicle,ride,start,scale,scale x,scale y,offset,offset x,offset y,no scale,no scale x,no scale y,only offset,only offset x,only offset y,
20,Vehicle_16,9177298,0,0.011002495336352613,0.006160651467935196,0.007695647705998135,0.010522227892646742,0.005467080044577531,0.008008912424079348,0.0009864547599952736,0.0007168834107778711,0.0004912719973861608,0.002083333333333333,0.0012958509748503045,0.0012958509748503047,
20,Vehicle_16,9177298,20,0.009323474492361098,0.00472163571305803,0.006968375383352508,0.010395876757999006,0.005530626121623441,0.007633572790958296,0.006373180859695119,0.003239145121059172,0.004707577779797751,0.006766599420530094,0.003540330702328692,0.005032100877910762,
20,Vehicle_16,9177298,40,0.014592847943421878,0.008848604558754808,0.0095211062450663,0.01575012094380504,0.00966099911501726,0.010331983948385026,0.0047028360887936965,0.0024712441603856085,0.0034110959634092906,0.005796295984931117,0.0033264329926813176,0.004037904557152379,
20,Vehicle_16,9177298,60,0.009822529405455575,0.005209816493925464,0.007219000777527222,0.010105204019298989,0.005171522140086829,0.007802621038988515,0.0033913889457087634,0.001611544979349826,0.00255220520806341,0.004095678804768893,0.002117387573386568,0.00306601632601465,
