window_size,vehicle,ride,start,scale,scale x,scale y,offset,offset x,offset y,no scale,no scale x,no scale y,only offset,only offset x,only offset y,
20,Vehicle_11,9147378,0,0.008505192393100582,0.0046552281268863035,0.006250351446134746,0.010522523362061498,0.0058129896367212905,0.007689688326580023,0.0,0.0,0.0,0.0011875006021735658,0.0007892165541840037,0.0007267219266583221,
20,Vehicle_11,9147378,20,0.008694004708009524,0.00679584327803335,0.004375447593081266,0.009755126196119032,0.007530772461420787,0.00507149797682614,0.0,0.0,0.0,0.00112500853125,0.00072671673933438,0.0007267296705843798,
20,Vehicle_11,9147378,40,0.01322348404454918,0.008851261656430296,0.00820944121142695,0.012793522685434338,0.008378922225553398,0.008147135246604324,0.0,0.0,0.0,0.0012499730196400905,0.0008001779348110314,0.0008278332443312468,
20,Vehicle_11,9147378,60,0.008616733205294928,0.004520911670391667,0.006612465185114914,0.010747026002340674,0.005890307485506468,0.008005560931966686,0.0,0.0,0.0,0.0011249968798955215,0.0007267166670843797,0.0007267180914799019,
20,Vehicle_11,9147378,80,0.013305123938137039,0.007495694461090559,0.009679868132208946,0.014606832629930382,0.008366352538868636,0.010463098322417324,0.0,0.0,0.0,0.0013750054655590396,0.0009644920589202166,0.0008039696629751072,
20,Vehicle_11,9147378,100,0.008659172075961643,0.004537644849091944,0.006661276861006352,0.011304461562900233,0.006484521762289544,0.00808245100189727,0.0,0.0,0.0,0.0013750007747173423,0.0009644836872514515,0.0008039733438021752,
20,Vehicle_11,9147378,120,0.009817962602492096,0.005550058523802048,0.007161738272601703,0.010958813856488104,0.006128421464683129,0.008019611322708682,0.0,0.0,0.0,0.0011249814662593965,0.0007267043643343796,0.0007267149805937771,
20,Vehicle_11,9147378,140,0.008621927661339611,0.006905941138183841,0.004165711214466912,0.009702676897878874,0.007553162594973251,0.004996658545045162,0.0,0.0,0.0,0.0011249782632499997,0.0007267180143343801,0.0007266981275843794,
20,Vehicle_11,9147378,160,0.012210512313690932,0.007376572852872176,0.008271610474897105,0.013124336834261272,0.008054970719451644,0.008695216716755742,0.0,0.0,0.0,0.0011250243169961193,0.000726734462721477,0.0007267277329434023,
