subdir,file,cluster,size,16all_distances_scaled_to_max_trajs_distances_offset,16all_distances_scaled_to_max_trajs_distances_offset x,16all_distances_scaled_to_max_trajs_distances_offset y,16all_nums_scaled_to_max_trajs_num_intersections_offset
only_rays_size_16_,filenames_in_cluster_test KMeans test nclus 6,0,345,0.0010550325825516608,0.001280206040163923,0.0012627725850483725,0.0015964299095742995
only_rays_size_16_,filenames_in_cluster_test KMeans test nclus 6,5,58,0.0027357216304300792,0.001681627283246334,0.002211894889110154,0.0016408207964484383
only_rays_size_16_,filenames_in_cluster_test KMeans test nclus 6,2,61,0.003986681281833734,0.002734918242656319,0.002673939498953952,0.004728895873251457
only_rays_size_16_,filenames_in_cluster_test KMeans test nclus 6,4,75,0.001996285565566585,0.0018028519224275322,0.0013271861492851454,0.005375983665278794
only_rays_size_16_,filenames_in_cluster_test KMeans test nclus 6,3,45,0.002207283735215679,0.0011822446760207184,0.0018074628256453222,0.002036314075611713
only_rays_size_16_,filenames_in_cluster_test KMeans test nclus 6,1,22,0.005312570591088383,0.0033388957894384843,0.0036974343583586733,0.008627016588966302
