window_size,vehicle,ride,start,scale,scale x,scale y,offset,offset x,offset y,no scale,no scale x,no scale y,only offset,only offset x,only offset y,
20,Vehicle_17,9492910,0,0.007544417382415921,0.003125,0.00625,0.020044417382415924,0.015625,0.006250000000000001,0.007544417382415921,0.003125,0.00625,0.020044417382415924,0.015625,0.006250000000000001,
20,Vehicle_17,9492910,20,0.007544417382415921,0.003125,0.00625,0.013824807025085692,0.009190717778546204,0.008295254481707643,0.007544417382415921,0.003125,0.00625,0.013824807025085692,0.009190717778546204,0.008295254481707643,
20,Vehicle_17,9492910,40,0.007544417382415921,0.003125,0.00625,0.010669417382415922,0.00625,0.006250000000000001,0.007544417382415921,0.003125,0.00625,0.010669417382415922,0.00625,0.006250000000000001,
