window_size,vehicle,ride,start,scale,scale x,scale y,offset,offset x,offset y,no scale,no scale x,no scale y,only offset,only offset x,only offset y,
20,Vehicle_17,9492910,0,0.007544417382415921,0.003125,0.00625,0.020044417382415924,0.015625,0.006250000000000002,0.0,0.0,0.0,0.015625,0.0125,0.003125,
20,Vehicle_17,9492910,20,0.007544417382415922,0.003125,0.00625,0.014904552543378047,0.009190717778546204,0.009375,0.0,0.0,0.0,0.00625,0.003125,0.003125,
20,Vehicle_17,9492910,40,0.007315384259831634,0.0031250000000000006,0.006020966877415714,0.01066941738241592,0.00625,0.00625,0.0,0.0,0.0,0.00625,0.003125,0.003125,
