window_size,vehicle,ride,start,scale,scale x,scale y,offset,offset x,offset y,no scale,no scale x,no scale y,only offset,only offset x,only offset y,
20,Vehicle_17,9492910,0,0.007700404484033263,0.003289473684210526,0.006337859870963894,0.011230965665700946,0.006578947368421052,0.006578947368421052,0.0,0.0,0.0,0.006578947368421052,0.003289473684210526,0.003289473684210526,
20,Vehicle_17,9492910,20,0.007700404484033263,0.003289473684210526,0.006337859870963894,0.011230965665700946,0.006578947368421052,0.006578947368421052,0.0,0.0,0.0,0.006578947368421052,0.003289473684210526,0.003289473684210526,
20,Vehicle_17,9492910,40,0.007700404484033263,0.003289473684210526,0.006337859870963894,0.011230965665700946,0.006578947368421052,0.006578947368421052,0.0,0.0,0.0,0.006578947368421052,0.003289473684210526,0.003289473684210526,
