window_size,vehicle,ride,start,scale,scale x,scale y,offset,offset x,offset y,no scale,no scale x,no scale y,only offset,only offset x,only offset y,
20,Vehicle_17,9444930,0,0.008078235624541515,0.004293627317097413,0.006240218433471187,0.010035859456936955,0.0054951686345125,0.007362843917394745,0.00023576304320049738,0.00016670964660024795,0.00016670964660024933,0.0015625568171241042,0.0010796140076316351,0.0008842472986041281,
20,Vehicle_17,9444930,20,0.00894642391109858,0.005141898604936754,0.006514654182369971,0.009589971350645486,0.005083565408917922,0.007328559036678173,0.00023574740951150637,0.00016669859191274712,0.0001666985919127492,0.001367160332737202,0.0008842246866680295,0.0008842401351808318,
20,Vehicle_17,9444930,40,0.009477462337082068,0.005417107959867069,0.006778228545985007,0.011138809839495516,0.006204343942560751,0.008189161935859305,0.00023575655831553155,0.00016670506109411342,0.0001667050610941148,0.0014647452716353585,0.0009818027154750379,0.0008842470452719797,
20,Vehicle_17,9444930,60,0.014661632089742724,0.00876562888926607,0.010074587709761508,0.015475731576952555,0.009063079211570681,0.010774708798869877,0.0002357298191498667,0.0001666861536487485,0.0001666861536487499,0.0015625274324907595,0.0010647073053141726,0.0009590001953656627,
