window_size,vehicle,ride,start,scale,scale x,scale y,offset,offset x,offset y,no scale,no scale x,no scale y,only offset,only offset x,only offset y,
20,Vehicle_10,8725430,0,0.012718013900618434,0.008172345929724264,0.00797652805354075,0.013945536319278102,0.009242353633717173,0.008545628644961348,0.0009693504992830356,0.000664980603706893,0.0005218877760177549,0.0015,0.0008278460636312491,0.0010331010038712746,
20,Vehicle_10,8725430,20,0.009984198504422422,0.005277216929115718,0.007354908962740802,0.010627232149079036,0.005762359806631408,0.007708560766678338,0.0041499448276392965,0.0021454595019345813,0.003056500686514106,0.005320216348774282,0.002902430817039983,0.0038885219509482063,
20,Vehicle_10,8725430,40,0.009363645417376457,0.004694056778485808,0.00718817380100592,0.010284786944121702,0.0052631910707946076,0.007967690818099065,0.002834800140280259,0.0012893216148501746,0.0022201301456684724,0.0036917469832628558,0.0018731109052258854,0.002834548763020087,
20,Vehicle_10,8725430,60,0.016485424278299146,0.00877135777081104,0.012205676172240002,0.01893525803636348,0.010753827107550205,0.013318429104836946,0.0,0.0,0.0,0.002125,0.0012910734687615448,0.0013265833492415967,
20,Vehicle_10,8725430,80,0.009056865779607123,0.00448481802398685,0.007114056329445053,0.010037326835680574,0.005107932273632675,0.007776538804175093,0.0024639615264572517,0.0010980224996877156,0.0020154049211300947,0.0034539828541890684,0.0017333566566321492,0.0026421935419466335,
20,Vehicle_10,8725430,100,0.009184190308789768,0.004643234396464698,0.007045042470482411,0.01060373104561182,0.005545329184116392,0.008125412347174444,0.00270490066105553,0.0012746115913824622,0.0021069184298945776,0.003691746983262857,0.0018731109052258863,0.0028345487630200878,
20,Vehicle_10,8725430,120,0.011981042268866805,0.007918874993774755,0.007143742332481326,0.012412009221162512,0.008173239037738256,0.007492384394626035,0.0019891631298382907,0.0014492423102743185,0.0009386984242585404,0.002731532510892706,0.0018223199432056544,0.0016170650029656295,
