window_size,vehicle,ride,start,scale,scale x,scale y,offset,offset x,offset y,no scale,no scale x,no scale y,only offset,only offset x,only offset y,
20,Vehicle_10,8725430,0,0.012735110179459348,0.008222895266319096,0.007943074995786819,0.013933129473006007,0.009222809398063947,0.008552766034342475,0.012735110179459348,0.008222895266319096,0.007943074995786819,0.013933129473006007,0.009222809398063947,0.008552766034342475,
20,Vehicle_10,8725430,20,0.009981160759985412,0.005277216929115719,0.007351871218303787,0.010674091459224986,0.005762359806631406,0.007755420076824291,0.009981160759985412,0.005277216929115719,0.007351871218303787,0.010674091459224986,0.005762359806631406,0.007755420076824291,
20,Vehicle_10,8725430,40,0.009363645417376455,0.0046940567784858065,0.007188173801005922,0.010339993823586552,0.005263191070794605,0.008022897697563914,0.009363645417376455,0.0046940567784858065,0.007188173801005922,0.010339993823586552,0.005263191070794605,0.008022897697563914,
20,Vehicle_10,8725430,60,0.016512482923191532,0.008752877712551638,0.012251214875391787,0.019019059915840807,0.010753827107550209,0.013402230984314286,0.016512482923191532,0.008752877712551638,0.012251214875391787,0.019019059915840807,0.010753827107550209,0.013402230984314286,
20,Vehicle_10,8725430,80,0.00915607989022743,0.0044848180239868505,0.007213270440065353,0.010037326835680576,0.005107932273632676,0.0077765388041750915,0.00915607989022743,0.0044848180239868505,0.007213270440065353,0.010037326835680576,0.005107932273632676,0.0077765388041750915,
20,Vehicle_10,8725430,100,0.009327007639722214,0.004658812064558082,0.007172282133321483,0.01066865882599748,0.0055453291841163896,0.00819034012756011,0.009327007639722214,0.004658812064558082,0.007172282133321483,0.01066865882599748,0.0055453291841163896,0.00819034012756011,
20,Vehicle_10,8725430,120,0.011910355580254202,0.007877737192665863,0.007114193444977612,0.012357441526926126,0.008090836777946092,0.00752021896018182,0.011910355580254202,0.007877737192665863,0.007114193444977612,0.012357441526926126,0.008090836777946092,0.00752021896018182,
