window_size,vehicle,ride,start,scale,scale x,scale y,offset,offset x,offset y,no scale,no scale x,no scale y,only offset,only offset x,only offset y,
20,Vehicle_4,8893676,0,0.014125806001979999,0.007339266985048842,0.010640397159213368,0.014639033956405686,0.007671803080699684,0.010821089017988105,0.0,0.0,0.0,0.004934438293474316,0.0016444232080591577,0.003290015085415158,
20,Vehicle_4,8893676,20,0.014125806001979999,0.007339266985048842,0.010640397159213368,0.014639033956405686,0.007671803080699684,0.010821089017988105,0.0,0.0,0.0,0.004934438293474316,0.0016444232080591577,0.003290015085415158,
20,Vehicle_4,8893676,40,0.014125806001979999,0.007339266985048842,0.010640397159213368,0.014639033956405686,0.007671803080699684,0.010821089017988105,0.0,0.0,0.0,0.004934438293474316,0.0016444232080591577,0.003290015085415158,
