window_size,vehicle,ride,start,scale,scale x,scale y,offset,offset x,offset y,no scale,no scale x,no scale y,only offset,only offset x,only offset y,
20,Vehicle_4,8893676,0,0.007064601736569436,0.005770184354153513,0.003125,0.008877851806329821,0.0044584344239138995,0.00625,0.007064601736569436,0.005770184354153513,0.003125,0.008877851806329821,0.0044584344239138995,0.00625,
20,Vehicle_4,8893676,20,0.013073044554262937,0.008653627171847011,0.006250000000000001,0.010431663284097288,0.006012245901681366,0.00625,0.013073044554262937,0.008653627171847011,0.006250000000000001,0.010431663284097288,0.006012245901681366,0.00625,
20,Vehicle_4,8893676,40,0.017910614371145883,0.009375,0.01219677960631404,0.017944964280584147,0.009375,0.012231129515752304,0.017910614371145883,0.009375,0.01219677960631404,0.017944964280584147,0.009375,0.012231129515752304,
