window_size,vehicle,ride,start,scale,scale x,scale y,offset,offset x,offset y,no scale,no scale x,no scale y,only offset,only offset x,only offset y,
20,Vehicle_4,8893676,0,0.007064601736569434,0.005770184354153513,0.003125000000000001,0.00887785180632982,0.0044584344239139,0.0062499999999999995,0.0,0.0,0.0,0.00625,0.0031250000000000006,0.003125,
20,Vehicle_4,8893676,20,0.01186572556519304,0.008653627171847013,0.005042681010930108,0.009813483639281634,0.006012245901681366,0.0056318203551843455,0.0,0.0,0.0,0.00625,0.003125,0.003125,
20,Vehicle_4,8893676,40,0.01619399867873128,0.009375,0.01048016391389944,0.017944964280584143,0.009375,0.012231129515752306,0.0,0.0,0.0,0.009375,0.003125,0.00625,
