window_size,vehicle,ride,start,scale,scale x,scale y,offset,offset x,offset y,no scale,no scale x,no scale y,only offset,only offset x,only offset y,
20,Vehicle_4,9477474,0,0.008994532720515725,0.004343181586498001,0.007076756774295627,0.010306121636134776,0.005320110892681978,0.007886184696516913,0.005180928956844512,0.0025162348840548653,0.0040395803595863495,0.006150590512646357,0.003160104578741962,0.004723071683820532,
20,Vehicle_4,9477474,20,0.009397227676254625,0.004644383879705226,0.00733238912049162,0.010516724452240753,0.00544534857722604,0.008125358064660158,0.006992905465362348,0.003364045938889397,0.005538008546896653,0.0075288931190300905,0.003856107720618291,0.00581731163752598,
20,Vehicle_4,9477474,40,0.010410598834785486,0.005666678319263453,0.007441444780622872,0.011597505966528929,0.006651517771853104,0.008097136613236392,0.0023080895442295006,0.001226524693623925,0.0015967371557783164,0.002645774784518127,0.0014649784345413777,0.0018899458769251222,
20,Vehicle_4,9477474,60,0.010271770697936004,0.0054909416732303075,0.007483633905328183,0.011137779673687878,0.006188963838668194,0.007986550909436547,0.006061541727461957,0.003108142432488216,0.004491840463616358,0.006844866848613229,0.0036620920467218938,0.005045301786063206,
20,Vehicle_4,9477474,80,0.00897284517681898,0.004282907483324639,0.007127743806279597,0.010057652049601587,0.005082366646475459,0.007849556106524982,0.007626180093865074,0.0036538471094382284,0.006049645374759624,0.008209412983930976,0.004206720004631503,0.0063270312752928244,
20,Vehicle_4,9477474,100,0.01713414250146612,0.009745231233533429,0.012032953082444498,0.01762963903482576,0.010129557101123144,0.01247404275912264,0.002542555999194568,0.00147393659128258,0.0016875186744828123,0.0029648899421659976,0.0018471654314377902,0.00195262883600771,
20,Vehicle_4,9477474,120,0.019892945713812258,0.012495066590133554,0.012806082429526544,0.019981065853404534,0.012499524929040107,0.013017945017112903,0.00275932493952103,0.0016990220845301586,0.0016910941630844806,0.003163717931977758,0.002061321145650134,0.001957983999766169,
20,Vehicle_4,9477474,140,0.015795342459122796,0.010155405207218766,0.009509920809565243,0.01583461721875954,0.010165568647366974,0.009545537105745181,0.0005681604432361683,0.0003561878171918713,0.0003256786128438262,0.0008789062500000001,0.0005648136694327128,0.0005648136694327127,
