window_size,vehicle,ride,start,scale,scale x,scale y,offset,offset x,offset y,no scale,no scale x,no scale y,only offset,only offset x,only offset y,
20,Vehicle_15,8801123,0,0.012633017626415211,0.008704939946299053,0.007374173764705669,0.012859495008198099,0.008874005587533991,0.007621328010548454,0.0,0.0,0.0,0.0008928541000425138,0.0005483258819468102,0.0005963100928455538,
20,Vehicle_15,8801123,20,0.011995816575204162,0.007476717303775151,0.007708808599654786,0.01222841636878584,0.00760406973723109,0.007857015305418451,0.0,0.0,0.0,0.0008290827497059225,0.0005341401746791892,0.0005341320488749167,
20,Vehicle_15,8801123,40,0.009783130343214203,0.005328898720399641,0.007243959231338975,0.010345101699102546,0.005565537606519331,0.007735446546747841,0.0,0.0,0.0,0.0008609602421026384,0.000566016366579699,0.0005341333493711235,
20,Vehicle_15,8801123,60,0.010052495836601963,0.007516457590556942,0.00527702989236864,0.010514313450752034,0.007911707577422255,0.005563515198525989,0.0,0.0,0.0,0.0008290818101006445,0.0005341355932057029,0.0005341356907431259,
20,Vehicle_15,8801123,80,0.013784177601017035,0.008659299679351869,0.008958949490967384,0.013345171958052276,0.008400937748446077,0.008632974960286042,0.0,0.0,0.0,0.0008290683604965163,0.0005341288869422409,0.00053412894740246,
20,Vehicle_15,8801123,100,0.009457361563689197,0.005057012434193711,0.007092986904991018,0.010407261580797769,0.005764321055864732,0.007596774191819246,0.0,0.0,0.0,0.0008290868132801556,0.0005341444501260973,0.0005341318370022417,
20,Vehicle_15,8801123,120,0.01155559064055008,0.007564881515792878,0.00697822910473939,0.011833136221785664,0.007702210480837369,0.00719495444156039,0.0,0.0,0.0,0.0008290816326530597,0.00053413550223021,0.000534135604271033,
