window_size,vehicle,ride,start,scale,scale x,scale y,offset,offset x,offset y,no scale,no scale x,no scale y,only offset,only offset x,only offset y,
20,Vehicle_12,8575983,0,0.0122568266267785,0.008263713639913297,0.007200454631392963,0.012075194607192277,0.008237903965079531,0.007079694862355619,0.0122568266267785,0.008263713639913297,0.007200454631392963,0.012075194607192277,0.008237903965079531,0.007079694862355619,
20,Vehicle_12,8575983,20,0.012012603673600119,0.007840044766106436,0.007224583282097394,0.01164580047022948,0.007675491026960342,0.006913052758143199,0.012012603673600119,0.007840044766106436,0.007224583282097394,0.01164580047022948,0.007675491026960342,0.006913052758143199,
20,Vehicle_12,8575983,40,0.015673685719420058,0.009935504611821924,0.009841478471705287,0.015841760875582072,0.010152658241697358,0.009945549932323983,0.015673685719420058,0.009935504611821924,0.009841478471705287,0.015841760875582072,0.010152658241697358,0.009945549932323983,
20,Vehicle_12,8575983,60,0.012589222669134483,0.008094672055340821,0.007741037674085622,0.01236330087380018,0.007939997504818969,0.007554896053298744,0.012589222669134483,0.008094672055340821,0.007741037674085622,0.01236330087380018,0.007939997504818969,0.007554896053298744,
20,Vehicle_12,8575983,80,0.011300096054361494,0.007891341283248136,0.006397758037885544,0.011659768307629602,0.007986273155121296,0.006788591882509474,0.011300096054361494,0.007891341283248136,0.006397758037885544,0.011659768307629602,0.007986273155121296,0.006788591882509474,
20,Vehicle_12,8575983,100,0.011891475159361677,0.008362010838134268,0.006701207034744419,0.01245627185625343,0.008541894923344293,0.007323413183486171,0.011891475159361677,0.008362010838134268,0.006701207034744419,0.01245627185625343,0.008541894923344293,0.007323413183486171,
20,Vehicle_12,8575983,120,0.028214530495254013,0.01876824584560642,0.0171442165737943,0.027875565630485818,0.018809173020856277,0.016749217525415742,0.028214530495254013,0.01876824584560642,0.0171442165737943,0.027875565630485818,0.018809173020856277,0.016749217525415742,
20,Vehicle_12,8575983,140,0.013682107112422145,0.00971159215583071,0.007672837174715516,0.013803015415338526,0.00986547970133224,0.007777292916991228,0.013682107112422145,0.00971159215583071,0.007672837174715516,0.013803015415338526,0.00986547970133224,0.007777292916991228,
