window_size,vehicle,ride,start,scale,scale x,scale y,offset,offset x,offset y,no scale,no scale x,no scale y,only offset,only offset x,only offset y,
20,Vehicle_17,8577509,0,0.014247110896955403,0.008837362111363165,0.009312161485582404,0.013351201264168043,0.00798893225911872,0.009107374432703663,0.014247110896955403,0.008837362111363165,0.009312161485582404,0.013351201264168043,0.00798893225911872,0.009107374432703663,
20,Vehicle_17,8577509,20,0.016855485296130276,0.011433773409376891,0.01003028054331041,0.01836596032545433,0.012097309188526213,0.011254410134360147,0.016855485296130276,0.011433773409376891,0.01003028054331041,0.01836596032545433,0.012097309188526213,0.011254410134360147,
20,Vehicle_17,8577509,40,0.02060195494206722,0.011607964370437292,0.014677568255627613,0.020924162633831237,0.011695193454036539,0.015022465587895587,0.02060195494206722,0.011607964370437292,0.014677568255627613,0.020924162633831237,0.011695193454036539,0.015022465587895587,
20,Vehicle_17,8577509,60,0.011663037117581813,0.005982186701670164,0.008944839554306918,0.013373393909891887,0.007166368039780329,0.010065368094565041,0.011663037117581813,0.005982186701670164,0.008944839554306918,0.013373393909891887,0.007166368039780329,0.010065368094565041,
