subdir,file,cluster,size,12all_distances_scaled_to_max_trajs_distances_offset,12all_distances_scaled_to_max_trajs_distances_offset x,12all_distances_scaled_to_max_trajs_distances_offset y,12all_nums_scaled_to_max_trajs_num_intersections_offset
only_rays_acceler_heading_size_12_,filenames_in_cluster_test KMeans test nclus 7,4,264,0.0010499384662166064,0.001341534039446536,0.0011331536398005145,0.0020078984328632064
only_rays_acceler_heading_size_12_,filenames_in_cluster_test KMeans test nclus 7,0,172,0.0017920656824289784,0.0012008872551113714,0.0015588814731040822,0.001159382234258543
only_rays_acceler_heading_size_12_,filenames_in_cluster_test KMeans test nclus 7,5,45,0.003545383682211107,0.0024008421365509206,0.0024738639616599016,0.003487386094115953
only_rays_acceler_heading_size_12_,filenames_in_cluster_test KMeans test nclus 7,6,65,0.0017326990482537255,0.0013847623875423015,0.0013343100078401719,0.0032070808740394447
only_rays_acceler_heading_size_12_,filenames_in_cluster_test KMeans test nclus 7,1,37,0.002563389478664517,0.001429029968790323,0.0021137045369506976,0.0038115133553033465
only_rays_acceler_heading_size_12_,filenames_in_cluster_test KMeans test nclus 7,3,20,0.004718461548048199,0.0030112551688403918,0.0032959739029118254,0.007100997745040428
only_rays_acceler_heading_size_12_,filenames_in_cluster_test KMeans test nclus 7,2,3,0.0006118829593188059,0.0010447452080619998,0.00135601750772763,0.005591030168413142
