subdir,file,cluster,size,12all_distances_scaled_to_max_trajs_distances_offset,12all_distances_scaled_to_max_trajs_distances_offset x,12all_distances_scaled_to_max_trajs_distances_offset y,12all_nums_scaled_to_max_trajs_num_intersections_offset
only_rays_acceler_heading_size_12_,filenames_in_cluster_train KMeans test nclus 9,6,298,0.003140885833557301,0.0037633177589674995,0.004655922718091901,0.003289473684210526
only_rays_acceler_heading_size_12_,filenames_in_cluster_train KMeans test nclus 9,2,221,0.004886156138825301,0.004761588637299,0.0041917251523764,0.003289473684210526
only_rays_acceler_heading_size_12_,filenames_in_cluster_train KMeans test nclus 9,7,65,0.0090262366268826,0.0086019098844854,0.007511741167740801,0.009868421052631582
only_rays_acceler_heading_size_12_,filenames_in_cluster_train KMeans test nclus 9,8,84,0.0096227901764607,0.0065728253074193,0.0069420213245219,0.009868421052631578
only_rays_acceler_heading_size_12_,filenames_in_cluster_train KMeans test nclus 9,0,77,0.0046572560664842,0.0046346382727951,0.004152697731991,0.009868421052631582
only_rays_acceler_heading_size_12_,filenames_in_cluster_train KMeans test nclus 9,3,46,0.009385641469543201,0.008066146430209798,0.007611015893261201,0.013157894736842105
only_rays_acceler_heading_size_12_,filenames_in_cluster_train KMeans test nclus 9,1,22,0.014132900225345899,0.008190873932836901,0.009718064725132702,0.019736842105263157
only_rays_acceler_heading_size_12_,filenames_in_cluster_train KMeans test nclus 9,4,36,0.0160652426159216,0.0100793726381029,0.011200822653061498,0.016447368421052627
only_rays_acceler_heading_size_12_,filenames_in_cluster_train KMeans test nclus 9,5,11,0.0233437364569878,0.0123315029592111,0.0173154269493297,0.03618421052631578
