window_size,vehicle,ride,start,scale,scale x,scale y,offset,offset x,offset y,no scale,no scale x,no scale y,only offset,only offset x,only offset y,
20,Vehicle_4,9237382,0,0.012949279875541259,0.008125891211138927,0.008286031330249043,0.013132493704218404,0.008214001128080144,0.008455862145941224,0.0,0.0,0.0,0.000956646899580419,0.0006338696409937056,0.0006136658758439221,
20,Vehicle_4,9237382,20,0.018194415656664898,0.012107055418969802,0.01115657454756544,0.018347946595092864,0.012196287953333766,0.011276627550912573,0.0,0.0,0.0,0.0011479468746856103,0.0007230777930703539,0.000771060891485863,
