window_size,vehicle,ride,start,scale,scale x,scale y,offset,offset x,offset y,no scale,no scale x,no scale y,only offset,only offset x,only offset y,
20,Vehicle_9,8936336,0,0.008880915111125575,0.004438307545244479,0.00680531357019294,0.009977787690021252,0.0051316684314625365,0.007668272353516972,0.008880915111125575,0.004438307545244479,0.00680531357019294,0.009977787690021252,0.0051316684314625365,0.007668272353516972,
20,Vehicle_9,8936336,20,0.009043434291625435,0.004229189864236171,0.007255364779864962,0.01025581186172316,0.005326980931462536,0.007750984025218873,0.009043434291625435,0.004229189864236171,0.007255364779864962,0.01025581186172316,0.005326980931462536,0.007750984025218873,
20,Vehicle_9,8936336,40,0.012167587925840249,0.006954142083556535,0.008421621394446745,0.01270086076196878,0.007294105604298282,0.008847259430796811,0.012167587925840249,0.006954142083556535,0.008421621394446745,0.01270086076196878,0.007294105604298282,0.008847259430796811,
20,Vehicle_9,8936336,60,0.009521394107889426,0.004758280502220434,0.007366546095599802,0.009971272922603342,0.0051316684314625365,0.007661757586099056,0.009521394107889426,0.004758280502220434,0.007366546095599802,0.009971272922603342,0.0051316684314625365,0.007661757586099056,
20,Vehicle_9,8936336,80,0.010649348466452114,0.0057771925225668305,0.00767605845469313,0.01143465080746089,0.006442056688514894,0.008299647832067502,0.010649348466452114,0.0057771925225668305,0.00767605845469313,0.01143465080746089,0.006442056688514894,0.008299647832067502,
20,Vehicle_9,8936336,100,0.009302643429299942,0.004595261171577483,0.0071811694191742685,0.009982287574062259,0.005131668431462533,0.007672772237557975,0.009302643429299942,0.004595261171577483,0.0071811694191742685,0.009982287574062259,0.005131668431462533,0.007672772237557975,
