window_size,vehicle,ride,start,scale,scale x,scale y,offset,offset x,offset y,no scale,no scale x,no scale y,only offset,only offset x,only offset y,
20,Vehicle_11,8686342,0,0.010973629558570843,0.006321611261290947,0.006578947368421052,0.011230965665700946,0.006578947368421052,0.006578947368421052,0.0023260091486398946,0.001644736842105158,0.001644736842105263,0.006578947368421052,0.003289473684210526,0.003289473684210526,
20,Vehicle_11,8686342,20,0.010973629558570843,0.006321611261290947,0.006578947368421052,0.011230965665700946,0.006578947368421052,0.006578947368421052,0.0023260091486398946,0.001644736842105158,0.001644736842105263,0.006578947368421052,0.003289473684210526,0.003289473684210526,
20,Vehicle_11,8686342,40,0.010973629558570843,0.006321611261290947,0.006578947368421052,0.011230965665700946,0.006578947368421052,0.006578947368421052,0.0023260091486398946,0.001644736842105158,0.001644736842105263,0.006578947368421052,0.003289473684210526,0.003289473684210526,
20,Vehicle_11,8686342,60,0.010973629558570843,0.006321611261290947,0.006578947368421052,0.011230965665700946,0.006578947368421052,0.006578947368421052,0.0023260091486398946,0.001644736842105158,0.001644736842105263,0.006578947368421052,0.003289473684210526,0.003289473684210526,
