window_size,vehicle,ride,start,offset,offset x,offset y,scale,scale x,scale y,no scale,no scale x,no scale y,only offset,only offset x,only offset y,
20,Vehicle_12,9255711,0,0.013622886799299589,0.008831412316394989,0.008258283857010601,0.012447785138914515,0.008236732013266381,0.00736473035251296,0.0009430466485302604,0.0006668346801509938,0.0006668346801509937,0.0046875,0.0029909586912079613,0.002990958691207961,
20,Vehicle_12,9255711,20,0.013385329707359835,0.008240801538721414,0.008460197330037547,0.013781538348876162,0.008491280233702946,0.00873255816875983,0.0018856515905847997,0.0013333570266577115,0.0013333570266577115,0.003125,0.0018861043456039803,0.0018861043456039808,
20,Vehicle_12,9255711,40,0.012191315442142584,0.007738419324782625,0.007295802777942589,0.012209106328108043,0.007963025933188364,0.007327882231165344,0.0009428280817177024,0.0006666801300756918,0.0006666801300756917,0.003125,0.0018861043456039803,0.0018861043456039803,
20,Vehicle_12,9255711,60,0.010026211724818615,0.005334708691207961,0.0073072922443094684,0.008659059091071243,0.004003493646999524,0.00717197117293752,0.0009430032975105051,0.0006668040263509537,0.0006668040263509535,0.003125,0.0018861043456039803,0.0018861043456039808,
20,Vehicle_12,9255711,80,0.020719008667137957,0.012819296761015208,0.013355689565489113,0.02112314389377543,0.012195172340450297,0.01443181484508642,0.0009429165877266478,0.0006667427132747929,0.0006667427132747929,0.00859375,0.005105885864009951,0.005105885864009951,
20,Vehicle_12,9255711,100,0.021916714151446248,0.012096312223681092,0.015593728032853117,0.021153908326404666,0.011825347531745693,0.01524508205793397,0.0018859629863466078,0.0013335772167125184,0.0013335772167125184,0.0070312499999999984,0.004553458691207961,0.0037722086912079606,
20,Vehicle_12,9255711,120,0.0100067044211298,0.00533470869120796,0.007287784940620651,0.007800900812048183,0.003391936941965828,0.006569277035243528,0.0,0.0,0.0,0.003125,0.0018861043456039803,0.0018861043456039803,
20,Vehicle_12,9255711,140,0.012119312474713132,0.007227134286125148,0.007721156316679359,0.011032408739268756,0.006222203336102765,0.00748044370464412,0.0,0.0,0.0,0.003125,0.0018861043456039803,0.0018861043456039803,
20,Vehicle_12,9255711,160,0.013557796002140942,0.008360580808668843,0.008473183376545039,0.013161122391366317,0.008346166924377754,0.008100358994270262,0.0009426129045924851,0.0006665279768712943,0.0006665279768712942,0.003125,0.0018861043456039808,0.0018861043456039803,
