window_size,vehicle,ride,start,scale,scale x,scale y,offset,offset x,offset y,no scale,no scale x,no scale y,only offset,only offset x,only offset y,
20,Vehicle_6,9149949,0,0.007544417382415921,0.0031249999999999997,0.006250000000000001,0.010669417382415922,0.0062499999999999995,0.0062499999999999995,0.0,0.0,0.0,0.00625,0.003125,0.0031250000000000006,
20,Vehicle_6,9149949,20,0.012879126073623884,0.0046875000000000016,0.010937500000000001,0.0142219230565218,0.006030296982897914,0.010937500000000001,0.0,0.0,0.0,0.009375,0.003125,0.00625,
20,Vehicle_6,9149949,40,0.0058949051037757595,0.0036247350428125075,0.00410075267854733,0.009094187625703305,0.00625,0.004674770243287385,0.0,0.0,0.0,0.00625,0.003125,0.003125,
20,Vehicle_6,9149949,60,0.007544417382415923,0.0031249999999999997,0.006250000000000001,0.010669417382415922,0.0062499999999999995,0.0062499999999999995,0.0,0.0,0.0,0.00625,0.003125,0.003125,
20,Vehicle_6,9149949,80,0.007544417382415921,0.0031249999999999997,0.0062499999999999995,0.013794417382415922,0.009375,0.006250000000000001,0.0,0.0,0.0,0.009375,0.00625,0.003125,
20,Vehicle_6,9149949,100,0.0096054792961825,0.005659814362160854,0.005776247551605723,0.009797330702934653,0.005377913320518729,0.006250000000000001,0.0,0.0,0.0,0.00625,0.003125,0.003125,
20,Vehicle_6,9149949,120,0.007544417382415922,0.0062499999999999995,0.003125,0.013794417382415923,0.0062499999999999995,0.009375,0.0,0.0,0.0,0.009375,0.003125,0.00625,
20,Vehicle_6,9149949,140,0.007544417382415923,0.0031249999999999997,0.0062499999999999995,0.018180854962281043,0.0124670201974492,0.009375,0.0,0.0,0.0,0.009375,0.00625,0.0031250000000000006,
20,Vehicle_6,9149949,160,0.0071802568870702604,0.0031250000000000006,0.0058858395046543395,0.01066941738241592,0.00625,0.00625,0.0,0.0,0.0,0.00625,0.003125,0.003125,
20,Vehicle_6,9149949,180,0.007544417382415924,0.003125,0.00625,0.009136519414288467,0.00625,0.004717102031872545,0.0,0.0,0.0,0.00625,0.003125,0.003125,
20,Vehicle_6,9149949,200,0.0074039401046646965,0.003125,0.006109522722248775,0.009146843163748447,0.00625,0.004727425781332523,0.0,0.0,0.0,0.00625,0.003125,0.003125,
20,Vehicle_6,9149949,220,0.007544417382415922,0.003125,0.006250000000000001,0.012216493635991534,0.009375,0.00467207625357561,0.0,0.0,0.0,0.009375,0.00625,0.003125,
