window_size,vehicle,ride,start,scale,scale x,scale y,offset,offset x,offset y,no scale,no scale x,no scale y,only offset,only offset x,only offset y,
20,Vehicle_4,9532206,0,0.0095145100650437,0.005095092682627778,0.00625,0.009217408043493056,0.004797990661077134,0.00625,0.0,0.0,0.0,0.00625,0.003125,0.003125,
20,Vehicle_4,9532206,20,0.008477741909623636,0.005123110889619816,0.005185213637587899,0.007611704449897179,0.0047193393063847105,0.004722947761096548,0.0,0.0,0.0,0.00625,0.003125,0.003125,
20,Vehicle_4,9532206,40,0.007419891765737917,0.0061254743833219945,0.0031250000000000006,0.010669417382415924,0.00625,0.00625,0.0,0.0,0.0,0.00625,0.003125,0.003125,
20,Vehicle_4,9532206,60,0.007430288594515426,0.006135871212099504,0.0031249999999999997,0.011084203968811338,0.00488113636364677,0.008033650222748646,0.0,0.0,0.0,0.009375,0.003125,0.00625,
20,Vehicle_4,9532206,80,0.01066941738241592,0.0062499999999999995,0.0062499999999999995,0.010669417382415919,0.0062499999999999995,0.0062499999999999995,0.0,0.0,0.0,0.00625,0.003125,0.003125,
20,Vehicle_4,9532206,100,0.007544417382415921,0.003125,0.00625,0.010669417382415922,0.00625,0.00625,0.0,0.0,0.0,0.00625,0.003125,0.003125,
20,Vehicle_4,9532206,120,0.007544417382415922,0.003125,0.00625,0.010669417382415922,0.00625,0.00625,0.0,0.0,0.0,0.00625,0.003125,0.003125,
20,Vehicle_4,9532206,140,0.009113165264321096,0.004693747881905172,0.00625,0.011410354692744127,0.007364589406011831,0.006791639213108415,0.0,0.0,0.0,0.00625,0.003125,0.003125,
20,Vehicle_4,9532206,160,0.007544417382415922,0.0031250000000000006,0.006250000000000001,0.016919417382415924,0.0125,0.00625,0.0,0.0,0.0,0.0125,0.009375,0.003125,
20,Vehicle_4,9532206,180,0.015088834764831844,0.009375,0.009375,0.010669417382415922,0.00625,0.00625,0.0,0.0,0.0,0.00625,0.003125,0.003125,
20,Vehicle_4,9532206,200,0.01066941738241592,0.0062499999999999995,0.0062499999999999995,0.010447980280509032,0.0062499999999999995,0.006028562898093114,0.0,0.0,0.0,0.00625,0.0031250000000000006,0.003125,
20,Vehicle_4,9532206,220,0.009251831431310307,0.004832414048894384,0.00625,0.007440794085886899,0.004639306502830219,0.004632070200640759,0.0,0.0,0.0,0.00625,0.003125,0.003125,
