window_size,vehicle,ride,start,scale,scale x,scale y,offset,offset x,offset y,no scale,no scale x,no scale y,only offset,only offset x,only offset y,
20,Vehicle_4,9532206,0,0.0095145100650437,0.005095092682627778,0.00625,0.009217408043493058,0.004797990661077134,0.006250000000000002,0.0,0.0,0.0,0.00625,0.003125,0.003125,
20,Vehicle_4,9532206,20,0.008477741909623634,0.005123110889619815,0.005185213637587899,0.00761170444989718,0.00471933930638471,0.004722947761096548,0.0,0.0,0.0,0.00625,0.003125,0.0031250000000000006,
20,Vehicle_4,9532206,40,0.007419891765737916,0.006125474383321995,0.003125,0.00923589034259938,0.0048164729601834575,0.00625,0.0,0.0,0.0,0.00625,0.003125,0.003125,
20,Vehicle_4,9532206,60,0.007430288594515427,0.006135871212099504,0.003125,0.01235092841670422,0.00488113636364677,0.009300374670641529,0.0,0.0,0.0,0.009375,0.003125,0.00625,
20,Vehicle_4,9532206,80,0.010669417382415924,0.00625,0.006250000000000002,0.010669417382415922,0.00625,0.006250000000000002,0.0,0.0,0.0,0.00625,0.0031250000000000006,0.003125,
20,Vehicle_4,9532206,100,0.007544417382415924,0.003125,0.006250000000000001,0.01066941738241592,0.00625,0.00625,0.0,0.0,0.0,0.00625,0.003125,0.003125,
20,Vehicle_4,9532206,120,0.007544417382415923,0.0031250000000000006,0.00625,0.01066941738241592,0.00625,0.00625,0.002209708691207961,0.0015624999999999997,0.0015625000000000003,0.00625,0.003125,0.003125,
20,Vehicle_4,9532206,140,0.010669417382415924,0.00625,0.00625,0.012431215479635715,0.007364589406011831,0.007812500000000002,0.0,0.0,0.0,0.00625,0.003125,0.0031250000000000006,
20,Vehicle_4,9532206,160,0.007544417382415922,0.003125,0.006250000000000001,0.016919417382415924,0.0125,0.006250000000000001,0.0,0.0,0.0,0.0125,0.009375,0.0031250000000000006,
20,Vehicle_4,9532206,180,0.01508883476483185,0.009375,0.009375,0.010669417382415922,0.00625,0.006250000000000001,0.0,0.0,0.0,0.00625,0.003125,0.003125,
20,Vehicle_4,9532206,200,0.009866604218976508,0.00625,0.005447186836560586,0.010447980280509035,0.00625,0.006028562898093113,0.0,0.0,0.0,0.00625,0.003125,0.003125,
20,Vehicle_4,9532206,220,0.009251831431310307,0.0048324140488943835,0.00625,0.00905872388524614,0.004639306502830219,0.00625,0.0,0.0,0.0,0.00625,0.0031250000000000006,0.003125,
