window_size,vehicle,ride,start,scale,scale x,scale y,offset,offset x,offset y,no scale,no scale x,no scale y,only offset,only offset x,only offset y,
20,Vehicle_17,8500643,0,0.009359084250220709,0.004600431756257528,0.007288954738545115,0.010309162175722222,0.0051979954742621855,0.008025543985656247,0.001035876568475978,0.0004929915373149272,0.000827576601773543,0.00125,0.0007892189393343803,0.0007892189393343806,
20,Vehicle_17,8500643,20,0.015758232817004295,0.008165192842355784,0.01191942758122409,0.016714886923514402,0.008603781895491526,0.012845929727839843,0.0008699290100750601,0.00037258865751667585,0.0007062050105163844,0.002125,0.0012334286898349979,0.001466337597835333,
20,Vehicle_17,8500643,40,0.00893329310976691,0.0043289510442776164,0.006979934810102947,0.01034668401092741,0.005476814338169568,0.0077526010185700175,0.0008149103637629067,0.0003989157332966437,0.0006340708351340263,0.001375,0.0009142189393343804,0.0007892189393343805,
