window_size,vehicle,ride,start,scale,scale x,scale y,offset,offset x,offset y,no scale,no scale x,no scale y,only offset,only offset x,only offset y,
20,Vehicle_17,8500643,0,0.009359084250220718,0.004600431756257529,0.007288954738545121,0.010261560222704216,0.005197995474262187,0.007977942032638246,0.009359084250220718,0.004600431756257529,0.007288954738545121,0.010261560222704216,0.005197995474262187,0.007977942032638246,
20,Vehicle_17,8500643,20,0.015758232817004295,0.008165192842355779,0.011919427581224098,0.01666972458585045,0.00860378189549153,0.012800767390175894,0.015758232817004295,0.008165192842355779,0.011919427581224098,0.01666972458585045,0.00860378189549153,0.012800767390175894,
20,Vehicle_17,8500643,40,0.00893329310976691,0.004328951044277618,0.006979934810102946,0.01039995750677263,0.005476814338169567,0.007805874514415236,0.00893329310976691,0.004328951044277618,0.006979934810102946,0.01039995750677263,0.005476814338169567,0.007805874514415236,
