window_size,vehicle,ride,start,scale,scale x,scale y,offset,offset x,offset y,no scale,no scale x,no scale y,only offset,only offset x,only offset y,
20,Vehicle_9,8936336,0,0.009605385205814373,0.004978119530614524,0.007195018495311836,0.010296631431748448,0.005277099805920572,0.007943753579595862,0.009605385205814373,0.004978119530614524,0.007195018495311836,0.010296631431748448,0.005277099805920572,0.007943753579595862,
20,Vehicle_9,8936336,20,0.009196170070507645,0.004341589350767398,0.00735827433946992,0.010106200597996245,0.005151146826592546,0.007823997094985099,0.009196170070507645,0.004341589350767398,0.00735827433946992,0.010106200597996245,0.005151146826592546,0.007823997094985099,
20,Vehicle_9,8936336,40,0.012193702772906649,0.006857267812513001,0.008647727052822752,0.012833792024815329,0.007326004022094738,0.009069611508005997,0.012193702772906649,0.006857267812513001,0.008647727052822752,0.012833792024815329,0.007326004022094738,0.009069611508005997,
20,Vehicle_9,8936336,60,0.009912897804941851,0.0050015278288307805,0.007596539828873424,0.010165225671678721,0.005213323351604139,0.007834240058601899,0.009912897804941851,0.0050015278288307805,0.007596539828873424,0.010165225671678721,0.005213323351604139,0.007834240058601899,
20,Vehicle_9,8936336,80,0.01145736095909541,0.006479022961049353,0.008079717172556476,0.01174211203525368,0.006535196851677073,0.00849288217438774,0.01145736095909541,0.006479022961049353,0.008079717172556476,0.01174211203525368,0.006535196851677073,0.00849288217438774,
20,Vehicle_9,8936336,100,0.009268400619283154,0.0044691046931173315,0.007310077767128074,0.010050859959897764,0.005087371316388469,0.007832431967090705,0.009268400619283154,0.0044691046931173315,0.007310077767128074,0.010050859959897764,0.005087371316388469,0.007832431967090705,
