window_size,vehicle,ride,start,scale,scale x,scale y,offset,offset x,offset y,no scale,no scale x,no scale y,only offset,only offset x,only offset y,
20,Vehicle_9,8936336,0,0.009130496228983473,0.004927621365945569,0.006770627683142338,0.010075298761622187,0.005222600168350396,0.007776920547033092,0.0,0.0,0.0,0.0008290729790862068,0.0005341243241897884,0.000534138128744601,
20,Vehicle_9,8936336,20,0.008725770795017032,0.004315326215482522,0.006914138199264418,0.009851324149540142,0.005083307190735304,0.0076369602823846685,0.0,0.0,0.0,0.0008609639668367334,0.0005660191629444968,0.0005341342777404192,
20,Vehicle_9,8936336,40,0.011790387344824219,0.0068319747269294006,0.008241609300676427,0.012700212701159081,0.007290938521774772,0.00897109768466967,0.0,0.0,0.0,0.0008290918241623939,0.000534141934874049,0.0005341393631365276,
20,Vehicle_9,8936336,60,0.009317347980682632,0.004903288993031165,0.0070992288404039565,0.009894241981417189,0.005154380503637119,0.007622199216309268,0.0,0.0,0.0,0.000829057596974051,0.0005341149480918876,0.0005341321227303457,
20,Vehicle_9,8936336,80,0.010508369261297232,0.006017017217939276,0.0074936488281517255,0.011416403037600045,0.006444379626293447,0.008257990402108997,0.0,0.0,0.0,0.0008290855893945578,0.0005341418659457781,0.0005341331972969621,
20,Vehicle_9,8936336,100,0.008715314350611203,0.004408952034898887,0.006817144156687667,0.009818455236447768,0.005044780366995586,0.007642618193043338,0.0,0.0,0.0,0.0008290735734999086,0.0005341281680465352,0.0005341348793015565,
