window_size,vehicle,ride,start,scale,scale x,scale y,offset,offset x,offset y,no scale,no scale x,no scale y,only offset,only offset x,only offset y,
20,Vehicle_9,8936336,0,0.009614669754951531,0.004997806417796322,0.007184616157267211,0.01029663143174845,0.005277099805920568,0.007943753579595855,0.0,0.0,0.0,0.0008928571428571429,0.0005660233083526631,0.000566023308352663,
20,Vehicle_9,8936336,20,0.009196170070507643,0.004341589350767396,0.007358274339469918,0.01013156221942122,0.0051511468265925476,0.007849358716410071,0.0,0.0,0.0,0.0009566326530612244,0.0006297988185567446,0.0005660233083526632,
20,Vehicle_9,8936336,40,0.012228651746240536,0.006863928817657122,0.008676015021012519,0.012832382264857167,0.007326004022094743,0.009068201748047849,0.0,0.0,0.0,0.0008928571428571428,0.0005660233083526632,0.000566023308352663,
20,Vehicle_9,8936336,60,0.009912897804941853,0.005001527828830784,0.007596539828873433,0.010210940007909576,0.005213323351604141,0.007879954394832743,0.0,0.0,0.0,0.0008928571428571428,0.000566023308352663,0.0005660233083526631,
20,Vehicle_9,8936336,80,0.011463124123044068,0.00650916395030648,0.008055339347248038,0.011734821428282277,0.006527906244705662,0.008492882174387744,0.0,0.0,0.0,0.0008928571428571428,0.000566023308352663,0.0005660233083526631,
20,Vehicle_9,8936336,100,0.00921635829931044,0.0044691046931173315,0.007258035447155341,0.010050859959897764,0.005087371316388469,0.007832431967090705,0.0,0.0,0.0,0.0008928571428571428,0.000566023308352663,0.0005660233083526631,
