subdir,file,cluster,size,24all_distances_scaled_to_max_trajs_distances_offset,24all_distances_scaled_to_max_trajs_distances_offset x,24all_distances_scaled_to_max_trajs_distances_offset y,24all_nums_scaled_to_max_trajs_num_intersections_offset
only_rays_heading_size_24_,filenames_in_cluster_test KMeans test nclus 10,1,231,0.0136790328929201,0.0097288636514835,0.0091273421119131,0.029605263157894735
only_rays_heading_size_24_,filenames_in_cluster_test KMeans test nclus 10,7,162,0.015122951164743,0.0099096063411134,0.0094353787272668,0.023026315789473683
only_rays_heading_size_24_,filenames_in_cluster_test KMeans test nclus 10,0,67,0.01502568735297,0.0105521318978885,0.0099372090381151,0.04276315789473684
only_rays_heading_size_24_,filenames_in_cluster_test KMeans test nclus 10,2,28,0.0349843121781757,0.0229897106489048,0.0215794936175099,0.05921052631578947
only_rays_heading_size_24_,filenames_in_cluster_test KMeans test nclus 10,5,28,0.0230302817151219,0.0143961415728241,0.0149612773182293,0.029605263157894735
only_rays_heading_size_24_,filenames_in_cluster_test KMeans test nclus 10,6,46,0.0235598987632763,0.0153588843881475,0.0161445976873476,0.04276315789473684
only_rays_heading_size_24_,filenames_in_cluster_test KMeans test nclus 10,8,33,0.0198154682362088,0.0137788602074338,0.013235746263981,0.05921052631578947
only_rays_heading_size_24_,filenames_in_cluster_test KMeans test nclus 10,3,8,0.0311417999673732,0.0191032556809874,0.0205702452621183,0.07894736842105263
only_rays_heading_size_24_,filenames_in_cluster_test KMeans test nclus 10,9,3,0.0335034210106647,0.0225615700431462,0.0222279135244772,0.08552631578947369
