subdir,file,cluster,size,24all_distances_scaled_to_max_trajs_distances_offset,24all_distances_scaled_to_max_trajs_distances_offset x,24all_distances_scaled_to_max_trajs_distances_offset y,24all_nums_scaled_to_max_trajs_num_intersections_offset
only_rays_heading_size_24_,filenames_in_cluster_test KMeans test nclus 6,1,395,0.0051644416435153995,0.0048145125441533,0.0050301074342132,0.009868421052631578
only_rays_heading_size_24_,filenames_in_cluster_test KMeans test nclus 6,3,77,0.006566039882356002,0.0068078594364715,0.0056484960608505,0.013157894736842105
only_rays_heading_size_24_,filenames_in_cluster_test KMeans test nclus 6,2,69,0.013530951324196901,0.009955166327110798,0.0109090075577052,0.016447368421052627
only_rays_heading_size_24_,filenames_in_cluster_test KMeans test nclus 6,5,37,0.009850874218247499,0.005966314461798801,0.0075041510285983005,0.013157894736842105
only_rays_heading_size_24_,filenames_in_cluster_test KMeans test nclus 6,0,25,0.0203051964270515,0.013391637306406601,0.0127797616408674,0.03289473684210526
only_rays_heading_size_24_,filenames_in_cluster_test KMeans test nclus 6,4,3,0.0023840548350008983,0.002568465590371702,0.002519540636058599,0.013157894736842105
