subdir,file,cluster,size,24all_distances_scaled_to_max_trajs_distances_offset,24all_distances_scaled_to_max_trajs_distances_offset x,24all_distances_scaled_to_max_trajs_distances_offset y,24all_nums_scaled_to_max_trajs_num_intersections_offset
only_rays_heading_size_24_,filenames_in_cluster_test KMeans test nclus 10,1,231,0.0037205233716924996,0.0046337698545234,0.004032248314953001,0.003289473684210526
only_rays_heading_size_24_,filenames_in_cluster_test KMeans test nclus 10,7,162,0.0051623136895514,0.0048145125441533,0.0043402849303067,0.003289473684210526
only_rays_heading_size_24_,filenames_in_cluster_test KMeans test nclus 10,0,67,0.0049783158590065,0.005370232545372801,0.0047553096855994,0.009868421052631582
only_rays_heading_size_24_,filenames_in_cluster_test KMeans test nclus 10,2,28,0.01579258267335,0.011647091466762202,0.01032720056943,0.016447368421052627
only_rays_heading_size_24_,filenames_in_cluster_test KMeans test nclus 10,5,28,0.009317133036105199,0.0064182847830498,0.007156146723947701,0.009868421052631578
only_rays_heading_size_24_,filenames_in_cluster_test KMeans test nclus 10,6,46,0.00929000695788,0.0067509269222759995,0.007636874780962099,0.009868421052631582
only_rays_heading_size_24_,filenames_in_cluster_test KMeans test nclus 10,8,33,0.009551884015252199,0.008423349743806999,0.007880235800354199,0.013157894736842105
only_rays_heading_size_24_,filenames_in_cluster_test KMeans test nclus 10,3,8,0.014892731847359099,0.0069990497233107015,0.0117705132854758,0.016447368421052627
only_rays_heading_size_24_,filenames_in_cluster_test KMeans test nclus 10,9,3,0.0023840548350008983,0.002568465590371702,0.002519540636058599,0.013157894736842105
