subdir,file,cluster,size,24all_distances_scaled_to_max_trajs_distances_offset,24all_distances_scaled_to_max_trajs_distances_offset x,24all_distances_scaled_to_max_trajs_distances_offset y,24all_nums_scaled_to_max_trajs_num_intersections_offset
only_rays_heading_size_24_,filenames_in_cluster_test KMeans test nclus 6,1,395,0.0011135921295187343,0.0013093319941136735,0.0012744338710494931,0.0022371217474590893
only_rays_heading_size_24_,filenames_in_cluster_test KMeans test nclus 6,3,77,0.0018300785502497567,0.001800890611073328,0.0012593475888794698,0.003982864668765094
only_rays_heading_size_24_,filenames_in_cluster_test KMeans test nclus 6,2,69,0.0034931773847911613,0.002337520647997893,0.0024807879166242287,0.0043238605428578296
only_rays_heading_size_24_,filenames_in_cluster_test KMeans test nclus 6,5,37,0.001982327761068197,0.0012299858631568876,0.0016545352141252717,0.003915845580644602
only_rays_heading_size_24_,filenames_in_cluster_test KMeans test nclus 6,0,25,0.005082600626052854,0.003226984296306117,0.003501974111062694,0.007710571223149269
only_rays_heading_size_24_,filenames_in_cluster_test KMeans test nclus 6,4,3,0.001103532381086376,0.0011545349120923214,0.0010841667099170957,0.005591030168413142
