subdir,file,cluster,size,24all_distances_scaled_to_max_trajs_distances_offset,24all_distances_scaled_to_max_trajs_distances_offset x,24all_distances_scaled_to_max_trajs_distances_offset y,24all_nums_scaled_to_max_trajs_num_intersections_offset
only_rays_heading_size_24_,filenames_in_cluster_test KMeans test nclus 9,7,233,0.24623901673377152,0.2878448077955062,0.27738088238410197,0.28636613420793605
only_rays_heading_size_24_,filenames_in_cluster_test KMeans test nclus 9,2,166,0.21185313054814758,0.21752260841785007,0.24602978474699683,0.3576609062360819
only_rays_heading_size_24_,filenames_in_cluster_test KMeans test nclus 9,0,74,0.27402422159095485,0.25883065204473166,0.23414138498377388,0.31489676210083906
only_rays_heading_size_24_,filenames_in_cluster_test KMeans test nclus 9,4,26,0.289534905968945,0.2735195608284302,0.25749327277986894,0.35180571112851905
only_rays_heading_size_24_,filenames_in_cluster_test KMeans test nclus 9,5,34,0.2113605737957937,0.20776409110519778,0.2305207365178585,0.3772917922528207
only_rays_heading_size_24_,filenames_in_cluster_test KMeans test nclus 9,3,56,0.26822629917871516,0.23637766506903646,0.22983779729052306,0.3466207943223969
only_rays_heading_size_24_,filenames_in_cluster_test KMeans test nclus 9,8,10,0.3606664044017192,0.3334689236434085,0.3193121779432334,0.2618614682831908
only_rays_heading_size_24_,filenames_in_cluster_test KMeans test nclus 9,6,3,0.4628804526159148,0.4495037490166415,0.4303033237094734,0.42491829279939886
only_rays_heading_size_24_,filenames_in_cluster_test KMeans test nclus 9,1,4,0.3773857534165306,0.4050512137409302,0.3646792742399984,0.446339276783928
