window_size,vehicle,ride,start,scale,scale x,scale y,offset,offset x,offset y,no scale,no scale x,no scale y,only offset,only offset x,only offset y,
20,Vehicle_9,8936382,0,0.010295149453472275,0.005958352499240194,0.007246341395868926,0.01027825952198908,0.005555316914835483,0.007664688859268088,0.0002724541155814491,0.00017676751082558914,0.00017677103125721098,0.0011284701095504667,0.0007836448639604741,0.0006608840969991481,
20,Vehicle_9,8936382,20,0.009362943564360838,0.004885450467482976,0.0071412032568526455,0.010965720159892906,0.006046146929675233,0.00807106213143118,0.0003563151271112893,0.00019847944966328024,0.00025776840552057254,0.000998261092262984,0.0006593524379101694,0.0006159492989231531,
20,Vehicle_9,8936382,40,0.009338625585268231,0.0050908741121702475,0.006909303773399851,0.010941867233412884,0.006015887876343685,0.008080113318516496,0.0002723973396861161,0.0001767235554585516,0.0001767427334815068,0.0009548878661917212,0.0006159714854796148,0.0006159570252824446,
20,Vehicle_9,8936382,60,0.010867588519804489,0.007712062643133417,0.006120643430802506,0.011501600425823839,0.008153150803236545,0.006620405171802036,0.00027244989940918,0.00017676832521529542,0.00017676495916712777,0.0011284657067958833,0.0006608831498492624,0.000783641408355778,
20,Vehicle_9,8936382,80,0.020805291016120442,0.013655148322721715,0.013037267244179364,0.020252405005938896,0.013161768478210208,0.012826045846739173,0.00035631361215639554,0.00025776612307759134,0.00019847974646623005,0.001692711777216096,0.0012367214166854417,0.000975236442710001,
20,Vehicle_9,8936382,100,0.008680993061860398,0.004531955409528319,0.006668263367255694,0.009773145122365545,0.005064310285381129,0.007569574141200934,0.0,0.0,0.0,0.0009548730906204776,0.0006159650745151729,0.0006159486606756424,
20,Vehicle_9,8936382,120,0.01584427625506795,0.009329270532245195,0.010977632571541761,0.016979231122738102,0.00992614461437688,0.01196458432089614,0.0005658461033110486,0.000346645215321395,0.0004059261151976122,0.0012152875254340303,0.0008501662078631184,0.0007252171426065685,
