window_size,vehicle,ride,start,scale,scale x,scale y,offset,offset x,offset y,no scale,no scale x,no scale y,only offset,only offset x,only offset y,
20,Vehicle_15,8801123,0,0.012366309942524406,0.008530599329111606,0.0070033298942091,0.012888330031256817,0.009055277606891057,0.0074120943724877725,0.0007335791610945648,0.0004493620506306631,0.0005086447260215055,0.0011284722222222221,0.0006818205866169853,0.0007432013835949841,
20,Vehicle_15,8801123,20,0.012443203244452248,0.007561826841996028,0.007990843586049493,0.012652998481298063,0.007797824080713433,0.008059411103725,0.0003772263068547487,0.0002508527603574728,0.0002508527603574728,0.0010416666666666667,0.0006593536556185027,0.0006593536556185027,
20,Vehicle_15,8801123,40,0.00939843786781991,0.004765305515924877,0.007095870405864002,0.010662988723849014,0.005662720360437593,0.007968862129182294,0.00025151585946552767,0.00018365636733978986,0.00012438639161426276,0.0011284722222222221,0.0007461592111740581,0.0006593536556185028,
20,Vehicle_15,8801123,60,0.009946325213541708,0.007617157541872751,0.004974208443528902,0.011615795219725483,0.008411588011047097,0.00630973528875546,0.00027247903070873986,0.00017678525108381012,0.0001767852510838101,0.0010416666666666669,0.0006593536556185027,0.0006593536556185025,
20,Vehicle_15,8801123,80,0.014020322568719159,0.008624605178460172,0.009061213525215855,0.014293451509896625,0.008690416334921298,0.00941677376286149,0.00046107158481795856,0.0002725539430413076,0.0003318411648084541,0.0010416666666666667,0.0006593536556185025,0.0006593536556185025,
20,Vehicle_15,8801123,100,0.01016299932016899,0.005199219314478947,0.0077301240540703494,0.010696043875137128,0.005796651453715038,0.0078101021672600645,0.00016765596132953776,0.00010265392594026673,0.00010268185285631122,0.0010416666666666664,0.0006593536556185026,0.0006593536556185027,
20,Vehicle_15,8801123,120,0.012278666161273526,0.007975022378910368,0.007390208974958118,0.012052459935464837,0.007763944896772588,0.0072855492974621934,0.0002724790307087398,0.0001767852510838101,0.00017678525108381004,0.0010416666666666664,0.0006593536556185028,0.0006593536556185026,
