subdir,file,cluster,size,20all_distances_scaled_to_max_trajs_distances_offset,20all_distances_scaled_to_max_trajs_distances_offset x,20all_distances_scaled_to_max_trajs_distances_offset y,20all_nums_scaled_to_max_trajs_num_intersections_offset
only_rays_heading_size_20_,filenames_in_cluster_train KMeans test nclus 7,1,325,0.0053138052515233,0.0048599169169662,0.0049123863017704,0.003289473684210526
only_rays_heading_size_20_,filenames_in_cluster_train KMeans test nclus 7,5,247,0.007655134937426601,0.005718199088903201,0.0067174237742516005,0.003289473684210526
only_rays_heading_size_20_,filenames_in_cluster_train KMeans test nclus 7,0,85,0.0173196946278412,0.011660673414074,0.011014518914050898,0.016447368421052634
only_rays_heading_size_20_,filenames_in_cluster_train KMeans test nclus 7,6,58,0.0102806472522727,0.009038954038178601,0.007868375081136601,0.016447368421052634
only_rays_heading_size_20_,filenames_in_cluster_train KMeans test nclus 7,3,98,0.006127290557061002,0.006049225868968399,0.0057364650416035,0.013157894736842105
only_rays_heading_size_20_,filenames_in_cluster_train KMeans test nclus 7,2,36,0.0223218562037512,0.01282024067912,0.0165739913485295,0.02302631578947368
only_rays_heading_size_20_,filenames_in_cluster_train KMeans test nclus 7,4,11,0.023392521950998696,0.0123977234339793,0.017169701952395602,0.03618421052631578
