subdir,file,cluster,size,20all_distances_scaled_to_max_trajs_distances_offset,20all_distances_scaled_to_max_trajs_distances_offset x,20all_distances_scaled_to_max_trajs_distances_offset y,20all_nums_scaled_to_max_trajs_num_intersections_offset
only_rays_heading_size_20_,filenames_in_cluster_test KMeans test nclus 9,0,233,0.0010281474762419288,0.0013336257639233406,0.0011917223134509148,0.0009214574696228098
only_rays_heading_size_20_,filenames_in_cluster_test KMeans test nclus 9,6,169,0.0014596830262296274,0.0011208608234874369,0.0014228505343625508,0.00116786047960137
only_rays_heading_size_20_,filenames_in_cluster_test KMeans test nclus 9,8,70,0.0014804951735649594,0.0015938171626782944,0.0011229368305200693,0.004092394935540836
only_rays_heading_size_20_,filenames_in_cluster_test KMeans test nclus 9,3,17,0.003750819617368994,0.0027171114030996495,0.0025158893339490384,0.004660059821514045
only_rays_heading_size_20_,filenames_in_cluster_test KMeans test nclus 9,5,28,0.0020585462602923247,0.001414672338905163,0.001678846460697629,0.003329094763934388
only_rays_heading_size_20_,filenames_in_cluster_test KMeans test nclus 9,2,54,0.002565150859375687,0.0019176945925749186,0.001788919421007642,0.0035483347658895456
only_rays_heading_size_20_,filenames_in_cluster_test KMeans test nclus 9,7,23,0.002718363968435306,0.0021047783092187225,0.0018847890619410191,0.0034915776932876717
only_rays_heading_size_20_,filenames_in_cluster_test KMeans test nclus 9,1,10,0.004928293864266924,0.002585071611470164,0.0037551865722959816,0.006587165919243679
only_rays_heading_size_20_,filenames_in_cluster_test KMeans test nclus 9,4,2,0.00018200826717125126,0.00119456626225865,0.0008925574140445005,0.004934210526315791
