subdir,file,cluster,size,20all_distances_scaled_to_max_trajs_distances_offset,20all_distances_scaled_to_max_trajs_distances_offset x,20all_distances_scaled_to_max_trajs_distances_offset y,20all_nums_scaled_to_max_trajs_num_intersections_offset
only_rays_heading_size_20_,filenames_in_cluster_train KMeans test nclus 8,7,319,0.009903592130696,0.0051079322736326,0.0051079322736326,0.02631578947368421
only_rays_heading_size_20_,filenames_in_cluster_train KMeans test nclus 8,0,234,0.0098516727574184,0.0050802407516688,0.0051079322736326,0.019736842105263157
only_rays_heading_size_20_,filenames_in_cluster_train KMeans test nclus 8,1,73,0.0142409921827729,0.0086282932614143,0.0087666641555018,0.03289473684210526
only_rays_heading_size_20_,filenames_in_cluster_train KMeans test nclus 8,5,50,0.0139919998626241,0.0083792504006471,0.00843955805395,0.019736842105263157
only_rays_heading_size_20_,filenames_in_cluster_train KMeans test nclus 8,3,83,0.0100095299808547,0.0052329322736326,0.0052329322736326,0.03289473684210526
only_rays_heading_size_20_,filenames_in_cluster_train KMeans test nclus 8,4,56,0.0104574842250718,0.0056079322736326,0.0071472050030448,0.04276315789473684
only_rays_heading_size_20_,filenames_in_cluster_train KMeans test nclus 8,6,34,0.0133330138701355,0.0086362465640774,0.0074235771257543,0.05592105263157895
only_rays_heading_size_20_,filenames_in_cluster_train KMeans test nclus 8,2,11,0.0228629184267084,0.0160848793553424,0.0131749259603536,0.06907894736842106
