window_size,vehicle,ride,start,scale,scale x,scale y,offset,offset x,offset y,no scale,no scale x,no scale y,only offset,only offset x,only offset y,
20,Vehicle_17,9492910,0,0.008601696636915322,0.004099529065703928,0.006871936410368708,0.010338930068175838,0.0054829322736326775,0.007703142036670366,0.0,0.0,0.0,0.001625,0.0011642189393343805,0.0007892189393343807,
20,Vehicle_17,9492910,20,0.01217611975064652,0.006665230049526583,0.00884138515052425,0.014023536974865955,0.00798107828456293,0.009998587335020018,0.0,0.0,0.0,0.0013750000000000004,0.0009081010038712744,0.000827846063631249,
20,Vehicle_17,9492910,40,0.010493570866524993,0.005666001779884435,0.007614921841670232,0.010309520835027433,0.005345282215499069,0.007846969965340551,0.0,0.0,0.0,0.0012500000000000002,0.0007892189393343805,0.0007892189393343805,
