window_size,vehicle,ride,start,scale,scale x,scale y,offset,offset x,offset y,no scale,no scale x,no scale y,only offset,only offset x,only offset y,
20,Vehicle_17,9492910,0,0.007987153872752801,0.004033916087895067,0.006323006624004997,0.009823317786633146,0.005172245918318794,0.007498216110447002,0.0,0.0,0.0,0.0012499805663690447,0.0008516961682034259,0.0007267222768343791,
20,Vehicle_17,9492910,20,0.011385384922669441,0.0063985602162623485,0.00831732015582237,0.013591406790300594,0.007779048778019247,0.00976848665699772,0.0,0.0,0.0,0.0012500288971772566,0.0008456224048369405,0.000765353559842839,
20,Vehicle_17,9492910,40,0.009629755014092035,0.0054608867150621665,0.006956221054065254,0.009948121449275371,0.005345282215500066,0.007485570579579265,0.0,0.0,0.0,0.0011250558319963885,0.0007267788249631231,0.0007267148857020258,
