window_size,vehicle,ride,start,scale,scale x,scale y,offset,offset x,offset y,no scale,no scale x,no scale y,only offset,only offset x,only offset y,
20,Vehicle_4,9477474,0,0.009039316718538831,0.00464067704777561,0.006989877022310996,0.009920347106971409,0.005158811563904007,0.007643873281598279,0.0,0.0,0.0,0.0008608056859257036,0.0005658649516093603,0.0005341302081645267,
20,Vehicle_4,9477474,20,0.008900885458040499,0.004559831365793668,0.006877617227196527,0.009941203466052546,0.005094134022200318,0.007747905637217475,0.0,0.0,0.0,0.0008290627404702144,0.0005341202035368557,0.0005341320107815416,
20,Vehicle_4,9477474,40,0.010712368699128245,0.006089508980131781,0.0076270008572592194,0.010473834264540367,0.005703299271965437,0.007733034608646657,0.0,0.0,0.0,0.0008290803702854491,0.0005341322902244692,0.0005341375539091623,
20,Vehicle_4,9477474,60,0.00983409586294527,0.005348787861943551,0.007227539190991914,0.01042949200892152,0.005740749714824438,0.007654004302082872,0.0,0.0,0.0,0.0008290532057397918,0.0005341159764967908,0.0005341267030911833,
20,Vehicle_4,9477474,80,0.00854147307622698,0.004279311046218708,0.006728815563696864,0.009814766745624814,0.00504791590568368,0.007635794163522713,0.0,0.0,0.0,0.0008290479811835127,0.0005341054218730679,0.0005341320331586276,
20,Vehicle_4,9477474,100,0.01599323260057541,0.009221176028420403,0.011362681153550675,0.01746554272464371,0.010355210886537732,0.012098470040428674,0.0,0.0,0.0,0.0010204234661989754,0.0007065450369054154,0.0006171340907093406,
20,Vehicle_4,9477474,120,0.019387910823547832,0.012367148646004224,0.012484452302381871,0.019293953195411963,0.01229653255826461,0.01247135342253189,0.0,0.0,0.0,0.0011160591068775177,0.0007977021499117499,0.0006299362001776664,
20,Vehicle_4,9477474,140,0.015240724976578203,0.00985512189727142,0.009264758652522747,0.015069433063035539,0.009765476705996867,0.009135905921808988,0.0,0.0,0.0,0.0009566332437656944,0.0006338573029176699,0.0006136645581052331,
