window_size,vehicle,ride,start,scale,scale x,scale y,offset,offset x,offset y,no scale,no scale x,no scale y,only offset,only offset x,only offset y,
20,Vehicle_11,8686342,0,0.008960130990991704,0.007015538647905067,0.004429478796612903,0.010007416845968321,0.007697901509464034,0.005131668431462535,0.0002357594515931568,0.00016670710695034278,0.00016670710695034275,0.0015625,0.0009819022445558298,0.0009819022445558298,
20,Vehicle_11,8686342,20,0.012372735859487932,0.007503847046305816,0.0081891329507889,0.013510440695961046,0.00814853078679446,0.009100658032738846,0.0004713603028481478,0.00033330206652607003,0.00033330206652607,0.0017578125,0.0011623474657494405,0.0010566451024396364,
20,Vehicle_11,8686342,40,0.015801705123992822,0.00869441699030022,0.011425445892808885,0.016877563512474096,0.009508408865891814,0.01209714238604447,0.00023559213192184716,0.00016658879407613385,0.00016658879407613383,0.001953125,0.0011947518956401336,0.0013004542589499378,
20,Vehicle_11,8686342,60,0.010732672509529143,0.005933430013659544,0.007516548244783969,0.010967614859268983,0.006124321263854289,0.00769790037794436,0.0,0.0,0.0,0.0015625,0.0009819022445558298,0.0009819022445558298,
