subdir,file,cluster,size,32all_distances_scaled_to_max_trajs_distances_offset,32all_distances_scaled_to_max_trajs_distances_offset x,32all_distances_scaled_to_max_trajs_distances_offset y,32all_nums_scaled_to_max_trajs_num_intersections_offset
only_rays_acceler_size_32_,filenames_in_cluster_test KMeans test nclus 7,1,256,0.0145696610070301,0.0100621726346485,0.009582814438557,0.03289473684210526
only_rays_acceler_size_32_,filenames_in_cluster_test KMeans test nclus 7,4,172,0.0172315266493255,0.010902730189349,0.0113308668005119,0.023026315789473683
only_rays_acceler_size_32_,filenames_in_cluster_test KMeans test nclus 7,3,45,0.03264324060212,0.0215434347092502,0.0199483181495316,0.05263157894736842
only_rays_acceler_size_32_,filenames_in_cluster_test KMeans test nclus 7,6,40,0.0222128155259179,0.013813948530202,0.0147755253927003,0.03618421052631579
only_rays_acceler_size_32_,filenames_in_cluster_test KMeans test nclus 7,0,66,0.0170187423746438,0.0116609275841222,0.0128235068300733,0.049342105263157895
only_rays_acceler_size_32_,filenames_in_cluster_test KMeans test nclus 7,2,24,0.0344027014081961,0.0226839787962711,0.0210810657198766,0.07894736842105263
only_rays_acceler_size_32_,filenames_in_cluster_test KMeans test nclus 7,5,3,0.0337790515341262,0.0224013479440434,0.0226908990701427,0.08552631578947369
