subdir,file,cluster,size,32all_distances_scaled_to_max_trajs_distances_offset,32all_distances_scaled_to_max_trajs_distances_offset x,32all_distances_scaled_to_max_trajs_distances_offset y,32all_nums_scaled_to_max_trajs_num_intersections_offset
only_rays_acceler_size_32_,filenames_in_cluster_test KMeans test nclus 10,4,231,0.0100254152251593,0.0050823666464754,0.0050823666464754,0.02631578947368421
only_rays_acceler_size_32_,filenames_in_cluster_test KMeans test nclus 10,7,161,0.0100061428303285,0.0050823666464754,0.0050823666464754,0.019736842105263157
only_rays_acceler_size_32_,filenames_in_cluster_test KMeans test nclus 10,6,70,0.0100774445896436,0.0051311947714754,0.0051311947714754,0.03289473684210526
only_rays_acceler_size_32_,filenames_in_cluster_test KMeans test nclus 10,8,28,0.0190146739903777,0.0111837784138971,0.0111195103323165,0.04276315789473684
only_rays_acceler_size_32_,filenames_in_cluster_test KMeans test nclus 10,0,29,0.0137174144727475,0.0080461678074647,0.0078278342997872,0.019736842105263157
only_rays_acceler_size_32_,filenames_in_cluster_test KMeans test nclus 10,3,43,0.0146426478217433,0.0088599368713281,0.0085491928081125,0.03289473684210526
only_rays_acceler_size_32_,filenames_in_cluster_test KMeans test nclus 10,1,33,0.0101989092281641,0.0052288510214754,0.0052288510214754,0.046052631578947366
only_rays_acceler_size_32_,filenames_in_cluster_test KMeans test nclus 10,2,8,0.0166178456286953,0.0123664079070534,0.009019105465332,0.0625
only_rays_acceler_size_32_,filenames_in_cluster_test KMeans test nclus 10,5,3,0.0309871237870889,0.0198346015381316,0.0196731755289043,0.07236842105263158
