subdir,file,cluster,size,32all_distances_scaled_to_max_trajs_distances_offset,32all_distances_scaled_to_max_trajs_distances_offset x,32all_distances_scaled_to_max_trajs_distances_offset y,32all_nums_scaled_to_max_trajs_num_intersections_offset
only_rays_acceler_size_32_,filenames_in_cluster_train KMeans test nclus 8,7,315,0.0035267278307890004,0.0045124022274236,0.0044844553819624,0.003289473684210526
only_rays_acceler_size_32_,filenames_in_cluster_train KMeans test nclus 8,6,243,0.007250782394906199,0.005955039872723501,0.0063245554878261995,0.003289473684210526
only_rays_acceler_size_32_,filenames_in_cluster_train KMeans test nclus 8,4,74,0.013132963031868198,0.008297923852648801,0.0088326921215692,0.009868421052631575
only_rays_acceler_size_32_,filenames_in_cluster_train KMeans test nclus 8,2,58,0.010679713520427098,0.0101261925231842,0.0052925454466618005,0.013157894736842105
only_rays_acceler_size_32_,filenames_in_cluster_train KMeans test nclus 8,0,83,0.0052429940765184,0.005227951156248601,0.005119631215622301,0.013157894736842105
only_rays_acceler_size_32_,filenames_in_cluster_train KMeans test nclus 8,1,53,0.0179332506008736,0.012422010501847899,0.011895457523824,0.013157894736842105
only_rays_acceler_size_32_,filenames_in_cluster_train KMeans test nclus 8,5,24,0.022153199243481903,0.0141254754361732,0.0150626496616135,0.026315789473684216
only_rays_acceler_size_32_,filenames_in_cluster_train KMeans test nclus 8,3,10,0.017575438694071705,0.0103742795997948,0.0118051420570464,0.03618421052631578
