window_size,vehicle,ride,start,scale,scale x,scale y,offset,offset x,offset y,no scale,no scale x,no scale y,only offset,only offset x,only offset y,
20,Vehicle_6,9476572,0,0.008383817785084772,0.004532780638922683,0.006232317939308813,0.009311763939508408,0.004949416529127655,0.0071306695649818765,0.0006707291421589934,0.00041072467218956633,0.00041074740476254465,0.0017360809893388145,0.0011222130929058624,0.0011222365128002293,
20,Vehicle_6,9476572,20,0.008084031208822028,0.004202863812472368,0.006277031663421492,0.009586445550375218,0.005086122333764858,0.007268645371208786,0.0006707647576578756,0.0004107547483343706,0.00041076094851733274,0.0017361479013888934,0.0011222818449891975,0.0011222346727669727,
20,Vehicle_6,9476572,40,0.008799602616441573,0.00489863150655475,0.006625113799985319,0.009168720720257695,0.00487849614651613,0.007058546728338173,0.0006707771059729248,0.0004107645664176355,0.0004107662539695991,0.0017360116333333428,0.0011221518949892022,0.0011222283547114187,
