window_size,vehicle,ride,start,offset,offset x,offset y,scale,scale x,scale y,no scale,no scale x,no scale y,only offset,only offset x,only offset y,
20,Vehicle_12,8478762,0,0.012397656583954836,0.007596419500475465,0.007902135802469247,0.012315272106992325,0.00754828214852588,0.007824566176085169,7.453131375687253e-05,4.56409221409035e-05,4.56409221409035e-05,0.0006944444444444445,0.0004409742400756692,0.00044097424007566915,
20,Vehicle_12,8478762,20,0.012442121896706022,0.007924592138976335,0.007643264601350747,0.012290584770697496,0.007856113305156426,0.007500525382717409,7.453131375687253e-05,4.56409221409035e-05,4.56409221409035e-05,0.0006944444444444445,0.00044097424007566915,0.00044097424007566894,
20,Vehicle_12,8478762,40,0.012329712407637038,0.008280611148443306,0.007354637901934639,0.011126379031645008,0.007408055666629838,0.006488690709667779,0.00011178565082381939,5.528305408649814e-05,8.162584845514561e-05,0.0008487654320987653,0.00046756824079555837,0.0005917963128692772,
20,Vehicle_12,8478762,60,0.01151324526850511,0.006641940618388054,0.0079452180362189,0.011191837316994378,0.006384219471302187,0.007701104539109824,7.453131375687252e-05,4.564092214090349e-05,4.56409221409035e-05,0.0006944444444444443,0.00044097424007566915,0.00044097424007566915,
