window_size,vehicle,ride,start,offset,offset x,offset y,scale,scale x,scale y,no scale,no scale x,no scale y,only offset,only offset x,only offset y,
20,Vehicle_12,8478762,0,0.01234282525846164,0.007578706826150628,0.007865017151300913,0.012313239329068002,0.007541100071998479,0.007838090739950744,0.000332365579300127,0.00018572786475525103,0.0001961249397060805,0.0006944444444444445,0.00044097424007566915,0.00044097424007566904,
20,Vehicle_12,8478762,20,0.01251204863000512,0.00799451887227546,0.007643264601350746,0.012356039808329031,0.007901053264986727,0.007521040460518618,0.00044299045246808675,0.0002914940202067145,0.00022207518577151066,0.0006944444444444445,0.0004409742400756691,0.00044097424007566915,
20,Vehicle_12,8478762,40,0.012353492941091072,0.00830439168189736,0.007354637901934641,0.0111867250169311,0.0074400069310922535,0.0065254606957539365,0.0006322408073001367,0.000466400345604261,0.00030315949857607425,0.0008487654320987654,0.0004675682407955582,0.0005917963128692774,
20,Vehicle_12,8478762,60,0.011494590246455529,0.0066419406183880455,0.007926563014169321,0.01124029004354874,0.006393864533030585,0.0077482874691982544,0.001666938205279524,0.0007614630115642327,0.0012518283895542796,0.0022815241817897053,0.0013117325310457667,0.0015842106111819865,
