window_size,vehicle,ride,start,offset,offset x,offset y,scale,scale x,scale y,no scale,no scale x,no scale y,only offset,only offset x,only offset y,
20,Vehicle_2,9574020,0,0.013863299007035841,0.00951099714826046,0.008076054133515129,0.013959988752900894,0.009510251960725266,0.00819243347170567,0.0002635493340804861,0.00020103197373193282,0.00011063298532392486,0.0007330246913580247,0.00046577314477036583,0.00047052842383797536,
20,Vehicle_2,9574020,20,0.011173499962508333,0.008029042754134413,0.006207125379379465,0.010127471871059128,0.00747986669914435,0.005343097260931615,0.0004542849808889588,0.0003672778329518482,0.00017797074030622163,0.0006944444444444446,0.00044097424007566915,0.0004409742400756693,
20,Vehicle_2,9574020,40,0.012166108286640573,0.007969151785836397,0.007301683910838837,0.012188953634652526,0.008007644357806605,0.007288504609493303,0.00047936371310668716,0.0003186377812929292,0.00023777864240082973,0.0006944444444444445,0.0004409742400756692,0.0004409742400756691,
20,Vehicle_2,9574020,60,0.01813341877831551,0.0110478416236855,0.011997930569551793,0.017419296995736626,0.010527338232122464,0.011552656975596596,0.00042587980037193566,0.000282445829065757,0.00022216815131998705,0.0009645061728395061,0.0006910155438758102,0.0005248524905259676,
20,Vehicle_2,9574020,80,0.012825280058038046,0.007240077865020815,0.009087147765280908,0.012149208514979914,0.006694393506204819,0.008707672302643061,0.0005456636347498917,0.00026025286958996323,0.0003870935795328725,0.0007330246913580247,0.0004772278134084588,0.00045416946165459154,
20,Vehicle_2,9574020,100,0.01059507861201134,0.007888291503929994,0.005680552617238912,0.010117573076829492,0.007656638058109064,0.005179099674891259,0.0005650588488378494,0.0004362375151696625,0.0002466405994848186,0.0007716049382716049,0.00046736468323351393,0.0005134813867412485,
20,Vehicle_2,9574020,120,0.012181172248449544,0.008513379545870163,0.007060331775342207,0.012013773259303048,0.008365539520908225,0.006899036612777707,0.0003659821117043497,0.00023426774335048455,0.00020258990839191186,0.0007330246913580245,0.0004476736296461525,0.0004789683663492883,
20,Vehicle_2,9574020,140,0.018547080084945333,0.011736024537493889,0.011926140949822302,0.018311278008429514,0.011672577731197564,0.011661904442373201,0.00019178441535947876,0.00010912971645342376,0.00011252287289946537,0.0008873456790123457,0.0005055623670691773,0.000619023823050793,
