subdir,file,cluster,size,all_feats_scaled_to_max_max_x,all_feats_scaled_to_max_max_y,all_feats_scaled_to_max_surf_trapz_x,all_feats_scaled_to_max_surf_trapz_y,all_feats_scaled_to_max_surf_simpson_x,all_feats_scaled_to_max_surf_simpson_y,all_feats_scaled_to_max_duration,all_feats_scaled_to_max_len,all_feats_scaled_to_max_offset,all_feats_scaled_to_max_mean_speed_len,all_feats_scaled_to_max_mean_speed_offset,all_feats_scaled_to_max_len_vs_offset,all_feats_scaled_to_max_total_surf,all_feats_scaled_to_max_monotonous
no_rays_no_same_no_xy,filenames_in_cluster_test KMeans test nclus 4,0,311,0.16055664160711214,0.2349845588860936,0.17713568244865624,0.17413397795404303,0.17632795038145596,0.17370191271462998,0.17931868188279762,0.15902430770242434,0.18135721111271058,0.15653524035971844,0.18578279709843637,0.2155739588993159,0.10467514572657495,0.2835867843490703
no_rays_no_same_no_xy,filenames_in_cluster_test KMeans test nclus 4,2,97,0.15633876887986686,0.19766931757974943,0.17007518654244208,0.16787554497805834,0.1713677915398923,0.1677438936858279,0.17280398032058983,0.1709198533018559,0.15988826539837497,0.1690637443852426,0.15794373127634426,0.11241282570694537,0.14402543609659652,0.38018740030073767
no_rays_no_same_no_xy,filenames_in_cluster_test KMeans test nclus 4,3,172,0.1472041474820793,0.21899951224290623,0.15998304781988973,0.24597001355899747,0.1696329906819805,0.15186220018424965,0.19020245914840533,0.21340402645995424,0.21266871980846935,0.2231348990580373,0.2217577761987043,0.09746760987024417,0.15603587566221225,0.37085448749932026
no_rays_no_same_no_xy,filenames_in_cluster_test KMeans test nclus 4,1,26,0.2546313166969256,0.30451593150857936,0.31443507722537845,0.24501560440039086,0.31479971609498286,0.2452458546123885,0.25753414347551423,0.32122717138712215,0.2694187600202168,0.32160608651229033,0.2671663163627732,0.19051547470636657,0.2820688548353134,nan
