subdir,file,cluster,size,all_feats_scaled_to_max_max_x,all_feats_scaled_to_max_max_y,all_feats_scaled_to_max_surf_trapz_x,all_feats_scaled_to_max_surf_trapz_y,all_feats_scaled_to_max_surf_simpson_x,all_feats_scaled_to_max_surf_simpson_y,all_feats_scaled_to_max_duration,all_feats_scaled_to_max_len,all_feats_scaled_to_max_offset,all_feats_scaled_to_max_mean_speed_len,all_feats_scaled_to_max_mean_speed_offset,all_feats_scaled_to_max_len_vs_offset,all_feats_scaled_to_max_total_surf,all_feats_scaled_to_max_monotonous
no_rays_no_same_no_xy,filenames_in_cluster_test KMeans test nclus 2,1,413,0.09298905569008593,0.04955317191283927,0.9020938677299365,0.4370911794781457,0.9022940459316419,0.4372327301888708,19.237443094392088,0.1335746730226474,0.10634965927567612,0.006950812850570435,0.005528949485329742,2.4038651953894385,0.001341378738014444,0.8111380145278451
no_rays_no_same_no_xy,filenames_in_cluster_test KMeans test nclus 2,0,193,0.0701944041450787,0.2503383419688685,0.7076522512567127,2.4881620003690186,0.7222710549033515,2.5189538098731177,19.377398952918966,0.2800323669877704,0.2594602693607667,0.014485017428136977,0.013424961611092853,1.1075511394527204,0.0034967916559530882,1.4248704663212435
