subdir,file,cluster,size,all_feats_scaled_to_max_max_x,all_feats_scaled_to_max_max_y,all_feats_scaled_to_max_surf_trapz_x,all_feats_scaled_to_max_surf_trapz_y,all_feats_scaled_to_max_surf_simpson_x,all_feats_scaled_to_max_surf_simpson_y,all_feats_scaled_to_max_duration,all_feats_scaled_to_max_len,all_feats_scaled_to_max_offset,all_feats_scaled_to_max_mean_speed_len,all_feats_scaled_to_max_mean_speed_offset,all_feats_scaled_to_max_len_vs_offset,all_feats_scaled_to_max_total_surf,all_feats_scaled_to_max_monotonous
no_rays_no_same_no_xy,filenames_in_cluster_test KMeans test nclus 4,0,311,0.2729999999985466,0.2140000000004249,2.1739536167995044,2.467845357130954,2.1825325275799465,2.4753779217331657,21.213000059127808,0.4480839009721092,0.2748690597343031,0.023830447354595,0.0139433205767427,3.63599493672949,0.0193498599999566,3.0
no_rays_no_same_no_xy,filenames_in_cluster_test KMeans test nclus 4,2,97,0.6429999999994607,0.2526799999998275,6.072385918047109,2.984636420792819,6.049576639160247,2.9859744310656704,21.984999895095825,0.6454847822991817,0.6451527536942803,0.033903292249341,0.0338858528562898,3.9373328585941736,0.0286269188000469,3.0
no_rays_no_same_no_xy,filenames_in_cluster_test KMeans test nclus 4,3,172,0.3256800000002613,0.5146600000003332,3.219982643740175,4.926373281712388,3.2211126153441394,7.703080611874674,22.003000020980835,0.545211948394924,0.5426080191078031,0.0275699322586345,0.0275009291865166,3.515512173927203,0.0207858967995471,3.0
no_rays_no_same_no_xy,filenames_in_cluster_test KMeans test nclus 4,1,26,0.0679999999988467,0.1576599999999928,0.4702119807163679,1.8934399984477204,0.4700631897922577,1.89602334335587,21.198999881744385,0.2921826546787054,0.0660647833565417,0.0152178465600553,0.0035125894857695,301.3439792569202,0.0038554831999595,0.0
