subdir,file,cluster,size,all_feats_scaled_to_max_max_x,all_feats_scaled_to_max_max_y,all_feats_scaled_to_max_surf_trapz_x,all_feats_scaled_to_max_surf_trapz_y,all_feats_scaled_to_max_surf_simpson_x,all_feats_scaled_to_max_surf_simpson_y,all_feats_scaled_to_max_duration,all_feats_scaled_to_max_len,all_feats_scaled_to_max_offset,all_feats_scaled_to_max_mean_speed_len,all_feats_scaled_to_max_mean_speed_offset,all_feats_scaled_to_max_len_vs_offset,all_feats_scaled_to_max_total_surf,all_feats_scaled_to_max_monotonous
no_rays_no_same_no_xy,filenames_in_cluster_test DBSCAN test nclus 8,0,599,0.07829989787768764,0.11384991812069155,0.8114435804792887,1.1456844080281483,0.8158979133553185,1.1768202876250593,0.5776041405204068,0.11578483172994504,0.11298360402676817,0.006012030795597771,0.0058599335169212015,0.8524781636480345,0.0029874216967705463,1.0503183368784637
no_rays_no_same_no_xy,filenames_in_cluster_test DBSCAN test nclus 8,-1,7,0.013309939205104293,0.0463983961721894,0.1356274343923141,0.49550927853161586,0.1352713948236136,0.4974072202456164,0.6061015141171808,0.0932123649603766,0.010725065263695061,0.004898375722504565,0.0005617138656171833,101.0101280847612,0.0013144287200693794,0.0
