subdir,file,cluster,size,all_feats_scaled_to_max_max_x,all_feats_scaled_to_max_max_y,all_feats_scaled_to_max_surf_trapz_x,all_feats_scaled_to_max_surf_trapz_y,all_feats_scaled_to_max_surf_simpson_x,all_feats_scaled_to_max_surf_simpson_y,all_feats_scaled_to_max_duration,all_feats_scaled_to_max_len,all_feats_scaled_to_max_offset,all_feats_scaled_to_max_mean_speed_len,all_feats_scaled_to_max_mean_speed_offset,all_feats_scaled_to_max_len_vs_offset,all_feats_scaled_to_max_total_surf,all_feats_scaled_to_max_monotonous
no_rays_no_same_no_xy,filenames_in_cluster_train KMeans test nclus 5,4,393,0.029108072341488878,0.047633588753696145,0.031447806038184464,0.024758771037096953,0.0057776511210472625,0.01542578719375419,0.02128328781609806,0.02604658104633548,0.029432294792332826,0.025442342215361187,0.031360866216959646,0.031028586901523172,0.0073119601293697364,0.08156737822841198
no_rays_no_same_no_xy,filenames_in_cluster_train KMeans test nclus 5,1,118,0.03716796317416892,0.06988992407857272,0.04611799628077982,0.07252967955059234,0.04590252641231192,0.07217625866350946,0.02398408793092803,0.04661717531881263,0.039175471219518164,0.0483790372934208,0.040517439137244815,0.01440526060640783,0.03784350198924316,0.10868524370391654
no_rays_no_same_no_xy,filenames_in_cluster_train KMeans test nclus 5,0,111,0.04402430465665214,0.04546633043509098,0.04162585257329962,0.03768014149083148,0.04163438089639236,0.037771822447733056,0.02404637183638221,0.04731581799326881,0.04103265903611459,0.04392513635402583,0.0438228875947478,0.011126949346272104,0.0219015263543652,0.12609005401798193
no_rays_no_same_no_xy,filenames_in_cluster_train KMeans test nclus 5,3,197,0.032235616798853485,0.04439238956648302,0.04399440096199682,0.05872625160573704,0.043611641414296576,0.05871499786960111,0.032654678243139286,0.03761803141178269,0.040080098520715486,0.03996457044728083,0.04542328051691301,0.017683280572899127,0.016741917671260202,0.15133946593144199
no_rays_no_same_no_xy,filenames_in_cluster_train KMeans test nclus 5,2,41,0.061065744127309717,0.06552221560114188,0.0906548984624488,0.04032421359828406,0.09002280520883232,0.037576651743066916,0.03760331199614391,0.06958286210416376,0.07170487519365912,0.08415256500107585,0.0667454786484305,0.027839524519706494,0.08710844599550313,nan
