subdir,file,cluster,size,all_feats_scaled_to_max_max_x,all_feats_scaled_to_max_max_y,all_feats_scaled_to_max_surf_trapz_x,all_feats_scaled_to_max_surf_trapz_y,all_feats_scaled_to_max_surf_simpson_x,all_feats_scaled_to_max_surf_simpson_y,all_feats_scaled_to_max_duration,all_feats_scaled_to_max_len,all_feats_scaled_to_max_offset,all_feats_scaled_to_max_mean_speed_len,all_feats_scaled_to_max_mean_speed_offset,all_feats_scaled_to_max_len_vs_offset,all_feats_scaled_to_max_total_surf,all_feats_scaled_to_max_monotonous
no_rays_no_same_no_xy,filenames_in_cluster_train DBSCAN test nclus 10,0,856,0.08106621495328595,0.1031932710280302,0.7830379439210908,0.9950125262371831,0.7753803647063413,0.9924370562780078,19.291295558214188,0.16235831096359485,0.14292401642815514,0.00840817005521478,0.007404353095783916,1.4487532911246104,0.0017312257443942564,1.105140186915888
no_rays_no_same_no_xy,filenames_in_cluster_train DBSCAN test nclus 10,-1,4,0.054080000000311594,0.07816500000004105,0.5454582030564644,0.9576244379193853,0.5450499206016896,0.9577585252014136,20.037999987602234,0.19723603637215867,0.01363385420328305,0.0097210896518388,0.0006611885847343,14.858130425096359,0.0022017796000423054,0.0
