subdir,file,cluster,size,all_feats_scaled_to_max_max_x,all_feats_scaled_to_max_max_y,all_feats_scaled_to_max_surf_trapz_x,all_feats_scaled_to_max_surf_trapz_y,all_feats_scaled_to_max_surf_simpson_x,all_feats_scaled_to_max_surf_simpson_y,all_feats_scaled_to_max_duration,all_feats_scaled_to_max_len,all_feats_scaled_to_max_offset,all_feats_scaled_to_max_mean_speed_len,all_feats_scaled_to_max_mean_speed_offset,all_feats_scaled_to_max_len_vs_offset,all_feats_scaled_to_max_total_surf,all_feats_scaled_to_max_monotonous
no_rays_no_same_no_xy,filenames_in_cluster_test DBSCAN test nclus 6,0,600,0.014921778922255052,0.04904541510734246,0.017959236160573298,0.0541997806246007,0.018292301650797056,0.023356806904392503,0.023774471156024365,0.032905550667135366,0.031021152440075545,0.032149313063003344,0.03025234097194219,0.014852992058106253,0.010876572930332274,0.12256172839506171
no_rays_no_same_no_xy,filenames_in_cluster_test DBSCAN test nclus 6,-1,6,0.1594865077210408,0.12262997747867743,0.1309301299850813,0.12065039363374007,0.13093367652692542,0.12062015195096751,0.12333140974215187,0.12009466403719453,0.12796684572102315,0.1209061517294488,0.1281970370948801,0.13392663294396853,0.12456078478029313,nan
