subdir,file,cluster,size,all_feats_scaled_to_max_max_x,all_feats_scaled_to_max_max_y,all_feats_scaled_to_max_surf_trapz_x,all_feats_scaled_to_max_surf_trapz_y,all_feats_scaled_to_max_surf_simpson_x,all_feats_scaled_to_max_surf_simpson_y,all_feats_scaled_to_max_duration,all_feats_scaled_to_max_len,all_feats_scaled_to_max_offset,all_feats_scaled_to_max_mean_speed_len,all_feats_scaled_to_max_mean_speed_offset,all_feats_scaled_to_max_len_vs_offset,all_feats_scaled_to_max_total_surf,all_feats_scaled_to_max_monotonous
no_rays_no_same_no_xy,filenames_in_cluster_test KMeans test nclus 4,0,311,0.04345947174973376,0.050051711042763194,0.38141124337161886,0.42811804525093156,0.38125547829880113,0.4283787449384663,0.5295280799127381,0.07003549428714381,0.04894270003881221,0.00366796350583135,0.002541399540908203,0.5681212336888707,0.0020250139666778146,0.850760353047211
no_rays_no_same_no_xy,filenames_in_cluster_test KMeans test nclus 4,2,97,0.0831722250438287,0.04942128278129022,0.8291684030412972,0.495997312764558,0.8260329833474988,0.49588841258391153,0.6302160878838117,0.09067379950485673,0.08557705925650524,0.0047182636741401746,0.004432484543754364,0.3301360332867041,0.004099798106636708,1.140562200902213
no_rays_no_same_no_xy,filenames_in_cluster_test KMeans test nclus 4,3,172,0.047405623655181306,0.09176079562996066,0.5087474846680562,0.8998514794886492,0.539719662976629,0.9771915342337079,0.6166363468015796,0.0937251694088052,0.09525116094637019,0.004893801288347572,0.00498152637910095,0.24514553907369216,0.0031981061271098067,1.1125634624979608
no_rays_no_same_no_xy,filenames_in_cluster_test KMeans test nclus 4,1,26,0.015624177592735159,0.045981905657893875,0.12729709802916395,0.4526209348130433,0.12736296573933645,0.453770805699079,0.6180819075006804,0.08709328678039574,0.01770748963459498,0.0045374464666223645,0.0009337147700170525,56.81110012339244,0.0010783707820848833,0.0
