subdir,file,cluster,size,all_feats_scaled_to_max_max_x,all_feats_scaled_to_max_max_y,all_feats_scaled_to_max_surf_trapz_x,all_feats_scaled_to_max_surf_trapz_y,all_feats_scaled_to_max_surf_simpson_x,all_feats_scaled_to_max_surf_simpson_y,all_feats_scaled_to_max_duration,all_feats_scaled_to_max_len,all_feats_scaled_to_max_offset,all_feats_scaled_to_max_mean_speed_len,all_feats_scaled_to_max_mean_speed_offset,all_feats_scaled_to_max_len_vs_offset,all_feats_scaled_to_max_total_surf,all_feats_scaled_to_max_monotonous
no_rays_no_same_no_xy,filenames_in_cluster_train KMeans test nclus 2,1,592,0.07945547297296204,0.04452060810809375,0.7631191314680015,0.39830153815656627,0.7522919723692381,0.39502735432729547,19.26069932128932,0.11565602324110712,0.09212879556375722,0.006000567029056843,0.004785785684547696,1.709559512225517,0.0012358292993232955,0.8192567567567568
no_rays_no_same_no_xy,filenames_in_cluster_train KMeans test nclus 2,0,268,0.08422149253738988,0.2324250000000094,0.8234917424612805,2.3125623493358956,0.8229438217479279,2.3115707481829113,19.370026117830133,0.26604213646115865,0.2531986809909311,0.01374605315175206,0.01308800701148409,1.072783983826664,0.002832557501500977,1.7201492537313432
