subdir,file,cluster,size,all_feats_scaled_to_max_max_x,all_feats_scaled_to_max_max_y,all_feats_scaled_to_max_surf_trapz_x,all_feats_scaled_to_max_surf_trapz_y,all_feats_scaled_to_max_surf_simpson_x,all_feats_scaled_to_max_surf_simpson_y,all_feats_scaled_to_max_duration,all_feats_scaled_to_max_len,all_feats_scaled_to_max_offset,all_feats_scaled_to_max_mean_speed_len,all_feats_scaled_to_max_mean_speed_offset,all_feats_scaled_to_max_len_vs_offset,all_feats_scaled_to_max_total_surf,all_feats_scaled_to_max_monotonous
no_rays_no_same_no_xy,filenames_in_cluster_test DBSCAN test nclus 10,0,596,0.08568073825504738,0.1143687919462991,0.8403798747922866,1.09850398654148,0.8411897816784885,1.098521830287469,19.28136240875961,0.18040992518480076,0.1561054797810781,0.009359965758108962,0.008095165771061197,1.369584174064461,0.0020416551557023966,1.016778523489933
no_rays_no_same_no_xy,filenames_in_cluster_test DBSCAN test nclus 10,-1,10,0.0886279999997441,0.06169599999999772,0.827524648880676,0.6025547216973177,1.0696644685735606,1.201619202218394,19.321000027656556,0.16882713768519195,0.09593753179596233,0.0087754479083089,0.004975492882963907,39.028152786779486,0.0012043735600283272,0.4
