subdir,file,cluster,size,all_feats_scaled_to_max_max_x,all_feats_scaled_to_max_max_y,all_feats_scaled_to_max_surf_trapz_x,all_feats_scaled_to_max_surf_trapz_y,all_feats_scaled_to_max_surf_simpson_x,all_feats_scaled_to_max_surf_simpson_y,all_feats_scaled_to_max_duration,all_feats_scaled_to_max_len,all_feats_scaled_to_max_offset,all_feats_scaled_to_max_mean_speed_len,all_feats_scaled_to_max_mean_speed_offset,all_feats_scaled_to_max_len_vs_offset,all_feats_scaled_to_max_total_surf,all_feats_scaled_to_max_monotonous
no_rays_no_same_no_xy,filenames_in_cluster_train KMeans test nclus 3,1,544,0.0068886468392674646,0.0026701166231361574,0.6968788803693599,0.21801363170463275,0.7398672990368861,0.2206679129740053,0.3436777659979237,0.008397834090566094,0.007162070889298984,2.2903390054466286e-05,1.9554034505859317e-05,0.15469843282830584,8.837891762560194e-06,1.0180444420415227
no_rays_no_same_no_xy,filenames_in_cluster_train KMeans test nclus 3,0,224,0.0027372480994735313,0.006775240949926959,0.29908726053697837,0.6199235827632928,0.2986223488538755,0.6183144967379564,0.44996304933126813,0.006985483653137727,0.00755613702713955,1.85319213220411e-05,2.0183891424051094e-05,0.04627945492930878,9.58176252787998e-06,1.2432836415816326
no_rays_no_same_no_xy,filenames_in_cluster_train KMeans test nclus 3,2,92,0.0005237290289266246,0.0010771152704637848,0.05508220045663029,0.13200911100727786,0.05558706769737707,0.13307512926492793,0.3117915608569844,0.005546845271323931,0.00022706104732058435,1.4066940174371255e-05,6.043032148271335e-07,9.55980132244084,1.115769226198802e-06,0.010751417769376177
