subdir,file,cluster,size,all_feats_scaled_to_max_max_x,all_feats_scaled_to_max_max_y,all_feats_scaled_to_max_surf_trapz_x,all_feats_scaled_to_max_surf_trapz_y,all_feats_scaled_to_max_surf_simpson_x,all_feats_scaled_to_max_surf_simpson_y,all_feats_scaled_to_max_duration,all_feats_scaled_to_max_len,all_feats_scaled_to_max_offset,all_feats_scaled_to_max_mean_speed_len,all_feats_scaled_to_max_mean_speed_offset,all_feats_scaled_to_max_len_vs_offset,all_feats_scaled_to_max_total_surf,all_feats_scaled_to_max_monotonous
no_rays_no_same_no_xy,filenames_in_cluster_test KMeans test nclus 6,0,258,0.0023200000015322,0.0010000000003174,0.020738419843504,0.0092898800148262,0.0203371554111052,0.0092062012050348,18.259999990463257,0.0076764230273012,0.0050000000011607,0.000398257277764,0.0002639079475871,1.0006059658649136,4.160000002328242e-06,0.0
no_rays_no_same_no_xy,filenames_in_cluster_test KMeans test nclus 6,2,94,0.1110000000011268,0.0026599999998211,1.197080943241868,0.0300827195411815,1.2293418918669752,0.0297510974600108,18.338000059127808,0.1149800003607095,0.1099223598734276,0.0059950988557962,0.00582215885631,1.0005146511473448,0.0001611268000351,0.0
no_rays_no_same_no_xy,filenames_in_cluster_test KMeans test nclus 6,4,133,0.0056800000010071,0.0600000000005707,0.0336517987544233,0.7914320306538617,0.0331568353651619,0.7915626655798927,18.761000156402588,0.0861892402373849,0.0721992354531399,0.0044927668978748,0.0037635131044471,1.0008501183378111,0.0001906411999854,0.0
no_rays_no_same_no_xy,filenames_in_cluster_test KMeans test nclus 6,1,94,0.0036399999999048,0.1413200000001779,0.0399739390628614,1.7193304456732688,0.0394221858658987,2.2030825476958382,18.776999950408936,0.1638196039640893,0.1293968407653797,0.0080938539469812,0.0058808726374582,1.000363403991761,0.0003795656000066,0.0
no_rays_no_same_no_xy,filenames_in_cluster_test KMeans test nclus 6,3,25,0.0066399999980149,0.0066599999996697,0.0653681600063748,0.0461252695727571,0.0654790709777798,0.045754328956974,18.79900002479553,0.02105588042636,0.0021060864158515,0.0011091382460136,0.0001019491846621,2.8440700894227686,3.240679999860104e-05,0.0
no_rays_no_same_no_xy,filenames_in_cluster_test KMeans test nclus 6,5,2,0.0069999999993797,0.0079999999996971,0.0698248399639,0.0781714001399049,0.0697986993874811,0.0782679547738487,18.94700002670288,0.0252319674798492,0.00033999999971,0.0013317130650915,1.7707411080104234e-05,25.231967471840264,4.554879999553546e-05,0.0
