subdir,file,cluster,size,all_feats_scaled_to_max_max_x,all_feats_scaled_to_max_max_y,all_feats_scaled_to_max_surf_trapz_x,all_feats_scaled_to_max_surf_trapz_y,all_feats_scaled_to_max_surf_simpson_x,all_feats_scaled_to_max_surf_simpson_y,all_feats_scaled_to_max_duration,all_feats_scaled_to_max_len,all_feats_scaled_to_max_offset,all_feats_scaled_to_max_mean_speed_len,all_feats_scaled_to_max_mean_speed_offset,all_feats_scaled_to_max_len_vs_offset,all_feats_scaled_to_max_total_surf,all_feats_scaled_to_max_monotonous
no_rays_no_same_no_xy,filenames_in_cluster_test DBSCAN test nclus 9,0,601,0.0061220151576061085,0.012927689149399747,0.6572397329079597,1.3087709346515712,0.6644854354364249,1.3808634154578778,0.332539081008835,0.01337669468445941,0.012786456277416779,3.606507520501024e-05,3.439549242766467e-05,0.8869544028728048,8.899177443803895e-06,1.1029371457997073
no_rays_no_same_no_xy,filenames_in_cluster_test DBSCAN test nclus 9,-1,5,0.00020482521600376425,0.002308003744003973,0.019473800681326068,0.2919323947490552,0.019389751045558498,0.2945388507658918,0.5032921425398257,0.009481780167577506,9.62097046743775e-05,2.6322076496056315e-05,2.6622138896043606e-07,13103.881285892307,1.742990948259566e-06,0.0
