subdir,file,cluster,size,all_feats_scaled_to_max_max_x,all_feats_scaled_to_max_max_y,all_feats_scaled_to_max_surf_trapz_x,all_feats_scaled_to_max_surf_trapz_y,all_feats_scaled_to_max_surf_simpson_x,all_feats_scaled_to_max_surf_simpson_y,all_feats_scaled_to_max_duration,all_feats_scaled_to_max_len,all_feats_scaled_to_max_offset,all_feats_scaled_to_max_mean_speed_len,all_feats_scaled_to_max_mean_speed_offset,all_feats_scaled_to_max_len_vs_offset,all_feats_scaled_to_max_total_surf,all_feats_scaled_to_max_monotonous
no_rays_no_same_no_xy,filenames_in_cluster_test KMeans test nclus 2,1,413,0.007335424751900456,0.0019868033577351706,0.776989860681905,0.16136934311461731,0.776979998264047,0.16166568460423758,0.27377533100802576,0.008586927206107672,0.0071633783438599516,2.3309708610477492e-05,1.9267846921415472e-05,220.33026739153024,4.581430097394324e-06,0.8941132327679704
no_rays_no_same_no_xy,filenames_in_cluster_test KMeans test nclus 2,0,193,0.0031320215977028837,0.008743156788964753,0.369942378220193,0.8821976752586844,0.39637671581009415,1.0201009994436991,0.449694015449149,0.009110043727637096,0.009092368169339485,2.496356958342564e-05,2.4947287128318284e-05,0.062260475936337566,1.4822975067221363e-05,1.2909876775215443
