subdir,file,cluster,size,all_feats_scaled_to_max_max_x,all_feats_scaled_to_max_max_y,all_feats_scaled_to_max_surf_trapz_x,all_feats_scaled_to_max_surf_trapz_y,all_feats_scaled_to_max_surf_simpson_x,all_feats_scaled_to_max_surf_simpson_y,all_feats_scaled_to_max_duration,all_feats_scaled_to_max_len,all_feats_scaled_to_max_offset,all_feats_scaled_to_max_mean_speed_len,all_feats_scaled_to_max_mean_speed_offset,all_feats_scaled_to_max_len_vs_offset,all_feats_scaled_to_max_total_surf,all_feats_scaled_to_max_monotonous
no_rays_no_same_no_xy,filenames_in_cluster_test DBSCAN test nclus 2,0,603,0.12207134492675638,0.22115380653834954,0.13390110513081074,0.23245536179292717,0.13513806731208788,0.15259237245556997,0.1538647291232163,0.18142754358706678,0.17601830484863204,0.17933548452474993,0.17381156939402537,0.1101596464680169,0.10410860424461399,0.35002928083977564
no_rays_no_same_no_xy,filenames_in_cluster_test DBSCAN test nclus 2,-1,3,0.44701770827822934,0.4281230197672205,0.45347800830672813,0.42253914219693506,0.4534894399786676,0.42225988150986277,0.44268760877207075,0.44731322498537573,0.412779691296716,0.4548981264542958,0.4101497355496134,0.46395302682430006,0.4557423970872808,nan
