subdir,file,cluster,size,all_feats_scaled_to_max_max_x,all_feats_scaled_to_max_max_y,all_feats_scaled_to_max_surf_trapz_x,all_feats_scaled_to_max_surf_trapz_y,all_feats_scaled_to_max_surf_simpson_x,all_feats_scaled_to_max_surf_simpson_y,all_feats_scaled_to_max_duration,all_feats_scaled_to_max_len,all_feats_scaled_to_max_offset,all_feats_scaled_to_max_mean_speed_len,all_feats_scaled_to_max_mean_speed_offset,all_feats_scaled_to_max_len_vs_offset,all_feats_scaled_to_max_total_surf,all_feats_scaled_to_max_monotonous
no_rays_no_same_no_xy,filenames_in_cluster_train KMeans test nclus 3,1,544,0.0952277941176687,0.05648937499997429,0.917617958692223,0.5119640158851768,0.9051319297395101,0.508762454193848,19.255058824577752,0.13378385913749097,0.11571832833298638,0.006953054030941455,0.006016455333745177,1.2354007151589241,0.0014887333382359925,1.0183823529411764
no_rays_no_same_no_xy,filenames_in_cluster_train KMeans test nclus 3,0,224,0.07053928571434703,0.24760973214287432,0.6866490149720027,2.469207644401698,0.6859766865150599,2.4680465878341318,19.39945981438671,0.2711843326928274,0.2586558864792447,0.013986510045515432,0.013347307879097086,1.0718069379690005,0.002800768298219515,1.7455357142857142
no_rays_no_same_no_xy,filenames_in_cluster_train KMeans test nclus 3,2,92,0.02178565217378815,0.026644565217436425,0.21161699919981053,0.26032916546946,0.21581787297137783,0.25812982085305036,19.274673899878625,0.06786900474279897,0.016389177117591105,0.0034873726396042874,0.00084806888972665,4.211115171212402,0.000581449139131534,0.010869565217391304
