window_size,vehicle,ride,start,offset,offset x,offset y,scale,scale x,scale y,no scale,no scale x,no scale y,only offset,only offset x,only offset y,
20,Vehicle_4,9070901,0,0.012297721576642029,0.00735680868215723,0.008246875218985433,0.014059459676378344,0.00907615858703978,0.008357451305661517,0.014059459676378344,0.00907615858703978,0.008357451305661517,0.012297721576642029,0.00735680868215723,0.008246875218985433,
20,Vehicle_4,9070901,20,0.025049821310441416,0.015917879719973233,0.01581363042036999,0.024134756955415917,0.016071764211681466,0.01485548103831579,0.024134756955415917,0.016071764211681466,0.01485548103831579,0.025049821310441416,0.015917879719973233,0.01581363042036999,
