window_size,vehicle,ride,start,scale,scale x,scale y,offset,offset x,offset y,no scale,no scale x,no scale y,only offset,only offset x,only offset y,
20,Vehicle_4,9070901,0,0.025405007321490418,0.016917646538612,0.015637348461384946,0.02636823295835937,0.016755662863129683,0.016645926758284108,0.025405007321490418,0.016917646538612,0.015637348461384946,0.02636823295835937,0.016755662863129683,0.016645926758284108,
20,Vehicle_4,9070901,20,0.025405007321490418,0.016917646538612,0.015637348461384946,0.02636823295835937,0.016755662863129683,0.016645926758284108,0.025405007321490418,0.016917646538612,0.015637348461384946,0.02636823295835937,0.016755662863129683,0.016645926758284108,
