window_size,vehicle,ride,start,offset,offset x,offset y,scale,scale x,scale y,no scale,no scale x,no scale y,only offset,only offset x,only offset y,
20,Vehicle_4,9070901,0,0.012297721576642027,0.0073568086821572285,0.008246875218985431,0.014059459676378342,0.009076158587039779,0.008357451305661517,0.0035095236563816184,0.001689609191327674,0.0029022299704374115,0.003125,0.0018861043456039803,0.0018861043456039808,
20,Vehicle_4,9070901,20,0.024680730887877242,0.01535861559832738,0.016003804119451667,0.02386830727741581,0.01581430890242313,0.014846486669574019,0.007639348543179598,0.004776669024506948,0.004639832852982192,0.00703125,0.0037722086912079615,0.004553458691207961,
