window_size,vehicle,ride,start,scale,scale x,scale y,offset,offset x,offset y,no scale,no scale x,no scale y,only offset,only offset x,only offset y,
20,Vehicle_4,9070901,0,0.025134001732797367,0.016646640949919054,0.015637348461384946,0.025779533882942633,0.016166963787712946,0.016645926758284108,0.0019843885242285266,0.001403174581990737,0.001403174581990737,0.007401315789473684,0.003970745990745157,0.004793114411797789,
20,Vehicle_4,9070901,20,0.025134001732797367,0.016646640949919054,0.015637348461384946,0.025779533882942633,0.016166963787712946,0.016645926758284108,0.0019843885242285266,0.001403174581990737,0.001403174581990737,0.007401315789473684,0.003970745990745157,0.004793114411797789,
