window_size,vehicle,ride,start,scale,scale x,scale y,offset,offset x,offset y,no scale,no scale x,no scale y,only offset,only offset x,only offset y,
20,Vehicle_4,9237382,0,0.013307341132242769,0.008236539626020726,0.00862233722305432,0.012629374612167593,0.007904568546730235,0.008066782508667027,0.013307341132242769,0.008236539626020726,0.00862233722305432,0.012629374612167593,0.007904568546730235,0.008066782508667027,
20,Vehicle_4,9237382,20,0.01847858155591111,0.01182925916464932,0.011772141925540058,0.017696386106944736,0.011407906482790895,0.011070616068460475,0.01847858155591111,0.01182925916464932,0.011772141925540058,0.017696386106944736,0.011407906482790895,0.011070616068460475,
