window_size,vehicle,ride,start,scale,scale x,scale y,offset,offset x,offset y,no scale,no scale x,no scale y,only offset,only offset x,only offset y,
20,Vehicle_11,8354807,0,0.011896063401499178,0.006855962126335623,0.008266890176086493,0.01123913037812038,0.006418552833368407,0.007793837418430577,0.0010628801339236677,0.0006597308736505808,0.0007896106585413464,0.0015625000000000003,0.0009819022445558298,0.0009819022445558296,
20,Vehicle_11,8354807,20,0.008801851259215695,0.00413693144181349,0.006972662649940798,0.010154912393065011,0.005326980931462537,0.007650084556560726,0.001396118959746637,0.00046260623516462357,0.0012146842192271843,0.002524051000315024,0.001326700460323443,0.001733417686943051,
20,Vehicle_11,8354807,40,0.009262871259306447,0.0046105148838975415,0.007211197453192886,0.00998095006908353,0.005131668431462535,0.007671434732579244,0.0014946988568476465,0.0004932152897507865,0.0013561177007867169,0.0023287385003150237,0.001131387960323443,0.0017334176869430514,
20,Vehicle_11,8354807,60,0.014257734829245663,0.009311049541377953,0.008913434630250213,0.014564473085807708,0.009323721902847372,0.00927422437891398,0.001752513559880255,0.001323923953813725,0.000782952223547364,0.001949372125078756,0.0012159211096366908,0.0012687722912915925,
20,Vehicle_11,8354807,80,0.009213677510273284,0.00472014056474096,0.007050810891884858,0.009873335976303702,0.0051316684314625365,0.007563820639799415,0.0017052305397680365,0.0006659274399352667,0.0014461886498456302,0.0030949770006300473,0.0015570872624920513,0.0023705217157312672,
20,Vehicle_11,8354807,100,0.012591063971682174,0.007495546193019614,0.008371177787529872,0.012417715817576929,0.00770370577671105,0.008006148609908888,0.0007601632713160861,0.00037071507779807444,0.0005665993342985748,0.0015625,0.0009819022445558298,0.0009819022445558298,
