subdir,file,cluster,size,16all_distances_scaled_to_max_trajs_distances_offset,16all_distances_scaled_to_max_trajs_distances_offset x,16all_distances_scaled_to_max_trajs_distances_offset y,16all_nums_scaled_to_max_trajs_num_intersections_offset
only_rays_acceler_size_16_,filenames_in_cluster_test KMeans test nclus 8,0,345,1.1130937502456268e-06,1.638927505272192e-06,1.594594601549749e-06,2.548588456183406e-06
only_rays_acceler_size_16_,filenames_in_cluster_test KMeans test nclus 8,2,58,7.48417283920301e-06,2.827870319758446e-06,4.8924790004716205e-06,2.6922928860576875e-06
only_rays_acceler_size_16_,filenames_in_cluster_test KMeans test nclus 8,3,48,1.5448069650434043e-05,7.338357789902575e-06,7.029074524134849e-06,1.277436326562019e-05
only_rays_acceler_size_16_,filenames_in_cluster_test KMeans test nclus 8,1,43,4.082448865403596e-06,3.8042776492115624e-06,1.4272959001458432e-06,7.84188952926565e-06
only_rays_acceler_size_16_,filenames_in_cluster_test KMeans test nclus 8,7,43,5.108037206367533e-06,3.0797208623063087e-06,2.4745298887648333e-06,1.747453890625912e-05
only_rays_acceler_size_16_,filenames_in_cluster_test KMeans test nclus 8,5,21,1.7120768970239114e-05,7.2305343414274615e-06,8.589987787506582e-06,5.8348016030050054e-05
only_rays_acceler_size_16_,filenames_in_cluster_test KMeans test nclus 8,4,45,4.8721014877476805e-06,1.3977024739793333e-06,3.2669218660897723e-06,4.146575014534386e-06
only_rays_acceler_size_16_,filenames_in_cluster_test KMeans test nclus 8,6,3,1.439834174244328e-06,7.009448187477922e-07,1.980935118144189e-06,3.1259618344105885e-05
