subdir,file,cluster,size,16all_distances_scaled_to_max_trajs_distances_offset,16all_distances_scaled_to_max_trajs_distances_offset x,16all_distances_scaled_to_max_trajs_distances_offset y,16all_nums_scaled_to_max_trajs_num_intersections_offset
only_rays_acceler_size_16_,filenames_in_cluster_test KMeans test nclus 6,0,345,1.1130937502456268e-06,1.638927505272192e-06,1.594594601549749e-06,2.548588456183406e-06
only_rays_acceler_size_16_,filenames_in_cluster_test KMeans test nclus 6,5,58,7.48417283920301e-06,2.827870319758446e-06,4.8924790004716205e-06,2.6922928860576875e-06
only_rays_acceler_size_16_,filenames_in_cluster_test KMeans test nclus 6,2,61,1.5893627642923466e-05,7.479777794014328e-06,7.149952444066113e-06,2.2362456180054655e-05
only_rays_acceler_size_16_,filenames_in_cluster_test KMeans test nclus 6,4,75,3.985156059289499e-06,3.2502750542006485e-06,1.761423074854332e-06,2.890120036934441e-05
only_rays_acceler_size_16_,filenames_in_cluster_test KMeans test nclus 6,3,45,4.8721014877476805e-06,1.3977024739793333e-06,3.2669218660897723e-06,4.146575014534386e-06
only_rays_acceler_size_16_,filenames_in_cluster_test KMeans test nclus 6,1,22,2.8223406285297174e-05,1.1148225092730041e-05,1.3671020834371216e-05,7.442541522629976e-05
