subdir,file,cluster,size,16all_distances_scaled_to_max_trajs_distances_offset,16all_distances_scaled_to_max_trajs_distances_offset x,16all_distances_scaled_to_max_trajs_distances_offset y,16all_nums_scaled_to_max_trajs_num_intersections_offset
only_rays_acceler_size_16_,filenames_in_cluster_train KMeans test nclus 7,0,499,0.21449215995926502,0.22225488573605978,0.2926538403348903,0.4860618060420447
only_rays_acceler_size_16_,filenames_in_cluster_train KMeans test nclus 7,2,84,0.21243096676249976,0.22719970593312686,0.2187962720358548,0.26869357939287253
only_rays_acceler_size_16_,filenames_in_cluster_train KMeans test nclus 7,3,66,0.23039558382376,0.18719463159933175,0.23461911097328456,0.3385439844167322
only_rays_acceler_size_16_,filenames_in_cluster_train KMeans test nclus 7,5,67,0.24461404886902763,0.18530126224235782,0.2775829584039046,0.19152613487482745
only_rays_acceler_size_16_,filenames_in_cluster_train KMeans test nclus 7,4,40,0.2717256436399661,0.24665967381821222,0.24107560410042286,0.23251344047172837
only_rays_acceler_size_16_,filenames_in_cluster_train KMeans test nclus 7,6,65,0.2794342218416383,0.2705594361107019,0.21168876001291748,0.27280894519528986
only_rays_acceler_size_16_,filenames_in_cluster_train KMeans test nclus 7,1,39,0.24316817782089578,0.2323802715941101,0.25707855595274015,0.25968281984441405
