subdir,file,cluster,size,16all_distances_scaled_to_max_trajs_distances_offset,16all_distances_scaled_to_max_trajs_distances_offset x,16all_distances_scaled_to_max_trajs_distances_offset y,16all_nums_scaled_to_max_trajs_num_intersections_offset
only_rays_acceler_size_16_,filenames_in_cluster_test KMeans test nclus 9,7,111,0.26860117639077197,0.23331114325599853,0.1353419491800963,inf
only_rays_acceler_size_16_,filenames_in_cluster_test KMeans test nclus 9,0,238,0.23942801508542677,0.1787010208303711,0.2763738450004475,0.49545993295042545
only_rays_acceler_size_16_,filenames_in_cluster_test KMeans test nclus 9,1,58,0.22065402353459235,0.19708199741369772,0.2368489710514685,0.49880952212032525
only_rays_acceler_size_16_,filenames_in_cluster_test KMeans test nclus 9,2,21,0.22703486678803042,0.2320541455429895,0.23024630272311672,0.26253198370487363
only_rays_acceler_size_16_,filenames_in_cluster_test KMeans test nclus 9,8,47,0.19394108969664858,0.19287710307766734,0.2204887074514659,0.2626388701197555
only_rays_acceler_size_16_,filenames_in_cluster_test KMeans test nclus 9,3,44,0.2958239999760658,0.28004694930461044,0.21236433923362172,0.2953574043881503
only_rays_acceler_size_16_,filenames_in_cluster_test KMeans test nclus 9,6,42,0.26894924414564536,0.21940255747001233,0.2381452305801032,0.25381443754736055
only_rays_acceler_size_16_,filenames_in_cluster_test KMeans test nclus 9,5,41,0.2552363415144808,0.2563254103024599,0.2537008661077925,0.3142463104079299
only_rays_acceler_size_16_,filenames_in_cluster_test KMeans test nclus 9,4,4,0.4203856561161375,0.36359195740417954,0.3861207052932969,0.37416573867739417
