window_size,vehicle,ride,start,scale,scale x,scale y,offset,offset x,offset y,no scale,no scale x,no scale y,only offset,only offset x,only offset y,
20,Vehicle_17,9444930,0,0.009937481763384827,0.0047122412281672054,0.00785388605893539,0.010724790800215683,0.005872794663551164,0.007620318291247249,0.009937481763384827,0.0047122412281672054,0.00785388605893539,0.010724790800215683,0.005872794663551164,0.007620318291247249,
20,Vehicle_17,9444930,20,0.009196371135198183,0.004549776334155611,0.0070607778807666366,0.009971416868391732,0.005183403899401219,0.0075563351235732445,0.009196371135198183,0.004549776334155611,0.0070607778807666366,0.009971416868391732,0.005183403899401219,0.0075563351235732445,
20,Vehicle_17,9444930,40,0.010162622530023126,0.005103393765312222,0.007740070922242262,0.012185526977636411,0.006980177244337264,0.00852999915216409,0.010162622530023126,0.005103393765312222,0.007740070922242262,0.012185526977636411,0.006980177244337264,0.00852999915216409,
20,Vehicle_17,9444930,60,0.013472429366360221,0.007639576764752114,0.009403349860176548,0.015850271693348166,0.009457111796803266,0.010730958649460932,0.013472429366360221,0.007639576764752114,0.009403349860176548,0.015850271693348166,0.009457111796803266,0.010730958649460932,
