window_size,vehicle,ride,start,scale,scale x,scale y,offset,offset x,offset y,no scale,no scale x,no scale y,only offset,only offset x,only offset y,
20,Vehicle_17,9444930,0,0.009937481763384829,0.004712241228167203,0.007853886058935392,0.010724790800215687,0.0058727946635511626,0.0076203182912472495,0.0024477208178320894,0.0012434921167594677,0.0017444066964724708,0.0027777777777777775,0.001990295419294749,0.0012958509748503047,
20,Vehicle_17,9444930,20,0.00919637113519819,0.004549776334155613,0.00706077788076664,0.009971416868391732,0.005183403899401219,0.007556335123573242,0.0009271053285223157,0.00040937941037880236,0.0006680983940780685,0.0020833333333333333,0.0012958509748503045,0.0012958509748503045,
20,Vehicle_17,9444930,40,0.010162622530023127,0.005103393765312223,0.007740070922242262,0.012067519157369946,0.006980177244337264,0.008411991331897633,0.0014174504356129973,0.0005356215102280707,0.0011428273649710678,0.002430555555555556,0.001643073197072527,0.0012958509748503047,
20,Vehicle_17,9444930,60,0.014014172180732068,0.008181319579123957,0.009403349860176552,0.015847877458497053,0.009457111796803266,0.010728564414609804,0.00098555992633796,0.0007161702228807783,0.0004908892423507104,0.0024305555555555556,0.0015965542400532351,0.0014694620859614159,
