window_size,vehicle,ride,start,scale,scale x,scale y,offset,offset x,offset y,no scale,no scale x,no scale y,only offset,only offset x,only offset y,
20,Vehicle_17,9444930,0,0.009930556893306196,0.004712241228167205,0.007846961188856758,0.010724790800215689,0.005872794663551164,0.00762031829124725,0.0016769075713170584,0.0009083047591226847,0.0011454791886456078,0.0027777777777777775,0.0019902954192947487,0.0012958509748503047,
20,Vehicle_17,9444930,20,0.009196371135198191,0.004549776334155611,0.007060777880766642,0.010039378726729208,0.005183403899401218,0.007624296981910715,0.0006707733186391326,0.00041076135482368545,0.00041076482704590836,0.0020833333333333333,0.0012958509748503047,0.0012958509748503047,
20,Vehicle_17,9444930,40,0.010162622530023127,0.005103393765312222,0.007740070922242263,0.012185526977636406,0.006980177244337265,0.008529999152164094,0.001006099161983789,0.0004975442885796497,0.0007346705001713713,0.0024305555555555556,0.0016430731970725266,0.0012958509748503045,
20,Vehicle_17,9444930,60,0.014020841621033609,0.0081879890194255,0.00940334986017655,0.01585027169334817,0.009457111796803263,0.010730958649460928,0.0010060696716708807,0.0007346382388802086,0.0004975404317613221,0.0024305555555555556,0.0015965542400532347,0.0014694620859614159,
