window_size,vehicle,ride,start,scale,scale x,scale y,offset,offset x,offset y,no scale,no scale x,no scale y,only offset,only offset x,only offset y,
20,Vehicle_17,9444930,0,0.00714034920143589,0.0038310560924452435,0.005558075324094503,0.010187628504801389,0.005829626482600427,0.007126324176802779,0.0003353909119059257,8.680555555555556e-05,0.0003239627437125753,0.002083434341553957,0.0014695607758739607,0.0011222421820472716,
20,Vehicle_17,9444930,20,0.008352467998443525,0.004548343878941328,0.006218307199241955,0.009410164170445871,0.005097887414884929,0.007080598910147617,0.0006707272517949888,0.00041072659331033005,0.00041074316842815893,0.0017360628137550198,0.0011222019830497728,0.0011222294470725226,
20,Vehicle_17,9444930,40,0.009359461463262575,0.005067390454633184,0.006972913166170445,0.011310023093648423,0.006457110998592362,0.008177561513921553,0.0010060991619837921,0.0004975442885796532,0.0007346705001713724,0.0019095471495739643,0.0012956740342622323,0.001122241731679008,
20,Vehicle_17,9444930,60,0.012931871234199206,0.007714611281787968,0.009006419211416455,0.015298316688275916,0.008993210732606463,0.010642904708585414,0.0006706804024755717,0.0004106957518703898,0.0004107166314044126,0.00208338210220579,0.0014229717326127618,0.0012958711400521232,
