window_size,vehicle,ride,start,scale,scale x,scale y,offset,offset x,offset y,no scale,no scale x,no scale y,only offset,only offset x,only offset y,
20,Vehicle_4,9389871,0,0.01055617956805553,0.007600091183022143,0.005674323827762041,0.011749561284985726,0.008549186346619041,0.006553790694437242,0.002544021696664582,0.002055515048428168,0.0010904640499127675,0.0025054789741302923,0.0018013876873060213,0.0014055128667925607,
20,Vehicle_4,9389871,20,0.009482516241496253,0.007236287175118892,0.004831743221790903,0.01033178271419852,0.007822329401667749,0.005433495960064611,0.0024644799172328195,0.0019901215586799466,0.0010630338442083609,0.002674646990539727,0.0019482480820104257,0.0014994322444031078,
