window_size,vehicle,ride,start,scale,scale x,scale y,offset,offset x,offset y,no scale,no scale x,no scale y,only offset,only offset x,only offset y,
20,Vehicle_4,9389871,0,0.010548728650590863,0.007600091183022142,0.005666872910297383,0.011789103680472037,0.008588728742105348,0.0065537906944372415,0.00027244145461507096,0.0001767649981488635,0.0001767574506305191,0.0011284722222222221,0.0006593536556185025,0.0007461592111740581,
20,Vehicle_4,9389871,20,0.009482516241496259,0.007236287175118902,0.004831743221790906,0.010379986295667363,0.007870532983136592,0.005433495960064609,0.0003562343654983847,0.0001984539973067899,0.0002576917320543795,0.0010416666666666667,0.0006593536556185025,0.0006593536556185027,
