window_size,vehicle,ride,start,scale,scale x,scale y,offset,offset x,offset y,no scale,no scale x,no scale y,only offset,only offset x,only offset y,
20,Vehicle_11,8363277,0,0.012324027854146095,0.007535208137125017,0.007872459765501983,0.012525052127708812,0.007658676552284067,0.0080171827011728,0.0028523882774224166,0.0016934384552583488,0.0017926107495975442,0.0038902427471182366,0.002406019118797892,0.0025197798643338265,
20,Vehicle_11,8363277,20,0.012180794777283444,0.00712179169843921,0.00833252628589649,0.01192421355981061,0.006860128240808503,0.008275837034354427,0.0056154159439167324,0.0032191239971706424,0.0038393643074969325,0.005701926249919375,0.003321592747181735,0.003905472016401234,
20,Vehicle_11,8363277,40,0.020985256356884453,0.011932816711809013,0.014660344833586551,0.0210079290977959,0.011915533071203794,0.014710495275513753,0.004740223873458008,0.002748972791726404,0.003183298371662055,0.005111405443922343,0.0029115716546322884,0.0035758872269928505,
20,Vehicle_11,8363277,60,0.008758907031691165,0.004069391811222072,0.007085452697649663,0.010063956137168399,0.005087371316388465,0.007845528144361342,0.006031792566543385,0.002774166877347778,0.0048927313851969915,0.006181593323650696,0.0031369548145561057,0.004830374691628593,
20,Vehicle_11,8363277,80,0.01370468592107718,0.008513245099377054,0.008612927075601491,0.013552324660635598,0.00841911731895407,0.008502697503905832,0.004520510246113382,0.0028330827787927527,0.002795917080437194,0.005206191967377647,0.0032626660813860056,0.003336286727054869,
20,Vehicle_11,8363277,100,0.012237247609713198,0.00714760540609831,0.008296664660676904,0.01212140264029349,0.007236279310233388,0.00811447238885649,0.0046726379898108525,0.0026866350049599653,0.003131568819734712,0.005293967428790045,0.003186023246772011,0.0035101470494919673,
20,Vehicle_11,8363277,120,0.014622654525811483,0.008059273132496665,0.010630491466152067,0.014164225132484299,0.007669180923437602,0.01041525848199272,0.005048303842565149,0.0026828640497277884,0.0036929112904398407,0.005690304695818037,0.0031105108542848208,0.004141870138630428,
20,Vehicle_11,8363277,140,0.009075138766288305,0.004268895903926342,0.007272780772238868,0.010354217361600339,0.005398334121240776,0.007862774345127698,0.004627912082184738,0.002181283751834454,0.0036969527827246866,0.005229680092275883,0.0026904650949887525,0.004021601359877198,
