window_size,vehicle,ride,start,scale,scale x,scale y,offset,offset x,offset y,no scale,no scale x,no scale y,only offset,only offset x,only offset y,
20,Vehicle_11,8363277,0,0.012511718056856934,0.0076248980936115245,0.008012890578225466,0.012233804991804412,0.007508374707086647,0.007735367447527404,0.0033087530741438323,0.0019264441728687207,0.0021553679773552567,0.0035969719982810256,0.002130736231187324,0.002391585522641241,
20,Vehicle_11,8363277,20,0.012497983693839365,0.007487261792274265,0.008335473770055639,0.011853963781952989,0.006859737148243329,0.008159771864208258,0.005510720855431865,0.003065669343152388,0.003851068386554623,0.005768582002101101,0.003432190080907639,0.003870795291944996,
20,Vehicle_11,8363277,40,0.02100352221657873,0.011857799095632025,0.014742412997903891,0.021103655147596618,0.011921823015382938,0.014820663920866691,0.004511932914894283,0.002516403919619913,0.0031482821211678913,0.004563626299710041,0.002626782557120389,0.0031687522302286594,
20,Vehicle_11,8363277,60,0.00867366421736519,0.0039241263633879985,0.007099360952872207,0.010071079893885369,0.005095093796960163,0.007836725401133518,0.005087594087299399,0.0022711216041925064,0.004164176340371675,0.0063854287351097355,0.003170174340194153,0.0050242433136528045,
20,Vehicle_11,8363277,80,0.013582467195655996,0.008409920383505144,0.008529554447070794,0.013484373968496331,0.008338700155466023,0.008448292788707384,0.004519141654604077,0.0027717831271165403,0.002810305123422916,0.005070513119098482,0.003185800565355311,0.003176046013645609,
20,Vehicle_11,8363277,100,0.012166243830384948,0.007071024348302263,0.008255713435321792,0.012025953070264246,0.007151211703144678,0.008045305447326222,0.00447168266808774,0.0024166607912451993,0.0031276148365496914,0.00500500316240792,0.0028846704656666673,0.0034542607381505405,
20,Vehicle_11,8363277,120,0.014167186324377953,0.007691270581047908,0.010370157477075873,0.013872204220997063,0.007407975934926702,0.01029876940603258,0.005150243271854074,0.0027283071263277652,0.0037333161838151146,0.005362419600074004,0.0029251154158653698,0.003877091401460744,
20,Vehicle_11,8363277,140,0.00926715398311063,0.004430867765314179,0.007358120509396272,0.010323929666929153,0.005352552636047755,0.007853110705631714,0.004614000620291252,0.0021324814324394886,0.0037101029210213745,0.005153668822763605,0.0027203654620800276,0.0039051680756966006,
